periodic,arm,kind,disorder,seed,K,alpha,safety,levels,nx,dt,nt,Pe,r_mean,nu_mean,hmin_over_h,n_fallback,K_used_max,min_w,max_l1,rho,pow_nt,growth,errT,errmax,maxu,blowup,ref_floor,secs
0,minnorm,jitter,0.0,0,3,0.1,0.5,2,101,0.00024999999999999486,2001,0.09999999999999999,0.24999999999999484,0.024999999999999484,0.9999999999999898,0,3,0.0,1.0000000000000007,0.99912870301931,0.6494075426311838,1.0000000000000009,0.00024164224446376892,0.0002726088148325978,1.2735244100852623,0,5.39499001028787e-15,0.05073714256286621
0,projgauss,jitter,0.0,0,3,0.1,0.5,2,101,0.00024999999999999486,2001,0.09999999999999999,0.24999999999999484,0.024999999999999484,0.9999999999999898,0,3,0.0,1.0000000000000002,0.9991286916686644,0.6493970939742656,1.0000000000000004,0.00024112051153957204,0.0002669599960934965,1.2735248072632936,0,5.39499001028787e-15,0.05742597579956055
0,spectral,jitter,0.0,0,3,0.1,0.5,2,101,0.00024999999999999486,2001,0.09999999999999999,0.24999999999999484,0.024999999999999484,0.9999999999999898,0,3,-0.0641846269521471,1.128369253904295,0.9991286889147686,0.6860031188368969,1.128369253904295,0.00022068649780437877,0.00024522553252703805,1.2735245719400339,0,5.39499001028787e-15,0.05900311470031738
0,spectralg,jitter,0.0,0,3,0.1,0.5,2,101,0.00024999999999999486,2001,0.09999999999999999,0.24999999999999484,0.024999999999999484,0.9999999999999898,0,3,-0.0641846269521471,1.128369253904295,0.9991286889147688,0.6860031188368876,1.128369253904295,0.00022068649781614713,0.0002452255325401387,1.2735245719400323,0,5.39499001028787e-15,0.07397103309631348
0,maxent,jitter,0.0,0,3,0.1,0.5,2,101,0.00024999999999999486,2001,0.09999999999999999,0.24999999999999484,0.024999999999999484,0.9999999999999898,0,3,0.0,1.0000000000000002,0.9991287085152655,0.6494330385903628,1.0000000000000009,0.0002204139837760355,0.0002532094258197448,1.2735238591526166,0,5.39499001028787e-15,0.20289897918701172
0,lp,jitter,0.0,0,3,0.1,0.5,2,101,0.00024999999999999486,2001,0.09999999999999999,0.24999999999999484,0.024999999999999484,0.9999999999999898,0,3,0.0,1.0,0.9991287741862452,0.6492386821776487,1.0000000000000004,0.0004999491685619972,0.0005657008063411073,1.2735261132983182,0,5.39499001028787e-15,0.13687396049499512
0,lprand,jitter,0.0,0,3,0.1,0.5,2,101,0.00024999999999999486,2001,0.09999999999999999,0.24999999999999484,0.024999999999999484,0.9999999999999898,0,3,0.0,1.0,0.9991292227833063,0.649604181689215,1.0000000000000002,0.0003094110240151604,0.001597698742763054,1.2734992566453534,0,5.39499001028787e-15,0.13114023208618164
0,maxentw,jitter,0.0,0,3,0.1,0.5,2,101,0.00024999999999999486,2001,0.09999999999999999,0.24999999999999484,0.024999999999999484,0.9999999999999898,0,3,0.0,1.0000000000000002,0.9991287085152655,0.6494330385903628,1.0000000000000009,0.0002204139837760355,0.0002532094258197448,1.2735238591526166,0,5.39499001028787e-15,0.20060396194458008
0,minnorm,jitter,0.0,0,5,0.1,0.5,2,101,0.00024999999999999486,2001,0.09999999999999999,0.24999999999999484,0.024999999999999484,0.9999999999999898,0,5,-0.022689629512913857,1.07485019712695,0.999128806607582,0.6499577378592257,1.0748501971269502,0.0004183170228059252,0.0004183170228059252,1.2735122135407586,0,5.39499001028787e-15,0.05132317543029785
0,projgauss,jitter,0.0,0,5,0.1,0.5,2,101,0.00024999999999999486,2001,0.09999999999999999,0.24999999999999484,0.024999999999999484,0.9999999999999898,0,5,0.0,1.0000000000000002,0.9991286842183251,0.6496673351553925,1.0000000000000004,0.00013839577657498436,0.00015044284496058824,1.273520478897008,0,5.39499001028787e-15,0.0531308650970459
0,spectral,jitter,0.0,0,5,0.1,0.5,2,101,0.00024999999999999486,2001,0.09999999999999999,0.24999999999999484,0.024999999999999484,0.9999999999999898,0,5,-0.5968712143229332,2.453825368383271,0.999129102582002,0.7139739975006346,2.4538253683832716,0.007427582030666638,0.009111611201797834,1.2735174132222058,0,5.39499001028787e-15,0.06435894966125488
0,spectralg,jitter,0.0,0,5,0.1,0.5,2,101,0.00024999999999999486,2001,0.09999999999999999,0.24999999999999484,0.024999999999999484,0.9999999999999898,0,5,-0.5968712143229332,2.453825368383271,0.9991291025819987,0.7139739975006444,2.4538253683832716,0.007427582030665708,0.009111611201797043,1.273517413222206,0,5.39499001028787e-15,0.09508395195007324
0,maxent,jitter,0.0,0,5,0.1,0.5,2,101,0.00024999999999999486,2001,0.09999999999999999,0.24999999999999484,0.024999999999999484,0.9999999999999898,0,5,0.0,1.0000000000000002,0.9991286265508851,0.6495146906721794,1.0000000000000016,8.416712791509129e-05,0.00012530295784779488,1.2735244288831955,0,5.39499001028787e-15,0.07449507713317871
0,lp,jitter,0.0,0,5,0.1,0.5,2,101,0.00024999999999999486,2001,0.09999999999999999,0.24999999999999484,0.024999999999999484,0.9999999999999898,0,5,0.0,1.0000000000000002,0.9991251367938624,0.6387812153731677,1.0000000000000004,0.012158703568524276,0.012158703568524276,1.2737807188379662,0,5.39499001028787e-15,0.1367790699005127
0,lprand,jitter,0.0,0,5,0.1,0.5,2,101,0.00024999999999999486,2001,0.09999999999999999,0.24999999999999484,0.024999999999999484,0.9999999999999898,0,5,0.0,1.0000000000000004,0.9991290496816692,0.6503760929595854,1.0000000000000007,0.002303768216181834,0.003187375396704051,1.2735031128924847,0,5.39499001028787e-15,0.13560128211975098
0,maxentw,jitter,0.0,0,5,0.1,0.5,2,101,0.00024999999999999486,2001,0.09999999999999999,0.24999999999999484,0.024999999999999484,0.9999999999999898,0,5,0.0,1.0000000000000002,0.9991286265508851,0.6495146906721794,1.0000000000000016,8.416712791509129e-05,0.00012530295784779488,1.2735244288831955,0,5.39499001028787e-15,0.07712388038635254
0,minnorm,jitter,0.1,0,3,0.1,0.5,2,101,0.00016376429299489037,3054,0.09999999999999999,0.16376429299489037,0.016376429299489036,0.8093560230081454,0,3,0.0,1.000000000000001,0.9994291339369381,0.6494637949593511,1.0000000000000275,0.00014107203837410154,0.00014107203837410154,1.2735633362368604,0,5.627442956068762e-15,0.058509111404418945
0,projgauss,jitter,0.1,0,3,0.1,0.5,2,101,0.00016376429299489037,3054,0.09999999999999999,0.16376429299489037,0.016376429299489036,0.8093560230081454,0,3,0.0,1.0000000000000002,0.9994291288767563,0.6494633074868142,1.0000000000000007,0.00013920462909933207,0.00013920462909933207,1.2735635249262605,0,5.627442956068762e-15,0.0580899715423584
0,spectral,jitter,0.1,0,3,0.1,0.5,2,101,0.00016376429299489037,3054,0.09999999999999999,0.16376429299489037,0.016376429299489036,0.8093560230081454,0,3,-0.14362674252554014,1.4043239209532967,0.999429099162517,0.7173260109517743,1.4043239209532967,0.00028944579214357224,0.00028944579214357224,1.273559774093219,0,5.627442956068762e-15,0.06228208541870117
0,spectralg,jitter,0.1,0,3,0.1,0.5,2,101,0.00016376429299489037,3054,0.09999999999999999,0.16376429299489037,0.016376429299489036,0.8093560230081454,0,3,-0.14362674252554014,1.4043239209532967,0.9994290991625184,0.7173260109517853,1.4043239209532967,0.0002894457921467919,0.0002894457921467919,1.273559774093219,0,5.627442956068762e-15,0.07466530799865723
0,maxent,jitter,0.1,0,3,0.1,0.5,2,101,0.00016376429299489037,3054,0.09999999999999999,0.16376429299489037,0.016376429299489036,0.8093560230081454,0,3,0.0,1.0000000000000002,0.9994291309087219,0.6494629765795783,1.000000000000002,0.0001404886066476707,0.0001404886066476707,1.2735634483093938,0,5.627442956068762e-15,0.20075297355651855
0,lp,jitter,0.1,0,3,0.1,0.5,2,101,0.00016376429299489037,3054,0.09999999999999999,0.16376429299489037,0.016376429299489036,0.8093560230081454,0,3,0.0,1.0,0.9994287213311772,0.6489433077191338,1.0000000000000007,0.0003840208688121183,0.000444470378583417,1.2735644522162004,0,5.627442956068762e-15,0.13387203216552734
0,lprand,jitter,0.1,0,3,0.1,0.5,2,101,0.00016376429299489037,3054,0.09999999999999999,0.16376429299489037,0.016376429299489036,0.8093560230081454,0,3,0.0,1.0000000000000002,0.9994296620237234,0.6498426908899041,1.0000000000000009,0.0003425933736158626,0.0005217484534345562,1.2735967244277262,0,5.627442956068762e-15,0.14008593559265137
0,maxentw,jitter,0.1,0,3,0.1,0.5,2,101,0.00016376429299489037,3054,0.09999999999999999,0.16376429299489037,0.016376429299489036,0.8093560230081454,0,3,0.0,1.0000000000000002,0.9994291309087219,0.6494629765795783,1.000000000000002,0.0001404886066476707,0.0001404886066476707,1.2735634483093938,0,5.627442956068762e-15,0.19838380813598633
0,minnorm,jitter,0.1,0,5,0.1,0.5,2,101,0.00016376429299489037,3054,0.09999999999999999,0.16376429299489037,0.016376429299489036,0.8093560230081454,0,5,-0.037111148234096884,1.1387039890067916,0.9994293388494507,0.6503156294812104,1.1387039890067916,0.0008130223868006436,0.0008130223868006436,1.2735426759633715,0,5.627442956068762e-15,0.05576682090759277
0,projgauss,jitter,0.1,0,5,0.1,0.5,2,101,0.00016376429299489037,3054,0.09999999999999999,0.16376429299489037,0.016376429299489036,0.8093560230081454,0,5,-0.01411956979077729,1.0684911283851022,0.9994292472602547,0.6499922373296686,1.0684911283851024,0.00046362583584536043,0.00046362583584536043,1.2735511123254843,0,5.627442956068762e-15,0.06159210205078125
0,spectral,jitter,0.1,0,5,0.1,0.5,2,101,0.00016376429299489037,3054,0.09999999999999999,0.16376429299489037,0.016376429299489036,0.8093560230081454,0,5,-4.754174578115214,15.080221366303318,4.977659262878669,nan,1.514939290039226e+70,inf,1.1379975967981357e+37,1.1379975967981357e+37,1,5.627442956068762e-15,0.05786299705505371
0,spectralg,jitter,0.1,0,5,0.1,0.5,2,101,0.00016376429299489037,3054,0.09999999999999999,0.16376429299489037,0.016376429299489036,0.8093560230081454,0,5,-4.754174578115214,15.080221366303318,4.977659262878669,nan,1.514939290039226e+70,inf,1.1379975967981357e+37,1.1379975967981357e+37,1,5.627442956068762e-15,0.08736419677734375
0,maxent,jitter,0.1,0,5,0.1,0.5,2,101,0.00016376429299489037,3054,0.09999999999999999,0.16376429299489037,0.016376429299489036,0.8093560230081454,0,5,0.0,1.0000000000000002,0.9994291092822888,0.6495502241356461,1.000000000000004,5.220587276771882e-05,6.586803077526793e-05,1.2735631486857373,0,5.627442956068762e-15,0.4547457695007324
0,lp,jitter,0.1,0,5,0.1,0.5,2,101,0.00016376429299489037,3054,0.09999999999999999,0.16376429299489037,0.016376429299489036,0.8093560230081454,0,5,0.0,1.0,0.9994290140867637,0.6501697720100601,1.0000000000000009,0.0009386839357231613,0.0009386839357231613,1.273561958298601,0,5.627442956068762e-15,0.1397240161895752
0,lprand,jitter,0.1,0,5,0.1,0.5,2,101,0.00016376429299489037,3054,0.09999999999999999,0.16376429299489037,0.016376429299489036,0.8093560230081454,0,5,0.0,1.0,0.999428705231528,0.6482618063310237,1.0000000000000004,0.0018633676389558929,0.0020479279585056687,1.2735746385657725,0,5.627442956068762e-15,0.14435791969299316
0,maxentw,jitter,0.1,0,5,0.1,0.5,2,101,0.00016376429299489037,3054,0.09999999999999999,0.16376429299489037,0.016376429299489036,0.8093560230081454,0,5,0.0,1.0000000000000002,0.9994291092822888,0.6495502241356461,1.000000000000004,5.220587276771882e-05,6.586803077526793e-05,1.2735631486857373,0,5.627442956068762e-15,0.45627284049987793
0,minnorm,jitter,0.1,1,3,0.1,0.5,2,101,0.00016993317484049846,2943,0.09999999999999999,0.16993317484049847,0.016993317484049846,0.8244590343746583,0,3,0.0,1.0000000000000016,0.9994076387966718,0.6495004741089543,1.00000000000002,0.00014632328612462775,0.00014768852154289913,1.2739249996129307,0,6.786238238021269e-15,0.06167292594909668
0,projgauss,jitter,0.1,1,3,0.1,0.5,2,101,0.00016993317484049846,2943,0.09999999999999999,0.16993317484049847,0.016993317484049846,0.8244590343746583,0,3,0.0,1.0000000000000002,0.9994076333436548,0.6494994911867014,1.0000000000000018,0.00014411942678005385,0.00014411942678005385,1.273925195355314,0,6.786238238021269e-15,0.06722617149353027
0,spectral,jitter,0.1,1,3,0.1,0.5,2,101,0.00016993317484049846,2943,0.09999999999999999,0.16993317484049847,0.016993317484049846,0.8244590343746583,0,3,-0.13639452108953776,1.383183974339813,0.9994076081442963,0.7172916412400718,1.3831839743398133,0.0002264362293730171,0.0002264362293730171,1.2739210773106866,0,6.786238238021269e-15,0.06358695030212402
0,spectralg,jitter,0.1,1,3,0.1,0.5,2,101,0.00016993317484049846,2943,0.09999999999999999,0.16993317484049847,0.016993317484049846,0.8244590343746583,0,3,-0.13639452108953776,1.383183974339813,0.9994076081442963,0.7172916412400718,1.3831839743398133,0.0002264362293730171,0.0002264362293730171,1.2739210773106866,0,6.786238238021269e-15,0.07625484466552734
0,maxent,jitter,0.1,1,3,0.1,0.5,2,101,0.00016993317484049846,2943,0.09999999999999999,0.16993317484049847,0.016993317484049846,0.8244590343746583,0,3,0.0,1.0000000000000002,0.9994076810178012,0.6494987030370787,1.0000000000000033,0.00018513188964308647,0.00026824605762526543,1.2739251306087074,0,6.786238238021269e-15,0.308837890625
0,lp,jitter,0.1,1,3,0.1,0.5,2,101,0.00016993317484049846,2943,0.09999999999999999,0.16993317484049847,0.016993317484049846,0.8244590343746583,0,3,0.0,1.0000000000000002,0.9994074823189357,0.6488850915303198,1.0000000000000022,0.0009736786829008248,0.0009736786829008248,1.2739328387405573,0,6.786238238021269e-15,0.13795685768127441
0,lprand,jitter,0.1,1,3,0.1,0.5,2,101,0.00016993317484049846,2943,0.09999999999999999,0.16993317484049847,0.016993317484049846,0.8244590343746583,0,3,0.0,1.0000000000000007,0.9994070827413587,0.6489718594073715,1.000000000000002,0.0003356684582699332,0.000478505669316287,1.2738836278144596,0,6.786238238021269e-15,0.1412651538848877
0,maxentw,jitter,0.1,1,3,0.1,0.5,2,101,0.00016993317484049846,2943,0.09999999999999999,0.16993317484049847,0.016993317484049846,0.8244590343746583,0,3,0.0,1.0000000000000002,0.9994076810178012,0.6494987030370787,1.0000000000000033,0.00018513188964308647,0.00026824605762526543,1.2739251306087074,0,6.786238238021269e-15,0.30182385444641113
0,minnorm,jitter,0.1,1,5,0.1,0.5,2,101,0.00016993317484049846,2943,0.09999999999999999,0.16993317484049847,0.016993317484049846,0.8244590343746583,0,5,-0.04056709566671548,1.143661940452723,0.9994078251050604,0.6502969785377353,1.143661940452723,0.000748970958489914,0.000748970958489914,1.273909370877924,0,6.786238238021269e-15,0.05921292304992676
0,projgauss,jitter,0.1,1,5,0.1,0.5,2,101,0.00016993317484049846,2943,0.09999999999999999,0.16993317484049847,0.016993317484049846,0.8244590343746583,0,5,-0.013460050186651857,1.0561000932371318,0.9994077385562531,0.6499967383962222,1.0561000932371316,0.0004300241324867171,0.0004300241324867171,1.2739155390458472,0,6.786238238021269e-15,0.06798720359802246
0,spectral,jitter,0.1,1,5,0.1,0.5,2,101,0.00016993317484049846,2943,0.09999999999999999,0.16993317484049847,0.016993317484049846,0.8244590343746583,0,5,-3.685275672100092,19.06455483638794,2.823044425297395,nan,2.9779648388696796e+45,inf,6.180641654858208e+20,6.180641654858208e+20,1,6.786238238021269e-15,0.056468963623046875
0,spectralg,jitter,0.1,1,5,0.1,0.5,2,101,0.00016993317484049846,2943,0.09999999999999999,0.16993317484049847,0.016993317484049846,0.8244590343746583,0,5,-3.685275672100093,19.064554836387952,2.8230444252973905,nan,2.9779648388695947e+45,inf,6.180641654858085e+20,6.180641654858085e+20,1,6.786238238021269e-15,0.08738517761230469
0,maxent,jitter,0.1,1,5,0.1,0.5,2,101,0.00016993317484049846,2943,0.09999999999999999,0.16993317484049847,0.016993317484049846,0.8244590343746583,0,5,0.0,1.0000000000000002,0.9994076100770157,0.6495901697437217,1.0000000000000047,3.813331403429432e-05,4.7328378922822933e-05,1.2739254874541426,0,6.786238238021269e-15,0.4208638668060303
0,lp,jitter,0.1,1,5,0.1,0.5,2,101,0.00016993317484049846,2943,0.09999999999999999,0.16993317484049847,0.016993317484049846,0.8244590343746583,0,5,0.0,1.0,0.999407546910685,0.6501869822876966,1.0000000000000009,0.0010647938147906322,0.0010647938147906322,1.2739132342618504,0,6.786238238021269e-15,0.14930009841918945
0,lprand,jitter,0.1,1,5,0.1,0.5,2,101,0.00016993317484049846,2943,0.09999999999999999,0.16993317484049847,0.016993317484049846,0.8244590343746583,0,5,0.0,1.0000000000000004,0.9994082328719484,0.650636206607611,1.0000000000000009,0.0016984099295859756,0.0017831859661648908,1.2739845735274036,0,6.786238238021269e-15,0.14384675025939941
0,maxentw,jitter,0.1,1,5,0.1,0.5,2,101,0.00016993317484049846,2943,0.09999999999999999,0.16993317484049847,0.016993317484049846,0.8244590343746583,0,5,0.0,1.0000000000000002,0.9994076100770157,0.6495901697437217,1.0000000000000047,3.813331403429432e-05,4.7328378922822933e-05,1.2739254874541426,0,6.786238238021269e-15,0.4230489730834961
0,minnorm,jitter,0.25,0,3,0.1,0.5,2,101,6.848428807779342e-05,7301,0.09999999999999999,0.06848428807779343,0.006848428807779342,0.5233900575203676,0,3,0.0,1.000000000000002,0.9997612156226986,0.6495912084539096,1.000000000000046,0.00010165354347696498,0.00012514193016432973,1.2736100928986032,0,6.772360450213455e-15,0.0758969783782959
0,projgauss,jitter,0.25,0,3,0.1,0.5,2,101,6.848428807779342e-05,7301,0.09999999999999999,0.06848428807779343,0.006848428807779342,0.5233900575203676,0,3,0.0,1.0000000000000004,0.9997612146680593,0.6495952960141167,1.000000000000007,0.0001067476684112334,0.00013407111228136426,1.273610115364213,0,6.772360450213455e-15,0.07821178436279297
0,spectral,jitter,0.25,0,3,0.1,0.5,2,101,6.848428807779342e-05,7301,0.09999999999999999,0.06848428807779343,0.006848428807779342,0.5233900575203676,0,3,-0.32949033128256,1.8817934292220584,0.9997612126043437,0.6921785935128887,1.881793429222058,0.0006274841253565144,0.0006645081788045903,1.2736062817191234,0,6.772360450213455e-15,0.07833719253540039
0,spectralg,jitter,0.25,0,3,0.1,0.5,2,101,6.848428807779342e-05,7301,0.09999999999999999,0.06848428807779343,0.006848428807779342,0.5233900575203676,0,3,-0.32949033128256,1.8817934292220584,0.9997612126043437,0.6921785935128887,1.881793429222058,0.0006274841253565144,0.0006645081788045903,1.2736062817191234,0,6.772360450213455e-15,0.08818197250366211
0,maxent,jitter,0.25,0,3,0.1,0.5,2,101,6.848428807779342e-05,7301,0.09999999999999999,0.06848428807779343,0.006848428807779342,0.5233900575203676,0,3,0.0,1.0000000000000002,0.9997612145796607,0.6496298729380716,1.0000000000000022,0.00014163893640506409,0.00017184852671170425,1.2736096158852335,0,6.772360450213455e-15,0.33917903900146484
0,lp,jitter,0.25,0,3,0.1,0.5,2,101,6.848428807779342e-05,7301,0.09999999999999999,0.06848428807779343,0.006848428807779342,0.5233900575203676,0,3,0.0,1.0000000000000002,0.9997612174233502,0.6496117460153122,1.0000000000000044,0.0001470834903501972,0.00020481395897342658,1.2736129750280911,0,6.772360450213455e-15,0.1493849754333496
0,lprand,jitter,0.25,0,3,0.1,0.5,2,101,6.848428807779342e-05,7301,0.09999999999999999,0.06848428807779343,0.006848428807779342,0.5233900575203676,0,3,0.0,1.0000000000000002,0.9997612868543948,0.6497131555755249,1.0000000000000029,9.65720831506145e-05,0.00023846437790031594,1.2736199952283362,0,6.772360450213455e-15,0.16097784042358398
0,maxentw,jitter,0.25,0,3,0.1,0.5,2,101,6.848428807779342e-05,7301,0.09999999999999999,0.06848428807779343,0.006848428807779342,0.5233900575203676,0,3,0.0,1.0000000000000002,0.9997612145796607,0.6496298729380716,1.0000000000000022,0.00014163893640506409,0.00017184852671170425,1.2736096158852335,0,6.772360450213455e-15,0.34563708305358887
0,minnorm,jitter,0.25,0,5,0.1,0.5,2,101,6.848428807779342e-05,7301,0.09999999999999999,0.06848428807779343,0.006848428807779342,0.5233900575203676,0,5,-0.058912459131505675,1.354781925916836,0.9997615109542349,0.6513207316053348,1.354781925916836,0.001990935996711074,0.001990935996711074,1.2735463896424981,0,6.772360450213455e-15,0.0713350772857666
0,projgauss,jitter,0.25,0,5,0.1,0.5,2,101,6.848428807779342e-05,7301,0.09999999999999999,0.06848428807779343,0.006848428807779342,0.5233900575203676,0,5,-0.047167322388763935,1.2943619700920017,0.9997614646928308,0.650833069536824,1.2943619700920017,0.0012020040511869778,0.0012020040511869778,1.273559843841861,0,6.772360450213455e-15,0.07610917091369629
0,spectral,jitter,0.25,0,5,0.1,0.5,2,101,6.848428807779342e-05,7301,0.09999999999999999,0.06848428807779343,0.006848428807779342,0.5233900575203676,0,5,-18.864345488116676,72.041274915123,5.373995857146997,nan,4.11216653535679e+73,inf,1.1615460230925258e+101,1.1615460230925258e+101,1,6.772360450213455e-15,0.06879520416259766
0,spectralg,jitter,0.25,0,5,0.1,0.5,2,101,6.848428807779342e-05,7301,0.09999999999999999,0.06848428807779343,0.006848428807779342,0.5233900575203676,0,5,-18.864345488116676,72.041274915123,5.373995857147052,nan,4.1121665353612044e+73,inf,1.1615460230814277e+101,1.1615460230814277e+101,1,6.772360450213455e-15,0.08498024940490723
0,maxent,jitter,0.25,0,5,0.1,0.5,2,101,6.848428807779342e-05,7301,0.09999999999999999,0.06848428807779343,0.006848428807779342,0.5233900575203676,0,5,0.0,1.0000000000000004,0.9997612131815646,0.6496381419631849,1.0000000000000049,0.00017161886940697535,0.00018693952095805155,1.2736094827913205,0,6.772360450213455e-15,0.6957190036773682
0,lp,jitter,0.25,0,5,0.1,0.5,2,101,6.848428807779342e-05,7301,0.09999999999999999,0.06848428807779343,0.006848428807779342,0.5233900575203676,0,5,0.0,1.0,0.999761127369532,0.6498709611267801,1.0000000000000038,0.0008606431494900812,0.0013698891948113467,1.2736045318536608,0,6.772360450213455e-15,0.17154479026794434
0,lprand,jitter,0.25,0,5,0.1,0.5,2,101,6.848428807779342e-05,7301,0.09999999999999999,0.06848428807779343,0.006848428807779342,0.5233900575203676,0,5,0.0,1.0000000000000002,0.9997609688814353,0.6482756088637577,1.0000000000000033,0.0019220029689362983,0.002227704206886616,1.2736175225757298,0,6.772360450213455e-15,0.15703678131103516
0,maxentw,jitter,0.25,0,5,0.1,0.5,2,101,6.848428807779342e-05,7301,0.09999999999999999,0.06848428807779343,0.006848428807779342,0.5233900575203676,0,5,0.0,1.0000000000000004,0.9997612131815646,0.6496381419631849,1.0000000000000049,0.00017161886940697535,0.00018693952095805155,1.2736094827913205,0,6.772360450213455e-15,0.6905300617218018
0,minnorm,jitter,0.25,1,3,0.1,0.5,2,101,7.872165330063403e-05,6352,0.09999999999999999,0.07872165330063402,0.007872165330063402,0.5611475859366555,0,3,0.0,1.0000000000000016,0.999725529055431,0.6495573638913518,1.000000000000041,8.230395136854529e-05,0.00011531311929680044,1.2736402695766587,0,6.356026815979021e-15,0.06310319900512695
0,projgauss,jitter,0.25,1,3,0.1,0.5,2,101,7.872165330063403e-05,6352,0.09999999999999999,0.07872165330063402,0.007872165330063402,0.5611475859366555,0,3,0.0,1.0000000000000002,0.9997255278349386,0.6495615972631398,1.0000000000000067,8.936047705110362e-05,0.00012227262924469073,1.2736403005518921,0,6.356026815979021e-15,0.07329297065734863
0,spectral,jitter,0.25,1,3,0.1,0.5,2,101,7.872165330063403e-05,6352,0.09999999999999999,0.07872165330063402,0.007872165330063402,0.5611475859366555,0,3,-0.23446278158782852,1.9961809605132026,0.9997255204903251,0.6852292583790568,1.9961809605132026,0.0008140329210413189,0.0008140329210413189,1.2736352436999154,0,6.356026815979021e-15,0.0833432674407959
0,spectralg,jitter,0.25,1,3,0.1,0.5,2,101,7.872165330063403e-05,6352,0.09999999999999999,0.07872165330063402,0.007872165330063402,0.5611475859366555,0,3,-0.23446278158782852,1.9961809605132026,0.9997255204903258,0.6852292583790566,1.9961809605132026,0.0008140329210450936,0.0008140329210450936,1.2736352436999154,0,6.356026815979021e-15,0.09626197814941406
0,maxent,jitter,0.25,1,3,0.1,0.5,2,101,7.872165330063403e-05,6352,0.09999999999999999,0.07872165330063402,0.007872165330063402,0.5611475859366555,0,3,0.0,1.0000000000000002,0.9997255277294657,0.649596756811953,1.000000000000004,0.00013464553129538537,0.0001438681396529473,1.2736398255495505,0,6.356026815979021e-15,0.27434277534484863
0,lp,jitter,0.25,1,3,0.1,0.5,2,101,7.872165330063403e-05,6352,0.09999999999999999,0.07872165330063402,0.007872165330063402,0.5611475859366555,0,3,0.0,1.0000000000000002,0.9997255281584698,0.6496621396536271,1.0000000000000022,0.00019857685797108893,0.00020308649177580573,1.273638669415682,0,6.356026815979021e-15,0.1438429355621338
0,lprand,jitter,0.25,1,3,0.1,0.5,2,101,7.872165330063403e-05,6352,0.09999999999999999,0.07872165330063402,0.007872165330063402,0.5611475859366555,0,3,0.0,1.0,0.9997253580600971,0.6492327483133946,1.0000000000000022,0.00016383841184142156,0.0002936841646181687,1.2736223131730908,0,6.356026815979021e-15,0.15403318405151367
0,maxentw,jitter,0.25,1,3,0.1,0.5,2,101,7.872165330063403e-05,6352,0.09999999999999999,0.07872165330063402,0.007872165330063402,0.5611475859366555,0,3,0.0,1.0000000000000002,0.9997255277294657,0.649596756811953,1.000000000000004,0.00013464553129538537,0.0001438681396529473,1.2736398255495505,0,6.356026815979021e-15,0.284714937210083
0,minnorm,jitter,0.25,1,5,0.1,0.5,2,101,7.872165330063403e-05,6352,0.09999999999999999,0.07872165330063402,0.007872165330063402,0.5611475859366555,0,5,-0.05812115238879487,1.3424525766732014,0.9997258119003843,0.6510014997048865,1.3424525766732014,0.0017009049909212925,0.0017009049909212925,1.2736147238876465,0,6.356026815979021e-15,0.07303977012634277
0,projgauss,jitter,0.25,1,5,0.1,0.5,2,101,7.872165330063403e-05,6352,0.09999999999999999,0.07872165330063402,0.007872165330063402,0.5611475859366555,0,5,-0.04406093562210289,1.2837179594393195,0.9997257682797298,0.6506735382889082,1.2837179594393195,0.001266670449385665,0.001266670449385665,1.273616180224721,0,6.356026815979021e-15,0.06519126892089844
0,spectral,jitter,0.25,1,5,0.1,0.5,2,101,7.872165330063403e-05,6352,0.09999999999999999,0.07872165330063402,0.007872165330063402,0.5611475859366555,0,5,-12.270734824099955,48.21175209099065,5.208767147941801,nan,1.2780421567626857e+72,inf,1.8206180143396852e+85,1.8206180143396852e+85,1,6.356026815979021e-15,0.05602693557739258
0,spectralg,jitter,0.25,1,5,0.1,0.5,2,101,7.872165330063403e-05,6352,0.09999999999999999,0.07872165330063402,0.007872165330063402,0.5611475859366555,0,5,-12.270734824099955,48.21175209099065,5.208767147941814,nan,1.2780421567626857e+72,inf,1.8206180143396852e+85,1.8206180143396852e+85,1,6.356026815979021e-15,0.08240103721618652
0,maxent,jitter,0.25,1,5,0.1,0.5,2,101,7.872165330063403e-05,6352,0.09999999999999999,0.07872165330063402,0.007872165330063402,0.5611475859366555,0,5,0.0,1.0000000000000004,0.9997255254706435,0.6496045891840944,1.0000000000000073,0.0001552782016632781,0.00015701797178444,1.2736403921834034,0,6.356026815979021e-15,0.351729154586792
0,lp,jitter,0.25,1,5,0.1,0.5,2,101,7.872165330063403e-05,6352,0.09999999999999999,0.07872165330063402,0.007872165330063402,0.5611475859366555,0,5,0.0,1.0,0.9997253636936068,0.6501870871201724,1.0000000000000036,0.0012836034742023106,0.0012836034742023106,1.2736207534538977,0,6.356026815979021e-15,0.1507399082183838
0,lprand,jitter,0.25,1,5,0.1,0.5,2,101,7.872165330063403e-05,6352,0.09999999999999999,0.07872165330063402,0.007872165330063402,0.5611475859366555,0,5,0.0,1.0000000000000004,0.9997256819279039,0.6506570643602944,1.0000000000000004,0.0013999336223102232,0.0013999336223102232,1.273686401645457,0,6.356026815979021e-15,0.15491819381713867
0,maxentw,jitter,0.25,1,5,0.1,0.5,2,101,7.872165330063403e-05,6352,0.09999999999999999,0.07872165330063402,0.007872165330063402,0.5611475859366555,0,5,0.0,1.0000000000000004,0.9997255254706435,0.6496045891840944,1.0000000000000073,0.0001552782016632781,0.00015701797178444,1.2736403921834034,0,6.356026815979021e-15,0.35359787940979004
0,minnorm,jitter,0.45,0,3,0.1,0.5,2,101,5.048251957384874e-06,99045,0.09999999999999999,0.005048251957384874,0.0005048251957384874,0.14210210353664543,0,3,-0.06360836283706921,1.2155964686983889,1.0000145035305508,48199.10224519729,48199.10224519729,5.624483012224308,5.624483012224308,6.00779457130494,0,5.8494875609937935e-15,0.4135711193084717
0,projgauss,jitter,0.45,0,3,0.1,0.5,2,101,5.048251957384874e-06,99045,0.09999999999999999,0.005048251957384874,0.0005048251957384874,0.14210210353664543,0,3,-0.06391661341497795,1.21551672960294,1.0000145035635328,48199.30162268782,48199.30162268782,5.624473472313779,5.624473472313779,6.00780422901544,0,5.8494875609937935e-15,0.45989513397216797
0,spectral,jitter,0.45,0,3,0.1,0.5,2,101,5.048251957384874e-06,99045,0.09999999999999999,0.005048251957384874,0.0005048251957384874,0.14210210353664543,0,3,-2.0794492913744715,7.656681892977929,1.1265326197727012,nan,6.169904031965868e+52,inf,5.818548305736983e+96,5.818548305736983e+96,1,5.8494875609937935e-15,0.06062483787536621
0,spectralg,jitter,0.45,0,3,0.1,0.5,2,101,5.048251957384874e-06,99045,0.09999999999999999,0.005048251957384874,0.0005048251957384874,0.14210210353664543,0,3,-2.0794492913744715,7.6566818929779314,1.1265326197727015,nan,6.169904031968776e+52,inf,5.818548307229529e+96,5.818548307229529e+96,1,5.8494875609937935e-15,0.07388901710510254
0,maxent,jitter,0.45,0,3,0.1,0.5,2,101,5.048251957384874e-06,99045,0.09999999999999999,0.005048251957384874,0.0005048251957384874,0.14210210353664543,14,3,-0.06360836283706921,1.2155964686983889,1.0000145088289898,48202.112198077055,48202.112198077055,5.624334642270217,5.624334642270217,6.008693273813542,0,5.8494875609937935e-15,1.6814031600952148
0,lp,jitter,0.45,0,3,0.1,0.5,2,101,5.048251957384874e-06,99045,0.09999999999999999,0.005048251957384874,0.0005048251957384874,0.14210210353664543,14,3,-0.06360836283706921,1.2155964686983889,1.0000145100651086,49158.94567005109,49158.94567005109,5.624250313403196,5.624250313403196,6.008901140656796,0,5.8494875609937935e-15,0.507504940032959
0,lprand,jitter,0.45,0,3,0.1,0.5,2,101,5.048251957384874e-06,99045,0.09999999999999999,0.005048251957384874,0.0005048251957384874,0.14210210353664543,14,3,-0.06360836283706921,1.2155964686983889,1.0000145034004724,49136.55898636306,49136.55898636306,5.62399985957477,5.62399985957477,6.007764913907002,0,5.8494875609937935e-15,0.4815537929534912
0,maxentw,jitter,0.45,0,3,0.1,0.5,2,101,5.048251957384874e-06,99045,0.09999999999999999,0.005048251957384874,0.0005048251957384874,0.14210210353664543,0,5,0.0,1.0000000000000002,0.9999823949632194,0.6496031352961106,1.000000000000044,0.00038167460519766827,0.00046472466896740894,1.2736932589785996,0,5.8494875609937935e-15,1.7740788459777832
0,minnorm,jitter,0.45,0,5,0.1,0.5,2,101,5.048251957384874e-06,99045,0.09999999999999999,0.005048251957384874,0.0005048251957384874,0.14210210353664543,0,5,-0.09959429084684016,1.5588191375760323,0.9999830267298065,0.6648959686788162,1.578551873817413,0.024362327207316015,0.02711062463081232,1.2731655085038203,0,5.8494875609937935e-15,0.417438268661499
0,projgauss,jitter,0.45,0,5,0.1,0.5,2,101,5.048251957384874e-06,99045,0.09999999999999999,0.005048251957384874,0.0005048251957384874,0.14210210353664543,0,5,-0.07819422174708066,1.483997739661144,0.9999830005071524,0.664082440193199,1.522433064579277,0.02151800542049853,0.023537668474107598,1.273172453603682,0,5.8494875609937935e-15,0.49115490913391113
0,spectral,jitter,0.45,0,5,0.1,0.5,2,101,5.048251957384874e-06,99045,0.09999999999999999,0.005048251957384874,0.0005048251957384874,0.14210210353664543,0,5,-14.534282031698103,59.54781098955496,10.80469282414302,nan,1.2724065660586348e+104,inf,inf,nan,1,5.8494875609937935e-15,0.06445789337158203
0,spectralg,jitter,0.45,0,5,0.1,0.5,2,101,5.048251957384874e-06,99045,0.09999999999999999,0.005048251957384874,0.0005048251957384874,0.14210210353664543,0,5,-14.534282031698103,59.54781098955496,10.80469282414302,nan,1.2724065660586348e+104,inf,inf,nan,1,5.8494875609937935e-15,0.09712600708007812
0,maxent,jitter,0.45,0,5,0.1,0.5,2,101,5.048251957384874e-06,99045,0.09999999999999999,0.005048251957384874,0.0005048251957384874,0.14210210353664543,0,5,0.0,1.0000000000000002,0.9999823950405591,0.6496180619582891,1.0000000000000437,0.00041910939963951677,0.0004700818661802497,1.2736933082021615,0,5.8494875609937935e-15,1.2120871543884277
0,lp,jitter,0.45,0,5,0.1,0.5,2,101,5.048251957384874e-06,99045,0.09999999999999999,0.005048251957384874,0.0005048251957384874,0.14210210353664543,0,5,0.0,1.0,0.9999823887394184,0.6502522095318035,1.000000000000023,0.0017910908779850687,0.001907744172610193,1.2737262954552357,0,5.8494875609937935e-15,0.5286650657653809
0,lprand,jitter,0.45,0,5,0.1,0.5,2,101,5.048251957384874e-06,99045,0.09999999999999999,0.005048251957384874,0.0005048251957384874,0.14210210353664543,0,5,0.0,1.0000000000000002,0.9999823929360161,0.6490098045588868,1.0000000000000087,0.0004908483614997627,0.0012592733422282787,1.2736849468819444,0,5.8494875609937935e-15,0.48653292655944824
0,maxentw,jitter,0.45,0,5,0.1,0.5,2,101,5.048251957384874e-06,99045,0.09999999999999999,0.005048251957384874,0.0005048251957384874,0.14210210353664543,0,5,0.0,1.0000000000000002,0.9999823950405591,0.6496180619582891,1.0000000000000437,0.00041910939963951677,0.0004700818661802497,1.2736933082021615,0,5.8494875609937935e-15,1.12955904006958
0,minnorm,jitter,0.45,1,3,0.1,0.5,2,101,1.1031894819661908e-05,45324,0.09999999999999999,0.011031894819661908,0.0011031894819661908,0.21006565468597582,0,3,-0.05537343671627501,1.1822332736649779,1.0000270275326484,18790.601167371096,18790.601167371096,7.023508188187381,7.023508188187381,7.015632642490862,0,5.7592819402429996e-15,0.21360397338867188
0,projgauss,jitter,0.45,1,3,0.1,0.5,2,101,1.1031894819661908e-05,45324,0.09999999999999999,0.011031894819661908,0.0011031894819661908,0.21006565468597582,0,3,-0.05592588374363505,1.182028033149331,1.0000270288818582,18791.076072522505,18791.076072522505,7.023455981652416,7.023455981652416,7.015580435955897,0,5.7592819402429996e-15,0.19406580924987793
0,spectral,jitter,0.45,1,3,0.1,0.5,2,101,1.1031894819661908e-05,45324,0.09999999999999999,0.011031894819661908,0.0011031894819661908,0.21006565468597582,0,3,-1.4132927305691712,6.261964504735362,1.7623631405595843,nan,1.144932197167035e+247,inf,2.5684708428940504e+217,2.5684708428940504e+217,1,5.7592819402429996e-15,0.057161808013916016
0,spectralg,jitter,0.45,1,3,0.1,0.5,2,101,1.1031894819661908e-05,45324,0.09999999999999999,0.011031894819661908,0.0011031894819661908,0.21006565468597582,0,3,-1.4132927305691712,6.261964504735362,1.7623631405595857,nan,1.144932197167035e+247,inf,2.5684708428940504e+217,2.5684708428940504e+217,1,5.7592819402429996e-15,0.06842398643493652
0,maxent,jitter,0.45,1,3,0.1,0.5,2,101,1.1031894819661908e-05,45324,0.09999999999999999,0.011031894819661908,0.0011031894819661908,0.21006565468597582,11,3,-0.05537343671627501,1.1822332736649779,1.000027071443925,18788.335628949422,18788.335628949422,7.0229856047432095,7.0229856047432095,7.015110059046691,0,5.7592819402429996e-15,1.2029500007629395
0,lp,jitter,0.45,1,3,0.1,0.5,2,101,1.1031894819661908e-05,45324,0.09999999999999999,0.011031894819661908,0.0011031894819661908,0.21006565468597582,11,3,-0.05537343671627501,1.1822332736649779,1.0000270872157826,19169.779398915125,19169.779398915125,7.022626626220442,7.022626626220442,7.014751080523924,0,5.7592819402429996e-15,0.29096484184265137
0,lprand,jitter,0.45,1,3,0.1,0.5,2,101,1.1031894819661908e-05,45324,0.09999999999999999,0.011031894819661908,0.0011031894819661908,0.21006565468597582,11,3,-0.05537343671627501,1.1822332736649779,1.0000270020990911,19143.810423183953,19143.810423183953,7.0247661309459515,7.0247661309459515,7.016890585249433,0,5.7592819402429996e-15,0.2954559326171875
0,maxentw,jitter,0.45,1,3,0.1,0.5,2,101,1.1031894819661908e-05,45324,0.09999999999999999,0.011031894819661908,0.0011031894819661908,0.21006565468597582,0,5,0.0,1.0000000000000002,0.9999615295112365,0.6496805605664306,1.0000000000000204,0.00047749748413650206,0.00047749748413650206,1.2737333762916199,0,5.7592819402429996e-15,1.2425227165222168
0,minnorm,jitter,0.45,1,5,0.1,0.5,2,101,1.1031894819661908e-05,45324,0.09999999999999999,0.011031894819661908,0.0011031894819661908,0.21006565468597582,0,5,-0.09253255240058134,1.524964669910262,0.9999617709039477,0.660797759421925,1.5249646699102617,0.011189235562567568,0.011189235562567568,1.2734481317213813,0,5.7592819402429996e-15,0.23096919059753418
0,projgauss,jitter,0.45,1,5,0.1,0.5,2,101,1.1031894819661908e-05,45324,0.09999999999999999,0.011031894819661908,0.0011031894819661908,0.21006565468597582,0,5,-0.079372088488533,1.4622700065917469,0.9999617658601279,0.6602614872838148,1.4622700065917469,0.010400237874794271,0.010400237874794271,1.2734509072900169,0,5.7592819402429996e-15,0.23404216766357422
0,spectral,jitter,0.45,1,5,0.1,0.5,2,101,1.1031894819661908e-05,45324,0.09999999999999999,0.011031894819661908,0.0011031894819661908,0.21006565468597582,0,5,-8.564537940376512,38.641871743572786,7.19341273474606,nan,2.6328647292890737e+86,inf,inf,nan,1,5.7592819402429996e-15,0.0588231086730957
0,spectralg,jitter,0.45,1,5,0.1,0.5,2,101,1.1031894819661908e-05,45324,0.09999999999999999,0.011031894819661908,0.0011031894819661908,0.21006565468597582,0,5,-8.564537940376512,38.641871743572786,7.193412734746076,nan,2.6328647292890737e+86,inf,inf,nan,1,5.7592819402429996e-15,0.0902719497680664
0,maxent,jitter,0.45,1,5,0.1,0.5,2,101,1.1031894819661908e-05,45324,0.09999999999999999,0.011031894819661908,0.0011031894819661908,0.21006565468597582,0,5,0.0,1.0000000000000002,0.9999615295855316,0.6496873722123857,1.0000000000000364,0.0004810328127305974,0.0004810328127305974,1.2737339592219334,0,5.7592819402429996e-15,0.9211249351501465
0,lp,jitter,0.45,1,5,0.1,0.5,2,101,1.1031894819661908e-05,45324,0.09999999999999999,0.011031894819661908,0.0011031894819661908,0.21006565468597582,0,5,0.0,1.0,0.9999615506771675,0.6501243347157216,1.0000000000000084,0.001067842096071303,0.0014123612636919025,1.2737377780958816,0,5.7592819402429996e-15,0.30548620223999023
0,lprand,jitter,0.45,1,5,0.1,0.5,2,101,1.1031894819661908e-05,45324,0.09999999999999999,0.011031894819661908,0.0011031894819661908,0.21006565468597582,0,5,0.0,1.0000000000000004,0.9999615426145765,0.6500509571919892,1.0000000000000373,0.000985213228933579,0.0010563866900765162,1.2737450647805129,0,5.7592819402429996e-15,0.2928619384765625
0,maxentw,jitter,0.45,1,5,0.1,0.5,2,101,1.1031894819661908e-05,45324,0.09999999999999999,0.011031894819661908,0.0011031894819661908,0.21006565468597582,0,5,0.0,1.0000000000000002,0.9999615295855316,0.6496873722123857,1.0000000000000364,0.0004810328127305974,0.0004810328127305974,1.2737339592219334,0,5.7592819402429996e-15,0.887692928314209
0,minnorm,random,0.0,0,3,0.1,0.5,2,101,1.783877195930259e-05,28029,0.09999999999999999,0.017838771959302592,0.0017838771959302591,0.267123731325411,0,3,-0.4115023806753645,2.0723271305784197,1.0575094828306963,nan,1.335734970301354e+244,inf,629001942.3162074,629001942.1857283,1,5.578870698741412e-15,0.05175900459289551
0,projgauss,random,0.0,0,3,0.1,0.5,2,101,1.783877195930259e-05,28029,0.09999999999999999,0.017838771959302592,0.0017838771959302591,0.267123731325411,0,3,-0.41181555080104737,2.0721771285159485,1.0574076403760315,nan,5.097242113111344e+243,inf,596017498.1203368,596017497.9898577,1,5.578870698741412e-15,0.04992270469665527
0,spectral,random,0.0,0,3,0.1,0.5,2,101,1.783877195930259e-05,28029,0.09999999999999999,0.017838771959302592,0.0017838771959302591,0.267123731325411,0,3,-1.4562138067868846,6.717022590796457,1.424067337857098,nan,3.8883695653398803e+154,inf,1.9728918259733527e+79,1.9728918259733527e+79,1,5.578870698741412e-15,0.055995941162109375
0,spectralg,random,0.0,0,3,0.1,0.5,2,101,1.783877195930259e-05,28029,0.09999999999999999,0.017838771959302592,0.0017838771959302591,0.267123731325411,0,3,-1.4562138067868853,6.71702259079646,1.4240673378570896,nan,3.888369565341029e+154,inf,1.9728918275436238e+79,1.9728918275436238e+79,1,5.578870698741412e-15,0.07108592987060547
0,maxent,random,0.0,0,3,0.1,0.5,2,101,1.783877195930259e-05,28029,0.09999999999999999,0.017838771959302592,0.0017838771959302591,0.267123731325411,35,3,-0.4115023806753645,2.0723271305784197,1.0575094828306948,nan,1.3359258018648067e+244,inf,629001942.5872835,629001942.4568044,1,5.578870698741412e-15,1.4432179927825928
0,lp,random,0.0,0,3,0.1,0.5,2,101,1.783877195930259e-05,28029,0.09999999999999999,0.017838771959302592,0.0017838771959302591,0.267123731325411,35,3,-0.4115023806753645,2.0723271305784197,1.0575094828307035,nan,1.3159102885598383e+244,inf,629001942.6740552,629001942.5435761,1,5.578870698741412e-15,0.12996292114257812
0,lprand,random,0.0,0,3,0.1,0.5,2,101,1.783877195930259e-05,28029,0.09999999999999999,0.017838771959302592,0.0017838771959302591,0.267123731325411,35,3,-0.4115023806753645,2.0723271305784197,1.0575094828307023,nan,1.3517611013365377e+244,inf,629001942.5800321,629001942.449553,1,5.578870698741412e-15,0.126356840133667
0,maxentw,random,0.0,0,3,0.1,0.5,2,101,1.783877195930259e-05,28029,0.09999999999999999,0.017838771959302592,0.0017838771959302591,0.267123731325411,0,7,0.0,1.0000000000000002,0.9999377632337946,0.649873568151978,1.000000000000011,0.0011532122888238128,0.0017374997468215247,1.2737248968499664,0,5.578870698741412e-15,1.7516021728515625
0,minnorm,random,0.0,0,5,0.1,0.5,2,101,1.783877195930259e-05,28029,0.09999999999999999,0.017838771959302592,0.0017838771959302591,0.267123731325411,0,5,-0.13600030367208932,1.545759374113345,1.0000001076997393,604.6216441082051,604.6216441082051,1.9851347202101433,1.9851347202101433,2.348283143935169,0,5.578870698741412e-15,0.15398812294006348
0,projgauss,random,0.0,0,5,0.1,0.5,2,101,1.783877195930259e-05,28029,0.09999999999999999,0.017838771959302592,0.0017838771959302591,0.267123731325411,0,5,-0.12029868884285287,1.5609142242235003,1.00000003418526,614.5569090980185,614.5569090980185,1.986745887543911,1.986745887543911,2.3498943112689368,0,5.578870698741412e-15,0.16374993324279785
0,spectral,random,0.0,0,5,0.1,0.5,2,101,1.783877195930259e-05,28029,0.09999999999999999,0.017838771959302592,0.0017838771959302591,0.267123731325411,0,5,-4.512730473845472,18.794572333120016,4.745193245490147,nan,9.208958355015839e+67,inf,inf,nan,1,5.578870698741412e-15,0.060864925384521484
0,spectralg,random,0.0,0,5,0.1,0.5,2,101,1.783877195930259e-05,28029,0.09999999999999999,0.017838771959302592,0.0017838771959302591,0.267123731325411,0,5,-4.512730473845472,18.794572333120016,4.745193245490139,nan,9.208958355015839e+67,inf,inf,nan,1,5.578870698741412e-15,0.09317708015441895
0,maxent,random,0.0,0,5,0.1,0.5,2,101,1.783877195930259e-05,28029,0.09999999999999999,0.017838771959302592,0.0017838771959302591,0.267123731325411,2,5,-0.11354643881971793,1.545759374113345,1.000000088000761,630.6968732511644,630.6968732511644,1.9921493915984467,1.9921493915984467,2.3552978153234725,0,5.578870698741412e-15,0.8874800205230713
0,lp,random,0.0,0,5,0.1,0.5,2,101,1.783877195930259e-05,28029,0.09999999999999999,0.017838771959302592,0.0017838771959302591,0.267123731325411,2,5,-0.11354643881971793,1.545759374113345,1.000000036206308,738.7620349918593,738.7620349918593,1.9982756901068315,1.9982756901068315,2.3614241138318572,0,5.578870698741412e-15,0.22433209419250488
0,lprand,random,0.0,0,5,0.1,0.5,2,101,1.783877195930259e-05,28029,0.09999999999999999,0.017838771959302592,0.0017838771959302591,0.267123731325411,2,5,-0.11354643881971793,1.545759374113345,1.0000000360630885,648.3895164922742,648.3895164922742,1.9970576414466084,1.9970576414466084,2.360206065171634,0,5.578870698741412e-15,0.24000811576843262
0,maxentw,random,0.0,0,5,0.1,0.5,2,101,1.783877195930259e-05,28029,0.09999999999999999,0.017838771959302592,0.0017838771959302591,0.267123731325411,0,7,0.0,1.0000000000000002,0.9999377637263187,0.6499109060293657,1.0000000000000102,0.001204888758559064,0.0017352411276648771,1.2737244319750114,0,5.578870698741412e-15,0.8836309909820557
0,minnorm,random,0.0,1,3,0.1,0.5,2,101,2.2064246949604548e-05,22662,0.09999999999999999,0.02206424694960455,0.002206424694960455,0.29708077655482557,0,3,-0.32064575553511476,1.8770483887547782,1.050137781981023,nan,2.6292351517575398e+213,inf,703431267999085.9,703431267999085.2,1,5.18855791664663e-15,0.04788613319396973
0,projgauss,random,0.0,1,3,0.1,0.5,2,101,2.2064246949604548e-05,22662,0.09999999999999999,0.02206424694960455,0.002206424694960455,0.29708077655482557,0,3,-0.3212617952422002,1.8774165354882175,1.0500698455252544,nan,1.376746315172376e+213,inf,663520406212578.9,663520406212578.2,1,5.18855791664663e-15,0.04886984825134277
0,spectral,random,0.0,1,3,0.1,0.5,2,101,2.2064246949604548e-05,22662,0.09999999999999999,0.02206424694960455,0.002206424694960455,0.29708077655482557,0,3,-1.1654741390285328,4.709115321856997,1.2820903599417621,nan,4.6054559312169527e+108,inf,7.51518385908807e+41,7.51518385908807e+41,1,5.18855791664663e-15,0.05156302452087402
0,spectralg,random,0.0,1,3,0.1,0.5,2,101,2.2064246949604548e-05,22662,0.09999999999999999,0.02206424694960455,0.002206424694960455,0.29708077655482557,0,3,-1.1654741390285328,4.709115321856997,1.2820903599417621,nan,4.6054559312169527e+108,inf,7.51518385908807e+41,7.51518385908807e+41,1,5.18855791664663e-15,0.06560420989990234
0,maxent,random,0.0,1,3,0.1,0.5,2,101,2.2064246949604548e-05,22662,0.09999999999999999,0.02206424694960455,0.002206424694960455,0.29708077655482557,35,3,-0.32064575553511476,1.8770483887547782,1.050137781981033,nan,2.6305490771252793e+213,inf,703375645556872.4,703375645556871.8,1,5.18855791664663e-15,1.3445947170257568
0,lp,random,0.0,1,3,0.1,0.5,2,101,2.2064246949604548e-05,22662,0.09999999999999999,0.02206424694960455,0.002206424694960455,0.29708077655482557,35,3,-0.32064575553511476,1.8770483887547782,1.0501377819810291,nan,2.6484696110675285e+213,inf,729625371252101.5,729625371252100.9,1,5.18855791664663e-15,0.12488079071044922
0,lprand,random,0.0,1,3,0.1,0.5,2,101,2.2064246949604548e-05,22662,0.09999999999999999,0.02206424694960455,0.002206424694960455,0.29708077655482557,35,3,-0.32064575553511476,1.8770483887547782,1.0501377819810271,nan,2.683146331807154e+213,inf,720023089658212.9,720023089658212.2,1,5.18855791664663e-15,0.12680792808532715
0,maxentw,random,0.0,1,3,0.1,0.5,2,101,2.2064246949604548e-05,22662,0.09999999999999999,0.02206424694960455,0.002206424694960455,0.29708077655482557,0,7,0.0,1.0000000000000004,0.99992297857606,0.6504149238444039,1.0000000000000093,0.002078188800210712,0.0027222337670464447,1.2734473283910788,0,5.18855791664663e-15,1.8946950435638428
0,minnorm,random,0.0,1,5,0.1,0.5,2,101,2.2064246949604548e-05,22662,0.09999999999999999,0.02206424694960455,0.002206424694960455,0.29708077655482557,0,5,-0.12205923695796686,1.6542177150951416,1.000064721521183,1745.4210999320433,1745.4210999320433,5.938180365640093,5.938180365640093,5.9278686252878385,0,5.18855791664663e-15,0.13409781455993652
0,projgauss,random,0.0,1,5,0.1,0.5,2,101,2.2064246949604548e-05,22662,0.09999999999999999,0.02206424694960455,0.002206424694960455,0.29708077655482557,0,5,-0.13614467355057777,1.67480019862901,1.000063693325802,1630.1217688157394,1630.1217688157394,5.946885215977324,5.946885215977324,5.936573475625069,0,5.18855791664663e-15,0.14230895042419434
0,spectral,random,0.0,1,5,0.1,0.5,2,101,2.2064246949604548e-05,22662,0.09999999999999999,0.02206424694960455,0.002206424694960455,0.29708077655482557,0,5,-11.716970996507843,47.042075103931886,9.704581876587177,nan,3.0327145175044436e+99,inf,inf,nan,1,5.18855791664663e-15,0.05910301208496094
0,spectralg,random,0.0,1,5,0.1,0.5,2,101,2.2064246949604548e-05,22662,0.09999999999999999,0.02206424694960455,0.002206424694960455,0.29708077655482557,0,5,-11.716970996507843,47.042075103931886,9.704581876587193,nan,3.0327145175044436e+99,inf,inf,nan,1,5.18855791664663e-15,0.09039831161499023
0,maxent,random,0.0,1,5,0.1,0.5,2,101,2.2064246949604548e-05,22662,0.09999999999999999,0.02206424694960455,0.002206424694960455,0.29708077655482557,6,5,-0.12205923695796686,1.6542177150951416,1.00006099447853,1630.582890660445,1630.582890660445,5.861180799990293,5.861180799990293,5.850869059638038,0,5.18855791664663e-15,1.022817850112915
0,lp,random,0.0,1,5,0.1,0.5,2,101,2.2064246949604548e-05,22662,0.09999999999999999,0.02206424694960455,0.002206424694960455,0.29708077655482557,6,5,-0.12205923695796686,1.6542177150951416,1.0000592215377448,2640.5557236205755,2640.5557236205755,5.876617298924924,5.876617298924924,5.8663055585726696,0,5.18855791664663e-15,0.2161552906036377
0,lprand,random,0.0,1,5,0.1,0.5,2,101,2.2064246949604548e-05,22662,0.09999999999999999,0.02206424694960455,0.002206424694960455,0.29708077655482557,6,5,-0.12205923695796686,1.6542177150951416,1.000060501663983,7304.8331876342745,7304.8331876342745,5.894465099349625,5.894465099349625,5.88415335899737,0,5.18855791664663e-15,0.214249849319458
0,maxentw,random,0.0,1,5,0.1,0.5,2,101,2.2064246949604548e-05,22662,0.09999999999999999,0.02206424694960455,0.002206424694960455,0.29708077655482557,0,7,0.0,1.0000000000000004,0.999922977799824,0.650405875850066,1.0000000000000093,0.0020788862006281272,0.0027210821613884995,1.273447112417787,0,5.18855791664663e-15,1.079077959060669
0,minnorm,jitter,0.0,0,3,0.01,0.5,2,101,0.002499999999999949,201,1.0,0.2499999999999949,0.2499999999999949,0.9999999999999898,0,3,0.0,1.0000000000000013,0.943447855111977,0.9999362773470583,1.0000000000000042,0.021709017939899544,0.021709017939899544,1.2963255992110312,0,8.174808409089351e-07,0.041687965393066406
0,projgauss,jitter,0.0,0,3,0.01,0.5,2,101,0.002499999999999949,201,1.0,0.2499999999999949,0.2499999999999949,0.9999999999999898,0,3,0.0,1.0000000000000002,0.9432236308487963,0.9999358753841142,1.0000000000000004,0.0230997247125454,0.0230997247125454,1.2963256756113317,0,8.174808409089351e-07,0.04501986503601074
0,spectral,jitter,0.0,0,3,0.01,0.5,2,101,0.002499999999999949,201,1.0,0.2499999999999949,0.2499999999999949,0.9999999999999898,0,3,-0.11814132181061301,1.2362826436212264,0.9447628423207005,1.0612408506512885,1.2362826436212264,0.020674138112505513,0.020674138112505513,1.2963258223231993,0,8.174808409089351e-07,0.04878520965576172
0,spectralg,jitter,0.0,0,3,0.01,0.5,2,101,0.002499999999999949,201,1.0,0.2499999999999949,0.2499999999999949,0.9999999999999898,0,3,-0.11814132181061307,1.2362826436212264,0.9445057990103525,1.0612408506512878,1.2362826436212264,0.02067413811250629,0.02067413811250629,1.2963258223231993,0,8.174808409089351e-07,0.06387186050415039
0,maxent,jitter,0.0,0,3,0.01,0.5,2,101,0.002499999999999949,201,1.0,0.2499999999999949,0.2499999999999949,0.9999999999999898,0,3,0.0,1.0000000000000002,0.9430268283966947,0.9999373475141393,1.0000000000000009,0.015059749664145028,0.015059749664145028,1.29632468021846,0,8.174808409089351e-07,0.16839909553527832
0,lp,jitter,0.0,0,3,0.01,0.5,2,101,0.002499999999999949,201,1.0,0.2499999999999949,0.2499999999999949,0.9999999999999898,0,3,0.0,1.0,0.9429385628380859,0.9999530418725817,1.0000000000000004,0.04425171165185826,0.04425171165185826,1.2963197284152472,0,8.174808409089351e-07,0.12607407569885254
0,lprand,jitter,0.0,0,3,0.01,0.5,2,101,0.002499999999999949,201,1.0,0.2499999999999949,0.2499999999999949,0.9999999999999898,0,3,0.0,1.0000000000000002,0.9444113984147373,0.9999496566696029,1.0000000000000007,0.0377130616337521,0.0377130616337521,1.2963194144881207,0,8.174808409089351e-07,0.1228790283203125
0,maxentw,jitter,0.0,0,3,0.01,0.5,2,101,0.002499999999999949,201,1.0,0.2499999999999949,0.2499999999999949,0.9999999999999898,0,3,0.0,1.0000000000000002,0.9430268283966947,0.9999373475141393,1.0000000000000009,0.015059749664145028,0.015059749664145028,1.29632468021846,0,8.174808409089351e-07,0.1671299934387207
0,minnorm,jitter,0.0,0,5,0.01,0.5,2,101,0.002499999999999949,201,1.0,0.2499999999999949,0.2499999999999949,0.9999999999999898,0,5,-0.04460195938493583,1.0892039187698723,0.9399988474044808,1.0000119303490977,1.089203918769872,0.03364396445341289,0.03364396445341289,1.2963118703210914,0,8.174808409089351e-07,0.04162406921386719
0,projgauss,jitter,0.0,0,5,0.01,0.5,2,101,0.002499999999999949,201,1.0,0.2499999999999949,0.2499999999999949,0.9999999999999898,0,5,-0.02577339748397227,1.0811792491970718,0.9423332166452596,0.9999303129160726,1.081179249197072,0.016150047711414373,0.016150047711414373,1.2963177731228632,0,8.174808409089351e-07,0.04563093185424805
0,spectral,jitter,0.0,0,5,0.01,0.5,2,101,0.002499999999999949,201,1.0,0.2499999999999949,0.2499999999999949,0.9999999999999898,0,5,-0.6053499240402457,2.493514572939512,1.001137224375989,3.4794353749902767,103225.48113128208,0.005145292352717323,0.005976971745858591,1.2963083749874424,0,8.174808409089351e-07,0.05664682388305664
0,spectralg,jitter,0.0,0,5,0.01,0.5,2,101,0.002499999999999949,201,1.0,0.2499999999999949,0.2499999999999949,0.9999999999999898,0,5,-0.6053499240402457,2.493514572939512,1.0011372243759937,3.4794353749902767,103225.48113128205,0.005145292352716657,0.005976971745858591,1.2963083749874424,0,8.174808409089351e-07,0.08598184585571289
0,maxent,jitter,0.0,0,5,0.01,0.5,2,101,0.002499999999999949,201,1.0,0.2499999999999949,0.2499999999999949,0.9999999999999898,0,5,0.0,1.0000000000000004,0.9437976054745721,0.9999254240521589,1.0000000000000013,0.01822340775379938,0.01822340775379938,1.2963212330357172,0,8.174808409089351e-07,0.20586705207824707
0,lp,jitter,0.0,0,5,0.01,0.5,2,101,0.002499999999999949,201,1.0,0.2499999999999949,0.2499999999999949,0.9999999999999898,0,5,0.0,1.0,0.9423872831239691,0.9999481218627724,1.0000000000000004,0.30771523475797513,0.30771523475797513,1.2963024611159382,0,8.174808409089351e-07,0.12599706649780273
0,lprand,jitter,0.0,0,5,0.01,0.5,2,101,0.002499999999999949,201,1.0,0.2499999999999949,0.2499999999999949,0.9999999999999898,0,5,0.0,1.0000000000000002,0.9421243098590844,0.9998862894806299,1.0000000000000004,0.05336858534047373,0.05336858534047373,1.2963259629252435,0,8.174808409089351e-07,0.12335586547851562
0,maxentw,jitter,0.0,0,5,0.01,0.5,2,101,0.002499999999999949,201,1.0,0.2499999999999949,0.2499999999999949,0.9999999999999898,0,5,0.0,1.0000000000000004,0.9437976054745721,0.9999254240521589,1.0000000000000013,0.01822340775379938,0.01822340775379938,1.2963212330357172,0,8.174808409089351e-07,0.20663189888000488
0,minnorm,jitter,0.1,0,3,0.01,0.5,2,101,0.0016376429299489038,306,1.0,0.16376429299489037,0.16376429299489037,0.8093560230081454,0,3,0.0,1.0000000000000018,0.9624759762466604,0.9999298290454725,1.000000000000023,0.007929205245611803,0.007929205245611803,1.296417381208144,0,8.142793472831755e-07,0.04386615753173828
0,projgauss,jitter,0.1,0,3,0.01,0.5,2,101,0.0016376429299489038,306,1.0,0.16376429299489037,0.16376429299489037,0.8093560230081454,0,3,0.0,1.0000000000000002,0.9634862745572202,0.9999290778815952,1.0000000000000009,0.008155926081328757,0.008155926081328757,1.296417238204345,0,8.142793472831755e-07,0.045432090759277344
0,spectral,jitter,0.1,0,3,0.01,0.5,2,101,0.0016376429299489038,306,1.0,0.16376429299489037,0.16376429299489037,0.8093560230081454,0,3,-0.164686316969184,1.4358590420334805,0.9629998570384003,1.1300147317751248,1.4358590420334805,0.041181514726236323,0.041181514726236323,1.2964094141925062,0,8.142793472831755e-07,0.04936695098876953
0,spectralg,jitter,0.1,0,3,0.01,0.5,2,101,0.0016376429299489038,306,1.0,0.16376429299489037,0.16376429299489037,0.8093560230081454,0,3,-0.164686316969184,1.4358590420334805,0.9620719371991823,1.130014731775125,1.4358590420334802,0.04118151472623677,0.04118151472623677,1.2964094141925062,0,8.142793472831755e-07,0.06075406074523926
0,maxent,jitter,0.1,0,3,0.01,0.5,2,101,0.0016376429299489038,306,1.0,0.16376429299489037,0.16376429299489037,0.8093560230081454,0,3,0.0,1.0000000000000002,0.9633553907825289,0.9999303311640302,1.0000000000000044,0.008227418103441075,0.008227418103441075,1.2964174552382337,0,8.142793472831755e-07,0.27419590950012207
0,lp,jitter,0.1,0,3,0.01,0.5,2,101,0.0016376429299489038,306,1.0,0.16376429299489037,0.16376429299489037,0.8093560230081454,0,3,0.0,1.0000000000000002,0.963879090086755,0.9999412216275736,1.0000000000000004,0.02834195876407475,0.02834195876407475,1.2964182948921894,0,8.142793472831755e-07,0.12397122383117676
0,lprand,jitter,0.1,0,3,0.01,0.5,2,101,0.0016376429299489038,306,1.0,0.16376429299489037,0.16376429299489037,0.8093560230081454,0,3,0.0,1.0000000000000002,0.9630033263604193,0.9999260708442657,1.000000000000001,0.05342193820697172,0.05342193820697172,1.2964217219294,0,8.142793472831755e-07,0.12383699417114258
0,maxentw,jitter,0.1,0,3,0.01,0.5,2,101,0.0016376429299489038,306,1.0,0.16376429299489037,0.16376429299489037,0.8093560230081454,0,3,0.0,1.0000000000000002,0.9633553907825289,0.9999303311640302,1.0000000000000044,0.008227418103441075,0.008227418103441075,1.2964174552382337,0,8.142793472831755e-07,0.2764439582824707
0,minnorm,jitter,0.1,0,5,0.01,0.5,2,101,0.0016376429299489038,306,1.0,0.16376429299489037,0.16376429299489037,0.8093560230081454,0,5,-0.058890287420961515,1.155693488198075,0.9598641655458172,1.0130432943736447,1.1556934881980747,0.06055839779698957,0.06055839779698957,1.2964022115171718,0,8.142793472831755e-07,0.044198036193847656
0,projgauss,jitter,0.1,0,5,0.01,0.5,2,101,0.0016376429299489038,306,1.0,0.16376429299489037,0.16376429299489037,0.8093560230081454,0,5,-0.027034735732002952,1.0921148386984714,0.961639727474882,1.0002024976315878,1.0921148386984714,0.04240383103911316,0.04240383103911316,1.296407347736324,0,8.142793472831755e-07,0.04583024978637695
0,spectral,jitter,0.1,0,5,0.01,0.5,2,101,0.0016376429299489038,306,1.0,0.16376429299489037,0.16376429299489037,0.8093560230081454,0,5,-1.0842798871163681,4.242204539642658,1.4433255371177476,1.2253692948962567e+49,4.86506064590809e+159,inf,4509765.294841925,4509765.190522969,1,8.142793472831755e-07,0.05251002311706543
0,spectralg,jitter,0.1,0,5,0.01,0.5,2,101,0.0016376429299489038,306,1.0,0.16376429299489037,0.16376429299489037,0.8093560230081454,0,5,-1.0842798871163681,4.242204539642658,1.4433255371177411,1.2253692948962567e+49,4.86506064590809e+159,inf,4509765.294841925,4509765.190522969,1,8.142793472831755e-07,0.0816957950592041
0,maxent,jitter,0.1,0,5,0.01,0.5,2,101,0.0016376429299489038,306,1.0,0.16376429299489037,0.16376429299489037,0.8093560230081454,0,5,0.0,1.0000000000000002,0.9629084822334706,0.9999229302055708,1.000000000000001,0.013900487102485592,0.013900487102485592,1.296414753555656,0,8.142793472831755e-07,0.1448819637298584
0,lp,jitter,0.1,0,5,0.01,0.5,2,101,0.0016376429299489038,306,1.0,0.16376429299489037,0.16376429299489037,0.8093560230081454,0,5,0.0,1.0000000000000002,0.9597904861723332,0.999952754691057,1.0000000000000018,0.27099609336916086,0.27099609336916086,1.2963947092816157,0,8.142793472831755e-07,0.12387514114379883
0,lprand,jitter,0.1,0,5,0.01,0.5,2,101,0.0016376429299489038,306,1.0,0.16376429299489037,0.16376429299489037,0.8093560230081454,0,5,0.0,1.0000000000000002,0.9607863378911329,0.9998710361934715,1.0000000000000022,0.048800532864017976,0.048800532864017976,1.2964195896140196,0,8.142793472831755e-07,0.1290111541748047
0,maxentw,jitter,0.1,0,5,0.01,0.5,2,101,0.0016376429299489038,306,1.0,0.16376429299489037,0.16376429299489037,0.8093560230081454,0,5,0.0,1.0000000000000002,0.9629084822334706,0.9999229302055708,1.000000000000001,0.013900487102485592,0.013900487102485592,1.296414753555656,0,8.142793472831755e-07,0.14504528045654297
0,minnorm,jitter,0.1,1,3,0.01,0.5,2,101,0.0016993317484049848,295,1.0,0.16993317484049847,0.16993317484049847,0.8244590343746583,0,3,0.0,1.0000000000000016,0.961514109639713,0.9999294136809489,1.0000000000000218,0.017715242474437787,0.017715242474437787,1.2968383222624413,0,8.138090245024543e-07,0.04331016540527344
0,projgauss,jitter,0.1,1,3,0.01,0.5,2,101,0.0016993317484049848,295,1.0,0.16993317484049847,0.16993317484049847,0.8244590343746583,0,3,0.0,1.0000000000000002,0.9615797419783342,0.9999285731471843,1.0000000000000013,0.018086360444287797,0.018086360444287797,1.296838225639863,0,8.138090245024543e-07,0.045412302017211914
0,spectral,jitter,0.1,1,3,0.01,0.5,2,101,0.0016993317484049848,295,1.0,0.16993317484049847,0.16993317484049847,0.8244590343746583,0,3,-0.1517844976444502,1.4151110743487243,0.9608143268954471,1.12696689702337,1.4151110743487243,0.020144861305237738,0.020144861305237738,1.2968325474327007,0,8.138090245024543e-07,0.04987001419067383
0,spectralg,jitter,0.1,1,3,0.01,0.5,2,101,0.0016993317484049848,295,1.0,0.16993317484049847,0.16993317484049847,0.8244590343746583,0,3,-0.15178449764445026,1.4151110743487243,0.9608655835804044,1.12696689702337,1.4151110743487243,0.020144861305237405,0.020144861305237405,1.296832547432701,0,8.138090245024543e-07,0.06333398818969727
0,maxent,jitter,0.1,1,3,0.01,0.5,2,101,0.0016993317484049848,295,1.0,0.16993317484049847,0.16993317484049847,0.8244590343746583,0,3,0.0,1.0000000000000002,0.962001070338008,0.9999294098109279,1.0000000000000029,0.018374583725750293,0.018374583725750293,1.2968384504645127,0,8.138090245024543e-07,0.1854689121246338
0,lp,jitter,0.1,1,3,0.01,0.5,2,101,0.0016993317484049848,295,1.0,0.16993317484049847,0.16993317484049847,0.8244590343746583,0,3,0.0,1.0000000000000002,0.9615644216883712,0.9999406100478794,1.0000000000000013,0.008348012880022626,0.008348012880022626,1.296835984121683,0,8.138090245024543e-07,0.12454700469970703
0,lprand,jitter,0.1,1,3,0.01,0.5,2,101,0.0016993317484049848,295,1.0,0.16993317484049847,0.16993317484049847,0.8244590343746583,0,3,0.0,1.0000000000000004,0.9611801086645292,0.9999400647110586,1.0000000000000007,0.045514096743823895,0.045514096743823895,1.2968346340036085,0,8.138090245024543e-07,0.12122917175292969
0,maxentw,jitter,0.1,1,3,0.01,0.5,2,101,0.0016993317484049848,295,1.0,0.16993317484049847,0.16993317484049847,0.8244590343746583,0,3,0.0,1.0000000000000002,0.962001070338008,0.9999294098109279,1.0000000000000029,0.018374583725750293,0.018374583725750293,1.2968384504645127,0,8.138090245024543e-07,0.18695306777954102
0,minnorm,jitter,0.1,1,5,0.01,0.5,2,101,0.0016993317484049848,295,1.0,0.16993317484049847,0.16993317484049847,0.8244590343746583,0,5,-0.058955231644375765,1.1542617860413198,0.9594373143205585,1.0123498671152933,1.1542617860413198,0.05002771482937651,0.05002771482937651,1.2968246045237448,0,8.138090245024543e-07,0.04422330856323242
0,projgauss,jitter,0.1,1,5,0.01,0.5,2,101,0.0016993317484049848,295,1.0,0.16993317484049847,0.16993317484049847,0.8244590343746583,0,5,-0.024165425828223192,1.0768540697912676,0.9603109450159756,1.0001922551687261,1.0768540697912676,0.03372226298893699,0.03372226298893699,1.2968294493087384,0,8.138090245024543e-07,0.046742916107177734
0,spectral,jitter,0.1,1,5,0.01,0.5,2,101,0.0016993317484049848,295,1.0,0.16993317484049847,0.16993317484049847,0.8244590343746583,0,5,-0.8401743177057455,3.7511952961368937,1.3426979195695723,1.3485912752630983e+38,2.262523654932508e+128,inf,3829423.9943322483,3829424.4511450604,1,8.138090245024543e-07,0.054463863372802734
0,spectralg,jitter,0.1,1,5,0.01,0.5,2,101,0.0016993317484049848,295,1.0,0.16993317484049847,0.16993317484049847,0.8244590343746583,0,5,-0.8401743177057421,3.7511952961368937,1.342697919569579,1.3485912752630983e+38,2.262523654932508e+128,inf,3829423.9943201994,3829424.4511330114,1,8.138090245024543e-07,0.0826559066772461
0,maxent,jitter,0.1,1,5,0.01,0.5,2,101,0.0016993317484049848,295,1.0,0.16993317484049847,0.16993317484049847,0.8244590343746583,0,5,0.0,1.0000000000000002,0.9604021777092752,0.9999228910832325,1.0000000000000016,0.00571932153647059,0.00571932153647059,1.29683596965404,0,8.138090245024543e-07,0.257857084274292
0,lp,jitter,0.1,1,5,0.01,0.5,2,101,0.0016993317484049848,295,1.0,0.16993317484049847,0.16993317484049847,0.8244590343746583,0,5,0.0,1.0000000000000002,0.9584364753673692,0.9999953763086555,1.0000000000000007,0.3308771960333148,0.3308771960333148,1.2968174378376325,0,8.138090245024543e-07,0.12593507766723633
0,lprand,jitter,0.1,1,5,0.01,0.5,2,101,0.0016993317484049848,295,1.0,0.16993317484049847,0.16993317484049847,0.8244590343746583,0,5,0.0,1.0000000000000002,0.959641883803596,0.9999984768277748,1.000000000000002,0.3319174554937693,0.3319174554937693,1.296850052434403,0,8.138090245024543e-07,0.12464213371276855
0,maxentw,jitter,0.1,1,5,0.01,0.5,2,101,0.0016993317484049848,295,1.0,0.16993317484049847,0.16993317484049847,0.8244590343746583,0,5,0.0,1.0000000000000002,0.9604021777092752,0.9999228910832325,1.0000000000000016,0.00571932153647059,0.00571932153647059,1.29683596965404,0,8.138090245024543e-07,0.25411295890808105
0,minnorm,jitter,0.25,0,3,0.01,0.5,2,101,0.0006848428807779343,731,1.0,0.06848428807779343,0.06848428807779343,0.5233900575203676,0,3,-0.00842521530041625,1.0168504306008332,0.9842213602650047,0.9999222814235624,1.0168504306008332,0.03152458376338463,0.03152458376338463,1.2965285241902453,0,8.022153805686827e-07,0.0493319034576416
0,projgauss,jitter,0.25,0,3,0.01,0.5,2,101,0.0006848428807779343,731,1.0,0.06848428807779343,0.06848428807779343,0.5233900575203676,0,3,-0.0007581926535105005,1.001516385307021,0.984408620866201,0.9999224335316439,1.001516385307021,0.03249282720093993,0.03249282720093993,1.2965283125934655,0,8.022153805686827e-07,0.04959583282470703
0,spectral,jitter,0.25,0,3,0.01,0.5,2,101,0.0006848428807779343,731,1.0,0.06848428807779343,0.06848428807779343,0.5233900575203676,0,3,-0.26318788711155294,1.9461880475794595,0.9838354046744577,1.1430531874524164,1.9461880475794595,0.1164966637708047,0.1164966637708047,1.2965158635167235,0,8.022153805686827e-07,0.0538020133972168
0,spectralg,jitter,0.25,0,3,0.01,0.5,2,101,0.0006848428807779343,731,1.0,0.06848428807779343,0.06848428807779343,0.5233900575203676,0,3,-0.26318788711155305,1.9461880475794593,0.983774698204784,1.1430531874524066,1.9461880475794593,0.11649666377080292,0.11649666377080292,1.2965158635167235,0,8.022153805686827e-07,0.06337308883666992
0,maxent,jitter,0.25,0,3,0.01,0.5,2,101,0.0006848428807779343,731,1.0,0.06848428807779343,0.06848428807779343,0.5233900575203676,0,3,0.0,1.0000000000000004,0.9837669332460102,0.9999253446150578,1.000000000000007,0.03930812399030903,0.03930812399030903,1.2965273379929267,0,8.022153805686827e-07,0.3303701877593994
0,lp,jitter,0.25,0,3,0.01,0.5,2,101,0.0006848428807779343,731,1.0,0.06848428807779343,0.06848428807779343,0.5233900575203676,0,3,0.0,1.0000000000000002,0.9843651976486358,0.9999324631972766,1.0000000000000013,0.046824852825445795,0.046824852825445795,1.2965288948713984,0,8.022153805686827e-07,0.12816715240478516
0,lprand,jitter,0.25,0,3,0.01,0.5,2,101,0.0006848428807779343,731,1.0,0.06848428807779343,0.06848428807779343,0.5233900575203676,0,3,0.0,1.0000000000000002,0.984484243020865,0.9999209149433326,1.000000000000004,0.026455826254025983,0.026455826254025983,1.2965291459596886,0,8.022153805686827e-07,0.1254587173461914
0,maxentw,jitter,0.25,0,3,0.01,0.5,2,101,0.0006848428807779343,731,1.0,0.06848428807779343,0.06848428807779343,0.5233900575203676,0,3,0.0,1.0000000000000004,0.9837669332460102,0.9999253446150578,1.000000000000007,0.03930812399030903,0.03930812399030903,1.2965273379929267,0,8.022153805686827e-07,0.3336758613586426
0,minnorm,jitter,0.25,0,5,0.01,0.5,2,101,0.0006848428807779343,731,1.0,0.06848428807779343,0.06848428807779343,0.5233900575203676,0,5,-0.06608856977563644,1.3658528099485006,0.9821847437124734,1.1130260725691912,1.3658528099485006,0.14903481576139632,0.14903481576139632,1.296511828951283,0,8.022153805686827e-07,0.047677040100097656
0,projgauss,jitter,0.25,0,5,0.01,0.5,2,101,0.0006848428807779343,731,1.0,0.06848428807779343,0.06848428807779343,0.5233900575203676,0,5,-0.05540915770491459,1.3086936369761155,0.9830969178305349,1.0636949049619673,1.3086936369761155,0.12409621085165956,0.12409621085165956,1.296515751685394,0,8.022153805686827e-07,0.04755902290344238
0,spectral,jitter,0.25,0,5,0.01,0.5,2,101,0.0006848428807779343,731,1.0,0.06848428807779343,0.06848428807779343,0.5233900575203676,0,5,-1.2649801594519858,5.375467438891604,1.7915668141092471,3.4162079785489623e+185,4.500116826101324e+253,inf,240408058.28140527,240408057.72034535,1,8.022153805686827e-07,0.0543060302734375
0,spectralg,jitter,0.25,0,5,0.01,0.5,2,101,0.0006848428807779343,731,1.0,0.06848428807779343,0.06848428807779343,0.5233900575203676,0,5,-1.2649801594519858,5.375467438891604,1.7915668141092445,3.4162079785489623e+185,4.500116826101324e+253,inf,240408058.28141823,240408057.7203583,1,8.022153805686827e-07,0.0853722095489502
0,maxent,jitter,0.25,0,5,0.01,0.5,2,101,0.0006848428807779343,731,1.0,0.06848428807779343,0.06848428807779343,0.5233900575203676,0,5,0.0,1.0000000000000004,0.9842190872055474,0.9999262092061667,1.000000000000007,0.04206740445226709,0.04206740445226709,1.2965270828938067,0,8.022153805686827e-07,0.6710929870605469
0,lp,jitter,0.25,0,5,0.01,0.5,2,101,0.0006848428807779343,731,1.0,0.06848428807779343,0.06848428807779343,0.5233900575203676,0,5,0.0,1.0000000000000002,0.9828127295697728,0.9999922731913162,1.0000000000000024,0.4136595471566158,0.4136595471566158,1.2965075498754342,0,8.022153805686827e-07,0.12859392166137695
0,lprand,jitter,0.25,0,5,0.01,0.5,2,101,0.0006848428807779343,731,1.0,0.06848428807779343,0.06848428807779343,0.5233900575203676,0,5,0.0,1.0000000000000004,0.9838111255295927,0.9998308938530847,1.000000000000003,0.10425516565553872,0.10425516565553872,1.2965261578704754,0,8.022153805686827e-07,0.13042402267456055
0,maxentw,jitter,0.25,0,5,0.01,0.5,2,101,0.0006848428807779343,731,1.0,0.06848428807779343,0.06848428807779343,0.5233900575203676,0,5,0.0,1.0000000000000004,0.9842190872055474,0.9999262092061667,1.000000000000007,0.04206740445226709,0.04206740445226709,1.2965270828938067,0,8.022153805686827e-07,0.6695818901062012
0,minnorm,jitter,0.25,1,3,0.01,0.5,2,101,0.0007872165330063403,636,1.0,0.07872165330063402,0.07872165330063403,0.5611475859366555,0,3,0.0,1.0000000000000013,0.9818564349272474,0.9999159980232379,1.000000000000035,0.010077307277963632,0.010077307277963632,1.2965855189519977,0,8.094557109039613e-07,0.05001401901245117
0,projgauss,jitter,0.25,1,3,0.01,0.5,2,101,0.0007872165330063403,636,1.0,0.07872165330063402,0.07872165330063403,0.5611475859366555,0,3,0.0,1.0000000000000002,0.9821934245501991,0.9999150680122585,1.0000000000000053,0.010553285805137258,0.010553285805137258,1.2965853340880238,0,8.094557109039613e-07,0.05011773109436035
0,spectral,jitter,0.25,1,3,0.01,0.5,2,101,0.0007872165330063403,636,1.0,0.07872165330063402,0.07872165330063403,0.5611475859366555,0,3,-0.24791897322537343,1.881738956433209,0.9808414539669535,1.1420197617587144,1.8817389564332092,0.077542682854293,0.077542682854293,1.2965727081760257,0,8.094557109039613e-07,0.05195116996765137
0,spectralg,jitter,0.25,1,3,0.01,0.5,2,101,0.0007872165330063403,636,1.0,0.07872165330063402,0.07872165330063403,0.5611475859366555,0,3,-0.24791897322537343,1.881738956433209,0.9808414539669535,1.1420197617587144,1.8817389564332092,0.077542682854293,0.077542682854293,1.2965727081760257,0,8.094557109039613e-07,0.06429886817932129
0,maxent,jitter,0.25,1,3,0.01,0.5,2,101,0.0007872165330063403,636,1.0,0.07872165330063402,0.07872165330063403,0.5611475859366555,0,3,0.0,1.0000000000000002,0.9816523434029566,0.9999170977502867,1.0000000000000044,0.01533800601191082,0.01533800601191082,1.2965845523314226,0,8.094557109039613e-07,0.3762829303741455
0,lp,jitter,0.25,1,3,0.01,0.5,2,101,0.0007872165330063403,636,1.0,0.07872165330063402,0.07872165330063403,0.5611475859366555,0,3,0.0,1.0,0.9822462723700391,0.999922742408617,1.0000000000000024,0.03001291952967422,0.03001291952967422,1.2965870976524887,0,8.094557109039613e-07,0.2220151424407959
0,lprand,jitter,0.25,1,3,0.01,0.5,2,101,0.0007872165330063403,636,1.0,0.07872165330063402,0.07872165330063403,0.5611475859366555,0,3,0.0,1.0000000000000004,0.9822140031969153,0.9999196336726929,1.0000000000000022,0.03637001585329702,0.03637001585329702,1.296582148789575,0,8.094557109039613e-07,0.19562602043151855
0,maxentw,jitter,0.25,1,3,0.01,0.5,2,101,0.0007872165330063403,636,1.0,0.07872165330063402,0.07872165330063403,0.5611475859366555,0,3,0.0,1.0000000000000002,0.9816523434029566,0.9999170977502867,1.0000000000000044,0.01533800601191082,0.01533800601191082,1.2965845523314226,0,8.094557109039613e-07,0.3760840892791748
0,minnorm,jitter,0.25,1,5,0.01,0.5,2,101,0.0007872165330063403,636,1.0,0.07872165330063402,0.07872165330063403,0.5611475859366555,0,5,-0.0675134502227872,1.318111400886448,0.9794926889583252,1.05989361596617,1.318111400886448,0.08815190309721854,0.08815190309721854,1.2965749985927393,0,8.094557109039613e-07,0.048655033111572266
0,projgauss,jitter,0.25,1,5,0.01,0.5,2,101,0.0007872165330063403,636,1.0,0.07872165330063402,0.07872165330063403,0.5611475859366555,0,5,-0.05163774854590438,1.2622635888504479,0.9802639311013813,1.033589851156019,1.2622635888504479,0.0617081549112416,0.0617081549112416,1.2965768869497973,0,8.094557109039613e-07,0.049584150314331055
0,spectral,jitter,0.25,1,5,0.01,0.5,2,101,0.0007872165330063403,636,1.0,0.07872165330063402,0.07872165330063403,0.5611475859366555,0,5,-1.1622226544522918,5.605619292942137,1.7674318749486146,5.772453892679681e+157,6.224394449642498e+247,inf,445760802.98686343,445760803.441513,1,8.094557109039613e-07,0.05598306655883789
0,spectralg,jitter,0.25,1,5,0.01,0.5,2,101,0.0007872165330063403,636,1.0,0.07872165330063402,0.07872165330063403,0.5611475859366555,0,5,-1.1622226544522918,5.605619292942137,1.7674318749486109,5.772453892679681e+157,6.224394449642498e+247,inf,445760802.9868574,445760803.441507,1,8.094557109039613e-07,0.08342814445495605
0,maxent,jitter,0.25,1,5,0.01,0.5,2,101,0.0007872165330063403,636,1.0,0.07872165330063402,0.07872165330063403,0.5611475859366555,0,5,0.0,1.0000000000000004,0.9817674497575751,0.9999159998284115,1.0000000000000075,0.01632358498201736,0.01632358498201736,1.2965843519200808,0,8.094557109039613e-07,0.3564298152923584
0,lp,jitter,0.25,1,5,0.01,0.5,2,101,0.0007872165330063403,636,1.0,0.07872165330063402,0.07872165330063403,0.5611475859366555,0,5,0.0,1.0000000000000002,0.9810026754176301,0.9999924973396705,1.000000000000003,0.31782566388934397,0.31782566388934397,1.2965638938105721,0,8.094557109039613e-07,0.12975788116455078
0,lprand,jitter,0.25,1,5,0.01,0.5,2,101,0.0007872165330063403,636,1.0,0.07872165330063402,0.07872165330063403,0.5611475859366555,0,5,0.0,1.0000000000000002,0.9807370725006347,0.9999823291323844,1.0000000000000018,0.3175500609470767,0.3175500609470767,1.2965921905241358,0,8.094557109039613e-07,0.12731599807739258
0,maxentw,jitter,0.25,1,5,0.01,0.5,2,101,0.0007872165330063403,636,1.0,0.07872165330063402,0.07872165330063403,0.5611475859366555,0,5,0.0,1.0000000000000004,0.9817674497575751,0.9999159998284115,1.0000000000000075,0.01632358498201736,0.01632358498201736,1.2965843519200808,0,8.094557109039613e-07,0.3614380359649658
0,minnorm,jitter,0.45,0,3,0.01,0.5,2,101,5.048251957384874e-05,9905,1.0,0.005048251957384874,0.005048251957384874,0.14210210353664543,0,3,-0.0858825188168289,1.3243439135381112,1.00056608255396,36015.56029747884,36688.847042568115,4.1949891537421555,4.1949891537421555,4.194986362955352,0,7.594543563471667e-07,0.08291506767272949
0,projgauss,jitter,0.45,0,3,0.01,0.5,2,101,5.048251957384874e-05,9905,1.0,0.005048251957384874,0.005048251957384874,0.14210210353664543,0,3,-0.08608984487726748,1.3243045914191813,1.0005665029347055,36015.72748714297,36689.01732859072,4.1949891536780415,4.1949891536780415,4.194986362891238,0,7.594543563471667e-07,0.07830190658569336
0,spectral,jitter,0.45,0,3,0.01,0.5,2,101,5.048251957384874e-05,9905,1.0,0.005048251957384874,0.005048251957384874,0.14210210353664543,0,3,-3.3128972843698494,12.28106519026674,1.0010103575310074,65216.05273067097,68709.73269852689,4.194989152741118,4.194989152741118,4.194986361954315,0,7.594543563471667e-07,0.08972883224487305
0,spectralg,jitter,0.45,0,3,0.01,0.5,2,101,5.048251957384874e-05,9905,1.0,0.005048251957384874,0.005048251957384874,0.14210210353664543,0,3,-3.3128972843698494,12.28106519026674,1.001010357531004,65216.05273067097,68709.73269852689,4.194989152438685,4.194989152438685,4.194986361651882,0,7.594543563471667e-07,0.09684514999389648
0,maxent,jitter,0.45,0,3,0.01,0.5,2,101,5.048251957384874e-05,9905,1.0,0.005048251957384874,0.005048251957384874,0.14210210353664543,14,3,-0.0858825188168289,1.3243439135381112,1.0005670155103412,36046.20987743897,36720.069643861745,4.194989153226825,4.194989153226825,4.194986362440021,0,7.594543563471667e-07,1.1226890087127686
0,lp,jitter,0.45,0,3,0.01,0.5,2,101,5.048251957384874e-05,9905,1.0,0.005048251957384874,0.005048251957384874,0.14210210353664543,14,3,-0.0858825188168289,1.3243439135381112,1.000568501923557,36498.576105377295,37180.89372534575,4.194989154069587,4.194989154069587,4.1949863632827835,0,7.594543563471667e-07,0.1671428680419922
0,lprand,jitter,0.45,0,3,0.01,0.5,2,101,5.048251957384874e-05,9905,1.0,0.005048251957384874,0.005048251957384874,0.14210210353664543,14,3,-0.0858825188168289,1.3243439135381112,1.00056875637851,36473.35314006887,37155.19919255686,4.194989154365615,4.194989154365615,4.194986363578812,0,7.594543563471667e-07,0.16761112213134766
0,maxentw,jitter,0.45,0,3,0.01,0.5,2,101,5.048251957384874e-05,9905,1.0,0.005048251957384874,0.005048251957384874,0.14210210353664543,0,5,0.0,1.0000000000000002,0.9988628313278293,0.9999369286869955,1.0000000000000404,0.12662024616730783,0.12662024616730783,1.2964363423109506,0,7.594543563471667e-07,1.2891929149627686
0,minnorm,jitter,0.45,0,5,0.01,0.5,2,101,5.048251957384874e-05,9905,1.0,0.005048251957384874,0.005048251957384874,0.14210210353664543,0,5,-0.10001419118442766,1.5623761160493088,0.9994243048535617,1.0689566048363663,1.562376116049309,0.24069319710772918,0.24069319710772918,1.296310086232129,0,7.594543563471667e-07,0.09281373023986816
0,projgauss,jitter,0.45,0,5,0.01,0.5,2,101,5.048251957384874e-05,9905,1.0,0.005048251957384874,0.005048251957384874,0.14210210353664543,0,5,-0.07938797757926316,1.487230361104719,0.9993776665799491,1.0515182974385733,1.487230361104719,0.1889326833407532,0.1889326833407532,1.2963148744184814,0,7.594543563471667e-07,0.07868504524230957
0,spectral,jitter,0.45,0,5,0.01,0.5,2,101,5.048251957384874e-05,9905,1.0,0.005048251957384874,0.005048251957384874,0.14210210353664543,0,5,-6.292119295244693,30.3783144437815,7.3182719775119125,nan,1.088214052963204e+87,inf,1.7690933238011337e+164,1.7690933238011337e+164,1,7.594543563471667e-07,0.05853605270385742
0,spectralg,jitter,0.45,0,5,0.01,0.5,2,101,5.048251957384874e-05,9905,1.0,0.005048251957384874,0.005048251957384874,0.14210210353664543,0,5,-6.2921192952446505,30.378314443781303,7.3182719775119,nan,1.088214052962513e+87,inf,1.7690933242343728e+164,1.7690933242343728e+164,1,7.594543563471667e-07,0.0859062671661377
0,maxent,jitter,0.45,0,5,0.01,0.5,2,101,5.048251957384874e-05,9905,1.0,0.005048251957384874,0.005048251957384874,0.14210210353664543,0,5,0.0,1.0000000000000002,0.9988515933276112,0.9999384859580294,1.0000000000000455,0.12661964544346616,0.12661964544346616,1.296436341770489,0,7.594543563471667e-07,1.047267198562622
0,lp,jitter,0.45,0,5,0.01,0.5,2,101,5.048251957384874e-05,9905,1.0,0.005048251957384874,0.005048251957384874,0.14210210353664543,0,5,0.0,1.0,0.9987333269077002,0.9999924184636959,1.0000000000000249,0.4854609694620804,0.4854609694620804,1.2964228662048476,0,7.594543563471667e-07,0.1665210723876953
0,lprand,jitter,0.45,0,5,0.01,0.5,2,101,5.048251957384874e-05,9905,1.0,0.005048251957384874,0.005048251957384874,0.14210210353664543,0,5,0.0,1.0000000000000002,0.9987934023110613,0.9999940002826835,1.0000000000000349,0.18633011664096244,0.18633011664096244,1.296432960853098,0,7.594543563471667e-07,0.16726016998291016
0,maxentw,jitter,0.45,0,5,0.01,0.5,2,101,5.048251957384874e-05,9905,1.0,0.005048251957384874,0.005048251957384874,0.14210210353664543,0,5,0.0,1.0000000000000002,0.9988515933276112,0.9999384859580294,1.0000000000000455,0.12661964544346616,0.12661964544346616,1.296436341770489,0,7.594543563471667e-07,1.0514450073242188
0,minnorm,jitter,0.45,1,3,0.01,0.5,2,101,0.00011031894819661909,4533,1.0,0.011031894819661908,0.011031894819661908,0.21006565468597582,0,3,-0.08387495344089431,1.2783236704637084,1.0006253958180844,14041.573984333892,358162.2267685379,5.961999173080441,5.961999173080441,5.961999085706659,0,8.036569016933726e-07,0.0661308765411377
0,projgauss,jitter,0.45,1,3,0.01,0.5,2,101,0.00011031894819661909,4533,1.0,0.011031894819661908,0.011031894819661908,0.21006565468597582,0,3,-0.08451154792608132,1.2781462306592102,1.000624694533278,14041.945837850348,356534.11127187975,5.955572555164902,5.955572555164902,5.95557246779112,0,8.036569016933726e-07,0.06063675880432129
0,spectral,jitter,0.45,1,3,0.01,0.5,2,101,0.00011031894819661909,4533,1.0,0.011031894819661908,0.011031894819661908,0.21006565468597582,0,3,-1.5791056708649773,5.973141566670963,1.2645131356494408,nan,6.801348120348796e+102,inf,9904739709527.484,9904739709528.777,1,8.036569016933726e-07,0.05172610282897949
0,spectralg,jitter,0.45,1,3,0.01,0.5,2,101,0.00011031894819661909,4533,1.0,0.011031894819661908,0.011031894819661908,0.21006565468597582,0,3,-1.5791056708649773,5.973141566670963,1.2645131356494408,nan,6.801348120348796e+102,inf,9904739709527.484,9904739709528.777,1,8.036569016933726e-07,0.06569600105285645
0,maxent,jitter,0.45,1,3,0.01,0.5,2,101,0.00011031894819661909,4533,1.0,0.011031894819661908,0.011031894819661908,0.21006565468597582,11,3,-0.08387495344089431,1.2783236704637084,1.0006153261187456,14042.098247877982,330000.0099432849,5.868002364471124,5.868002364471124,5.868002277097342,0,8.036569016933726e-07,0.9792342185974121
0,lp,jitter,0.45,1,3,0.01,0.5,2,101,0.00011031894819661909,4533,1.0,0.011031894819661908,0.011031894819661908,0.21006565468597582,11,3,-0.08387495344089431,1.2783236704637084,1.0006091022682955,14336.51203350567,315876.1095421167,5.8073431316244015,5.8073431316244015,5.8073430442506195,0,8.036569016933726e-07,0.14687776565551758
0,lprand,jitter,0.45,1,3,0.01,0.5,2,101,0.00011031894819661909,4533,1.0,0.011031894819661908,0.011031894819661908,0.21006565468597582,11,3,-0.08387495344089431,1.2783236704637084,1.0006047217719631,14297.83090812319,297208.5337280367,5.770268824391782,5.770268824391782,5.770268737018,0,8.036569016933726e-07,0.1396651268005371
0,maxentw,jitter,0.45,1,3,0.01,0.5,2,101,0.00011031894819661909,4533,1.0,0.011031894819661908,0.011031894819661908,0.21006565468597582,0,5,0.0,1.0000000000000002,0.9974991641758779,0.9999065519488478,1.0000000000000226,0.05147990361951815,0.05147990361951815,1.2964747336395395,0,8.036569016933726e-07,1.0809540748596191
0,minnorm,jitter,0.45,1,5,0.01,0.5,2,101,0.00011031894819661909,4533,1.0,0.011031894819661908,0.011031894819661908,0.21006565468597582,0,5,-0.09310160579266505,1.5201399340287096,0.9986312110256251,1.2630646402979637,1.5201399340287096,0.20443309281721334,0.20443309281721334,1.2963628190780039,0,8.036569016933726e-07,0.06070518493652344
0,projgauss,jitter,0.45,1,5,0.01,0.5,2,101,0.00011031894819661909,4533,1.0,0.011031894819661908,0.011031894819661908,0.21006565468597582,0,5,-0.08135877950049669,1.457966553963008,0.9985128403850807,1.2286833551501346,1.4618141630796715,0.19271825082163385,0.19271825082163385,1.2963774767284582,0,8.036569016933726e-07,0.06561493873596191
0,spectral,jitter,0.45,1,5,0.01,0.5,2,101,0.00011031894819661909,4533,1.0,0.011031894819661908,0.011031894819661908,0.21006565468597582,0,5,-1.5301357636506463,8.745458151441982,2.013750488049831,nan,2.7793541505621664e+304,inf,9.355862262284778e+20,9.355862262284778e+20,1,8.036569016933726e-07,0.058690786361694336
0,spectralg,jitter,0.45,1,5,0.01,0.5,2,101,0.00011031894819661909,4533,1.0,0.011031894819661908,0.011031894819661908,0.21006565468597582,0,5,-1.5301357636506463,8.745458151441982,2.013750488049853,nan,2.7793541505822895e+304,inf,9.355862262284076e+20,9.355862262284076e+20,1,8.036569016933726e-07,0.08642101287841797
0,maxent,jitter,0.45,1,5,0.01,0.5,2,101,0.00011031894819661909,4533,1.0,0.011031894819661908,0.011031894819661908,0.21006565468597582,0,5,0.0,1.0000000000000002,0.9975005114571948,0.9999064157040041,1.0000000000000355,0.0514911716126869,0.0514911716126869,1.2964747633365827,0,8.036569016933726e-07,0.9762701988220215
0,lp,jitter,0.45,1,5,0.01,0.5,2,101,0.00011031894819661909,4533,1.0,0.011031894819661908,0.011031894819661908,0.21006565468597582,0,5,0.0,1.0,0.9972941744804833,0.9999917417875419,1.000000000000024,0.30189709355568795,0.30189709355568795,1.2964730676219136,0,8.036569016933726e-07,0.14584898948669434
0,lprand,jitter,0.45,1,5,0.01,0.5,2,101,0.00011031894819661909,4533,1.0,0.011031894819661908,0.011031894819661908,0.21006565468597582,0,5,0.0,1.0000000000000004,0.9973422329831356,0.9999946050008933,1.00000000000002,0.30249241742554067,0.30249241742554067,1.2964792332562745,0,8.036569016933726e-07,0.2191617488861084
0,maxentw,jitter,0.45,1,5,0.01,0.5,2,101,0.00011031894819661909,4533,1.0,0.011031894819661908,0.011031894819661908,0.21006565468597582,0,5,0.0,1.0000000000000002,0.9975005114571948,0.9999064157040041,1.0000000000000355,0.0514911716126869,0.0514911716126869,1.2964747633365827,0,8.036569016933726e-07,0.9984393119812012
0,minnorm,random,0.0,0,3,0.01,0.5,2,101,0.0001783877195930259,2803,1.0,0.017838771959302592,0.017838771959302592,0.267123731325411,0,3,-0.5060069433725972,2.2949611018348373,1.0206468172322103,5.528720284150656e+26,4.163845005627216e+90,inf,2546092.4417953547,2546092.4598156903,1,7.325626945053898e-07,0.04613471031188965
0,projgauss,random,0.0,0,3,0.01,0.5,2,101,0.0001783877195930259,2803,1.0,0.017838771959302592,0.017838771959302592,0.267123731325411,0,3,-0.5063530220932029,2.2919306675714455,1.020654485098174,5.6443972342482596e+26,4.487137789710635e+90,inf,2562954.37626509,2562954.3942854255,1,7.325626945053898e-07,0.051192283630371094
0,spectral,random,0.0,0,3,0.01,0.5,2,101,0.0001783877195930259,2803,1.0,0.017838771959302592,0.017838771959302592,0.267123731325411,0,3,-2.1225923075570625,9.842580778018364,1.3321579860231398,inf,inf,inf,26798988.096798237,26798987.524906088,1,7.325626945053898e-07,0.051011085510253906
0,spectralg,random,0.0,0,3,0.01,0.5,2,101,0.0001783877195930259,2803,1.0,0.017838771959302592,0.017838771959302592,0.267123731325411,0,3,-3.003339445667209,13.190523084923592,1.5974465562917604,nan,3.918551317327357e+204,inf,2.8730362225367644e+16,2.8730362225367644e+16,1,7.325626945053898e-07,0.06558799743652344
0,maxent,random,0.0,0,3,0.01,0.5,2,101,0.0001783877195930259,2803,1.0,0.017838771959302592,0.017838771959302592,0.267123731325411,36,3,-0.5060069433725972,2.2949611018348373,1.020646817232217,5.548998094913249e+26,4.179116832872831e+90,inf,2542662.1919825394,2542662.210002875,1,7.325626945053898e-07,1.5281338691711426
0,lp,random,0.0,0,3,0.01,0.5,2,101,0.0001783877195930259,2803,1.0,0.017838771959302592,0.017838771959302592,0.267123731325411,36,3,-0.5060069433725972,2.2949611018348373,1.0206468172322154,5.9339573586976875e+26,4.469041196106376e+90,inf,2617664.5384838576,2617664.556504193,1,7.325626945053898e-07,0.12479710578918457
0,lprand,random,0.0,0,3,0.01,0.5,2,101,0.0001783877195930259,2803,1.0,0.017838771959302592,0.017838771959302592,0.267123731325411,36,3,-0.5060069433725972,2.2949611018348373,1.020646817232225,5.422314026090406e+26,4.083707262456921e+90,inf,2467220.670717541,2467220.6887378767,1,7.325626945053898e-07,0.1264488697052002
0,maxentw,random,0.0,0,3,0.01,0.5,2,101,0.0001783877195930259,2803,1.0,0.017838771959302592,0.017838771959302592,0.267123731325411,11,5,-0.307488659282653,1.8859182612636556,1.020646817232216,3.337111084576454e+26,2.5132784095753043e+90,inf,1322284.1177387368,1322284.1357590724,1,7.325626945053898e-07,2.7905962467193604
0,minnorm,random,0.0,0,5,0.01,0.5,2,101,0.0001783877195930259,2803,1.0,0.017838771959302592,0.017838771959302592,0.267123731325411,0,5,-0.1395852661494649,1.6501351865517644,1.0037496164935171,58251.702250100985,2.9103062804605844e+16,776.443614219647,776.443614219647,777.4887691572313,1,7.325626945053898e-07,0.05909299850463867
0,projgauss,random,0.0,0,5,0.01,0.5,2,101,0.0001783877195930259,2803,1.0,0.017838771959302592,0.017838771959302592,0.267123731325411,0,5,-0.13507498174935645,1.665487534308225,1.001298345123367,2619.994828612186,16864721.71824048,9.546513825524894,9.546513825524894,10.591668763109215,1,7.325626945053898e-07,0.060214996337890625
0,spectral,random,0.0,0,5,0.01,0.5,2,101,0.0001783877195930259,2803,1.0,0.017838771959302592,0.017838771959302592,0.267123731325411,0,5,-2.9887842564797555,12.234903540488656,2.8651885057716426,nan,inf,inf,9.27916638891687e+18,9.27916638891687e+18,1,7.325626945053898e-07,0.056578874588012695
0,spectralg,random,0.0,0,5,0.01,0.5,2,101,0.0001783877195930259,2803,1.0,0.017838771959302592,0.017838771959302592,0.267123731325411,0,5,-2.9887842564797555,12.234903540488656,2.865188505771639,nan,inf,inf,9.27916597900397e+18,9.27916597900397e+18,1,7.325626945053898e-07,0.08680605888366699
0,maxent,random,0.0,0,5,0.01,0.5,2,101,0.0001783877195930259,2803,1.0,0.017838771959302592,0.017838771959302592,0.267123731325411,11,5,-0.1295932274347521,1.6501351865517644,1.000000249418855,3194.0274031044246,37194.81153660797,1.348537534892135,1.348537534892135,1.6169980676388604,0,7.325626945053898e-07,1.0111680030822754
0,lp,random,0.0,0,5,0.01,0.5,2,101,0.0001783877195930259,2803,1.0,0.017838771959302592,0.017838771959302592,0.267123731325411,11,5,-0.1295932274347521,1.6501351865517644,1.0000002984006262,3777.5472166717864,44101.86832770434,1.3417001395263979,1.3417001395263979,1.6126940887762844,0,7.325626945053898e-07,0.1381680965423584
0,lprand,random,0.0,0,5,0.01,0.5,2,101,0.0001783877195930259,2803,1.0,0.017838771959302592,0.017838771959302592,0.267123731325411,11,5,-0.1295932274347521,1.6501351865517644,1.0000002377078214,3154.3081770069466,36708.845696991026,1.3575542026174467,1.3575542026174467,1.6232115972328756,0,7.325626945053898e-07,0.14008378982543945
0,maxentw,random,0.0,0,5,0.01,0.5,2,101,0.0001783877195930259,2803,1.0,0.017838771959302592,0.017838771959302592,0.267123731325411,11,5,-0.1295932274347521,1.6501351865517644,1.000000249418855,3194.0274031044246,37194.81153660797,1.348537534892135,1.348537534892135,1.6169980676388604,0,7.325626945053898e-07,2.0094878673553467
0,minnorm,random,0.0,1,3,0.01,0.5,2,101,0.0002206424694960455,2267,1.0,0.02206424694960455,0.02206424694960455,0.29708077655482557,0,3,-0.39826551731193655,2.1594841812864347,1.0918340861500448,3.511812008487714e+87,3.511812008487714e+87,inf,35671313.98279404,35671313.14283322,1,8.018758284045191e-07,0.045567989349365234
0,projgauss,random,0.0,1,3,0.01,0.5,2,101,0.0002206424694960455,2267,1.0,0.02206424694960455,0.02206424694960455,0.29708077655482557,0,3,-0.3990394649319471,2.1569123796278613,1.0917693417612213,3.07048285030913e+87,3.07048285030913e+87,inf,35013627.06864551,35013626.228684686,1,8.018758284045191e-07,0.047718048095703125
0,spectral,random,0.0,1,3,0.01,0.5,2,101,0.0002206424694960455,2267,1.0,0.02206424694960455,0.02206424694960455,0.29708077655482557,0,3,-1.6290368362470842,5.115427231993379,1.0699841486493853,3.3221768424590854e+67,4.9707592387647536e+294,inf,1900516.8109033161,1900517.7470414941,1,8.018758284045191e-07,0.05086016654968262
0,spectralg,random,0.0,1,3,0.01,0.5,2,101,0.0002206424694960455,2267,1.0,0.02206424694960455,0.02206424694960455,0.29708077655482557,0,3,-1.6290368362470842,5.115427231993379,1.0699841486493806,3.322176842459078e+67,4.9707592387646895e+294,inf,1900516.8121962543,1900517.7483344323,1,8.018758284045191e-07,0.0645298957824707
0,maxent,random,0.0,1,3,0.01,0.5,2,101,0.0002206424694960455,2267,1.0,0.02206424694960455,0.02206424694960455,0.29708077655482557,35,3,-0.39826551731193655,2.1594841812864347,1.0918340861500535,3.5197936253543934e+87,3.5197936253543934e+87,inf,35637924.66632017,35637923.82635935,1,8.018758284045191e-07,1.488339900970459
0,lp,random,0.0,1,3,0.01,0.5,2,101,0.0002206424694960455,2267,1.0,0.02206424694960455,0.02206424694960455,0.29708077655482557,35,3,-0.39826551731193655,2.1594841812864347,1.0918340861500582,3.9480778771302186e+87,3.9480778771302186e+87,inf,35233802.116387345,35233801.276426524,1,8.018758284045191e-07,0.1243898868560791
0,lprand,random,0.0,1,3,0.01,0.5,2,101,0.0002206424694960455,2267,1.0,0.02206424694960455,0.02206424694960455,0.29708077655482557,35,3,-0.39826551731193655,2.1594841812864347,1.0918340861500542,3.7747226222882103e+87,3.7747226222882103e+87,inf,35988805.27358909,35988804.43362827,1,8.018758284045191e-07,0.1261119842529297
0,maxentw,random,0.0,1,3,0.01,0.5,2,101,0.0002206424694960455,2267,1.0,0.02206424694960455,0.02206424694960455,0.29708077655482557,6,7,-0.2788238849692908,1.8775969673858068,1.0001081479689828,7022.8875060354985,125388.38087883645,4.063700287555093,4.063700287555093,4.063562829322805,0,8.018758284045191e-07,2.321319103240967
0,minnorm,random,0.0,1,5,0.01,0.5,2,101,0.0002206424694960455,2267,1.0,0.02206424694960455,0.02206424694960455,0.29708077655482557,0,5,-0.1375470439492446,1.7915187815827114,1.0005228974367342,2265.3736743767263,143641.69387602777,4.296461464838564,4.296461464838564,4.296461287275114,0,8.018758284045191e-07,0.05068397521972656
0,projgauss,random,0.0,1,5,0.01,0.5,2,101,0.0002206424694960455,2267,1.0,0.02206424694960455,0.02206424694960455,0.29708077655482557,0,5,-0.14421092952719353,1.812490009831769,1.0004314958706897,2263.1742829516534,130425.14139129565,4.307420739605977,4.307420739605977,4.307420562042527,0,8.018758284045191e-07,0.05412411689758301
0,spectral,random,0.0,1,5,0.01,0.5,2,101,0.0002206424694960455,2267,1.0,0.02206424694960455,0.02206424694960455,0.29708077655482557,0,5,-4.036955671383069,17.00577948439734,2.609263240537426,nan,inf,inf,2470817076791.171,2470817076791.17,1,8.018758284045191e-07,0.057617902755737305
0,spectralg,random,0.0,1,5,0.01,0.5,2,101,0.0002206424694960455,2267,1.0,0.02206424694960455,0.02206424694960455,0.29708077655482557,0,5,-4.036955671383069,17.00577948439734,2.6092632405374268,nan,inf,inf,2481001628235.2646,2481001628235.2637,1,8.018758284045191e-07,0.09499526023864746
0,maxent,random,0.0,1,5,0.01,0.5,2,101,0.0002206424694960455,2267,1.0,0.02206424694960455,0.02206424694960455,0.29708077655482557,7,5,-0.1375470439492446,1.7915187815827114,1.000054528728,3096.887836199489,54816.540096732235,4.239915717638696,4.239915717638696,4.239915540075246,0,8.018758284045191e-07,0.9763989448547363
0,lp,random,0.0,1,5,0.01,0.5,2,101,0.0002206424694960455,2267,1.0,0.02206424694960455,0.02206424694960455,0.29708077655482557,7,5,-0.1375470439492446,1.7915187815827114,1.000000635385763,7130.105846597063,128152.15480571453,4.24120152860194,4.24120152860194,4.24120135103849,0,8.018758284045191e-07,0.13748788833618164
0,lprand,random,0.0,1,5,0.01,0.5,2,101,0.0002206424694960455,2267,1.0,0.02206424694960455,0.02206424694960455,0.29708077655482557,7,5,-0.1375470439492446,1.7915187815827114,1.0000008821563227,17264.106940645514,320417.97281578986,4.250378623143126,4.250378623143126,4.250378445579676,0,8.018758284045191e-07,0.1346750259399414
0,maxentw,random,0.0,1,5,0.01,0.5,2,101,0.0002206424694960455,2267,1.0,0.02206424694960455,0.02206424694960455,0.29708077655482557,6,7,-0.1313493906687244,1.6729278845066162,1.0000006282112666,2087.863712802098,36645.66591117951,4.239915717638696,4.239915717638696,4.239915540075246,0,8.018758284045191e-07,1.6372408866882324
0,minnorm,jitter,0.0,0,3,0.003,0.5,2,101,0.004999999999999949,101,3.3333333333333335,0.14999999999999847,0.4999999999999949,0.9999999999999898,0,3,0.0,1.0000000000000009,0.8444315138974856,0.9999999999999942,1.000000000000003,0.05392903141265415,0.05392903141265415,1.2981243099617594,0,3.094076914234023e-06,0.04048895835876465
0,projgauss,jitter,0.0,0,3,0.003,0.5,2,101,0.004999999999999949,101,3.3333333333333335,0.14999999999999847,0.4999999999999949,0.9999999999999898,0,3,0.0,1.0000000000000002,0.845923719432215,1.0000000000000016,1.0000000000000029,0.05185054041421999,0.05185054041421999,1.2981245608339158,0,3.094076914234023e-06,0.04163312911987305
0,spectral,jitter,0.0,0,3,0.003,0.5,2,101,0.004999999999999949,101,3.3333333333333335,0.14999999999999847,0.4999999999999949,0.9999999999999898,0,3,-0.04335687775070313,1.1075132667830379,0.8470984595274361,1.0461740042145344,1.1075132667830379,0.03086497834929247,0.03086497834929247,1.2981226935975232,0,3.094076914234023e-06,0.0450286865234375
0,spectralg,jitter,0.0,0,3,0.003,0.5,2,101,0.004999999999999949,101,3.3333333333333335,0.14999999999999847,0.4999999999999949,0.9999999999999898,0,3,-0.04335687775070313,1.1075132667830379,0.8470984595274361,1.0461740042145344,1.1075132667830379,0.03086497834929247,0.03086497834929247,1.2981226935975232,0,3.094076914234023e-06,0.058695077896118164
0,maxent,jitter,0.0,0,3,0.003,0.5,2,101,0.004999999999999949,101,3.3333333333333335,0.14999999999999847,0.4999999999999949,0.9999999999999898,0,3,0.0,1.0000000000000002,0.8501140447245974,0.9999999999999843,1.0000000000000004,0.04662617778254863,0.04662617778254863,1.2981240319831282,0,3.094076914234023e-06,0.06804895401000977
0,lp,jitter,0.0,0,3,0.003,0.5,2,101,0.004999999999999949,101,3.3333333333333335,0.14999999999999847,0.4999999999999949,0.9999999999999898,0,3,0.0,1.0,0.8507659891876759,1.0000000000000022,1.0000000000000024,0.008226572187950865,0.008226572187950865,1.298123020621506,0,3.094076914234023e-06,0.12586116790771484
0,lprand,jitter,0.0,0,3,0.003,0.5,2,101,0.004999999999999949,101,3.3333333333333335,0.14999999999999847,0.4999999999999949,0.9999999999999898,0,3,0.0,1.0,0.8414488460533075,1.0000000000000013,1.0000000000000013,0.008341294619674144,0.008341294619674144,1.298121775169319,0,3.094076914234023e-06,0.12076807022094727
0,maxentw,jitter,0.0,0,3,0.003,0.5,2,101,0.004999999999999949,101,3.3333333333333335,0.14999999999999847,0.4999999999999949,0.9999999999999898,0,3,0.0,1.0000000000000002,0.8501140447245974,0.9999999999999843,1.0000000000000004,0.04662617778254863,0.04662617778254863,1.2981240319831282,0,3.094076914234023e-06,0.06834006309509277
0,minnorm,jitter,0.0,0,5,0.003,0.5,2,101,0.004999999999999949,101,3.3333333333333335,0.14999999999999847,0.4999999999999949,0.9999999999999898,0,5,-0.07438423645320269,1.1582922824302133,0.8522624603095558,1.1352620650467684,1.1582922824302133,0.11607630000381297,0.11607630000381297,1.2981068405590106,0,3.094076914234023e-06,0.04047393798828125
0,projgauss,jitter,0.0,0,5,0.003,0.5,2,101,0.004999999999999949,101,3.3333333333333335,0.14999999999999847,0.4999999999999949,0.9999999999999898,0,5,-0.0468028348655802,1.257269964011632,0.8453861962264013,1.0588414415370355,1.2572699640116323,0.05547425832296149,0.05547425832296149,1.2981140984903843,0,3.094076914234023e-06,0.04510307312011719
0,spectral,jitter,0.0,0,5,0.003,0.5,2,101,0.004999999999999949,101,3.3333333333333335,0.14999999999999847,0.4999999999999949,0.9999999999999898,0,5,-0.8019655758614923,3.1558391389647293,0.9974173111386382,3.2087685934269166,5.1798612129305965,0.7431350364588851,0.7431350364588851,1.7369141934487737,0,3.094076914234023e-06,0.055313825607299805
0,spectralg,jitter,0.0,0,5,0.003,0.5,2,101,0.004999999999999949,101,3.3333333333333335,0.14999999999999847,0.4999999999999949,0.9999999999999898,0,5,-0.8019655758614934,3.155839138964732,0.9974173111386367,3.208768593426899,5.179861212930591,0.7431350364588862,0.7431350364588862,1.7369141934487748,0,3.094076914234023e-06,0.0820930004119873
0,maxent,jitter,0.0,0,5,0.003,0.5,2,101,0.004999999999999949,101,3.3333333333333335,0.14999999999999847,0.4999999999999949,0.9999999999999898,0,5,0.0,1.0000000000000002,0.8506007683733783,0.9999999999997433,1.0000000000000002,0.006465122309756821,0.006465122309756821,1.2981221740335918,0,3.094076914234023e-06,0.07295823097229004
0,lp,jitter,0.0,0,5,0.003,0.5,2,101,0.004999999999999949,101,3.3333333333333335,0.14999999999999847,0.4999999999999949,0.9999999999999898,0,5,0.0,1.0,0.8469579186878916,0.9999999999998833,1.0000000000000004,0.024327979785285336,0.024327979785285336,1.2981239463526746,0,3.094076914234023e-06,0.12213611602783203
0,lprand,jitter,0.0,0,5,0.003,0.5,2,101,0.004999999999999949,101,3.3333333333333335,0.14999999999999847,0.4999999999999949,0.9999999999999898,0,5,0.0,1.0000000000000235,0.8491072562013512,0.9999999999999974,1.000000000000034,0.04823265219391648,0.04823265219391648,1.298121775169319,0,3.094076914234023e-06,0.1217508316040039
0,maxentw,jitter,0.0,0,5,0.003,0.5,2,101,0.004999999999999949,101,3.3333333333333335,0.14999999999999847,0.4999999999999949,0.9999999999999898,0,5,0.0,1.0000000000000002,0.8506007683733783,0.9999999999997433,1.0000000000000002,0.006465122309756821,0.006465122309756821,1.2981221740335918,0,3.094076914234023e-06,0.07558298110961914
0,minnorm,jitter,0.1,0,3,0.003,0.5,2,101,0.004046780115040727,124,3.3333333333333335,0.1214034034512218,0.4046780115040727,0.8093560230081454,0,3,-0.037572134275491234,1.075144268550983,0.8736184315760834,0.9999999999999739,1.075144268550983,0.039663680105704646,0.039663680105704646,1.2984019244013316,0,3.679233111286706e-06,0.043122053146362305
0,projgauss,jitter,0.1,0,3,0.003,0.5,2,101,0.004046780115040727,124,3.3333333333333335,0.1214034034512218,0.4046780115040727,0.8093560230081454,0,3,-0.032387989415975066,1.0647759788319504,0.8776561751953863,0.9999999999999645,1.0647759788319502,0.03890912552478987,0.03890912552478987,1.298402033130498,0,3.679233111286706e-06,0.04236006736755371
0,spectral,jitter,0.1,0,3,0.003,0.5,2,101,0.004046780115040727,124,3.3333333333333335,0.1214034034512218,0.4046780115040727,0.8093560230081454,0,3,-0.21656829161792807,1.6528858942392497,0.8751270882837754,1.3171805648466992,1.6528858942392497,0.08933613059012402,0.08933613059012402,1.298397595683248,0,3.679233111286706e-06,0.04752469062805176
0,spectralg,jitter,0.1,0,3,0.003,0.5,2,101,0.004046780115040727,124,3.3333333333333335,0.1214034034512218,0.4046780115040727,0.8093560230081454,0,3,-0.21656829161792807,1.6528858942392497,0.8751254594836491,1.317180564846699,1.6528858942392497,0.08933613059012402,0.08933613059012402,1.298397595683248,0,3.679233111286706e-06,0.06060791015625
0,maxent,jitter,0.1,0,3,0.003,0.5,2,101,0.004046780115040727,124,3.3333333333333335,0.1214034034512218,0.4046780115040727,0.8093560230081454,0,3,0.0,1.0000000000000002,0.86931880650063,0.999999999999978,1.0000000000000009,0.040555739578994165,0.040555739578994165,1.2984028557994631,0,3.679233111286706e-06,0.9784119129180908
0,lp,jitter,0.1,0,3,0.003,0.5,2,101,0.004046780115040727,124,3.3333333333333335,0.1214034034512218,0.4046780115040727,0.8093560230081454,0,3,0.0,1.0000000000000002,0.8746883181244993,1.0000000000000002,1.0000000000000004,0.08855072071179737,0.08855072071179737,1.2984074026929313,0,3.679233111286706e-06,0.12027597427368164
0,lprand,jitter,0.1,0,3,0.003,0.5,2,101,0.004046780115040727,124,3.3333333333333335,0.1214034034512218,0.4046780115040727,0.8093560230081454,0,3,0.0,1.0000000000000002,0.8765137656614578,1.0000000000000013,1.0000000000000013,0.032170544188307226,0.032170544188307226,1.298401718810112,0,3.679233111286706e-06,0.12167978286743164
0,maxentw,jitter,0.1,0,3,0.003,0.5,2,101,0.004046780115040727,124,3.3333333333333335,0.1214034034512218,0.4046780115040727,0.8093560230081454,0,3,0.0,1.0000000000000002,0.86931880650063,0.999999999999978,1.0000000000000009,0.040555739578994165,0.040555739578994165,1.2984028557994631,0,3.679233111286706e-06,3.087178945541382
0,minnorm,jitter,0.1,0,5,0.003,0.5,2,101,0.004046780115040727,124,3.3333333333333335,0.1214034034512218,0.4046780115040727,0.8093560230081454,0,5,-0.08853463348792864,1.1959033157228594,0.8832260864221753,1.2014311782488443,1.2038551147374503,0.1713461521161137,0.1713461521161137,1.2983882505882067,0,3.679233111286706e-06,0.041726112365722656
0,projgauss,jitter,0.1,0,5,0.003,0.5,2,101,0.004046780115040727,124,3.3333333333333335,0.1214034034512218,0.4046780115040727,0.8093560230081454,0,5,-0.05012102896999687,1.1253010797603415,0.8735681792801203,1.1174901096253065,1.1253010797603415,0.10799720672210822,0.10799720672210822,1.2983935907168065,0,3.679233111286706e-06,0.04494595527648926
0,spectral,jitter,0.1,0,5,0.003,0.5,2,101,0.004046780115040727,124,3.3333333333333335,0.1214034034512218,0.4046780115040727,0.8093560230081454,0,5,-0.9961977555839121,3.6038087024496237,1.011274629510019,107.25810877789391,1.4894940504935696e+50,1.451188962485265,1.451188962485265,1.533556850572374,0,3.679233111286706e-06,0.05387592315673828
0,spectralg,jitter,0.1,0,5,0.003,0.5,2,101,0.004046780115040727,124,3.3333333333333335,0.1214034034512218,0.4046780115040727,0.8093560230081454,0,5,-0.9961977555839114,3.6038087024496206,1.01127462951002,107.25810877789283,1.4894940504866011e+50,1.4511889624852246,1.4511889624852246,1.5335568505724044,0,3.679233111286706e-06,0.08303403854370117
0,maxent,jitter,0.1,0,5,0.003,0.5,2,101,0.004046780115040727,124,3.3333333333333335,0.1214034034512218,0.4046780115040727,0.8093560230081454,0,5,0.0,1.0000000000000002,0.8770295700986048,0.9999999999998738,1.0000000000000013,0.005277468187358525,0.005277468187358525,1.2984003959560815,0,3.679233111286706e-06,0.8012633323669434
0,lp,jitter,0.1,0,5,0.003,0.5,2,101,0.004046780115040727,124,3.3333333333333335,0.1214034034512218,0.4046780115040727,0.8093560230081454,0,5,0.0,1.0,0.8760266585811073,1.0000000000000009,1.000000000000001,0.04449681273247552,0.04449681273247552,1.2984017659428526,0,3.679233111286706e-06,0.1241309642791748
0,lprand,jitter,0.1,0,5,0.003,0.5,2,101,0.004046780115040727,124,3.3333333333333335,0.1214034034512218,0.4046780115040727,0.8093560230081454,0,5,0.0,1.0000000000000002,0.8779949883221264,0.9999999999999994,1.0000000000000004,0.07436250942703793,0.07436250942703793,1.2984070703704054,0,3.679233111286706e-06,0.12325811386108398
0,maxentw,jitter,0.1,0,5,0.003,0.5,2,101,0.004046780115040727,124,3.3333333333333335,0.1214034034512218,0.4046780115040727,0.8093560230081454,0,5,0.0,1.0000000000000002,0.8770295700986048,0.9999999999998738,1.0000000000000013,0.005277468187358525,0.005277468187358525,1.2984003959560815,0,3.679233111286706e-06,2.9058029651641846
0,minnorm,jitter,0.1,1,3,0.003,0.5,2,101,0.004122295171873291,122,3.3333333333333335,0.12366885515619874,0.41222951718732914,0.8244590343746583,0,3,-0.03403454188367369,1.068069083767348,0.8729899900699242,0.9999999999999508,1.068069083767348,0.04822570787604574,0.04822570787604574,1.2983897084455789,0,2.902042127828075e-06,0.041906118392944336
0,projgauss,jitter,0.1,1,3,0.003,0.5,2,101,0.004122295171873291,122,3.3333333333333335,0.12366885515619874,0.41222951718732914,0.8244590343746583,0,3,-0.027349932279118173,1.0546998645582364,0.870862985039555,0.9999999999999423,1.0546998645582364,0.04614314076418313,0.04614314076418313,1.2983898344382592,0,2.902042127828075e-06,0.0448911190032959
0,spectral,jitter,0.1,1,3,0.003,0.5,2,101,0.004122295171873291,122,3.3333333333333335,0.12366885515619874,0.41222951718732914,0.8244590343746583,0,3,-0.20298131775440825,1.6051797143442792,0.873047993851186,1.2481172851647795,1.605179714344279,0.03873936025241631,0.03873936025241631,1.2983864720319616,0,2.902042127828075e-06,0.04696202278137207
0,spectralg,jitter,0.1,1,3,0.003,0.5,2,101,0.004122295171873291,122,3.3333333333333335,0.12366885515619874,0.41222951718732914,0.8244590343746583,0,3,-0.20298131775440825,1.6051797143442792,0.873047993851186,1.2481172851647795,1.605179714344279,0.03873936025241631,0.03873936025241631,1.2983864720319616,0,2.902042127828075e-06,0.06164884567260742
0,maxent,jitter,0.1,1,3,0.003,0.5,2,101,0.004122295171873291,122,3.3333333333333335,0.12366885515619874,0.41222951718732914,0.8244590343746583,0,3,0.0,1.0000000000000002,0.8691671413097426,0.9999999999999718,1.0000000000000009,0.04691020393688772,0.04691020393688772,1.2983902605882982,0,2.902042127828075e-06,0.9199669361114502
0,lp,jitter,0.1,1,3,0.003,0.5,2,101,0.004122295171873291,122,3.3333333333333335,0.12366885515619874,0.41222951718732914,0.8244590343746583,0,3,0.0,1.0000000000000002,0.8765683577649942,1.0000000000000009,1.0000000000000009,0.012595935298190919,0.012595935298190919,1.2983944393201734,0,2.902042127828075e-06,0.1199641227722168
0,lprand,jitter,0.1,1,3,0.003,0.5,2,101,0.004122295171873291,122,3.3333333333333335,0.12366885515619874,0.41222951718732914,0.8244590343746583,0,3,0.0,1.0000000000000002,0.8747586104646435,1.0,1.0000000000000004,0.03201850947832929,0.03201850947832929,1.298388411183358,0,2.902042127828075e-06,0.12054777145385742
0,maxentw,jitter,0.1,1,3,0.003,0.5,2,101,0.004122295171873291,122,3.3333333333333335,0.12366885515619874,0.41222951718732914,0.8244590343746583,0,3,0.0,1.0000000000000002,0.8691671413097426,0.9999999999999718,1.0000000000000009,0.04691020393688772,0.04691020393688772,1.2983902605882982,0,2.902042127828075e-06,2.937493085861206
0,minnorm,jitter,0.1,1,5,0.003,0.5,2,101,0.004122295171873291,122,3.3333333333333335,0.12366885515619874,0.41222951718732914,0.8244590343746583,0,5,-0.08727262635469903,1.1916564689344993,0.8789160966726516,1.1872636488737272,1.1916564689344995,0.1593885324972799,0.1593885324972799,1.298373707785546,0,2.902042127828075e-06,0.04306507110595703
0,projgauss,jitter,0.1,1,5,0.003,0.5,2,101,0.004122295171873291,122,3.3333333333333335,0.12366885515619874,0.41222951718732914,0.8244590343746583,0,5,-0.04984274351617486,1.13233447995108,0.8690889068650994,1.1056460669906563,1.1323344799510804,0.09703315471973029,0.09703315471973029,1.2983801241705626,0,2.902042127828075e-06,0.04491400718688965
0,spectral,jitter,0.1,1,5,0.003,0.5,2,101,0.004122295171873291,122,3.3333333333333335,0.12366885515619874,0.41222951718732914,0.8244590343746583,0,5,-0.6700403513251657,2.8462386781177766,1.0004427162754417,27.87435917185382,2288.045965691817,0.5840522310162315,0.5840522310162315,1.29838606987648,0,2.902042127828075e-06,0.05367302894592285
0,spectralg,jitter,0.1,1,5,0.003,0.5,2,101,0.004122295171873291,122,3.3333333333333335,0.12366885515619874,0.41222951718732914,0.8244590343746583,0,5,-0.6700403513251657,2.8462386781177766,1.0004427162754417,27.87435917185382,2288.045965691817,0.5840522310162315,0.5840522310162315,1.29838606987648,0,2.902042127828075e-06,0.0816500186920166
0,maxent,jitter,0.1,1,5,0.003,0.5,2,101,0.004122295171873291,122,3.3333333333333335,0.12366885515619874,0.41222951718732914,0.8244590343746583,0,5,0.0,1.0000000000000002,0.8707494260249217,0.9999999999998292,1.0000000000000009,0.007504336294001712,0.007504336294001712,1.2983860402328868,0,2.902042127828075e-06,0.8324418067932129
0,lp,jitter,0.1,1,5,0.003,0.5,2,101,0.004122295171873291,122,3.3333333333333335,0.12366885515619874,0.41222951718732914,0.8244590343746583,0,5,0.0,1.0,0.8731061925119592,1.0000000000000002,1.0000000000000004,0.031800896882209995,0.031800896882209995,1.2983857890822454,0,2.902042127828075e-06,0.1225900650024414
0,lprand,jitter,0.1,1,5,0.003,0.5,2,101,0.004122295171873291,122,3.3333333333333335,0.12366885515619874,0.41222951718732914,0.8244590343746583,0,5,0.0,1.0000000000000004,0.871710225531794,1.000000000000001,1.000000000000001,0.03185764923965062,0.03185764923965062,1.298398155896611,0,2.902042127828075e-06,0.12616491317749023
0,maxentw,jitter,0.1,1,5,0.003,0.5,2,101,0.004122295171873291,122,3.3333333333333335,0.12366885515619874,0.41222951718732914,0.8244590343746583,0,5,0.0,1.0000000000000002,0.8707494260249217,0.9999999999998292,1.0000000000000009,0.007504336294001712,0.007504336294001712,1.2983860402328868,0,2.902042127828075e-06,2.861453056335449
0,minnorm,jitter,0.25,0,3,0.003,0.5,2,101,0.002282809602593114,220,3.3333333333333335,0.06848428807779343,0.2282809602593114,0.5233900575203676,0,3,-0.11698955579985364,1.289733857750829,0.9283690527886774,1.0090823896014878,1.289733857750829,0.029335163793480556,0.029335163793480556,1.2983064889232905,0,4.77923119235335e-06,0.04632377624511719
0,projgauss,jitter,0.25,0,3,0.003,0.5,2,101,0.002282809602593114,220,3.3333333333333335,0.06848428807779343,0.2282809602593114,0.5233900575203676,0,3,-0.1213183420132497,1.2820976147509189,0.9284490516321704,1.0094757424424556,1.282097614750919,0.030179686409960937,0.030179686409960937,1.2983063870432838,0,4.77923119235335e-06,0.04709315299987793
0,spectral,jitter,0.25,0,3,0.003,0.5,2,101,0.002282809602593114,220,3.3333333333333335,0.06848428807779343,0.2282809602593114,0.5233900575203676,0,3,-0.3235589972048265,2.073126026463998,0.9514052176197345,1.8625423005124078,2.6034035139680514,0.22863109226180378,0.22863109226180378,1.2982962014298702,0,4.77923119235335e-06,0.04951190948486328
0,spectralg,jitter,0.25,0,3,0.003,0.5,2,101,0.002282809602593114,220,3.3333333333333335,0.06848428807779343,0.2282809602593114,0.5233900575203676,0,3,-0.32286067955439846,2.071542501408131,0.9511631956086241,1.8617168018294223,2.601475550607632,0.22739950934773645,0.22739950934773645,1.298296245897924,0,4.77923119235335e-06,0.07276606559753418
0,maxent,jitter,0.25,0,3,0.003,0.5,2,101,0.002282809602593114,220,3.3333333333333335,0.06848428807779343,0.2282809602593114,0.5233900575203676,19,3,-0.11698955579985364,1.289733857750829,0.9288645843348052,1.0078288313030819,1.289733857750829,0.03498866546904056,0.03498866546904056,1.2983065635083864,0,4.77923119235335e-06,1.641206979751587
0,lp,jitter,0.25,0,3,0.003,0.5,2,101,0.002282809602593114,220,3.3333333333333335,0.06848428807779343,0.2282809602593114,0.5233900575203676,19,3,-0.11698955579985364,1.289733857750829,0.9301327589061736,1.0114433119651887,1.289733857750829,0.018524556680674542,0.018524556680674542,1.29830635154603,0,4.77923119235335e-06,0.12363195419311523
0,lprand,jitter,0.25,0,3,0.003,0.5,2,101,0.002282809602593114,220,3.3333333333333335,0.06848428807779343,0.2282809602593114,0.5233900575203676,19,3,-0.11698955579985364,1.289733857750829,0.9300958943547871,1.0270470632021245,1.289733857750829,0.04671046892219877,0.04671046892219877,1.298306855766831,0,4.77923119235335e-06,0.1232907772064209
0,maxentw,jitter,0.25,0,3,0.003,0.5,2,101,0.002282809602593114,220,3.3333333333333335,0.06848428807779343,0.2282809602593114,0.5233900575203676,19,3,-0.11698955579985364,1.289733857750829,0.9288645843348052,1.0078288313030819,1.289733857750829,0.03498866546904056,0.03498866546904056,1.2983065635083864,0,4.77923119235335e-06,6.057825803756714
0,minnorm,jitter,0.25,0,5,0.003,0.5,2,101,0.002282809602593114,220,3.3333333333333335,0.06848428807779343,0.2282809602593114,0.5233900575203676,0,5,-0.10243695424179959,1.3706745553120778,0.9399654315612487,1.5355739442350698,1.5355739442350698,0.46817531904260834,0.46817531904260834,1.5074959214586103,0,4.77923119235335e-06,0.04375195503234863
0,projgauss,jitter,0.25,0,5,0.003,0.5,2,101,0.002282809602593114,220,3.3333333333333335,0.06848428807779343,0.2282809602593114,0.5233900575203676,0,5,-0.08128489807655186,1.3126583104934166,0.9302213056292277,1.4243669251838624,1.4243669251838624,0.38598580768957524,0.38598580768957524,1.4253064101055772,0,4.77923119235335e-06,0.04483675956726074
0,spectral,jitter,0.25,0,5,0.003,0.5,2,101,0.002282809602593114,220,3.3333333333333335,0.06848428807779343,0.2282809602593114,0.5233900575203676,0,5,-1.0329921854921538,3.7079534415160813,1.010446584906822,1272.824484512676,4.54941939532122e+47,13.601640081646076,13.601640081646076,14.550620635729995,1,4.77923119235335e-06,0.05452585220336914
0,spectralg,jitter,0.25,0,5,0.003,0.5,2,101,0.002282809602593114,220,3.3333333333333335,0.06848428807779343,0.2282809602593114,0.5233900575203676,0,5,-1.0329921854921542,3.707953441516081,1.0104465849068247,1272.8244845128063,4.549419394872521e+47,13.601640081646497,13.601640081646497,14.550620635730416,1,4.77923119235335e-06,0.083740234375
0,maxent,jitter,0.25,0,5,0.003,0.5,2,101,0.002282809602593114,220,3.3333333333333335,0.06848428807779343,0.2282809602593114,0.5233900575203676,19,5,-0.10243695424179959,1.3706745553120778,0.9464921178087107,1.8078110770176767,1.8089015809786808,0.7037156817939603,0.7037156817939603,1.7430362842099623,0,4.77923119235335e-06,1.6335999965667725
0,lp,jitter,0.25,0,5,0.003,0.5,2,101,0.002282809602593114,220,3.3333333333333335,0.06848428807779343,0.2282809602593114,0.5233900575203676,19,5,-0.10243695424179959,1.3706745553120778,0.95034633571605,1.92679607021186,1.92679607021186,0.81813579551334,0.81813579551334,1.8331100609637976,0,4.77923119235335e-06,0.12459683418273926
0,lprand,jitter,0.25,0,5,0.003,0.5,2,101,0.002282809602593114,220,3.3333333333333335,0.06848428807779343,0.2282809602593114,0.5233900575203676,19,5,-0.10243695424179959,1.3706745553120778,0.9444747340046404,1.755035891582044,1.7550728369427513,0.6613451607989145,0.6613451607989145,1.7006657632149165,0,4.77923119235335e-06,0.12488818168640137
0,maxentw,jitter,0.25,0,5,0.003,0.5,2,101,0.002282809602593114,220,3.3333333333333335,0.06848428807779343,0.2282809602593114,0.5233900575203676,19,5,-0.10243695424179959,1.3706745553120778,0.9464921178087107,1.8078110770176767,1.8089015809786808,0.7037156817939603,0.7037156817939603,1.7430362842099623,0,4.77923119235335e-06,6.060266971588135
0,minnorm,jitter,0.25,1,3,0.003,0.5,2,101,0.0026240551100211343,191,3.3333333333333335,0.07872165330063402,0.2624055110021134,0.5611475859366555,0,3,-0.10535528321549445,1.210710566430989,0.9186589181738363,1.0041834206437892,1.2107105664309887,0.025568205714760373,0.025568205714760373,1.298430194435416,0,2.644638933846366e-06,0.04633021354675293
0,projgauss,jitter,0.25,1,3,0.003,0.5,2,101,0.0026240551100211343,191,3.3333333333333335,0.07872165330063402,0.2624055110021134,0.5611475859366555,0,3,-0.1081183184874627,1.2162366369749256,0.917343893497685,1.004311772699553,1.2162366369749256,0.023642256368937575,0.023642256368937575,1.2984301843532866,0,2.644638933846366e-06,0.04735088348388672
0,spectral,jitter,0.25,1,3,0.003,0.5,2,101,0.0026240551100211343,191,3.3333333333333335,0.07872165330063402,0.2624055110021134,0.5611475859366555,0,3,-0.3207155283798918,2.0700941065313203,0.9245945352765426,1.7699603043497492,2.483354112339894,0.03495569300472956,0.03495569300472956,1.298423298044841,0,2.644638933846366e-06,0.05118894577026367
0,spectralg,jitter,0.25,1,3,0.003,0.5,2,101,0.0026240551100211343,191,3.3333333333333335,0.07872165330063402,0.2624055110021134,0.5611475859366555,0,3,-0.3189236777222899,2.0658931490647414,0.9222201134230932,1.7635601891008594,2.4826511779962397,0.03503957895466703,0.03503957895466703,1.2984233008366104,0,2.644638933846366e-06,0.07325911521911621
0,maxent,jitter,0.25,1,3,0.003,0.5,2,101,0.0026240551100211343,191,3.3333333333333335,0.07872165330063402,0.2624055110021134,0.5611475859366555,12,3,-0.10535528321549445,1.210710566430989,0.9189666313381509,1.0000591468925424,1.2107105664309887,0.025423386337879328,0.025423386337879328,1.298431068688207,0,2.644638933846366e-06,1.4635899066925049
0,lp,jitter,0.25,1,3,0.003,0.5,2,101,0.0026240551100211343,191,3.3333333333333335,0.07872165330063402,0.2624055110021134,0.5611475859366555,12,3,-0.10535528321549445,1.210710566430989,0.9199416095095048,1.005628866239798,1.2107105664309887,0.027883397933099796,0.027883397933099796,1.2984311610838986,0,2.644638933846366e-06,0.14195609092712402
0,lprand,jitter,0.25,1,3,0.003,0.5,2,101,0.0026240551100211343,191,3.3333333333333335,0.07872165330063402,0.2624055110021134,0.5611475859366555,12,3,-0.10535528321549445,1.210710566430989,0.9201525852356692,1.0056973509705798,1.2107105664309887,0.02793187168801714,0.02793187168801714,1.29843063727992,0,2.644638933846366e-06,0.12298917770385742
0,maxentw,jitter,0.25,1,3,0.003,0.5,2,101,0.0026240551100211343,191,3.3333333333333335,0.07872165330063402,0.2624055110021134,0.5611475859366555,12,3,-0.10535528321549445,1.210710566430989,0.9189666313381509,1.0000591468925424,1.2107105664309887,0.025423386337879328,0.025423386337879328,1.298431068688207,0,2.644638933846366e-06,5.197452068328857
0,minnorm,jitter,0.25,1,5,0.003,0.5,2,101,0.0026240551100211343,191,3.3333333333333335,0.07872165330063402,0.2624055110021134,0.5611475859366555,0,5,-0.09899985438510293,1.3243106086850935,0.928719743328478,1.302732608014646,1.3243106086850935,0.2534407725534955,0.2534407725534955,1.2984156992096334,0,2.644638933846366e-06,0.04454183578491211
0,projgauss,jitter,0.25,1,5,0.003,0.5,2,101,0.0026240551100211343,191,3.3333333333333335,0.07872165330063402,0.2624055110021134,0.5611475859366555,0,5,-0.07514159079850297,1.2755321541232332,0.9183706835461528,1.2305994747242834,1.275532154123233,0.20538010357036018,0.20538010357036018,1.2984207535760874,0,2.644638933846366e-06,0.04894900321960449
0,spectral,jitter,0.25,1,5,0.003,0.5,2,101,0.0026240551100211343,191,3.3333333333333335,0.07872165330063402,0.2624055110021134,0.5611475859366555,0,5,-1.1902875113579316,3.943650636188813,1.0249861013900887,312.19751252088173,4.2181435753827976e+107,0.6350224599690525,0.6350224599690525,1.2984238111058817,0,2.644638933846366e-06,0.05366992950439453
0,spectralg,jitter,0.25,1,5,0.003,0.5,2,101,0.0026240551100211343,191,3.3333333333333335,0.07872165330063402,0.2624055110021134,0.5611475859366555,0,5,-1.1902875113579316,3.943650636188813,1.0249861013900858,312.19751252088173,4.2181435753827976e+107,0.6350224599690513,0.6350224599690513,1.2984238111058817,0,2.644638933846366e-06,0.08433103561401367
0,maxent,jitter,0.25,1,5,0.003,0.5,2,101,0.0026240551100211343,191,3.3333333333333335,0.07872165330063402,0.2624055110021134,0.5611475859366555,12,5,-0.09565666085193796,1.3243106086850935,0.9154433741048089,1.0051506290850696,1.3243106086850935,0.01511105616225683,0.01511105616225683,1.2984271079832843,0,2.644638933846366e-06,1.4473261833190918
0,lp,jitter,0.25,1,5,0.003,0.5,2,101,0.0026240551100211343,191,3.3333333333333335,0.07872165330063402,0.2624055110021134,0.5611475859366555,12,5,-0.09565666085193796,1.3243106086850935,0.9174802525193811,1.0070328775393094,1.3243106086850935,0.02752883122673444,0.02752883122673444,1.2984253789752882,0,2.644638933846366e-06,0.12405109405517578
0,lprand,jitter,0.25,1,5,0.003,0.5,2,101,0.0026240551100211343,191,3.3333333333333335,0.07872165330063402,0.2624055110021134,0.5611475859366555,12,5,-0.09565666085193796,1.3243106086850935,0.9182985762326632,1.011260228491583,1.3243106086850935,0.02756960615942028,0.02756960615942028,1.298429928738796,0,2.644638933846366e-06,0.1243281364440918
0,maxentw,jitter,0.25,1,5,0.003,0.5,2,101,0.0026240551100211343,191,3.3333333333333335,0.07872165330063402,0.2624055110021134,0.5611475859366555,12,5,-0.09565666085193796,1.3243106086850935,0.9154433741048089,1.0051506290850696,1.3243106086850935,0.01511105616225683,0.01511105616225683,1.2984271079832843,0,2.644638933846366e-06,5.174449920654297
0,minnorm,jitter,0.45,0,3,0.003,0.5,2,101,0.00016827506524616246,2972,3.3333333333333335,0.005048251957384874,0.016827506524616245,0.14210210353664543,0,3,-0.15291583462626207,1.6016764061606215,1.0133353375119136,2.2917995852785878e+17,8.126074177402647e+57,inf,2556556.788270246,2556556.3790386757,1,6.4841343835331244e-06,0.05360102653503418
0,projgauss,jitter,0.45,0,3,0.003,0.5,2,101,0.00016827506524616246,2972,3.3333333333333335,0.005048251957384874,0.016827506524616245,0.14210210353664543,0,3,-0.15270327368486955,1.6018224505607337,1.013332078253654,2.1952025925898742e+17,8.47645598282907e+57,inf,2531835.133943831,2531834.724712261,1,6.4841343835331244e-06,0.05479001998901367
0,spectral,jitter,0.45,0,3,0.003,0.5,2,101,0.00016827506524616246,2972,3.3333333333333335,0.005048251957384874,0.016827506524616245,0.14210210353664543,0,3,-4.239862142355534,16.554056616494613,1.0125087590656496,3.663773009217413e+16,6.291880759750153e+54,inf,6261381.885345414,6261382.387269307,1,6.4841343835331244e-06,0.056465864181518555
0,spectralg,jitter,0.45,0,3,0.003,0.5,2,101,0.00016827506524616246,2972,3.3333333333333335,0.005048251957384874,0.016827506524616245,0.14210210353664543,0,3,-4.23986214235553,16.5540566164946,1.012508759065651,3.663773009217861e+16,6.291880759752261e+54,inf,6261381.885345366,6261382.3872692585,1,6.4841343835331244e-06,0.0728447437286377
0,maxent,jitter,0.45,0,3,0.003,0.5,2,101,0.00016827506524616246,2972,3.3333333333333335,0.005048251957384874,0.016827506524616245,0.14210210353664543,81,3,-0.15291583462626207,1.6016764061606215,1.0133353375119143,2.2917995852785878e+17,8.126074177402647e+57,inf,2556556.788270246,2556556.3790386757,1,6.4841343835331244e-06,2.8450851440429688
0,lp,jitter,0.45,0,3,0.003,0.5,2,101,0.00016827506524616246,2972,3.3333333333333335,0.005048251957384874,0.016827506524616245,0.14210210353664543,81,3,-0.15291583462626207,1.6016764061606215,1.0133353375119187,2.2917995852785878e+17,8.126074177402647e+57,inf,2556556.788270246,2556556.3790386757,1,6.4841343835331244e-06,0.12959790229797363
0,lprand,jitter,0.45,0,3,0.003,0.5,2,101,0.00016827506524616246,2972,3.3333333333333335,0.005048251957384874,0.016827506524616245,0.14210210353664543,81,3,-0.15291583462626207,1.6016764061606215,1.013335337511916,2.2917995852785878e+17,8.126074177402647e+57,inf,2556556.788270246,2556556.3790386757,1,6.4841343835331244e-06,0.12734317779541016
0,maxentw,jitter,0.45,0,3,0.003,0.5,2,101,0.00016827506524616246,2972,3.3333333333333335,0.005048251957384874,0.016827506524616245,0.14210210353664543,81,3,-0.15291583462626207,1.6016764061606215,1.0133353375119143,2.2917995852785878e+17,8.126074177402647e+57,inf,2556556.788270246,2556556.3790386757,1,6.4841343835331244e-06,10.528351068496704
0,minnorm,jitter,0.45,0,5,0.003,0.5,2,101,0.00016827506524616246,2972,3.3333333333333335,0.005048251957384874,0.016827506524616245,0.14210210353664543,0,5,-0.10105876925750713,1.5709465867765093,0.9976662672793328,1.1342127736469891,1.5709465867765093,0.33609078066614584,0.33609078066614584,1.2981918107143664,0,6.4841343835331244e-06,0.056581735610961914
0,projgauss,jitter,0.45,0,5,0.003,0.5,2,101,0.00016827506524616246,2972,3.3333333333333335,0.005048251957384874,0.016827506524616245,0.14210210353664543,0,5,-0.08402302047304178,1.4950721078002576,0.9975079442083988,1.4098224410772497,1.4950721078002576,0.27489548639341255,0.27489548639341255,1.300929235859929,0,6.4841343835331244e-06,0.0575098991394043
0,spectral,jitter,0.45,0,5,0.003,0.5,2,101,0.00016827506524616246,2972,3.3333333333333335,0.005048251957384874,0.016827506524616245,0.14210210353664543,0,5,-3.5973372069508027,13.925252289549595,1.8268241666081113,nan,1.5774418134957795e+262,inf,1771153253.8069232,1771153254.730566,1,6.4841343835331244e-06,0.055565834045410156
0,spectralg,jitter,0.45,0,5,0.003,0.5,2,101,0.00016827506524616246,2972,3.3333333333333335,0.005048251957384874,0.016827506524616245,0.14210210353664543,0,5,-3.5973372069508027,13.925252289549544,1.8268241666080987,nan,1.5774418134887813e+262,inf,1770208010.7984104,1770208011.7220533,1,6.4841343835331244e-06,0.09503722190856934
0,maxent,jitter,0.45,0,5,0.003,0.5,2,101,0.00016827506524616246,2972,3.3333333333333335,0.005048251957384874,0.016827506524616245,0.14210210353664543,81,5,-0.10105876925750713,1.5709465867765093,0.9965578605210692,1.1004722438690993,1.5709465867765093,0.33781126067304357,0.33781126067304357,1.2981908080783573,0,6.4841343835331244e-06,2.7935779094696045
0,lp,jitter,0.45,0,5,0.003,0.5,2,101,0.00016827506524616246,2972,3.3333333333333335,0.005048251957384874,0.016827506524616245,0.14210210353664543,81,5,-0.10105876925750713,1.5709465867765093,0.9965012148902476,1.1063830288410472,1.583581775070284,0.33861245623287795,0.33861245623287795,1.2981910332307187,0,6.4841343835331244e-06,0.13693523406982422
0,lprand,jitter,0.45,0,5,0.003,0.5,2,101,0.00016827506524616246,2972,3.3333333333333335,0.005048251957384874,0.016827506524616245,0.14210210353664543,81,5,-0.10105876925750713,1.5709465867765093,0.9965003339460262,1.1018447059203353,1.5709465867765093,0.33779017887734286,0.33779017887734286,1.2981910126169736,0,6.4841343835331244e-06,0.13299202919006348
0,maxentw,jitter,0.45,0,5,0.003,0.5,2,101,0.00016827506524616246,2972,3.3333333333333335,0.005048251957384874,0.016827506524616245,0.14210210353664543,81,5,-0.10105876925750713,1.5709465867765093,0.9965578605210692,1.1004722438690993,1.5709465867765093,0.33781126067304357,0.33781126067304357,1.2981908080783573,0,6.4841343835331244e-06,10.50389289855957
0,minnorm,jitter,0.45,1,3,0.003,0.5,2,101,0.00036772982732206363,1360,3.3333333333333335,0.011031894819661908,0.03677298273220636,0.21006565468597582,0,3,-0.16280615212155478,1.5271072948121194,1.001462698298488,19759.6812978699,9865253822.123383,4.16571452237496,4.16571452237496,4.16571452237494,0,2.3407926208474095e-06,0.04659390449523926
0,projgauss,jitter,0.45,1,3,0.003,0.5,2,101,0.00036772982732206363,1360,3.3333333333333335,0.011031894819661908,0.03677298273220636,0.21006565468597582,0,3,-0.16361509171326255,1.5269874820513882,1.0014572266010917,19754.375773491425,9420201249.53321,4.165936713727991,4.165936713727991,4.165936713727971,0,2.3407926208474095e-06,0.04775094985961914
0,spectral,jitter,0.45,1,3,0.003,0.5,2,101,0.00036772982732206363,1360,3.3333333333333335,0.011031894819661908,0.03677298273220636,0.21006565468597582,0,3,-1.3587456047519202,4.752413955053559,1.0015318291019126,33371.8229292138,26241560169.69731,4.14743440116472,4.14743440116472,4.1474344011647,0,2.3407926208474095e-06,0.050597190856933594
0,spectralg,jitter,0.45,1,3,0.003,0.5,2,101,0.00036772982732206363,1360,3.3333333333333335,0.011031894819661908,0.03677298273220636,0.21006565468597582,0,3,-1.3587456047519202,4.7524139550535605,1.0015318291020892,33371.822921094725,26241572999.96588,4.147434446062852,4.147434446062852,4.1474344460628325,0,2.3407926208474095e-06,0.06739187240600586
0,maxent,jitter,0.45,1,3,0.003,0.5,2,101,0.00036772982732206363,1360,3.3333333333333335,0.011031894819661908,0.03677298273220636,0.21006565468597582,73,3,-0.16280615212155478,1.5271072948121194,1.0011083626749946,18522.55215964142,500366201.69586945,4.1656982459077785,4.1656982459077785,4.165698245907759,0,2.3407926208474095e-06,2.457872152328491
0,lp,jitter,0.45,1,3,0.003,0.5,2,101,0.00036772982732206363,1360,3.3333333333333335,0.011031894819661908,0.03677298273220636,0.21006565468597582,73,3,-0.16280615212155478,1.5271072948121194,1.0008069516056382,18689.724759756915,47264234.50909937,4.1656034685382295,4.1656034685382295,4.16560346853821,0,2.3407926208474095e-06,0.12145113945007324
0,lprand,jitter,0.45,1,3,0.003,0.5,2,101,0.00036772982732206363,1360,3.3333333333333335,0.011031894819661908,0.03677298273220636,0.21006565468597582,73,3,-0.16280615212155478,1.5271072948121194,1.0000021439196285,18458.112969421487,991740.5605846941,4.165395702323204,4.165395702323204,4.165395702323185,0,2.3407926208474095e-06,0.12476897239685059
0,maxentw,jitter,0.45,1,3,0.003,0.5,2,101,0.00036772982732206363,1360,3.3333333333333335,0.011031894819661908,0.03677298273220636,0.21006565468597582,73,3,-0.16280615212155478,1.5271072948121194,1.0011083626749946,18522.55215964142,500366201.69586945,4.1656982459077785,4.1656982459077785,4.165698245907759,0,2.3407926208474095e-06,9.690294981002808
0,minnorm,jitter,0.45,1,5,0.003,0.5,2,101,0.00036772982732206363,1360,3.3333333333333335,0.011031894819661908,0.03677298273220636,0.21006565468597582,0,5,-0.10049502592046408,1.5172393276695655,0.9944945701703499,1.4848267542906903,1.5973888143762043,0.2852397593076854,0.2852397593076854,1.3639462785635845,0,2.3407926208474095e-06,0.04580879211425781
0,projgauss,jitter,0.45,1,5,0.003,0.5,2,101,0.00036772982732206363,1360,3.3333333333333335,0.011031894819661908,0.03677298273220636,0.21006565468597582,0,5,-0.09076010394848466,1.4442471023894394,0.9940418926816137,1.4496735905292506,1.5239868740054365,0.26057810902753986,0.26057810902753986,1.324006902074504,0,2.3407926208474095e-06,0.048567771911621094
0,spectral,jitter,0.45,1,5,0.003,0.5,2,101,0.00036772982732206363,1360,3.3333333333333335,0.011031894819661908,0.03677298273220636,0.21006565468597582,0,5,-2.7735370702369435,8.990713207586825,1.429327767019629,2.956707086357525e+211,2.956707086357525e+211,inf,2070409.5444789673,2070409.487142121,1,2.3407926208474095e-06,0.054138898849487305
0,spectralg,jitter,0.45,1,5,0.003,0.5,2,101,0.00036772982732206363,1360,3.3333333333333335,0.011031894819661908,0.03677298273220636,0.21006565468597582,0,5,-2.7735370702369435,8.990713207586825,1.429327767019634,2.956707086357525e+211,2.956707086357525e+211,inf,2082519.5127022085,2082519.455365362,1,2.3407926208474095e-06,0.09161233901977539
0,maxent,jitter,0.45,1,5,0.003,0.5,2,101,0.00036772982732206363,1360,3.3333333333333335,0.011031894819661908,0.03677298273220636,0.21006565468597582,73,5,-0.10049502592046408,1.5172393276695655,0.9943931416849727,1.561769887213224,2.552429757893985,0.288622869438909,0.288622869438909,1.3673293886948081,0,2.3407926208474095e-06,2.6090540885925293
0,lp,jitter,0.45,1,5,0.003,0.5,2,101,0.00036772982732206363,1360,3.3333333333333335,0.011031894819661908,0.03677298273220636,0.21006565468597582,73,5,-0.10049502592046408,1.5172393276695655,0.9943142614327997,1.5553700840672597,2.698161059604968,0.2927923238174901,0.2927923238174901,1.3714988430733892,0,2.3407926208474095e-06,0.13310885429382324
0,lprand,jitter,0.45,1,5,0.003,0.5,2,101,0.00036772982732206363,1360,3.3333333333333335,0.011031894819661908,0.03677298273220636,0.21006565468597582,73,5,-0.10049502592046408,1.5172393276695655,0.9941160139726108,1.5521943833343967,2.5514998735403385,0.2913361229468534,0.2913361229468534,1.3700426422027525,0,2.3407926208474095e-06,0.12757301330566406
0,maxentw,jitter,0.45,1,5,0.003,0.5,2,101,0.00036772982732206363,1360,3.3333333333333335,0.011031894819661908,0.03677298273220636,0.21006565468597582,73,5,-0.10049502592046408,1.5172393276695655,0.9943931416849727,1.561769887213224,2.552429757893985,0.288622869438909,0.288622869438909,1.3673293886948081,0,2.3407926208474095e-06,9.682528018951416
0,minnorm,random,0.0,0,3,0.003,0.5,2,101,0.0005946257319767531,841,3.3333333333333335,0.017838771959302592,0.059462573197675304,0.267123731325411,0,3,-0.7139261464119612,2.8503231765008725,1.055325910972753,3.523962366995436e+21,5.557925895100797e+235,inf,1523474.8603566696,1523474.8603872075,1,7.227518372343589e-06,0.042593955993652344
0,projgauss,random,0.0,0,3,0.003,0.5,2,101,0.0005946257319767531,841,3.3333333333333335,0.017838771959302592,0.059462573197675304,0.267123731325411,0,3,-0.7144244328342096,2.8478168075554073,1.0553410554893343,3.5546499931404847e+21,6.39381679907437e+235,inf,1527428.0404635982,1527428.040494136,1,7.227518372343589e-06,0.04392385482788086
0,spectral,random,0.0,0,3,0.003,0.5,2,101,0.0005946257319767531,841,3.3333333333333335,0.017838771959302592,0.059462573197675304,0.267123731325411,0,3,-2.693458763760531,9.252197931532827,1.1683476331799991,2.0559980138774208e+57,1.1402075309866806e+68,inf,1013504.6553407528,1013503.4948377251,1,7.227518372343589e-06,0.04787302017211914
0,spectralg,random,0.0,0,3,0.003,0.5,2,101,0.0005946257319767531,841,3.3333333333333335,0.017838771959302592,0.059462573197675304,0.267123731325411,0,3,-2.693458763760531,9.252197931532827,1.1683476331799942,2.0559980138774208e+57,1.1402075309866806e+68,inf,1013504.6553407528,1013503.4948377251,1,7.227518372343589e-06,0.06338810920715332
0,maxent,random,0.0,0,3,0.003,0.5,2,101,0.0005946257319767531,841,3.3333333333333335,0.017838771959302592,0.059462573197675304,0.267123731325411,51,3,-0.7139261464119612,2.8503231765008725,1.0553259109727542,3.8051735252403843e+21,6.001446743346813e+235,inf,1615250.3555095822,1615250.35554012,1,7.227518372343589e-06,2.1089210510253906
0,lp,random,0.0,0,3,0.003,0.5,2,101,0.0005946257319767531,841,3.3333333333333335,0.017838771959302592,0.059462573197675304,0.267123731325411,51,3,-0.7139261464119612,2.8503231765008725,1.0553259109727486,4.454331484976394e+21,7.025286233959876e+235,inf,1708679.9454569288,1708679.9454874666,1,7.227518372343589e-06,0.11993098258972168
0,lprand,random,0.0,0,3,0.003,0.5,2,101,0.0005946257319767531,841,3.3333333333333335,0.017838771959302592,0.059462573197675304,0.267123731325411,51,3,-0.7139261464119612,2.8503231765008725,1.055325910972751,3.3815245339365495e+21,5.333275675203457e+235,inf,1465781.5438164084,1465781.5438469462,1,7.227518372343589e-06,0.12082600593566895
0,maxentw,random,0.0,0,3,0.003,0.5,2,101,0.0005946257319767531,841,3.3333333333333335,0.017838771959302592,0.059462573197675304,0.267123731325411,50,5,-0.7139261464119612,2.8503231765008725,1.0553259109727497,3.8051735252403843e+21,6.001446743346813e+235,inf,1615250.3555095822,1615250.35554012,1,7.227518372343589e-06,7.366652250289917
0,minnorm,random,0.0,0,5,0.003,0.5,2,101,0.0005946257319767531,841,3.3333333333333335,0.017838771959302592,0.059462573197675304,0.267123731325411,0,5,-0.1652456621876232,1.9177182598938824,1.0121940502777176,39143.97451485259,6.386788631968707e+52,435.63966122862706,435.63966122862706,436.7447868614381,1,7.227518372343589e-06,0.04467296600341797
0,projgauss,random,0.0,0,5,0.003,0.5,2,101,0.0005946257319767531,841,3.3333333333333335,0.017838771959302592,0.059462573197675304,0.267123731325411,0,5,-0.1722117032916593,1.9336267063917354,1.0038244837301342,6442.558539868335,7.487278537482041e+18,9.084624561322691,9.084624561322691,10.148466107622095,1,7.227518372343589e-06,0.046772003173828125
0,spectral,random,0.0,0,5,0.003,0.5,2,101,0.0005946257319767531,841,3.3333333333333335,0.017838771959302592,0.059462573197675304,0.267123731325411,0,5,-25.374641320387234,90.19305359079178,1.919881664779842,3.7474900299930248e+239,4.1150942945641776e+284,inf,194838198.41782886,194838198.3336435,1,7.227518372343589e-06,0.052850961685180664
0,spectralg,random,0.0,0,5,0.003,0.5,2,101,0.0005946257319767531,841,3.3333333333333335,0.017838771959302592,0.059462573197675304,0.267123731325411,0,5,-25.374641320387234,90.19305359079178,1.9198812391968245,3.746801633381055e+239,4.114193360276929e+284,inf,187122229.7684754,187122229.68429005,1,7.227518372343589e-06,0.09438681602478027
0,maxent,random,0.0,0,5,0.003,0.5,2,101,0.0005946257319767531,841,3.3333333333333335,0.017838771959302592,0.059462573197675304,0.267123731325411,50,5,-0.1652456621876232,1.9177182598938824,1.0102410696444248,7998.500954932375,2.7778299198664837e+44,134.18642246970472,134.18642246970472,135.29154810251578,1,7.227518372343589e-06,1.9924898147583008
0,lp,random,0.0,0,5,0.003,0.5,2,101,0.0005946257319767531,841,3.3333333333333335,0.017838771959302592,0.059462573197675304,0.267123731325411,50,5,-0.1652456621876232,1.9177182598938824,1.0101338604106012,7377.055955649455,9.735780980200105e+43,126.40613860474406,126.40613860474406,127.51126423755511,1,7.227518372343589e-06,0.12611079216003418
0,lprand,random,0.0,0,5,0.003,0.5,2,101,0.0005946257319767531,841,3.3333333333333335,0.017838771959302592,0.059462573197675304,0.267123731325411,50,5,-0.1652456621876232,1.9177182598938824,1.0104468229870625,9415.11901826243,2.103514351015839e+45,150.95886827957824,150.95886827957824,152.0639939123893,1,7.227518372343589e-06,0.12623000144958496
0,maxentw,random,0.0,0,5,0.003,0.5,2,101,0.0005946257319767531,841,3.3333333333333335,0.017838771959302592,0.059462573197675304,0.267123731325411,50,5,-0.1652456621876232,1.9177182598938824,1.0102410696444248,7998.500954932375,2.7778299198664837e+44,134.18642246970472,134.18642246970472,135.29154810251578,1,7.227518372343589e-06,7.289405822753906
0,minnorm,random,0.0,1,3,0.003,0.5,2,101,0.0007354748983201516,680,3.3333333333333335,0.02206424694960455,0.07354748983201516,0.29708077655482557,0,3,-0.608101320275714,2.813696927525634,1.2015149688761844,2.467188634660114e+55,8.04529177166001e+80,inf,6912182.486977675,6912181.526614631,1,9.219559631179486e-06,0.09560894966125488
0,projgauss,random,0.0,1,3,0.003,0.5,2,101,0.0007354748983201516,680,3.3333333333333335,0.02206424694960455,0.07354748983201516,0.29708077655482557,0,3,-0.6090189927841362,2.811965446672572,1.201447511204923,2.376021911857891e+55,7.610043119425796e+80,inf,6856699.752909258,6856698.792546214,1,9.219559631179486e-06,0.09970402717590332
0,spectral,random,0.0,1,3,0.003,0.5,2,101,0.0007354748983201516,680,3.3333333333333335,0.02206424694960455,0.07354748983201516,0.29708077655482557,0,3,-2.4440875982338794,7.7150619179422115,1.2475927497290191,1.6567714887008162e+66,9.174282852535896e+96,inf,12629398.140626637,12629397.180263592,1,9.219559631179486e-06,0.06892991065979004
0,spectralg,random,0.0,1,3,0.003,0.5,2,101,0.0007354748983201516,680,3.3333333333333335,0.02206424694960455,0.07354748983201516,0.29708077655482557,0,3,-2.444087598233878,7.715061917942207,1.2475927497290127,1.656771488700364e+66,9.17428285253221e+96,inf,12629398.148156239,12629397.187793193,1,9.219559631179486e-06,0.13306808471679688
0,maxent,random,0.0,1,3,0.003,0.5,2,101,0.0007354748983201516,680,3.3333333333333335,0.02206424694960455,0.07354748983201516,0.29708077655482557,47,3,-0.608101320275714,2.813696927525634,1.2015149688761844,2.4590712247361887e+55,8.018821590032758e+80,inf,6914062.087582028,6914061.127218983,1,9.219559631179486e-06,3.977277994155884
0,lp,random,0.0,1,3,0.003,0.5,2,101,0.0007354748983201516,680,3.3333333333333335,0.02206424694960455,0.07354748983201516,0.29708077655482557,47,3,-0.608101320275714,2.813696927525634,1.2015149688761957,2.478420775016703e+55,8.081918823649265e+80,inf,6909779.457641846,6909778.497278801,1,9.219559631179486e-06,0.3115260601043701
0,lprand,random,0.0,1,3,0.003,0.5,2,101,0.0007354748983201516,680,3.3333333333333335,0.02206424694960455,0.07354748983201516,0.29708077655482557,47,3,-0.608101320275714,2.813696927525634,1.2015149688761817,2.729526979774991e+55,8.90075474668072e+80,inf,6855483.351522256,6855482.391159211,1,9.219559631179486e-06,0.32727622985839844
0,maxentw,random,0.0,1,3,0.003,0.5,2,101,0.0007354748983201516,680,3.3333333333333335,0.02206424694960455,0.07354748983201516,0.29708077655482557,45,5,-0.6045055491508634,2.7516228026170135,1.0772102022436132,1.8135243757085165e+22,inf,inf,2551966.9158776924,2551966.6816429193,1,9.219559631179486e-06,12.556801080703735
0,minnorm,random,0.0,1,5,0.003,0.5,2,101,0.0007354748983201516,680,3.3333333333333335,0.02206424694960455,0.07354748983201516,0.29708077655482557,0,5,-0.20343887041127315,2.1367492379871127,1.0009689193941531,4954.403333469204,102827959.17511702,4.156299385179449,4.156299385179449,4.156299385179449,0,9.219559631179486e-06,0.11603093147277832
0,projgauss,random,0.0,1,5,0.003,0.5,2,101,0.0007354748983201516,680,3.3333333333333335,0.02206424694960455,0.07354748983201516,0.29708077655482557,0,5,-0.20590975084869242,2.158620407968935,1.000837369525512,4973.981978271887,40199573.59693712,4.156384516736867,4.156384516736867,4.156384516736867,0,9.219559631179486e-06,0.07251811027526855
0,spectral,random,0.0,1,5,0.003,0.5,2,101,0.0007354748983201516,680,3.3333333333333335,0.02206424694960455,0.07354748983201516,0.29708077655482557,0,5,-25.20913602092947,85.01348538382487,6.501351213402108,nan,2.164778398406111e+82,inf,244461951535604.0,244461951535604.2,1,9.219559631179486e-06,0.09876585006713867
0,spectralg,random,0.0,1,5,0.003,0.5,2,101,0.0007354748983201516,680,3.3333333333333335,0.02206424694960455,0.07354748983201516,0.29708077655482557,0,5,-25.20913602092947,85.01348538382487,6.501351213402108,nan,2.164778398406111e+82,inf,244956788750192.3,244956788750192.5,1,9.219559631179486e-06,0.08655309677124023
0,maxent,random,0.0,1,5,0.003,0.5,2,101,0.0007354748983201516,680,3.3333333333333335,0.02206424694960455,0.07354748983201516,0.29708077655482557,45,5,-0.20343887041127315,2.1367492379871127,1.0003404865064027,6959.252141207291,1833472.6575825736,4.130323546304212,4.130323546304212,4.130323546304212,0,9.219559631179486e-06,3.832496166229248
0,lp,random,0.0,1,5,0.003,0.5,2,101,0.0007354748983201516,680,3.3333333333333335,0.02206424694960455,0.07354748983201516,0.29708077655482557,45,5,-0.20343887041127315,2.1367492379871127,1.0000020692318894,8622.959471945607,1796223.5438743308,4.12330800106588,4.12330800106588,4.12330800106588,0,9.219559631179486e-06,0.4558582305908203
0,lprand,random,0.0,1,5,0.003,0.5,2,101,0.0007354748983201516,680,3.3333333333333335,0.02206424694960455,0.07354748983201516,0.29708077655482557,45,5,-0.20343887041127315,2.1367492379871127,1.0000015170724799,8793.737312354748,1823068.89631089,4.131369957133145,4.131369957133145,4.131369957133145,0,9.219559631179486e-06,0.4690580368041992
0,maxentw,random,0.0,1,5,0.003,0.5,2,101,0.0007354748983201516,680,3.3333333333333335,0.02206424694960455,0.07354748983201516,0.29708077655482557,45,5,-0.20343887041127315,2.1367492379871127,1.0003404865064027,6959.252141207291,1833472.6575825736,4.130323546304212,4.130323546304212,4.130323546304212,0,9.219559631179486e-06,12.23175597190857
