periodic,arm,kind,disorder,seed,K,alpha,safety,levels,nx,dt,nt,Pe,r_mean,nu_mean,hmin_over_h,n_fallback,K_used_max,min_w,max_l1,rho,pow_nt,growth,errT,errmax,maxu,blowup,ref_floor,secs
0,minnorm,jitter,0.0,0,3,0.1,0.9,1,101,0.00044999999999999077,1112,0.09999999999999999,0.4499999999999908,0.044999999999999075,0.9999999999999898,0,3,0.0,1.000000000000001,0.9984322856291716,0.6488409145469133,1.000000000000002,0.0004583083746664274,0.0005103447415983897,1.2737602711630365,0,7.341349750333848e-15,0.009404897689819336
0,projgauss,jitter,0.0,0,3,0.1,0.9,1,101,0.00044999999999999077,1112,0.09999999999999999,0.4499999999999908,0.044999999999999075,0.9999999999999898,0,3,0.0,1.0000000000000002,0.9984322856291683,0.6488409145469612,1.0000000000000007,0.0004583083746315664,0.0005103447416016094,1.2737602711630351,0,7.341349750333848e-15,0.010206937789916992
0,spectral,jitter,0.0,0,3,0.1,0.9,1,101,0.00044999999999999077,1112,0.09999999999999999,0.4499999999999908,0.044999999999999075,0.9999999999999898,0,3,0.0,1.000000000000001,0.9984322856291716,0.6488409145469133,1.000000000000002,0.0004583083746664274,0.0005103447415983897,1.2737602711630365,0,7.341349750333848e-15,0.009830951690673828
0,spectralg,jitter,0.0,0,3,0.1,0.9,1,101,0.00044999999999999077,1112,0.09999999999999999,0.4499999999999908,0.044999999999999075,0.9999999999999898,0,3,0.0,1.000000000000001,0.9984322856291716,0.6488409145469133,1.000000000000002,0.0004583083746664274,0.0005103447415983897,1.2737602711630365,0,7.341349750333848e-15,0.011030197143554688
0,molfe,jitter,0.0,0,3,0.1,0.9,1,101,0.00044999999999999077,1112,0.09999999999999999,0.4499999999999908,0.044999999999999075,0.9999999999999898,0,3,0.0,1.0,0.9984307557908485,0.6497009889554408,1.0,0.0005707911622512274,0.0007536284474864985,1.27381505086785,0,7.341349750333848e-15,0.011091947555541992
0,molrk3,jitter,0.0,0,3,0.1,0.9,1,101,0.00044999999999999077,1112,0.09999999999999999,0.4499999999999908,0.044999999999999075,0.9999999999999898,0,3,0.0,1.0,0.9984319864104922,0.6496634118373764,1.0,0.0002691002078506477,0.00029954319690062015,1.2737542684569583,0,7.341349750333848e-15,0.010012149810791016
0,maxent,jitter,0.0,0,3,0.1,0.9,1,101,0.00044999999999999077,1112,0.09999999999999999,0.4499999999999908,0.044999999999999075,0.9999999999999898,0,3,0.0,1.0000000000000002,0.9984322856291696,0.6488409145471016,1.0000000000000013,0.0004583083745111072,0.0005103447415392148,1.2737602711630378,0,7.341349750333848e-15,0.020369768142700195
0,lp,jitter,0.0,0,3,0.1,0.9,1,101,0.00044999999999999077,1112,0.09999999999999999,0.4499999999999908,0.044999999999999075,0.9999999999999898,0,3,0.0,1.0,0.99843228562917,0.6488409145469501,1.0,0.00045830837464244656,0.0005103447416079376,1.2737602711630343,0,7.341349750333848e-15,0.052683115005493164
0,lprand,jitter,0.0,0,3,0.1,0.9,1,101,0.00044999999999999077,1112,0.09999999999999999,0.4499999999999908,0.044999999999999075,0.9999999999999898,0,3,0.0,1.0,0.99843228562917,0.6488409145469501,1.0,0.00045830837464244656,0.0005103447416079376,1.2737602711630343,0,7.341349750333848e-15,0.05157780647277832
0,maxentw,jitter,0.0,0,3,0.1,0.9,1,101,0.00044999999999999077,1112,0.09999999999999999,0.4499999999999908,0.044999999999999075,0.9999999999999898,0,3,0.0,1.0000000000000002,0.9984322856291696,0.6488409145471016,1.0000000000000013,0.0004583083745111072,0.0005103447415392148,1.2737602711630378,0,7.341349750333848e-15,0.02080082893371582
0,minnorm,jitter,0.0,0,5,0.1,0.9,1,101,0.00044999999999999077,1112,0.09999999999999999,0.4499999999999908,0.044999999999999075,0.9999999999999898,0,5,-0.017853571428574282,1.0357071428571483,0.9984323907536117,0.6495166814473705,1.035707142857148,0.0003956033539944115,0.0003956033539944115,1.2737474501067934,0,7.341349750333848e-15,0.010512113571166992
0,projgauss,jitter,0.0,0,5,0.1,0.9,1,101,0.00044999999999999077,1112,0.09999999999999999,0.4499999999999908,0.044999999999999075,0.9999999999999898,0,5,0.0,1.0000000000000002,0.9984321978451275,0.6491766621566792,1.0000000000000004,0.0001946964946804297,0.00028366512993389936,1.2737561715525185,0,7.341349750333848e-15,0.011727094650268555
0,spectral,jitter,0.0,0,5,0.1,0.9,1,101,0.00044999999999999077,1112,0.09999999999999999,0.4499999999999908,0.044999999999999075,0.9999999999999898,0,5,0.0,1.0000000000000004,0.9984321646549034,0.6491213677085547,1.0000000000000053,0.00019246322560573237,0.0002970497530681987,1.2737575509705277,0,7.341349750333848e-15,0.016234159469604492
0,spectralg,jitter,0.0,0,5,0.1,0.9,1,101,0.00044999999999999077,1112,0.09999999999999999,0.4499999999999908,0.044999999999999075,0.9999999999999898,0,5,0.0,1.0000000000000004,0.9984321646549034,0.6491213677085547,1.0000000000000053,0.00019246322560573237,0.0002970497530681987,1.2737575509705277,0,7.341349750333848e-15,0.027720928192138672
0,molfe,jitter,0.0,0,5,0.1,0.9,1,101,0.00044999999999999077,1112,0.09999999999999999,0.4499999999999908,0.044999999999999075,0.9999999999999898,0,5,-0.14142857142856843,1.433285714285705,1.2562260555315339,2.3600960854035836e+110,2.3600960854035836e+110,inf,1459526.3220160159,1459526.7545603386,1,7.341349750333848e-15,0.009325981140136719
0,molrk3,jitter,0.0,0,5,0.1,0.9,1,101,0.00044999999999999077,1112,0.09999999999999999,0.4499999999999908,0.044999999999999075,0.9999999999999898,0,5,-0.11845728824070492,1.3900944939201818,1.2918555678953518,7.885047087855338e+123,7.885047087855338e+123,inf,26027672.563317794,26027673.083847776,1,7.341349750333848e-15,0.008774042129516602
0,maxent,jitter,0.0,0,5,0.1,0.9,1,101,0.00044999999999999077,1112,0.09999999999999999,0.4499999999999908,0.044999999999999075,0.9999999999999898,0,5,0.0,1.0000000000000002,0.9984321602942836,0.6491253347876862,1.000000000000001,0.0001224489684591018,0.00018351714567901856,1.2737571855295338,0,7.341349750333848e-15,0.020210981369018555
0,lp,jitter,0.0,0,5,0.1,0.9,1,101,0.00044999999999999077,1112,0.09999999999999999,0.4499999999999908,0.044999999999999075,0.9999999999999898,0,5,0.0,1.0000000000000002,0.9984351974175355,0.6562807867961289,1.0000000000000009,0.008490985132611706,0.008490985132611706,1.273611825600677,0,7.341349750333848e-15,0.05355072021484375
0,lprand,jitter,0.0,0,5,0.1,0.9,1,101,0.00044999999999999077,1112,0.09999999999999999,0.4499999999999908,0.044999999999999075,0.9999999999999898,0,5,0.0,1.0000000000000002,0.9984329677976268,0.6498833079927566,1.0000000000000009,0.0020085331512262883,0.0022682189118901075,1.273830894296799,0,7.341349750333848e-15,0.05237388610839844
0,maxentw,jitter,0.0,0,5,0.1,0.9,1,101,0.00044999999999999077,1112,0.09999999999999999,0.4499999999999908,0.044999999999999075,0.9999999999999898,0,5,0.0,1.0000000000000002,0.9984321602942836,0.6491253347876862,1.000000000000001,0.0001224489684591018,0.00018351714567901856,1.2737571855295338,0,7.341349750333848e-15,0.020180940628051758
0,minnorm,jitter,0.0,0,7,0.1,0.9,1,101,0.00044999999999999077,1112,0.09999999999999999,0.4499999999999908,0.044999999999999075,0.9999999999999898,0,7,-0.08970089285714423,1.1794017857142882,0.9984338790423,0.6512561289849138,1.1794017857142882,0.002016763615642181,0.002016763615642181,1.2736945013504968,0,7.341349750333848e-15,0.009259700775146484
0,projgauss,jitter,0.0,0,7,0.1,0.9,1,101,0.00044999999999999077,1112,0.09999999999999999,0.4499999999999908,0.044999999999999075,0.9999999999999898,0,7,-0.025684921769083095,1.0711290565072193,0.9984323589897197,0.6493881636529848,1.0711290565072193,0.00044943190673407685,0.0006362607919598029,1.2737516168904914,0,7.341349750333848e-15,0.01004791259765625
0,spectral,jitter,0.0,0,7,0.1,0.9,1,101,0.00044999999999999077,1112,0.09999999999999999,0.4499999999999908,0.044999999999999075,0.9999999999999898,0,7,-0.022039883396910084,1.058606731388395,0.9984322004792838,0.6492391624318246,1.058606731388395,0.00046143096377479487,0.0006689906383286481,1.273756383516631,0,7.341349750333848e-15,0.015121936798095703
0,spectralg,jitter,0.0,0,7,0.1,0.9,1,101,0.00044999999999999077,1112,0.09999999999999999,0.4499999999999908,0.044999999999999075,0.9999999999999898,0,7,-0.022039883396910084,1.058606731388395,0.9984322004792838,0.6492391624318246,1.058606731388395,0.00046143096377479487,0.0006689906383286481,1.273756383516631,0,7.341349750333848e-15,0.030121326446533203
0,molfe,jitter,0.0,0,7,0.1,0.9,1,101,0.00044999999999999077,1112,0.09999999999999999,0.4499999999999908,0.044999999999999075,0.9999999999999898,0,7,-0.05142857142857043,1.2635714285714232,1.097227215235305,1.2953534864184843e+45,1.2953534864184843e+45,inf,3926833.8977378416,3926834.387931293,1,7.341349750333848e-15,0.008688211441040039
0,molrk3,jitter,0.0,0,7,0.1,0.9,1,101,0.00044999999999999077,1112,0.09999999999999999,0.4499999999999908,0.044999999999999075,0.9999999999999898,0,7,-0.04734011146478598,1.2525680875888257,1.1021057137129813,1.828464494129909e+47,1.828464494129909e+47,inf,1487635.385422983,1487635.9075859515,1,7.341349750333848e-15,0.007919073104858398
0,maxent,jitter,0.0,0,7,0.1,0.9,1,101,0.00044999999999999077,1112,0.09999999999999999,0.4499999999999908,0.044999999999999075,0.9999999999999898,0,7,0.0,1.0000000000000002,0.9984321331224756,0.6491879828243745,1.0000000000000013,0.00015525865819986107,0.00020437844747459022,1.2737565177804422,0,7.341349750333848e-15,0.12853407859802246
0,lp,jitter,0.0,0,7,0.1,0.9,1,101,0.00044999999999999077,1112,0.09999999999999999,0.4499999999999908,0.044999999999999075,0.9999999999999898,0,7,0.0,1.0,0.9984370726336724,0.6638983595706139,1.0000000000000004,0.017425005785686176,0.017425005785686176,1.2734905811720136,0,7.341349750333848e-15,0.054170846939086914
0,lprand,jitter,0.0,0,7,0.1,0.9,1,101,0.00044999999999999077,1112,0.09999999999999999,0.4499999999999908,0.044999999999999075,0.9999999999999898,0,7,0.0,1.0,0.9984319150898792,0.6507269681262713,1.0000000000000007,0.00361635205037536,0.00361635205037536,1.2738487712367488,0,7.341349750333848e-15,0.05500483512878418
0,maxentw,jitter,0.0,0,7,0.1,0.9,1,101,0.00044999999999999077,1112,0.09999999999999999,0.4499999999999908,0.044999999999999075,0.9999999999999898,0,7,0.0,1.0000000000000002,0.9984321331224756,0.6491879828243745,1.0000000000000013,0.00015525865819986107,0.00020437844747459022,1.2737565177804422,0,7.341349750333848e-15,0.12893986701965332
0,minnorm,jitter,0.1,0,3,0.1,0.9,1,101,0.00029477572739080264,1697,0.09999999999999999,0.29477572739080266,0.029477572739080263,0.8093560230081454,0,3,0.0,1.0000000000000009,0.9989727108706672,0.6491577688680875,1.0000000000000036,0.00020411205345977068,0.0002254334319435891,1.2742485282667029,0,5.537237335317968e-15,0.011562824249267578
0,projgauss,jitter,0.1,0,3,0.1,0.9,1,101,0.00029477572739080264,1697,0.09999999999999999,0.29477572739080266,0.029477572739080263,0.8093560230081454,0,3,0.0,1.0000000000000002,0.9989727108706691,0.649157768868117,1.0000000000000007,0.00020411205344500472,0.00022543343194469934,1.2742485282667055,0,5.537237335317968e-15,0.013427972793579102
0,spectral,jitter,0.1,0,3,0.1,0.9,1,101,0.00029477572739080264,1697,0.09999999999999999,0.29477572739080266,0.029477572739080263,0.8093560230081454,0,3,0.0,1.0000000000000009,0.9989727108706672,0.6491577688680875,1.0000000000000036,0.00020411205345977068,0.0002254334319435891,1.2742485282667029,0,5.537237335317968e-15,0.011262893676757812
0,spectralg,jitter,0.1,0,3,0.1,0.9,1,101,0.00029477572739080264,1697,0.09999999999999999,0.29477572739080266,0.029477572739080263,0.8093560230081454,0,3,0.0,1.0000000000000009,0.9989727108706672,0.6491577688680875,1.0000000000000036,0.00020411205345977068,0.0002254334319435891,1.2742485282667029,0,5.537237335317968e-15,0.01332998275756836
0,molfe,jitter,0.1,0,3,0.1,0.9,1,101,0.00029477572739080264,1697,0.09999999999999999,0.29477572739080266,0.029477572739080263,0.8093560230081454,0,3,0.0,1.0000000000000002,0.9989720535454878,0.6497228097502735,1.0000000000000002,0.0004724463103430443,0.0005146164534534092,1.2742844191763405,0,5.537237335317968e-15,0.011970043182373047
0,molrk3,jitter,0.1,0,3,0.1,0.9,1,101,0.00029477572739080264,1697,0.09999999999999999,0.29477572739080266,0.029477572739080263,0.8093560230081454,0,3,0.0,1.0000000000000002,0.9989725817014093,0.649697045819555,1.0000000000000004,0.0002767602813863457,0.000308185084612278,1.2742469476221017,0,5.537237335317968e-15,0.011394262313842773
0,maxent,jitter,0.1,0,3,0.1,0.9,1,101,0.00029477572739080264,1697,0.09999999999999999,0.29477572739080266,0.029477572739080263,0.8093560230081454,0,3,0.0,1.0000000000000002,0.998972710870671,0.6491577688465722,1.0000000000000007,0.00020411208798870595,0.00022543343197900523,1.2742485282667038,0,5.537237335317968e-15,0.050882816314697266
0,lp,jitter,0.1,0,3,0.1,0.9,1,101,0.00029477572739080264,1697,0.09999999999999999,0.29477572739080266,0.029477572739080263,0.8093560230081454,0,3,0.0,1.0,0.9989727108706653,0.6491577688681119,1.0000000000000004,0.00020411205345055583,0.0002254334319405915,1.274248528266705,0,5.537237335317968e-15,0.052366018295288086
0,lprand,jitter,0.1,0,3,0.1,0.9,1,101,0.00029477572739080264,1697,0.09999999999999999,0.29477572739080266,0.029477572739080263,0.8093560230081454,0,3,0.0,1.0,0.9989727108706662,0.6491577688681119,1.0000000000000004,0.00020411205345055583,0.0002254334319405915,1.274248528266705,0,5.537237335317968e-15,0.05123615264892578
0,maxentw,jitter,0.1,0,3,0.1,0.9,1,101,0.00029477572739080264,1697,0.09999999999999999,0.29477572739080266,0.029477572739080263,0.8093560230081454,0,3,0.0,1.0000000000000002,0.998972710870671,0.6491577688465722,1.0000000000000007,0.00020411208798870595,0.00022543343197900523,1.2742485282667038,0,5.537237335317968e-15,0.049059152603149414
0,minnorm,jitter,0.1,0,5,0.1,0.9,1,101,0.00029477572739080264,1697,0.09999999999999999,0.29477572739080266,0.029477572739080263,0.8093560230081454,0,5,-0.05496090157576034,1.1099218031515208,0.9989729818756284,0.6500058455269859,1.1099218031515208,0.0007864995066723668,0.0007864995066723668,1.2742314072727272,0,5.537237335317968e-15,0.01058506965637207
0,projgauss,jitter,0.1,0,5,0.1,0.9,1,101,0.00029477572739080264,1697,0.09999999999999999,0.29477572739080266,0.029477572739080263,0.8093560230081454,0,5,-0.010965204201169117,1.0219304084023384,0.9989728302060349,0.6496447929632921,1.0219304084023384,0.00039307926776205315,0.00039307926776205315,1.2742397138649375,0,5.537237335317968e-15,0.013108015060424805
0,spectral,jitter,0.1,0,5,0.1,0.9,1,101,0.00029477572739080264,1697,0.09999999999999999,0.29477572739080266,0.029477572739080263,0.8093560230081454,0,5,-0.021042166433697947,1.042084332867396,0.9989726663643904,0.6492825244827467,1.0420843328673959,0.00010869028382463897,0.0001481141937072633,1.2742496345989336,0,5.537237335317968e-15,0.017644882202148438
0,spectralg,jitter,0.1,0,5,0.1,0.9,1,101,0.00029477572739080264,1697,0.09999999999999999,0.29477572739080266,0.029477572739080263,0.8093560230081454,0,5,-0.021042166433697947,1.042084332867396,0.9989726663643904,0.6492825244827467,1.0420843328673959,0.00010869028382463897,0.0001481141937072633,1.2742496345989336,0,5.537237335317968e-15,0.02833390235900879
0,molfe,jitter,0.1,0,5,0.1,0.9,1,101,0.00029477572739080264,1697,0.09999999999999999,0.29477572739080266,0.029477572739080263,0.8093560230081454,0,5,-0.09329626535918821,1.288436530293501,1.1675296851957497,2.3813095226946728e+114,2.3813095226946728e+114,inf,2182991.7745256503,2182992.2061438933,1,5.537237335317968e-15,0.008440971374511719
0,molrk3,jitter,0.1,0,5,0.1,0.9,1,101,0.00029477572739080264,1697,0.09999999999999999,0.29477572739080266,0.029477572739080263,0.8093560230081454,0,5,-0.08301168175811277,1.2681736195775306,1.1823464363872513,4.727250367299357e+123,4.727250367299357e+123,inf,15116254.051650975,15116254.483269218,1,5.537237335317968e-15,0.008676290512084961
0,maxent,jitter,0.1,0,5,0.1,0.9,1,101,0.00029477572739080264,1697,0.09999999999999999,0.29477572739080266,0.029477572739080263,0.8093560230081454,0,5,0.0,1.0000000000000002,0.9989726647351356,0.6493067142792578,1.000000000000001,7.74465225905352e-05,0.00010289644959816935,1.2742477117080746,0,5.537237335317968e-15,0.18023896217346191
0,lp,jitter,0.1,0,5,0.1,0.9,1,101,0.00029477572739080264,1697,0.09999999999999999,0.29477572739080266,0.029477572739080263,0.8093560230081454,0,5,0.0,1.0,0.9989737273014125,0.653277593633059,1.0000000000000004,0.004625711797673626,0.004625711797673626,1.2741842032937591,0,5.537237335317968e-15,0.05335187911987305
0,lprand,jitter,0.1,0,5,0.1,0.9,1,101,0.00029477572739080264,1697,0.09999999999999999,0.29477572739080266,0.029477572739080263,0.8093560230081454,0,5,0.0,1.0,0.9989724718846873,0.6488345909217045,1.0000000000000004,0.0011916862931968253,0.001225649142344798,1.2742397423331553,0,5.537237335317968e-15,0.054708003997802734
0,maxentw,jitter,0.1,0,5,0.1,0.9,1,101,0.00029477572739080264,1697,0.09999999999999999,0.29477572739080266,0.029477572739080263,0.8093560230081454,0,5,0.0,1.0000000000000002,0.9989726647351356,0.6493067142792578,1.000000000000001,7.74465225905352e-05,0.00010289644959816935,1.2742477117080746,0,5.537237335317968e-15,0.1816871166229248
0,minnorm,jitter,0.1,0,7,0.1,0.9,1,101,0.00029477572739080264,1697,0.09999999999999999,0.29477572739080266,0.029477572739080263,0.8093560230081454,0,7,-0.11205409040930332,1.2723593543885015,0.9989747478891079,0.6523722390376915,1.2723593543885015,0.0027544884032819628,0.0027544884032819628,1.2741462166613622,0,5.537237335317968e-15,0.01077413558959961
0,projgauss,jitter,0.1,0,7,0.1,0.9,1,101,0.00029477572739080264,1697,0.09999999999999999,0.29477572739080266,0.029477572739080263,0.8093560230081454,0,7,-0.02900931944196362,1.105954549555341,0.9989733341943884,0.6501689320584059,1.105954549555341,0.0007391611327965952,0.0007391611327965952,1.2742176782132075,0,5.537237335317968e-15,0.01144099235534668
0,spectral,jitter,0.1,0,7,0.1,0.9,1,101,0.00029477572739080264,1697,0.09999999999999999,0.29477572739080266,0.029477572739080263,0.8093560230081454,0,7,-0.05329255674497263,1.1486345039292427,0.9989726749735722,0.6493552013147642,1.1486345039292427,0.00014022634226434905,0.00019713014057202993,1.2742455797417298,0,5.537237335317968e-15,0.01704716682434082
0,spectralg,jitter,0.1,0,7,0.1,0.9,1,101,0.00029477572739080264,1697,0.09999999999999999,0.29477572739080266,0.029477572739080263,0.8093560230081454,0,7,-0.05329255674497263,1.1486345039292427,0.9989726749735722,0.6493552013147642,1.1486345039292427,0.00014022634226434905,0.00019713014057202993,1.2742455797417298,0,5.537237335317968e-15,0.03285717964172363
0,molfe,jitter,0.1,0,7,0.1,0.9,1,101,0.00029477572739080264,1697,0.09999999999999999,0.29477572739080266,0.029477572739080263,0.8093560230081454,0,7,-0.0321270182417647,1.1681413209608047,1.0637540283950804,1.1331844912399082e+46,8.680520192768682e+268,inf,3909204.5683714454,3909205.064541769,1,5.537237335317968e-15,0.008912801742553711
0,molrk3,jitter,0.1,0,7,0.1,0.9,1,101,0.00029477572739080264,1697,0.09999999999999999,0.29477572739080266,0.029477572739080263,0.8093560230081454,0,7,-0.030509033327215867,1.1636303992688195,1.0658291034271608,3.166159035911051e+47,2.5826398834147584e+277,inf,1044044.0477670932,1044044.5758191543,1,5.537237335317968e-15,0.007980108261108398
0,maxent,jitter,0.1,0,7,0.1,0.9,1,101,0.00029477572739080264,1697,0.09999999999999999,0.29477572739080266,0.029477572739080263,0.8093560230081454,0,7,0.0,1.0000000000000004,0.9989726617382498,0.6493158311423399,1.0000000000000013,8.241541231177041e-05,0.00010392324344514481,1.2742475698976805,0,5.537237335317968e-15,0.025712251663208008
0,lp,jitter,0.1,0,7,0.1,0.9,1,101,0.00029477572739080264,1697,0.09999999999999999,0.29477572739080266,0.029477572739080263,0.8093560230081454,0,7,0.0,1.0,0.9989774812196439,0.6584243163158223,1.0000000000000004,0.009604753409055256,0.009604753409055256,1.2742048821089014,0,5.537237335317968e-15,0.05468010902404785
0,lprand,jitter,0.1,0,7,0.1,0.9,1,101,0.00029477572739080264,1697,0.09999999999999999,0.29477572739080266,0.029477572739080263,0.8093560230081454,0,7,0.0,1.0,0.998977976186372,0.6535010469857556,1.0000000000000004,0.002329505853856384,0.002492796911394035,1.2742685033884011,0,5.537237335317968e-15,0.05680418014526367
0,maxentw,jitter,0.1,0,7,0.1,0.9,1,101,0.00029477572739080264,1697,0.09999999999999999,0.29477572739080266,0.029477572739080263,0.8093560230081454,0,7,0.0,1.0000000000000004,0.9989726617382498,0.6493158311423399,1.0000000000000013,8.241541231177041e-05,0.00010392324344514481,1.2742475698976805,0,5.537237335317968e-15,0.026265859603881836
0,minnorm,jitter,0.1,1,3,0.1,0.9,1,101,0.0003058797147128972,1635,0.09999999999999999,0.3058797147128972,0.03058797147128972,0.8244590343746583,0,3,0.0,1.0000000000000009,0.9989340394933325,0.6493139352125843,1.0000000000000024,0.00022169080338252378,0.0002462724246460324,1.27410239511046,0,8.1601392309949e-15,0.01259613037109375
0,projgauss,jitter,0.1,1,3,0.1,0.9,1,101,0.0003058797147128972,1635,0.09999999999999999,0.3058797147128972,0.03058797147128972,0.8244590343746583,0,3,0.0,1.0000000000000002,0.9989340394933313,0.6493139352126104,1.0000000000000009,0.0002216908033607634,0.00024627242461261467,1.274102395110465,0,8.1601392309949e-15,0.012998104095458984
0,spectral,jitter,0.1,1,3,0.1,0.9,1,101,0.0003058797147128972,1635,0.09999999999999999,0.3058797147128972,0.03058797147128972,0.8244590343746583,0,3,0.0,1.0000000000000009,0.9989340394933325,0.6493139352125843,1.0000000000000024,0.00022169080338252378,0.0002462724246460324,1.27410239511046,0,8.1601392309949e-15,0.012743949890136719
0,spectralg,jitter,0.1,1,3,0.1,0.9,1,101,0.0003058797147128972,1635,0.09999999999999999,0.3058797147128972,0.03058797147128972,0.8244590343746583,0,3,0.0,1.0000000000000009,0.9989340394933325,0.6493139352125843,1.0000000000000024,0.00022169080338252378,0.0002462724246460324,1.27410239511046,0,8.1601392309949e-15,0.013462066650390625
0,molfe,jitter,0.1,1,3,0.1,0.9,1,101,0.0003058797147128972,1635,0.09999999999999999,0.3058797147128972,0.03058797147128972,0.8244590343746583,0,3,0.0,1.0000000000000002,0.9989333317748124,0.6499000116697292,1.0000000000000002,0.0004846552184273323,0.000534584676429084,1.274139860670772,0,8.1601392309949e-15,0.011481046676635742
0,molrk3,jitter,0.1,1,3,0.1,0.9,1,101,0.0003058797147128972,1635,0.09999999999999999,0.3058797147128972,0.03058797147128972,0.8244590343746583,0,3,0.0,1.0000000000000002,0.9989339004630879,0.649873224126188,1.0000000000000002,0.0002777168478741432,0.0003083334742783883,1.2741007377755227,0,8.1601392309949e-15,0.01293802261352539
0,maxent,jitter,0.1,1,3,0.1,0.9,1,101,0.0003058797147128972,1635,0.09999999999999999,0.3058797147128972,0.03058797147128972,0.8244590343746583,0,3,0.0,1.0000000000000002,0.9989340394933981,0.6493139352282388,1.0000000000000004,0.0002216908235690429,0.0002462724249183701,1.2741023951104642,0,8.1601392309949e-15,0.052748918533325195
0,lp,jitter,0.1,1,3,0.1,0.9,1,101,0.0003058797147128972,1635,0.09999999999999999,0.3058797147128972,0.03058797147128972,0.8244590343746583,0,3,0.0,1.0,0.9989340394933303,0.6493139352125907,1.0000000000000004,0.00022169080338085845,0.00024627242461949805,1.2741023951104633,0,8.1601392309949e-15,0.05443906784057617
0,lprand,jitter,0.1,1,3,0.1,0.9,1,101,0.0003058797147128972,1635,0.09999999999999999,0.3058797147128972,0.03058797147128972,0.8244590343746583,0,3,0.0,1.0,0.9989340394933289,0.6493139352125918,1.0000000000000004,0.00022169080338030334,0.0002462724246197201,1.2741023951104633,0,8.1601392309949e-15,0.05166912078857422
0,maxentw,jitter,0.1,1,3,0.1,0.9,1,101,0.0003058797147128972,1635,0.09999999999999999,0.3058797147128972,0.03058797147128972,0.8244590343746583,0,3,0.0,1.0000000000000002,0.9989340394933981,0.6493139352282388,1.0000000000000004,0.0002216908235690429,0.0002462724249183701,1.2741023951104642,0,8.1601392309949e-15,0.05087900161743164
0,minnorm,jitter,0.1,1,5,0.1,0.9,1,101,0.0003058797147128972,1635,0.09999999999999999,0.3058797147128972,0.03058797147128972,0.8244590343746583,0,5,-0.05895652183535783,1.117913043670715,0.9989342811702678,0.6501191555746026,1.117913043670715,0.0007241178220249167,0.0007241178220249167,1.2740885696552517,0,8.1601392309949e-15,0.010837078094482422
0,projgauss,jitter,0.1,1,5,0.1,0.9,1,101,0.0003058797147128972,1635,0.09999999999999999,0.3058797147128972,0.03058797147128972,0.8244590343746583,0,5,-0.012293221872588148,1.0245864437451764,0.9989341390976152,0.6497795316118049,1.0245864437451762,0.0003543949565619764,0.0003543949565619764,1.2740950181350916,0,8.1601392309949e-15,0.013396978378295898
0,spectral,jitter,0.1,1,5,0.1,0.9,1,101,0.0003058797147128972,1635,0.09999999999999999,0.3058797147128972,0.03058797147128972,0.8244590343746583,0,5,-0.01801682890178352,1.036033657803566,0.9989339914047716,0.649428016773959,1.036033657803566,5.673630611813252e-05,0.00023304742546387258,1.274103516387809,0,8.1601392309949e-15,0.01777482032775879
0,spectralg,jitter,0.1,1,5,0.1,0.9,1,101,0.0003058797147128972,1635,0.09999999999999999,0.3058797147128972,0.03058797147128972,0.8244590343746583,0,5,-0.01801682890178352,1.036033657803566,0.9989339914047716,0.649428016773959,1.036033657803566,5.673630611813252e-05,0.00023304742546387258,1.274103516387809,0,8.1601392309949e-15,0.029853105545043945
0,molfe,jitter,0.1,1,5,0.1,0.9,1,101,0.0003058797147128972,1635,0.09999999999999999,0.3058797147128972,0.03058797147128972,0.8244590343746583,0,5,-0.08740669022608884,1.2866451062155773,1.1737486385757843,9.993641061351281e+113,9.993641061351281e+113,inf,2740694.314645591,2740693.8373074764,1,8.1601392309949e-15,0.00849771499633789
0,molrk3,jitter,0.1,1,5,0.1,0.9,1,101,0.0003058797147128972,1635,0.09999999999999999,0.3058797147128972,0.03058797147128972,0.8244590343746583,0,5,-0.07735388864657872,1.2674181023661557,1.1897171376642532,4.0081100358636393e+123,4.0081100358636393e+123,inf,21236044.76512379,21236044.19969859,1,8.1601392309949e-15,0.008764028549194336
0,maxent,jitter,0.1,1,5,0.1,0.9,1,101,0.0003058797147128972,1635,0.09999999999999999,0.3058797147128972,0.03058797147128972,0.8244590343746583,0,5,0.0,1.0000000000000002,0.9989339862134178,0.6494744179429625,1.0000000000000013,6.246154463668274e-05,8.290524984111425e-05,1.2741020512759722,0,8.1601392309949e-15,0.0988302230834961
0,lp,jitter,0.1,1,5,0.1,0.9,1,101,0.0003058797147128972,1635,0.09999999999999999,0.3058797147128972,0.03058797147128972,0.8244590343746583,0,5,0.0,1.0,0.9989350121146378,0.6530656531669177,1.0000000000000002,0.004329374904158745,0.004329374904158745,1.274070789787436,0,8.1601392309949e-15,0.053359031677246094
0,lprand,jitter,0.1,1,5,0.1,0.9,1,101,0.0003058797147128972,1635,0.09999999999999999,0.3058797147128972,0.03058797147128972,0.8244590343746583,0,5,0.0,1.0,0.9989328615355085,0.6495343801256092,1.0000000000000002,0.0008713425840193301,0.0010500940184998697,1.2741051085494828,0,8.1601392309949e-15,0.053952932357788086
0,maxentw,jitter,0.1,1,5,0.1,0.9,1,101,0.0003058797147128972,1635,0.09999999999999999,0.3058797147128972,0.03058797147128972,0.8244590343746583,0,5,0.0,1.0000000000000002,0.9989339862134178,0.6494744179429625,1.0000000000000013,6.246154463668274e-05,8.290524984111425e-05,1.2741020512759722,0,8.1601392309949e-15,0.09955883026123047
0,minnorm,jitter,0.1,1,7,0.1,0.9,1,101,0.0003058797147128972,1635,0.09999999999999999,0.3058797147128972,0.03058797147128972,0.8244590343746583,0,7,-0.10858957181797314,1.2640313703054284,0.9989359533505435,0.6524071902726997,1.264031370305429,0.0026629081200917337,0.0026629081200917337,1.2740207154120886,0,8.1601392309949e-15,0.012453794479370117
0,projgauss,jitter,0.1,1,7,0.1,0.9,1,101,0.0003058797147128972,1635,0.09999999999999999,0.3058797147128972,0.03058797147128972,0.8244590343746583,0,7,-0.027297242554429703,1.0966776879424094,0.998934624099334,0.6502905874509167,1.0966776879424094,0.0007228373853662706,0.0007228373853662706,1.2740754444833629,0,8.1601392309949e-15,0.013051271438598633
0,spectral,jitter,0.1,1,7,0.1,0.9,1,101,0.0003058797147128972,1635,0.09999999999999999,0.3058797147128972,0.03058797147128972,0.8244590343746583,0,7,-0.04208501191794034,1.1183276412022265,0.9989340475873401,0.6495454932228302,1.1183276412022265,8.333575069754962e-05,0.0006243927527212756,1.2740991245395046,0,8.1601392309949e-15,0.01819586753845215
0,spectralg,jitter,0.1,1,7,0.1,0.9,1,101,0.0003058797147128972,1635,0.09999999999999999,0.3058797147128972,0.03058797147128972,0.8244590343746583,0,7,-0.04208501191794034,1.1183276412022265,0.9989340475873401,0.6495454932228302,1.1183276412022265,8.333575069754962e-05,0.0006243927527212756,1.2740991245395046,0,8.1601392309949e-15,0.03167319297790527
0,molfe,jitter,0.1,1,7,0.1,0.9,1,101,0.0003058797147128972,1635,0.09999999999999999,0.3058797147128972,0.03058797147128972,0.8244590343746583,0,7,-0.034923532175174625,1.1804352003598648,1.0661968714577683,9.8882006241709e+45,7.024280295161367e+278,inf,5808720.622053659,5808721.018072195,1,8.1601392309949e-15,0.009339094161987305
0,molrk3,jitter,0.1,1,7,0.1,0.9,1,101,0.0003058797147128972,1635,0.09999999999999999,0.3058797147128972,0.03058797147128972,0.8244590343746583,0,7,-0.033023157900095405,1.1752387611433694,1.0684359326198831,3.0815033708114492e+47,9.447335001025057e+287,inf,1582453.8393295486,1582454.262724808,1,8.1601392309949e-15,0.008900880813598633
0,maxent,jitter,0.1,1,7,0.1,0.9,1,101,0.0003058797147128972,1635,0.09999999999999999,0.3058797147128972,0.03058797147128972,0.8244590343746583,0,7,0.0,1.0000000000000004,0.9989339828875844,0.6494871431239141,1.0000000000000013,7.312730519926092e-05,8.866720875688738e-05,1.2741021811989217,0,8.1601392309949e-15,0.02734994888305664
0,lp,jitter,0.1,1,7,0.1,0.9,1,101,0.0003058797147128972,1635,0.09999999999999999,0.3058797147128972,0.03058797147128972,0.8244590343746583,0,7,0.0,1.0,0.9989362173672528,0.6572046515742215,1.0000000000000004,0.012037754223666597,0.012037754223666597,1.2739760799027284,0,8.1601392309949e-15,0.056639909744262695
0,lprand,jitter,0.1,1,7,0.1,0.9,1,101,0.0003058797147128972,1635,0.09999999999999999,0.3058797147128972,0.03058797147128972,0.8244590343746583,0,7,0.0,1.0,0.9989341915890085,0.6514662659235898,1.0000000000000004,0.0029598501349351047,0.0029598501349351047,1.2739704895971098,0,8.1601392309949e-15,0.053833961486816406
0,maxentw,jitter,0.1,1,7,0.1,0.9,1,101,0.0003058797147128972,1635,0.09999999999999999,0.3058797147128972,0.03058797147128972,0.8244590343746583,0,7,0.0,1.0000000000000004,0.9989339828875844,0.6494871431239141,1.0000000000000013,7.312730519926092e-05,8.866720875688738e-05,1.2741021811989217,0,8.1601392309949e-15,0.027085065841674805
0,minnorm,jitter,0.25,0,3,0.1,0.9,1,101,0.00012327171854002817,4057,0.09999999999999999,0.12327171854002816,0.012327171854002816,0.5233900575203676,0,3,0.0,1.000000000000001,0.9995702346867885,0.6494163915721299,1.0000000000000295,0.00012641650628725243,0.00013867025649916265,1.273645000609244,0,6.2727600891321345e-15,0.015675067901611328
0,projgauss,jitter,0.25,0,3,0.1,0.9,1,101,0.00012327171854002817,4057,0.09999999999999999,0.12327171854002816,0.012327171854002816,0.5233900575203676,0,3,0.0,1.0000000000000002,0.9995702346867874,0.6494163915722416,1.000000000000012,0.00012641650633604673,0.00013867025652503084,1.2736450006092424,0,6.2727600891321345e-15,0.017019033432006836
0,spectral,jitter,0.25,0,3,0.1,0.9,1,101,0.00012327171854002817,4057,0.09999999999999999,0.12327171854002816,0.012327171854002816,0.5233900575203676,0,3,0.0,1.000000000000001,0.9995702346867885,0.6494163915721299,1.0000000000000295,0.00012641650628725243,0.00013867025649916265,1.273645000609244,0,6.2727600891321345e-15,0.01952075958251953
0,spectralg,jitter,0.25,0,3,0.1,0.9,1,101,0.00012327171854002817,4057,0.09999999999999999,0.12327171854002816,0.012327171854002816,0.5233900575203676,0,3,0.0,1.000000000000001,0.9995702346867885,0.6494163915721299,1.0000000000000295,0.00012641650628725243,0.00013867025649916265,1.273645000609244,0,6.2727600891321345e-15,0.017889976501464844
0,molfe,jitter,0.25,0,3,0.1,0.9,1,101,0.00012327171854002817,4057,0.09999999999999999,0.12327171854002816,0.012327171854002816,0.5233900575203676,0,3,0.0,1.0000000000000002,0.9995701195403967,0.6496537475274858,1.0000000000000002,0.00036968250617219756,0.00036968250617219756,1.273660380579892,0,6.2727600891321345e-15,0.01662302017211914
0,molrk3,jitter,0.25,0,3,0.1,0.9,1,101,0.00012327171854002817,4057,0.09999999999999999,0.12327171854002816,0.012327171854002816,0.5233900575203676,0,3,0.0,1.0000000000000002,0.9995702119257613,0.6496422951660444,1.0000000000000002,0.0003102778249478577,0.00035618373949730664,1.2736442937921062,0,6.2727600891321345e-15,0.016270160675048828
0,maxent,jitter,0.25,0,3,0.1,0.9,1,101,0.00012327171854002817,4057,0.09999999999999999,0.12327171854002816,0.012327171854002816,0.5233900575203676,0,3,0.0,1.0000000000000002,0.9995702346870908,0.6494163918550636,1.0000000000000062,0.000126416589112055,0.00013867108476262047,1.2736450006090214,0,6.2727600891321345e-15,0.1879270076751709
0,lp,jitter,0.25,0,3,0.1,0.9,1,101,0.00012327171854002817,4057,0.09999999999999999,0.12327171854002816,0.012327171854002816,0.5233900575203676,0,3,0.0,1.0,0.9995702346867886,0.6494163915721136,1.0000000000000007,0.0001264165062822009,0.00013867025650815545,1.2736450006092404,0,6.2727600891321345e-15,0.056514739990234375
0,lprand,jitter,0.25,0,3,0.1,0.9,1,101,0.00012327171854002817,4057,0.09999999999999999,0.12327171854002816,0.012327171854002816,0.5233900575203676,0,3,0.0,1.0,0.999570234686788,0.6494163915721175,1.0000000000000009,0.00012641650628242296,0.00013867025650815545,1.2736450006092404,0,6.2727600891321345e-15,0.05928993225097656
0,maxentw,jitter,0.25,0,3,0.1,0.9,1,101,0.00012327171854002817,4057,0.09999999999999999,0.12327171854002816,0.012327171854002816,0.5233900575203676,0,3,0.0,1.0000000000000002,0.9995702346870908,0.6494163918550636,1.0000000000000062,0.000126416589112055,0.00013867108476262047,1.2736450006090214,0,6.2727600891321345e-15,0.18392229080200195
0,minnorm,jitter,0.25,0,5,0.1,0.9,1,101,0.00012327171854002817,4057,0.09999999999999999,0.12327171854002816,0.012327171854002816,0.5233900575203676,0,5,-0.10673136999079588,1.3311001546541084,0.9995706763153092,0.6509799557825586,1.3311001546541084,0.001923569845021289,0.001923569845021289,1.2735920542784047,0,6.2727600891321345e-15,0.01853322982788086
0,projgauss,jitter,0.25,0,5,0.1,0.9,1,101,0.00012327171854002817,4057,0.09999999999999999,0.12327171854002816,0.012327171854002816,0.5233900575203676,0,5,-0.08488667842689858,1.2693968071671715,0.9995705924441511,0.6504767067029923,1.2693968071671717,0.001133810719927797,0.001133810719927797,1.2736050847760492,0,6.2727600891321345e-15,0.01930093765258789
0,spectral,jitter,0.25,0,5,0.1,0.9,1,101,0.00012327171854002817,4057,0.09999999999999999,0.12327171854002816,0.012327171854002816,0.5233900575203676,0,5,-0.09522237372639025,1.1904447474527793,0.9995702445681897,0.649368388490578,1.1904447474527793,0.0006533854776216153,0.0007946479286035646,1.2736501160135059,0,6.2727600891321345e-15,0.02132582664489746
0,spectralg,jitter,0.25,0,5,0.1,0.9,1,101,0.00012327171854002817,4057,0.09999999999999999,0.12327171854002816,0.012327171854002816,0.5233900575203676,0,5,-0.09522237372639025,1.1904447474527793,0.9995702445681897,0.649368388490578,1.1904447474527793,0.0006533854776216153,0.0007946479286035646,1.2736501160135059,0,6.2727600891321345e-15,0.03646492958068848
0,molfe,jitter,0.25,0,5,0.1,0.9,1,101,0.00012327171854002817,4057,0.09999999999999999,0.12327171854002816,0.012327171854002816,0.5233900575203676,0,5,-0.045343963242743965,1.12364405063684,1.0696108187030584,6.279229991604746e+118,3.068347789333307e+292,inf,7605083.471388131,7605083.891411324,1,6.2727600891321345e-15,0.009680032730102539
0,molrk3,jitter,0.25,0,5,0.1,0.9,1,101,0.00012327171854002817,4057,0.09999999999999999,0.12327171854002816,0.012327171854002816,0.5233900575203676,0,5,-0.04322761029435458,1.1196791860999915,1.0720898702071497,7.531395591860363e+122,3.475043538929858e+302,inf,17605412.107330635,17605412.527353827,1,6.2727600891321345e-15,0.009529829025268555
0,maxent,jitter,0.25,0,5,0.1,0.9,1,101,0.00012327171854002817,4057,0.09999999999999999,0.12327171854002816,0.012327171854002816,0.5233900575203676,0,5,0.0,1.0000000000000004,0.9995702315143236,0.6494315721652714,1.000000000000003,0.00017034368542151457,0.00017034368542151457,1.2736447878679982,0,6.2727600891321345e-15,0.39713573455810547
0,lp,jitter,0.25,0,5,0.1,0.9,1,101,0.00012327171854002817,4057,0.09999999999999999,0.12327171854002816,0.012327171854002816,0.5233900575203676,0,5,0.0,1.0000000000000002,0.999571069867806,0.6545435281628714,1.0000000000000007,0.005701167581785405,0.005701167581785405,1.2735737963089426,0,6.2727600891321345e-15,0.18641209602355957
0,lprand,jitter,0.25,0,5,0.1,0.9,1,101,0.00012327171854002817,4057,0.09999999999999999,0.12327171854002816,0.012327171854002816,0.5233900575203676,0,5,0.0,1.0000000000000002,0.999570365276443,0.6497901091492292,1.0000000000000009,0.0009417777936832072,0.0009417777936832072,1.2736295011245005,0,6.2727600891321345e-15,0.06664299964904785
0,maxentw,jitter,0.25,0,5,0.1,0.9,1,101,0.00012327171854002817,4057,0.09999999999999999,0.12327171854002816,0.012327171854002816,0.5233900575203676,0,5,0.0,1.0000000000000004,0.9995702315143236,0.6494315721652714,1.000000000000003,0.00017034368542151457,0.00017034368542151457,1.2736447878679982,0,6.2727600891321345e-15,0.39539098739624023
0,minnorm,jitter,0.25,0,7,0.1,0.9,1,101,0.00012327171854002817,4057,0.09999999999999999,0.12327171854002816,0.012327171854002816,0.5233900575203676,0,7,-0.14043281010148304,1.4124396967045125,0.9995728927270545,0.6559270061344356,1.4124396967045125,0.004738526549455724,0.004738526549455724,1.2733537122586633,0,6.2727600891321345e-15,0.015722990036010742
0,projgauss,jitter,0.25,0,7,0.1,0.9,1,101,0.00012327171854002817,4057,0.09999999999999999,0.12327171854002816,0.012327171854002816,0.5233900575203676,0,7,-0.06572551388232488,1.2363062520230912,0.9995714441178516,0.6522556109271969,1.2363062520230912,0.001919091487254443,0.0021028286132983437,1.2735073665617063,0,6.2727600891321345e-15,0.019744873046875
0,spectral,jitter,0.25,0,7,0.1,0.9,1,101,0.00012327171854002817,4057,0.09999999999999999,0.12327171854002816,0.012327171854002816,0.5233900575203676,0,7,-0.16714521518163203,1.4245621274232354,0.9995702966955479,0.6496942775624293,1.4245621274232356,0.0010320665410193386,0.0015176145528391916,1.2736309870398121,0,6.2727600891321345e-15,0.02346181869506836
0,spectralg,jitter,0.25,0,7,0.1,0.9,1,101,0.00012327171854002817,4057,0.09999999999999999,0.12327171854002816,0.012327171854002816,0.5233900575203676,0,7,-0.16714521518163203,1.4245621274232354,0.9995702966955479,0.6496942775624293,1.4245621274232356,0.0010320665410193386,0.0015176145528391916,1.2736309870398121,0,6.2727600891321345e-15,0.03742694854736328
0,molfe,jitter,0.25,0,7,0.1,0.9,1,101,0.00012327171854002817,4057,0.09999999999999999,0.12327171854002816,0.012327171854002816,0.5233900575203676,0,7,-0.012624740301667693,1.0678069974657924,1.02686549376955,2.4196556668303378e+47,1.74327434471542e+116,inf,1227429.0888585644,1227429.6066048932,1,6.2727600891321345e-15,0.009762048721313477
0,molrk3,jitter,0.25,0,7,0.1,0.9,1,101,0.00012327171854002817,4057,0.09999999999999999,0.12327171854002816,0.012327171854002816,0.5233900575203676,0,7,-0.012421207656523353,1.0670698819148094,1.0272295994201364,1.044804514329172e+48,6.217199342659446e+117,inf,1658011.3154957138,1658011.8332420427,1,6.2727600891321345e-15,0.011137723922729492
0,maxent,jitter,0.25,0,7,0.1,0.9,1,101,0.00012327171854002817,4057,0.09999999999999999,0.12327171854002816,0.012327171854002816,0.5233900575203676,0,7,0.0,1.0000000000000002,0.9995702315148204,0.6494315371032243,1.000000000000004,0.00017023515131553424,0.00017023515131553424,1.2736447872910701,0,6.2727600891321345e-15,0.2723982334136963
0,lp,jitter,0.25,0,7,0.1,0.9,1,101,0.00012327171854002817,4057,0.09999999999999999,0.12327171854002816,0.012327171854002816,0.5233900575203676,0,7,0.0,1.0000000000000002,0.9995713115056685,0.6584235923596718,1.0000000000000009,0.010715216655113324,0.010715216655113324,1.2734763669357791,0,6.2727600891321345e-15,0.06203579902648926
0,lprand,jitter,0.25,0,7,0.1,0.9,1,101,0.00012327171854002817,4057,0.09999999999999999,0.12327171854002816,0.012327171854002816,0.5233900575203676,0,7,0.0,1.0000000000000002,0.9995720866174703,0.6534747964814102,1.0000000000000018,0.0030504080768498643,0.0030504080768498643,1.2736761346639227,0,6.2727600891321345e-15,0.06200599670410156
0,maxentw,jitter,0.25,0,7,0.1,0.9,1,101,0.00012327171854002817,4057,0.09999999999999999,0.12327171854002816,0.012327171854002816,0.5233900575203676,0,7,0.0,1.0000000000000002,0.9995702315148204,0.6494315371032243,1.000000000000004,0.00017023515131553424,0.00017023515131553424,1.2736447872910701,0,6.2727600891321345e-15,0.36284327507019043
0,minnorm,jitter,0.25,1,3,0.1,0.9,1,101,0.00014169897594114127,3529,0.09999999999999999,0.14169897594114125,0.014169897594114127,0.5611475859366555,0,3,0.0,1.0000000000000016,0.999506014040033,0.6495002798445003,1.0000000000000164,0.00011285044869602245,0.00012003126229159777,1.2738435274546385,0,6.2727600891321345e-15,0.018455028533935547
0,projgauss,jitter,0.25,1,3,0.1,0.9,1,101,0.00014169897594114127,3529,0.09999999999999999,0.14169897594114125,0.014169897594114127,0.5611475859366555,0,3,0.0,1.0000000000000004,0.9995060140400297,0.6495002798443793,1.0000000000000082,0.00011285044859088433,0.00012003126229401251,1.2738435274546265,0,6.2727600891321345e-15,0.017799854278564453
0,spectral,jitter,0.25,1,3,0.1,0.9,1,101,0.00014169897594114127,3529,0.09999999999999999,0.14169897594114125,0.014169897594114127,0.5611475859366555,0,3,0.0,1.0000000000000016,0.999506014040033,0.6495002798445003,1.0000000000000164,0.00011285044869602245,0.00012003126229159777,1.2738435274546385,0,6.2727600891321345e-15,0.015187978744506836
0,spectralg,jitter,0.25,1,3,0.1,0.9,1,101,0.00014169897594114127,3529,0.09999999999999999,0.14169897594114125,0.014169897594114127,0.5611475859366555,0,3,0.0,1.0000000000000016,0.999506014040033,0.6495002798445003,1.0000000000000164,0.00011285044869602245,0.00012003126229159777,1.2738435274546385,0,6.2727600891321345e-15,0.015312910079956055
0,molfe,jitter,0.25,1,3,0.1,0.9,1,101,0.00014169897594114127,3529,0.09999999999999999,0.14169897594114125,0.014169897594114127,0.5611475859366555,0,3,0.0,1.0000000000000004,0.9995058619186522,0.6497728005532443,1.0000000000000007,0.00043425586420442475,0.00043425586420442475,1.2738610831720256,0,6.2727600891321345e-15,0.01724100112915039
0,molrk3,jitter,0.25,1,3,0.1,0.9,1,101,0.00014169897594114127,3529,0.09999999999999999,0.14169897594114125,0.014169897594114127,0.5611475859366555,0,3,0.0,1.0000000000000002,0.9995059839847668,0.6497597781406387,1.0000000000000009,0.0003381401660159655,0.0003469515423565328,1.2738426835688879,0,6.2727600891321345e-15,0.015365123748779297
0,maxent,jitter,0.25,1,3,0.1,0.9,1,101,0.00014169897594114127,3529,0.09999999999999999,0.14169897594114125,0.014169897594114127,0.5611475859366555,0,3,0.0,1.0000000000000002,0.9995060140390996,0.6495002794230744,1.0000000000000062,0.00011285043466402467,0.00012003125712795049,1.273843527454626,0,6.2727600891321345e-15,0.20401310920715332
0,lp,jitter,0.25,1,3,0.1,0.9,1,101,0.00014169897594114127,3529,0.09999999999999999,0.14169897594114125,0.014169897594114127,0.5611475859366555,0,3,0.0,1.0,0.9995060140400331,0.6495002798443258,1.000000000000001,0.00011285044855369186,0.000120031262293957,1.2738435274546265,0,6.2727600891321345e-15,0.05927085876464844
0,lprand,jitter,0.25,1,3,0.1,0.9,1,101,0.00014169897594114127,3529,0.09999999999999999,0.14169897594114125,0.014169897594114127,0.5611475859366555,0,3,0.0,1.0,0.9995060140400365,0.6495002798443269,1.000000000000001,0.00011285044855302573,0.000120031262293957,1.2738435274546274,0,6.2727600891321345e-15,0.056044816970825195
0,maxentw,jitter,0.25,1,3,0.1,0.9,1,101,0.00014169897594114127,3529,0.09999999999999999,0.14169897594114125,0.014169897594114127,0.5611475859366555,0,3,0.0,1.0000000000000002,0.9995060140390996,0.6495002794230744,1.0000000000000062,0.00011285043466402467,0.00012003125712795049,1.273843527454626,0,6.2727600891321345e-15,0.20174098014831543
0,minnorm,jitter,0.25,1,5,0.1,0.9,1,101,0.00014169897594114127,3529,0.09999999999999999,0.14169897594114125,0.014169897594114127,0.5611475859366555,0,5,-0.10245150889219391,1.3145158252212457,0.9995064314108181,0.6507785935779624,1.3145158252212457,0.0015584401822452132,0.0015584401822452132,1.2738226661334762,0,6.2727600891321345e-15,0.015067100524902344
0,projgauss,jitter,0.25,1,5,0.1,0.9,1,101,0.00014169897594114127,3529,0.09999999999999999,0.14169897594114125,0.014169897594114127,0.5611475859366555,0,5,-0.07501148172408832,1.2539561576260296,0.9995063530881911,0.6504351642728424,1.2539561576260296,0.0011157899419181327,0.0011157899419181327,1.2738245857807957,0,6.2727600891321345e-15,0.01851630210876465
0,spectral,jitter,0.25,1,5,0.1,0.9,1,101,0.00014169897594114127,3529,0.09999999999999999,0.14169897594114125,0.014169897594114127,0.5611475859366555,0,5,-0.09181223544612899,1.1836244708922574,0.9995060533098502,0.6491831696360053,1.1836244708922574,0.00039428626010740153,0.00039428626010740153,1.273852282040862,0,6.2727600891321345e-15,0.020673036575317383
0,spectralg,jitter,0.25,1,5,0.1,0.9,1,101,0.00014169897594114127,3529,0.09999999999999999,0.14169897594114125,0.014169897594114127,0.5611475859366555,0,5,-0.09181223544612899,1.1836244708922574,0.9995060533098502,0.6491831696360053,1.1836244708922574,0.00039428626010740153,0.00039428626010740153,1.273852282040862,0,6.2727600891321345e-15,0.035002708435058594
0,molfe,jitter,0.25,1,5,0.1,0.9,1,101,0.00014169897594114127,3529,0.09999999999999999,0.14169897594114125,0.014169897594114127,0.5611475859366555,0,5,-0.0379159592614818,1.1266319717681226,1.0795656167903473,4.3755819647136694e+117,inf,inf,8909699.474386377,8909698.9146282,1,6.2727600891321345e-15,0.008722305297851562
0,molrk3,jitter,0.25,1,5,0.1,0.9,1,101,0.00014169897594114127,3529,0.09999999999999999,0.14169897594114125,0.014169897594114127,0.5611475859366555,0,5,-0.03607104716813469,1.1227026748536573,1.0828149113189123,1.7842381206382873e+122,inf,inf,24419127.37214628,24419126.812388103,1,6.2727600891321345e-15,0.008940935134887695
0,maxent,jitter,0.25,1,5,0.1,0.9,1,101,0.00014169897594114127,3529,0.09999999999999999,0.14169897594114125,0.014169897594114127,0.5611475859366555,0,5,0.0,1.0000000000000002,0.9995060095159803,0.6495147938527418,1.0000000000000056,0.00014224581155330984,0.00014224581155330984,1.273844090527565,0,6.2727600891321345e-15,0.167921781539917
0,lp,jitter,0.25,1,5,0.1,0.9,1,101,0.00014169897594114127,3529,0.09999999999999999,0.14169897594114125,0.014169897594114127,0.5611475859366555,0,5,0.0,1.0000000000000002,0.999506251684083,0.6534337079836419,1.0000000000000036,0.004887030440730744,0.004887030440730744,1.2738024927332305,0,6.2727600891321345e-15,0.05756783485412598
0,lprand,jitter,0.25,1,5,0.1,0.9,1,101,0.00014169897594114127,3529,0.09999999999999999,0.14169897594114125,0.014169897594114127,0.5611475859366555,0,5,0.0,1.0000000000000002,0.9995053554798001,0.6496642408081076,1.0000000000000009,0.0012517655387246363,0.0014660505054338024,1.273843840508681,0,6.2727600891321345e-15,0.061369895935058594
0,maxentw,jitter,0.25,1,5,0.1,0.9,1,101,0.00014169897594114127,3529,0.09999999999999999,0.14169897594114125,0.014169897594114127,0.5611475859366555,0,5,0.0,1.0000000000000002,0.9995060095159803,0.6495147938527418,1.0000000000000056,0.00014224581155330984,0.00014224581155330984,1.273844090527565,0,6.2727600891321345e-15,0.16640496253967285
0,minnorm,jitter,0.25,1,7,0.1,0.9,1,101,0.00014169897594114127,3529,0.09999999999999999,0.14169897594114125,0.014169897594114127,0.5611475859366555,0,7,-0.13075860794876198,1.3851067374109962,0.9995083610419958,0.6554816965030477,1.3851067374109962,0.004888497636350797,0.004888497636350797,1.2736586866299748,0,6.2727600891321345e-15,0.017856121063232422
0,projgauss,jitter,0.25,1,7,0.1,0.9,1,101,0.00014169897594114127,3529,0.09999999999999999,0.14169897594114125,0.014169897594114127,0.5611475859366555,0,7,-0.06328066285667434,1.2177714408829932,0.9995072207467064,0.6521277105494935,1.2177714408829932,0.001964109669522207,0.0019789775419203487,1.273749753687881,0,6.2727600891321345e-15,0.017615795135498047
0,spectral,jitter,0.25,1,7,0.1,0.9,1,101,0.00014169897594114127,3529,0.09999999999999999,0.14169897594114125,0.014169897594114127,0.5611475859366555,0,7,-0.13475436144951047,1.339971774158573,0.9995062073162769,0.6501103234906495,1.3399717741585728,0.0007674042654732816,0.0011923106688486174,1.2738157668153622,0,6.2727600891321345e-15,0.0242311954498291
0,spectralg,jitter,0.25,1,7,0.1,0.9,1,101,0.00014169897594114127,3529,0.09999999999999999,0.14169897594114125,0.014169897594114127,0.5611475859366555,0,7,-0.13475436144951047,1.339971774158573,0.9995062073162769,0.6501103234906495,1.3399717741585728,0.0007674042654732816,0.0011923106688486174,1.2738157668153622,0,6.2727600891321345e-15,0.03732585906982422
0,molfe,jitter,0.25,1,7,0.1,0.9,1,101,0.00014169897594114127,3529,0.09999999999999999,0.14169897594114125,0.014169897594114127,0.5611475859366555,0,7,-0.01618902675209095,1.0844050439198585,1.0311409307748123,2.000517650393104e+47,3.0397483677483125e+133,inf,2098130.6169588487,2098131.0325765223,1,6.2727600891321345e-15,0.010748147964477539
0,molrk3,jitter,0.25,1,7,0.1,0.9,1,101,0.00014169897594114127,3529,0.09999999999999999,0.14169897594114125,0.014169897594114127,0.5611475859366555,0,7,-0.015781643031963347,1.0832584204975098,1.0316308427517953,1.0696356717271781e+48,3.5136290395651874e+135,inf,2976063.2756333677,2976063.6912510414,1,6.2727600891321345e-15,0.01046299934387207
0,maxent,jitter,0.25,1,7,0.1,0.9,1,101,0.00014169897594114127,3529,0.09999999999999999,0.14169897594114125,0.014169897594114127,0.5611475859366555,0,7,0.0,1.0000000000000004,0.9995060095527935,0.6495149317074412,1.0000000000000067,0.00014243627405263748,0.00014243627405263748,1.2738440902509969,0,6.2727600891321345e-15,0.30890703201293945
0,lp,jitter,0.25,1,7,0.1,0.9,1,101,0.00014169897594114127,3529,0.09999999999999999,0.14169897594114125,0.014169897594114127,0.5611475859366555,0,7,0.0,1.0000000000000002,0.9995064817766118,0.6559778798989481,1.0000000000000009,0.008053215034912409,0.008053215034912409,1.2737368025058116,0,6.2727600891321345e-15,0.0609591007232666
0,lprand,jitter,0.25,1,7,0.1,0.9,1,101,0.00014169897594114127,3529,0.09999999999999999,0.14169897594114125,0.014169897594114127,0.5611475859366555,0,7,0.0,1.0000000000000002,0.9995058271207804,0.6512969626085854,1.000000000000001,0.0031568729639376847,0.0031568729639376847,1.2737092842836322,0,6.2727600891321345e-15,0.0577850341796875
0,maxentw,jitter,0.25,1,7,0.1,0.9,1,101,0.00014169897594114127,3529,0.09999999999999999,0.14169897594114125,0.014169897594114127,0.5611475859366555,0,7,0.0,1.0000000000000004,0.9995060095527935,0.6495149317074412,1.0000000000000067,0.00014243627405263748,0.00014243627405263748,1.2738440902509969,0,6.2727600891321345e-15,0.3067140579223633
0,minnorm,jitter,0.45,0,3,0.1,0.9,1,101,9.086853523292773e-06,55025,0.09999999999999999,0.009086853523292773,0.0009086853523292773,0.14210210353664543,0,3,-0.13067086103617756,1.2613417220723548,1.000026126521388,48329.75895875878,48329.75895875878,5.624244917468216,5.624244917468216,6.009625752110018,0,5.8494875609937935e-15,0.13510489463806152
0,projgauss,jitter,0.45,0,3,0.1,0.9,1,101,9.086853523292773e-06,55025,0.09999999999999999,0.009086853523292773,0.0009086853523292773,0.14210210353664543,0,3,-0.13067086103617914,1.2613417220723586,1.0000261265213934,48329.736774842786,48329.736774842786,5.6242449099165714,5.6242449099165714,6.009625992555517,0,5.8494875609937935e-15,0.13641095161437988
0,spectral,jitter,0.45,0,3,0.1,0.9,1,101,9.086853523292773e-06,55025,0.09999999999999999,0.009086853523292773,0.0009086853523292773,0.14210210353664543,0,3,-0.13067086103617756,1.2613417220723548,1.000026126521388,48329.75895875878,48329.75895875878,5.624244917468216,5.624244917468216,6.009625752110018,0,5.8494875609937935e-15,0.129410982131958
0,spectralg,jitter,0.45,0,3,0.1,0.9,1,101,9.086853523292773e-06,55025,0.09999999999999999,0.009086853523292773,0.0009086853523292773,0.14210210353664543,0,3,-0.13067086103617756,1.2613417220723548,1.000026126521388,48329.75895875878,48329.75895875878,5.624244917468216,5.624244917468216,6.009625752110018,0,5.8494875609937935e-15,0.13408708572387695
0,molfe,jitter,0.45,0,3,0.1,0.9,1,101,9.086853523292773e-06,55025,0.09999999999999999,0.009086853523292773,0.0009086853523292773,0.14210210353664543,0,3,-0.1306652547231947,1.2613305094463896,1.0000261281608989,48329.124354019266,48329.124354019266,5.624182998659406,5.624182998659406,6.009662858147122,0,5.8494875609937935e-15,0.14443373680114746
0,molrk3,jitter,0.45,0,3,0.1,0.9,1,101,9.086853523292773e-06,55025,0.09999999999999999,0.009086853523292773,0.0009086853523292773,0.14210210353664543,0,3,-0.1306708610361775,1.261341722072355,1.000026125585057,48329.739247086014,48329.739247086014,5.624241019680716,5.624241019680716,6.009572865966831,0,5.8494875609937935e-15,0.1497657299041748
0,maxent,jitter,0.45,0,3,0.1,0.9,1,101,9.086853523292773e-06,55025,0.09999999999999999,0.009086853523292773,0.0009086853523292773,0.14210210353664543,14,3,-0.13067086103617756,1.2613417220723548,1.000026126521386,48315.30839707661,48315.30839707661,5.624245682347562,5.624245682347562,6.0096263045964005,0,5.8494875609937935e-15,0.9852674007415771
0,lp,jitter,0.45,0,3,0.1,0.9,1,101,9.086853523292773e-06,55025,0.09999999999999999,0.009086853523292773,0.0009086853523292773,0.14210210353664543,14,3,-0.13067086103617756,1.2613417220723548,1.000026126521404,48329.76390051705,48329.76390051705,5.624244914549742,5.624244914549742,6.009625722570166,0,5.8494875609937935e-15,0.17577099800109863
0,lprand,jitter,0.45,0,3,0.1,0.9,1,101,9.086853523292773e-06,55025,0.09999999999999999,0.009086853523292773,0.0009086853523292773,0.14210210353664543,14,3,-0.13067086103617756,1.2613417220723548,1.000026126521404,48329.76390051705,48329.76390051705,5.624244914549742,5.624244914549742,6.009625722570166,0,5.8494875609937935e-15,0.18116998672485352
0,maxentw,jitter,0.45,0,3,0.1,0.9,1,101,9.086853523292773e-06,55025,0.09999999999999999,0.009086853523292773,0.0009086853523292773,0.14210210353664543,0,5,0.0,1.0000000000000004,0.9999683111970743,0.6495966672097612,1.0000000000000289,0.0003780186718332912,0.00046044988181970226,1.2736932674242532,0,5.8494875609937935e-15,1.1035380363464355
0,minnorm,jitter,0.45,0,5,0.1,0.9,1,101,9.086853523292773e-06,55025,0.09999999999999999,0.009086853523292773,0.0009086853523292773,0.14210210353664543,0,5,-0.1979747547448653,1.556760604226649,0.9999693047411167,0.6628860656085811,1.556760604226649,0.022065794166449826,0.02459723176005424,1.2732282288919543,0,5.8494875609937935e-15,0.12726211547851562
0,projgauss,jitter,0.45,0,5,0.1,0.9,1,101,9.086853523292773e-06,55025,0.09999999999999999,0.009086853523292773,0.0009086853523292773,0.14210210353664543,0,5,-0.15516175278664043,1.481922678981358,0.9999692484999845,0.6616413228113409,1.4819226789813582,0.019563738880903014,0.02135371168605743,1.2732456982351066,0,5.8494875609937935e-15,0.14399003982543945
0,spectral,jitter,0.45,0,5,0.1,0.9,1,101,9.086853523292773e-06,55025,0.09999999999999999,0.009086853523292773,0.0009086853523292773,0.14210210353664543,0,5,-0.037827942109052964,1.0891133771519859,1.0138237919959885,inf,inf,inf,503045514.89282817,503045514.3379279,1,5.8494875609937935e-15,0.02015089988708496
0,spectralg,jitter,0.45,0,5,0.1,0.9,1,101,9.086853523292773e-06,55025,0.09999999999999999,0.009086853523292773,0.0009086853523292773,0.14210210353664543,0,5,-0.037827942109052964,1.0891133771519859,1.0138237919959885,inf,inf,inf,503045514.89282817,503045514.3379279,1,5.8494875609937935e-15,0.029752731323242188
0,molfe,jitter,0.45,0,5,0.1,0.9,1,101,9.086853523292773e-06,55025,0.09999999999999999,0.009086853523292773,0.0009086853523292773,0.14210210353664543,0,5,-0.004786882487725656,1.0095737649754513,1.0051223507128737,2.167727528044838e+122,2.167727528044838e+122,inf,2871205.9954598662,2871207.102551887,1,5.8494875609937935e-15,0.019722938537597656
0,molrk3,jitter,0.45,0,5,0.1,0.9,1,101,9.086853523292773e-06,55025,0.09999999999999999,0.009086853523292773,0.0009086853523292773,0.14210210353664543,0,5,-0.0047571740057921206,1.009520525623291,1.0051354923517375,4.450908271095581e+122,4.450908271095581e+122,inf,3083674.1170296054,3083675.224121626,1,5.8494875609937935e-15,0.020331144332885742
0,maxent,jitter,0.45,0,5,0.1,0.9,1,101,9.086853523292773e-06,55025,0.09999999999999999,0.009086853523292773,0.0009086853523292773,0.14210210353664543,0,5,0.0,1.0000000000000004,0.9999683113185199,0.6496116904825446,1.0000000000001013,0.0004177280945707462,0.00046668213495626443,1.2736933245678028,0,5.8494875609937935e-15,0.8350100517272949
0,lp,jitter,0.45,0,5,0.1,0.9,1,101,9.086853523292773e-06,55025,0.09999999999999999,0.009086853523292773,0.0009086853523292773,0.14210210353664543,0,5,0.0,1.0000000000000002,0.9999683743821637,0.655867820981504,1.000000000000041,0.008024887899124478,0.008024887899124478,1.2736589135740541,0,5.8494875609937935e-15,0.18340706825256348
0,lprand,jitter,0.45,0,5,0.1,0.9,1,101,9.086853523292773e-06,55025,0.09999999999999999,0.009086853523292773,0.0009086853523292773,0.14210210353664543,0,5,0.0,1.0000000000000002,0.9999682866481605,0.6498651455595691,1.0000000000000346,0.0021734209541041105,0.0021876722654520786,1.2736812874702133,0,5.8494875609937935e-15,0.1789097785949707
0,maxentw,jitter,0.45,0,5,0.1,0.9,1,101,9.086853523292773e-06,55025,0.09999999999999999,0.009086853523292773,0.0009086853523292773,0.14210210353664543,0,5,0.0,1.0000000000000004,0.9999683113185199,0.6496116904825446,1.0000000000001013,0.0004177280945707462,0.00046668213495626443,1.2736933245678028,0,5.8494875609937935e-15,0.8350460529327393
0,minnorm,jitter,0.45,0,7,0.1,0.9,1,101,9.086853523292773e-06,55025,0.09999999999999999,0.009086853523292773,0.0009086853523292773,0.14210210353664543,0,7,-0.1879252778461755,1.5202360015372336,0.9999710146676457,0.7103064550066017,1.5202360015372334,0.0351692885296756,0.04757326072785928,1.2696194223941983,0,5.8494875609937935e-15,0.1364297866821289
0,projgauss,jitter,0.45,0,7,0.1,0.9,1,101,9.086853523292773e-06,55025,0.09999999999999999,0.009086853523292773,0.0009086853523292773,0.14210210353664543,0,7,-0.10290037369086188,1.3368238201947071,0.9999700905057839,0.6766911515380295,1.3368238201947071,0.022175118495160406,0.02592451952853636,1.2713775306243975,0,5.8494875609937935e-15,0.14277100563049316
0,spectral,jitter,0.45,0,7,0.1,0.9,1,101,9.086853523292773e-06,55025,0.09999999999999999,0.009086853523292773,0.0009086853523292773,0.14210210353664543,0,7,-0.07765469990233187,1.1655272171382642,0.9999682888976414,0.8384190028043912,2.77408722134451,0.004022068394338385,0.004022068394338385,1.273602741169589,0,5.8494875609937935e-15,0.14021825790405273
0,spectralg,jitter,0.45,0,7,0.1,0.9,1,101,9.086853523292773e-06,55025,0.09999999999999999,0.009086853523292773,0.0009086853523292773,0.14210210353664543,0,7,-0.07765469990233187,1.1655272171382642,0.9999682888976414,0.8384190028043912,2.77408722134451,0.004022068394338385,0.004022068394338385,1.273602741169589,0,5.8494875609937935e-15,0.16343379020690918
0,molfe,jitter,0.45,0,7,0.1,0.9,1,101,9.086853523292773e-06,55025,0.09999999999999999,0.009086853523292773,0.0009086853523292773,0.14210210353664543,0,7,-0.0012437769090785124,1.0047928601080358,1.0020130561118061,2.1446604681572308e+48,2.1446604681572308e+48,inf,4137382.0295792627,4137382.825708528,1,5.8494875609937935e-15,0.04255819320678711
0,molrk3,jitter,0.45,0,7,0.1,0.9,1,101,9.086853523292773e-06,55025,0.09999999999999999,0.009086853523292773,0.0009086853523292773,0.14210210353664543,0,7,-0.0012408866945202443,1.0047891756182636,1.002015083668871,2.3972668316982227e+48,2.3972668316982227e+48,inf,4249217.870609767,4249218.666739033,1,5.8494875609937935e-15,0.039632320404052734
0,maxent,jitter,0.45,0,7,0.1,0.9,1,101,9.086853523292773e-06,55025,0.09999999999999999,0.009086853523292773,0.0009086853523292773,0.14210210353664543,0,7,0.0,1.0000000000000004,0.9999683113187903,0.6496116925206862,1.0000000000000968,0.00041772657485988907,0.00046667951143763986,1.2736933244633073,0,5.8494875609937935e-15,0.8531582355499268
0,lp,jitter,0.45,0,7,0.1,0.9,1,101,9.086853523292773e-06,55025,0.09999999999999999,0.009086853523292773,0.0009086853523292773,0.14210210353664543,0,7,0.0,1.0000000000000002,0.999968371839282,0.6584854943557862,1.0000000000000442,0.010847863997664131,0.010847863997664131,1.2735969806332312,0,5.8494875609937935e-15,0.1786048412322998
0,lprand,jitter,0.45,0,7,0.1,0.9,1,101,9.086853523292773e-06,55025,0.09999999999999999,0.009086853523292773,0.0009086853523292773,0.14210210353664543,0,7,0.0,1.0000000000000002,0.9999684341860967,0.6527970109924951,1.0000000000000697,0.002488212784700683,0.002488212784700683,1.2737452227779638,0,5.8494875609937935e-15,0.18878698348999023
0,maxentw,jitter,0.45,0,7,0.1,0.9,1,101,9.086853523292773e-06,55025,0.09999999999999999,0.009086853523292773,0.0009086853523292773,0.14210210353664543,0,7,0.0,1.0000000000000004,0.9999683113187903,0.6496116925206862,1.0000000000000968,0.00041772657485988907,0.00046667951143763986,1.2736933244633073,0,5.8494875609937935e-15,0.8518610000610352
0,minnorm,jitter,0.45,1,3,0.1,0.9,1,101,1.9857410675391436e-05,25180,0.09999999999999999,0.019857410675391436,0.0019857410675391436,0.21006565468597582,0,3,-0.11140606547249572,1.222812130944991,1.0000488182437464,18822.46487922415,18822.46487922415,7.022663810297946,7.022663810297946,7.014788264601427,0,7.0360384185619296e-15,0.06845498085021973
0,projgauss,jitter,0.45,1,3,0.1,0.9,1,101,1.9857410675391436e-05,25180,0.09999999999999999,0.019857410675391436,0.0019857410675391436,0.21006565468597582,0,3,-0.11140606547249593,1.222812130944992,1.0000488182437433,18822.464595087178,18822.464595087178,7.022663806248696,7.022663806248696,7.014788260552177,0,7.0360384185619296e-15,0.06662201881408691
0,spectral,jitter,0.45,1,3,0.1,0.9,1,101,1.9857410675391436e-05,25180,0.09999999999999999,0.019857410675391436,0.0019857410675391436,0.21006565468597582,0,3,-0.11140606547249572,1.222812130944991,1.0000488182437464,18822.46487922415,18822.46487922415,7.022663810297946,7.022663810297946,7.014788264601427,0,7.0360384185619296e-15,0.06615519523620605
0,spectralg,jitter,0.45,1,3,0.1,0.9,1,101,1.9857410675391436e-05,25180,0.09999999999999999,0.019857410675391436,0.0019857410675391436,0.21006565468597582,0,3,-0.11140606547249572,1.222812130944991,1.0000488182437464,18822.46487922415,18822.46487922415,7.022663810297946,7.022663810297946,7.014788264601427,0,7.0360384185619296e-15,0.0627748966217041
0,molfe,jitter,0.45,1,3,0.1,0.9,1,101,1.9857410675391436e-05,25180,0.09999999999999999,0.019857410675391436,0.0019857410675391436,0.21006565468597582,0,3,-0.11139564677795397,1.222791293555908,1.0000488306704374,18821.93997737789,18821.93997737789,7.022525877699928,7.022525877699928,7.014650332003409,0,7.0360384185619296e-15,0.06571602821350098
0,molrk3,jitter,0.45,1,3,0.1,0.9,1,101,1.9857410675391436e-05,25180,0.09999999999999999,0.019857410675391436,0.0019857410675391436,0.21006565468597582,0,3,-0.1114060654724957,1.2228121309449913,1.0000488095716358,18822.464176541333,18822.464176541333,7.022628798806888,7.022628798806888,7.01475325311037,0,7.0360384185619296e-15,0.06494998931884766
0,maxent,jitter,0.45,1,3,0.1,0.9,1,101,1.9857410675391436e-05,25180,0.09999999999999999,0.019857410675391436,0.0019857410675391436,0.21006565468597582,11,3,-0.11140606547249572,1.222812130944991,1.000048818243397,18822.464455225745,18822.464455225745,7.022702228019374,7.022702228019374,7.014826682322855,0,7.0360384185619296e-15,0.7366700172424316
0,lp,jitter,0.45,1,3,0.1,0.9,1,101,1.9857410675391436e-05,25180,0.09999999999999999,0.019857410675391436,0.0019857410675391436,0.21006565468597582,11,3,-0.11140606547249572,1.222812130944991,1.0000488182437446,18822.464459615367,18822.464459615367,7.022663810799821,7.022663810799821,7.014788265103302,0,7.0360384185619296e-15,0.10390877723693848
0,lprand,jitter,0.45,1,3,0.1,0.9,1,101,1.9857410675391436e-05,25180,0.09999999999999999,0.019857410675391436,0.0019857410675391436,0.21006565468597582,11,3,-0.11140606547249572,1.222812130944991,1.0000488182437446,18822.464459615367,18822.464459615367,7.022663810799821,7.022663810799821,7.014788265103302,0,7.0360384185619296e-15,0.10469293594360352
0,maxentw,jitter,0.45,1,3,0.1,0.9,1,101,1.9857410675391436e-05,25180,0.09999999999999999,0.019857410675391436,0.0019857410675391436,0.21006565468597582,0,5,0.0,1.0000000000000002,0.9999307543844317,0.6496678351580847,1.0000000000000178,0.0004724946753354997,0.0004724946753354997,1.2737503239311325,0,7.0360384185619296e-15,0.8145909309387207
0,minnorm,jitter,0.45,1,5,0.1,0.9,1,101,1.9857410675391436e-05,25180,0.09999999999999999,0.019857410675391436,0.0019857410675391436,0.21006565468597582,0,5,-0.18321616761297624,1.520060624409694,0.999931159699795,0.6596914559906569,1.5200606244096937,0.009994590185492536,0.009994590185492536,1.2734833902783858,0,7.0360384185619296e-15,0.06429696083068848
0,projgauss,jitter,0.45,1,5,0.1,0.9,1,101,1.9857410675391436e-05,25180,0.09999999999999999,0.019857410675391436,0.0019857410675391436,0.21006565468597582,0,5,-0.15538203397974673,1.4573328314011644,0.9999311554743507,0.6591770041185804,1.4609466930488417,0.009152650126994177,0.009152650126994177,1.2734898277215023,0,7.0360384185619296e-15,0.06537580490112305
0,spectral,jitter,0.45,1,5,0.1,0.9,1,101,1.9857410675391436e-05,25180,0.09999999999999999,0.019857410675391436,0.0019857410675391436,0.21006565468597582,0,5,-0.06909291533993948,1.1381858306798778,1.0145506076500308,2.789966259171876e+158,2.789966259171876e+158,inf,70262933.78259335,70262933.89368886,1,7.0360384185619296e-15,0.01777791976928711
0,spectralg,jitter,0.45,1,5,0.1,0.9,1,101,1.9857410675391436e-05,25180,0.09999999999999999,0.019857410675391436,0.0019857410675391436,0.21006565468597582,0,5,-0.06909291533993948,1.1381858306798778,1.0145506076500308,2.789966259171876e+158,2.789966259171876e+158,inf,70262933.78259335,70262933.89368886,1,7.0360384185619296e-15,0.03020000457763672
0,molfe,jitter,0.45,1,5,0.1,0.9,1,101,1.9857410675391436e-05,25180,0.09999999999999999,0.019857410675391436,0.0019857410675391436,0.21006565468597582,0,5,-0.008845010853433217,1.0235926447030537,1.0098967216386625,7.499304745427408e+107,7.499304745427408e+107,inf,75277726.1766122,75277726.73475909,1,7.0360384185619296e-15,0.0163881778717041
0,molrk3,jitter,0.45,1,5,0.1,0.9,1,101,1.9857410675391436e-05,25180,0.09999999999999999,0.019857410675391436,0.0019857410675391436,0.21006565468597582,0,5,-0.008763659527515063,1.0234522106963364,1.0099458557441485,2.5530023377156116e+108,2.5530023377156116e+108,inf,87183374.73230386,87183375.29045075,1,7.0360384185619296e-15,0.015639066696166992
0,maxent,jitter,0.45,1,5,0.1,0.9,1,101,1.9857410675391436e-05,25180,0.09999999999999999,0.019857410675391436,0.0019857410675391436,0.21006565468597582,0,5,0.0,1.0000000000000004,0.9999307544799677,0.6496746890828274,1.0000000000000369,0.0004760377236344704,0.0004760377236344704,1.2737509419824702,0,7.0360384185619296e-15,0.7065958976745605
0,lp,jitter,0.45,1,5,0.1,0.9,1,101,1.9857410675391436e-05,25180,0.09999999999999999,0.019857410675391436,0.0019857410675391436,0.21006565468597582,0,5,0.0,1.0000000000000002,0.9999308062934111,0.6535428682813438,1.0000000000000075,0.0052081100920612355,0.0052081100920612355,1.2736972344612085,0,7.0360384185619296e-15,0.10925984382629395
0,lprand,jitter,0.45,1,5,0.1,0.9,1,101,1.9857410675391436e-05,25180,0.09999999999999999,0.019857410675391436,0.0019857410675391436,0.21006565468597582,0,5,0.0,1.0000000000000002,0.9999307751417903,0.6494526907236999,1.0000000000000133,0.0004342240078895332,0.0013762409820665678,1.2738013935483619,0,7.0360384185619296e-15,0.11297893524169922
0,maxentw,jitter,0.45,1,5,0.1,0.9,1,101,1.9857410675391436e-05,25180,0.09999999999999999,0.019857410675391436,0.0019857410675391436,0.21006565468597582,0,5,0.0,1.0000000000000004,0.9999307544799677,0.6496746890828274,1.0000000000000369,0.0004760377236344704,0.0004760377236344704,1.2737509419824702,0,7.0360384185619296e-15,0.7097742557525635
0,minnorm,jitter,0.45,1,7,0.1,0.9,1,101,1.9857410675391436e-05,25180,0.09999999999999999,0.019857410675391436,0.0019857410675391436,0.21006565468597582,0,7,-0.16236601392970432,1.513266370370041,0.9999247122635881,0.5896794974087824,1.513266370370041,0.04648308325980771,0.04648308325980771,1.2712083201750528,0,7.0360384185619296e-15,0.06276082992553711
0,projgauss,jitter,0.45,1,7,0.1,0.9,1,101,1.9857410675391436e-05,25180,0.09999999999999999,0.019857410675391436,0.0019857410675391436,0.21006565468597582,0,7,-0.1081558442464917,1.3349912692478911,0.9999277480311911,0.6167012343741212,1.3349912692478911,0.02276199681409019,0.02276199681409019,1.2723448297751454,0,7.0360384185619296e-15,0.06879329681396484
0,spectral,jitter,0.45,1,7,0.1,0.9,1,101,1.9857410675391436e-05,25180,0.09999999999999999,0.019857410675391436,0.0019857410675391436,0.21006565468597582,0,7,-0.09346549139102137,1.1918234085558634,0.9999314339652401,0.7106513773947689,1.9149802161144138,0.011831175981661834,0.011831175981661834,1.2737763538660956,0,7.0360384185619296e-15,0.07103490829467773
0,spectralg,jitter,0.45,1,7,0.1,0.9,1,101,1.9857410675391436e-05,25180,0.09999999999999999,0.019857410675391436,0.0019857410675391436,0.21006565468597582,0,7,-0.09346549139102137,1.1918234085558634,0.9999314339652401,0.7106513773947689,1.9149802161144138,0.011831175981661834,0.011831175981661834,1.2737763538660956,0,7.0360384185619296e-15,0.09173417091369629
0,molfe,jitter,0.45,1,7,0.1,0.9,1,101,1.9857410675391436e-05,25180,0.09999999999999999,0.019857410675391436,0.0019857410675391436,0.21006565468597582,0,7,-0.00269433484348067,1.0119574522810009,1.0044931481187502,2.170765868524813e+49,2.170765868524813e+49,inf,3198154.796482356,3198155.205143357,1,7.0360384185619296e-15,0.020586013793945312
0,molrk3,jitter,0.45,1,7,0.1,0.9,1,101,1.9857410675391436e-05,25180,0.09999999999999999,0.019857410675391436,0.0019857410675391436,0.21006565468597582,0,7,-0.0026823655458559446,1.0119343068478266,1.0045032574269885,2.796871290262969e+49,2.796871290262969e+49,inf,3361009.7999934354,3361010.2086544367,1,7.0360384185619296e-15,0.020743846893310547
0,maxent,jitter,0.45,1,7,0.1,0.9,1,101,1.9857410675391436e-05,25180,0.09999999999999999,0.019857410675391436,0.0019857410675391436,0.21006565468597582,0,7,0.0,1.0000000000000004,0.9999307544769945,0.6496746782943236,1.0000000000000167,0.0004760336669905607,0.0004760336669905607,1.2737509418049247,0,7.0360384185619296e-15,0.5804657936096191
0,lp,jitter,0.45,1,7,0.1,0.9,1,101,1.9857410675391436e-05,25180,0.09999999999999999,0.019857410675391436,0.0019857410675391436,0.21006565468597582,0,7,0.0,1.0000000000000002,0.9999309246574006,0.6578807936008774,1.0000000000000149,0.011086105498922805,0.011086105498922805,1.273586908309853,0,7.0360384185619296e-15,0.10342097282409668
0,lprand,jitter,0.45,1,7,0.1,0.9,1,101,1.9857410675391436e-05,25180,0.09999999999999999,0.019857410675391436,0.0019857410675391436,0.21006565468597582,0,7,0.0,1.0000000000000002,0.9999311034113278,0.655314500526203,1.0000000000000113,0.00451357447674372,0.00451357447674372,1.273740072877221,0,7.0360384185619296e-15,0.11546492576599121
0,maxentw,jitter,0.45,1,7,0.1,0.9,1,101,1.9857410675391436e-05,25180,0.09999999999999999,0.019857410675391436,0.0019857410675391436,0.21006565468597582,0,7,0.0,1.0000000000000004,0.9999307544769945,0.6496746782943236,1.0000000000000167,0.0004760336669905607,0.0004760336669905607,1.2737509418049247,0,7.0360384185619296e-15,0.5854740142822266
0,minnorm,random,0.0,0,3,0.1,0.9,1,101,3.210978952674466e-05,15572,0.09999999999999999,0.03210978952674466,0.003210978952674466,0.267123731325411,0,3,-0.8845179207988869,2.7690358415977734,1.111581033709129,nan,1.8190870741379215e+47,inf,3061157279.0284615,3061157278.897973,1,5.904998712225051e-15,0.00850677490234375
0,projgauss,random,0.0,0,3,0.1,0.9,1,101,3.210978952674466e-05,15572,0.09999999999999999,0.03210978952674466,0.003210978952674466,0.267123731325411,0,3,-0.8845179207988878,2.7690358415977756,1.111581033709129,nan,1.819087074138403e+47,inf,3061157281.212224,3061157281.0817356,1,5.904998712225051e-15,0.009018182754516602
0,spectral,random,0.0,0,3,0.1,0.9,1,101,3.210978952674466e-05,15572,0.09999999999999999,0.03210978952674466,0.003210978952674466,0.267123731325411,0,3,-0.8845179207988869,2.7690358415977734,1.111581033709129,nan,1.8190870741379215e+47,inf,3061157279.0284615,3061157278.897973,1,5.904998712225051e-15,0.007818937301635742
0,spectralg,random,0.0,0,3,0.1,0.9,1,101,3.210978952674466e-05,15572,0.09999999999999999,0.03210978952674466,0.003210978952674466,0.267123731325411,0,3,-0.8845179207988869,2.7690358415977734,1.111581033709129,nan,1.8190870741379215e+47,inf,3061157279.0284615,3061157278.897973,1,5.904998712225051e-15,0.00915384292602539
0,molfe,random,0.0,0,3,0.1,0.9,1,101,3.210978952674466e-05,15572,0.09999999999999999,0.03210978952674466,0.003210978952674466,0.267123731325411,0,3,-0.884379710241025,2.7687594204820503,1.111561686690587,nan,1.787699612268703e+47,inf,3044632039.346619,3044632039.2161307,1,5.904998712225051e-15,0.008203983306884766
0,molrk3,random,0.0,0,3,0.1,0.9,1,101,3.210978952674466e-05,15572,0.09999999999999999,0.03210978952674466,0.003210978952674466,0.267123731325411,0,3,-0.8845179207988872,2.769035841597775,1.1180161079694049,nan,5.845022640322887e+49,inf,18430695195.76627,18430695195.63578,1,5.904998712225051e-15,0.008485078811645508
0,maxent,random,0.0,0,3,0.1,0.9,1,101,3.210978952674466e-05,15572,0.09999999999999999,0.03210978952674466,0.003210978952674466,0.267123731325411,35,3,-0.8845179207988869,2.7690358415977734,1.111581033709122,nan,1.819087074138001e+47,inf,3061157280.1906605,3061157280.060172,1,5.904998712225051e-15,0.820720911026001
0,lp,random,0.0,0,3,0.1,0.9,1,101,3.210978952674466e-05,15572,0.09999999999999999,0.03210978952674466,0.003210978952674466,0.267123731325411,35,3,-0.8845179207988869,2.7690358415977734,1.1115810337091279,nan,1.819087074138001e+47,inf,3061157280.1877975,3061157280.057309,1,5.904998712225051e-15,0.04854106903076172
0,lprand,random,0.0,0,3,0.1,0.9,1,101,3.210978952674466e-05,15572,0.09999999999999999,0.03210978952674466,0.003210978952674466,0.267123731325411,35,3,-0.8845179207988869,2.7690358415977734,1.11158103370913,nan,1.819087074138001e+47,inf,3061157280.1877975,3061157280.057309,1,5.904998712225051e-15,0.04749298095703125
0,maxentw,random,0.0,0,3,0.1,0.9,1,101,3.210978952674466e-05,15572,0.09999999999999999,0.03210978952674466,0.003210978952674466,0.267123731325411,0,7,0.0,1.0000000000000002,0.999887976758662,0.6498347066309186,1.0000000000000115,0.001141261401042093,0.001731436899660821,1.2737336887009088,0,5.904998712225051e-15,1.030076026916504
0,minnorm,random,0.0,0,5,0.1,0.9,1,101,3.210978952674466e-05,15572,0.09999999999999999,0.03210978952674466,0.003210978952674466,0.267123731325411,0,5,-0.26695464750646153,1.5728961035052254,1.0000000486536706,611.9913072578886,611.9913072578886,1.9828171619396526,1.9828171619396526,2.3459524551891127,0,5.904998712225051e-15,0.0465090274810791
0,projgauss,random,0.0,0,5,0.1,0.9,1,101,3.210978952674466e-05,15572,0.09999999999999999,0.03210978952674466,0.003210978952674466,0.267123731325411,0,5,-0.23549845464121869,1.5881002978863392,1.0000000942211846,620.9692161028404,620.9692161028404,1.9836432541939315,1.9836432541939315,2.3467785474433915,0,5.904998712225051e-15,0.0452730655670166
0,spectral,random,0.0,0,5,0.1,0.9,1,101,3.210978952674466e-05,15572,0.09999999999999999,0.03210978952674466,0.003210978952674466,0.267123731325411,0,5,-0.9299230074920557,3.5382070246147586,1.0000002230880842,3654.298075353501,3654.298075353501,1.9755298300214084,1.9755298300214084,2.3386651232708684,0,5.904998712225051e-15,0.05147695541381836
0,spectralg,random,0.0,0,5,0.1,0.9,1,101,3.210978952674466e-05,15572,0.09999999999999999,0.03210978952674466,0.003210978952674466,0.267123731325411,0,5,-0.9299230074920557,3.5382070246147586,1.0000000868932075,3654.298075353501,3654.298075353501,1.9755298300214084,1.9755298300214084,2.3386651232708684,0,5.904998712225051e-15,0.06718635559082031
0,molfe,random,0.0,0,5,0.1,0.9,1,101,3.210978952674466e-05,15572,0.09999999999999999,0.03210978952674466,0.003210978952674466,0.267123731325411,0,5,-0.03758952601612918,1.1579007657439886,1.0130226009318883,8.745517951186995e+87,8.745517951186995e+87,inf,27173068.62679221,27173068.95468704,1,5.904998712225051e-15,0.01465606689453125
0,molrk3,random,0.0,0,5,0.1,0.9,1,101,3.210978952674466e-05,15572,0.09999999999999999,0.03210978952674466,0.003210978952674466,0.267123731325411,0,5,-0.03674204179062773,1.1553975335624953,1.0131077630791754,3.238137527434435e+88,3.238137527434435e+88,inf,32630039.922610756,32630040.250505585,1,5.904998712225051e-15,0.014050006866455078
0,maxent,random,0.0,0,5,0.1,0.9,1,101,3.210978952674466e-05,15572,0.09999999999999999,0.03210978952674466,0.003210978952674466,0.267123731325411,2,5,-0.22227635931135786,1.5728961035052254,1.000000054865151,632.3141954344301,632.3141954344301,1.9894860808218637,1.9894860808218637,2.3526213740713238,0,5.904998712225051e-15,0.3069758415222168
0,lp,random,0.0,0,5,0.1,0.9,1,101,3.210978952674466e-05,15572,0.09999999999999999,0.03210978952674466,0.003210978952674466,0.267123731325411,2,5,-0.22227635931135786,1.5728961035052254,1.0000000540456704,667.0462186306122,667.0462186306122,1.988863509814884,1.988863509814884,2.351998803064344,0,5.904998712225051e-15,0.08324909210205078
0,lprand,random,0.0,0,5,0.1,0.9,1,101,3.210978952674466e-05,15572,0.09999999999999999,0.03210978952674466,0.003210978952674466,0.267123731325411,2,5,-0.22227635931135786,1.5728961035052254,1.0000001287966573,649.9460599247994,649.9460599247994,2.0012076269546486,2.0012076269546486,2.3643429202041086,0,5.904998712225051e-15,0.08816099166870117
0,maxentw,random,0.0,0,5,0.1,0.9,1,101,3.210978952674466e-05,15572,0.09999999999999999,0.03210978952674466,0.003210978952674466,0.267123731325411,0,7,0.0,1.0000000000000002,0.999887977662959,0.6498737544147313,1.0000000000000127,0.0011956982157536045,0.001728145029512962,1.2737331503823832,0,5.904998712225051e-15,0.3216118812561035
0,minnorm,random,0.0,0,7,0.1,0.9,1,101,3.210978952674466e-05,15572,0.09999999999999999,0.03210978952674466,0.003210978952674466,0.267123731325411,0,7,-0.20602119710055536,1.6121429010651438,0.9998848429168683,0.6403819909952623,1.8792635003555644,0.04223542020949084,0.043861983861412546,1.2728113629771602,0,5.904998712225051e-15,0.044123172760009766
0,projgauss,random,0.0,0,7,0.1,0.9,1,101,3.210978952674466e-05,15572,0.09999999999999999,0.03210978952674466,0.003210978952674466,0.267123731325411,0,7,-0.1484561379813171,1.443749897254046,0.9998876397540054,0.65751804613541,1.5735035151262986,0.012435812331819618,0.021172952244222387,1.2728947358311447,0,5.904998712225051e-15,0.045728206634521484
0,spectral,random,0.0,0,7,0.1,0.9,1,101,3.210978952674466e-05,15572,0.09999999999999999,0.03210978952674466,0.003210978952674466,0.267123731325411,0,7,-0.8533322035531323,3.4231777245840105,0.9999053162236232,1.7010869403034306,8.260049732224983,0.30871281525918104,0.30871281525918104,1.273551906586182,0,5.904998712225051e-15,0.05441880226135254
0,spectralg,random,0.0,0,7,0.1,0.9,1,101,3.210978952674466e-05,15572,0.09999999999999999,0.03210978952674466,0.003210978952674466,0.267123731325411,0,7,-0.8533322035531323,3.4231777245840105,0.9998990486165005,1.4777907628894928,8.260049732224983,0.25343209317522086,0.25343209317522086,1.2735519065981487,0,5.904998712225051e-15,0.06663084030151367
0,molfe,random,0.0,0,7,0.1,0.9,1,101,3.210978952674466e-05,15572,0.09999999999999999,0.03210978952674466,0.003210978952674466,0.267123731325411,0,7,-0.013533710779493746,1.0494893206437403,1.007240850253402,1.4714743726228486e+49,1.4714743726228486e+49,inf,2280181.6984927123,2280182.48052842,1,5.904998712225051e-15,0.015493154525756836
0,molrk3,random,0.0,0,7,0.1,0.9,1,101,3.210978952674466e-05,15572,0.09999999999999999,0.03210978952674466,0.003210978952674466,0.267123731325411,0,7,-0.013222728176195757,1.048891142808967,1.0072671284824533,2.208961437589736e+49,2.208961437589736e+49,inf,2513358.6485657725,2513359.43060148,1,5.904998712225051e-15,0.015844106674194336
0,maxent,random,0.0,0,7,0.1,0.9,1,101,3.210978952674466e-05,15572,0.09999999999999999,0.03210978952674466,0.003210978952674466,0.267123731325411,0,7,0.0,1.0000000000000002,0.9998879842664937,0.649926590499057,1.0000000000000124,0.0012024596114810215,0.0017247804243821774,1.2737331511603327,0,5.904998712225051e-15,0.4501159191131592
0,lp,random,0.0,0,7,0.1,0.9,1,101,3.210978952674466e-05,15572,0.09999999999999999,0.03210978952674466,0.003210978952674466,0.267123731325411,0,7,0.0,1.0000000000000002,0.9998887734469987,0.6641037366301689,1.0000000000000118,0.0202233752437046,0.0202233752437046,1.273530715371299,0,5.904998712225051e-15,0.08751106262207031
0,lprand,random,0.0,0,7,0.1,0.9,1,101,3.210978952674466e-05,15572,0.09999999999999999,0.03210978952674466,0.003210978952674466,0.267123731325411,0,7,0.0,1.0000000000000002,0.9998881012206305,0.6512999664547595,1.0000000000000047,0.0028584480216360397,0.005464804870629225,1.2736324996611854,0,5.904998712225051e-15,0.09128093719482422
0,maxentw,random,0.0,0,7,0.1,0.9,1,101,3.210978952674466e-05,15572,0.09999999999999999,0.03210978952674466,0.003210978952674466,0.267123731325411,0,7,0.0,1.0000000000000002,0.9998879842664937,0.649926590499057,1.0000000000000124,0.0012024596114810215,0.0017247804243821774,1.2737331511603327,0,5.904998712225051e-15,0.4516620635986328
0,minnorm,random,0.0,1,3,0.1,0.9,1,101,3.9715644509288185e-05,12590,0.09999999999999999,0.03971564450928819,0.003971564450928818,0.29708077655482557,0,3,-0.6549257446826342,2.309851489365268,1.0934915626353225,nan,6.156426815130079e+39,inf,1190550978042836.8,1190550978042836.0,1,6.467049118441537e-15,0.008201122283935547
0,projgauss,random,0.0,1,3,0.1,0.9,1,101,3.9715644509288185e-05,12590,0.09999999999999999,0.03971564450928819,0.003971564450928818,0.29708077655482557,0,3,-0.6549257446826342,2.309851489365268,1.093491562635323,nan,6.156426815132342e+39,inf,1190550979020338.5,1190550979020337.8,1,6.467049118441537e-15,0.008997917175292969
0,spectral,random,0.0,1,3,0.1,0.9,1,101,3.9715644509288185e-05,12590,0.09999999999999999,0.03971564450928819,0.003971564450928818,0.29708077655482557,0,3,-0.6549257446826342,2.309851489365268,1.0934915626353225,nan,6.156426815130079e+39,inf,1190550978042836.8,1190550978042836.0,1,6.467049118441537e-15,0.008513212203979492
0,spectralg,random,0.0,1,3,0.1,0.9,1,101,3.9715644509288185e-05,12590,0.09999999999999999,0.03971564450928819,0.003971564450928818,0.29708077655482557,0,3,-0.6549257446826342,2.309851489365268,1.0934915626353225,nan,6.156426815130079e+39,inf,1190550978042836.8,1190550978042836.0,1,6.467049118441537e-15,0.008647918701171875
0,molfe,random,0.0,1,3,0.1,0.9,1,101,3.9715644509288185e-05,12590,0.09999999999999999,0.03971564450928819,0.003971564450928818,0.29708077655482557,0,3,-0.654791086550899,2.3095821731017985,1.0934746743892898,nan,6.062094983757282e+39,inf,1181351705182972.5,1181351705182971.8,1,6.467049118441537e-15,0.007996082305908203
0,molrk3,random,0.0,1,3,0.1,0.9,1,101,3.9715644509288185e-05,12590,0.09999999999999999,0.03971564450928819,0.003971564450928818,0.29708077655482557,0,3,-0.6244357848844939,2.248871569768988,1.097979554489787,nan,3.699533620888754e+41,inf,9304914392881968.0,9304914392881968.0,1,6.467049118441537e-15,0.008836984634399414
0,maxent,random,0.0,1,3,0.1,0.9,1,101,3.9715644509288185e-05,12590,0.09999999999999999,0.03971564450928819,0.003971564450928818,0.29708077655482557,35,3,-0.6549257446826342,2.309851489365268,1.0934915626353225,nan,6.156426815130118e+39,inf,1190550978226446.8,1190550978226446.0,1,6.467049118441537e-15,0.8340780735015869
0,lp,random,0.0,1,3,0.1,0.9,1,101,3.9715644509288185e-05,12590,0.09999999999999999,0.03971564450928819,0.003971564450928818,0.29708077655482557,35,3,-0.6549257446826342,2.309851489365268,1.0934915626353225,nan,6.156426815130095e+39,inf,1190550978190443.0,1190550978190442.2,1,6.467049118441537e-15,0.04830479621887207
0,lprand,random,0.0,1,3,0.1,0.9,1,101,3.9715644509288185e-05,12590,0.09999999999999999,0.03971564450928819,0.003971564450928818,0.29708077655482557,35,3,-0.6549257446826342,2.309851489365268,1.0934915626353225,nan,6.156426815130093e+39,inf,1190550978159531.2,1190550978159530.5,1,6.467049118441537e-15,0.04811429977416992
0,maxentw,random,0.0,1,3,0.1,0.9,1,101,3.9715644509288185e-05,12590,0.09999999999999999,0.03971564450928819,0.003971564450928818,0.29708077655482557,0,7,0.0,1.0000000000000004,0.9998613667172773,0.6503920749774273,1.0000000000000127,0.0020665313228608317,0.0027124117666552927,1.2735140958107378,0,6.467049118441537e-15,1.1408331394195557
0,minnorm,random,0.0,1,5,0.1,0.9,1,101,3.9715644509288185e-05,12590,0.09999999999999999,0.03971564450928819,0.003971564450928818,0.29708077655482557,0,5,-0.24013314401369307,1.6981157793789174,1.0001158561574768,1746.196003110595,1746.196003110595,5.931679012678918,5.931679012678918,5.9213672723266635,0,6.467049118441537e-15,0.0403590202331543
0,projgauss,random,0.0,1,5,0.1,0.9,1,101,3.9715644509288185e-05,12590,0.09999999999999999,0.03971564450928819,0.003971564450928818,0.29708077655482557,0,5,-0.26867278298671116,1.7189386045351738,1.0001140507288198,1640.3635562971854,1640.3635562971854,5.939661059385017,5.939661059385017,5.929349319032762,0,6.467049118441537e-15,0.03975987434387207
0,spectral,random,0.0,1,5,0.1,0.9,1,101,3.9715644509288185e-05,12590,0.09999999999999999,0.03971564450928819,0.003971564450928818,0.29708077655482557,0,5,-1.145065616336448,5.332369347415131,1.000108820621619,7995.134736423579,7995.134736423579,5.848513070933524,5.848513070933524,5.838201330581269,0,6.467049118441537e-15,0.04297804832458496
0,spectralg,random,0.0,1,5,0.1,0.9,1,101,3.9715644509288185e-05,12590,0.09999999999999999,0.03971564450928819,0.003971564450928818,0.29708077655482557,0,5,-1.145065616336448,5.332369347415131,1.0001086813901239,7947.96417687759,7947.96417687759,5.841583669570769,5.841583669570769,5.831271929218514,0,6.467049118441537e-15,0.05494999885559082
0,molfe,random,0.0,1,5,0.1,0.9,1,101,3.9715644509288185e-05,12590,0.09999999999999999,0.03971564450928819,0.003971564450928818,0.29708077655482557,0,5,-0.08502360470623259,1.3117616858782633,1.0047832975685747,2.1025409501948684e+27,2.1025409501948684e+27,inf,1881928.3241878343,1881928.1748357278,1,6.467049118441537e-15,0.017206907272338867
0,molrk3,random,0.0,1,5,0.1,0.9,1,101,3.9715644509288185e-05,12590,0.09999999999999999,0.03971564450928819,0.003971564450928818,0.29708077655482557,0,5,-0.08368981265115785,1.3055612171351365,1.0047947557766477,2.427150323189955e+27,2.427150323189955e+27,inf,1987163.3004626825,1987163.151110576,1,6.467049118441537e-15,0.0211639404296875
0,maxent,random,0.0,1,5,0.1,0.9,1,101,3.9715644509288185e-05,12590,0.09999999999999999,0.03971564450928819,0.003971564450928818,0.29708077655482557,6,5,-0.24013314401369307,1.6981157793789174,1.0001097601053022,1625.219212577104,1625.219212577104,5.85589411490306,5.85589411490306,5.845582374550805,0,6.467049118441537e-15,0.5966382026672363
0,lp,random,0.0,1,5,0.1,0.9,1,101,3.9715644509288185e-05,12590,0.09999999999999999,0.03971564450928819,0.003971564450928818,0.29708077655482557,6,5,-0.24013314401369307,1.6981157793789174,1.0001096367073325,1733.2303164660366,1733.2303164660366,5.845799126848514,5.845799126848514,5.8354873864962595,0,6.467049118441537e-15,0.07596325874328613
0,lprand,random,0.0,1,5,0.1,0.9,1,101,3.9715644509288185e-05,12590,0.09999999999999999,0.03971564450928819,0.003971564450928818,0.29708077655482557,6,5,-0.24013314401369307,1.6981157793789174,1.0001099124599628,5472.26493468499,5472.26493468499,5.8540522813409135,5.8540522813409135,5.843740540988659,0,6.467049118441537e-15,0.08088493347167969
0,maxentw,random,0.0,1,5,0.1,0.9,1,101,3.9715644509288185e-05,12590,0.09999999999999999,0.03971564450928819,0.003971564450928818,0.29708077655482557,0,7,0.0,1.0000000000000004,0.9998613652967886,0.6503828736257987,1.000000000000012,0.00206749418121821,0.002711078668772987,1.2735138839949007,0,6.467049118441537e-15,0.6225919723510742
0,minnorm,random,0.0,1,7,0.1,0.9,1,101,3.9715644509288185e-05,12590,0.09999999999999999,0.03971564450928819,0.003971564450928818,0.29708077655482557,0,7,-0.2201329561325895,1.5944040689967367,0.9998619706555292,0.6462119393712176,1.8098601749543493,0.01177602724381055,0.04956760515174374,1.2643817866348595,0,6.467049118441537e-15,0.035901784896850586
0,projgauss,random,0.0,1,7,0.1,0.9,1,101,3.9715644509288185e-05,12590,0.09999999999999999,0.03971564450928819,0.003971564450928818,0.29708077655482557,0,7,-0.16064582956437445,1.4368248182580707,0.9998609439763542,0.6491571668109345,1.4368248182580707,0.007970316556839135,0.022667972600786013,1.2682444646665851,0,6.467049118441537e-15,0.0343022346496582
0,spectral,random,0.0,1,7,0.1,0.9,1,101,3.9715644509288185e-05,12590,0.09999999999999999,0.03971564450928819,0.003971564450928818,0.29708077655482557,0,7,-1.4642915086151813,5.978014048149393,0.9998614491732075,1.0454004356088271,12.77819491597081,0.004701291870060409,0.010554904700657786,1.2721084299330245,0,6.467049118441537e-15,0.04323124885559082
0,spectralg,random,0.0,1,7,0.1,0.9,1,101,3.9715644509288185e-05,12590,0.09999999999999999,0.03971564450928819,0.003971564450928818,0.29708077655482557,0,7,-1.4642915086151813,5.978014048149393,0.9998614491732075,1.0454004356088271,12.77819491597081,0.004701291870060409,0.010554904700657786,1.2721084299330245,0,6.467049118441537e-15,0.057058095932006836
0,molfe,random,0.0,1,7,0.1,0.9,1,101,3.9715644509288185e-05,12590,0.09999999999999999,0.03971564450928819,0.003971564450928818,0.29708077655482557,0,7,-0.013767089715228234,1.0619086354353846,1.0100111159909697,9.173217202891657e+54,9.173217202891657e+54,inf,12133134.50194946,12133135.35321922,1,6.467049118441537e-15,0.012742757797241211
0,molrk3,random,0.0,1,7,0.1,0.9,1,101,3.9715644509288185e-05,12590,0.09999999999999999,0.03971564450928819,0.003971564450928818,0.29708077655482557,0,7,-0.013546796959580634,1.0607225811203413,1.0100613944357424,1.716725526158502e+55,1.716725526158502e+55,inf,1114153.5947877022,1114154.42862247,1,6.467049118441537e-15,0.012167930603027344
0,maxent,random,0.0,1,7,0.1,0.9,1,101,3.9715644509288185e-05,12590,0.09999999999999999,0.03971564450928819,0.003971564450928818,0.29708077655482557,0,7,0.0,1.0000000000000004,0.9998613641950883,0.6503845442502791,1.000000000000019,0.002071860192079056,0.002717760484514886,1.2735138864052398,0,6.467049118441537e-15,0.4672420024871826
0,lp,random,0.0,1,7,0.1,0.9,1,101,3.9715644509288185e-05,12590,0.09999999999999999,0.03971564450928819,0.003971564450928818,0.29708077655482557,0,7,0.0,1.0000000000000002,0.9998614937807822,0.6572453462034519,1.0000000000000067,0.009736817948152066,0.009736817948152066,1.2735548370216097,0,6.467049118441537e-15,0.07515215873718262
0,lprand,random,0.0,1,7,0.1,0.9,1,101,3.9715644509288185e-05,12590,0.09999999999999999,0.03971564450928819,0.003971564450928818,0.29708077655482557,0,7,0.0,1.0000000000000002,0.9998611320349529,0.6500092085134331,1.0000000000000087,0.0039274270152904744,0.004536825902218378,1.2735956185465145,0,6.467049118441537e-15,0.07887792587280273
0,maxentw,random,0.0,1,7,0.1,0.9,1,101,3.9715644509288185e-05,12590,0.09999999999999999,0.03971564450928819,0.003971564450928818,0.29708077655482557,0,7,0.0,1.0000000000000004,0.9998613641950883,0.6503845442502791,1.000000000000019,0.002071860192079056,0.002717760484514886,1.2735138864052398,0,6.467049118441537e-15,0.4677150249481201
0,minnorm,jitter,0.0,0,3,0.03,0.9,1,101,0.0014999999999999695,334,0.33333333333333337,0.4499999999999908,0.14999999999999694,0.9999999999999898,0,3,0.0,1.0000000000000004,0.9872740467198028,0.9659154040620476,1.0000000000000004,0.004246120823903299,0.004246120823903299,1.2920525319849756,0,7.283767944343822e-08,0.009281158447265625
0,projgauss,jitter,0.0,0,3,0.03,0.9,1,101,0.0014999999999999695,334,0.33333333333333337,0.4499999999999908,0.14999999999999694,0.9999999999999898,0,3,0.0,1.0000000000000004,0.9872740467198005,0.9659154040621168,1.0000000000000009,0.00424612082386322,0.00424612082386322,1.2920525319849778,0,7.283767944343822e-08,0.009708881378173828
0,spectral,jitter,0.0,0,3,0.03,0.9,1,101,0.0014999999999999695,334,0.33333333333333337,0.4499999999999908,0.14999999999999694,0.9999999999999898,0,3,0.0,1.0000000000000004,0.9872740467198028,0.9659154040620476,1.0000000000000004,0.004246120823903299,0.004246120823903299,1.2920525319849756,0,7.283767944343822e-08,0.008997678756713867
0,spectralg,jitter,0.0,0,3,0.03,0.9,1,101,0.0014999999999999695,334,0.33333333333333337,0.4499999999999908,0.14999999999999694,0.9999999999999898,0,3,0.0,1.0000000000000004,0.9872740467198028,0.9659154040620476,1.0000000000000004,0.004246120823903299,0.004246120823903299,1.2920525319849756,0,7.283767944343822e-08,0.010280847549438477
0,molfe,jitter,0.0,0,3,0.03,0.9,1,101,0.0014999999999999695,334,0.33333333333333337,0.4499999999999908,0.14999999999999694,0.9999999999999898,0,3,0.0,1.0,0.9869740832269394,0.9685696175083023,1.0,0.0067561777281914814,0.0067561777281914814,1.2922246984701162,0,7.283767944343822e-08,0.009577274322509766
0,molrk3,jitter,0.0,0,3,0.03,0.9,1,101,0.0014999999999999695,334,0.33333333333333337,0.4499999999999908,0.14999999999999694,0.9999999999999898,0,3,0.0,1.0000000000000002,0.9870585521210068,0.9663064252769662,1.0000000000000002,0.0025248742724626183,0.0025248742724626183,1.2920389868297608,0,7.283767944343822e-08,0.00883626937866211
0,maxent,jitter,0.0,0,3,0.03,0.9,1,101,0.0014999999999999695,334,0.33333333333333337,0.4499999999999908,0.14999999999999694,0.9999999999999898,0,3,0.0,1.0,0.9872740467198694,0.9659154040631056,1.0000000000000007,0.004246120825293409,0.004246120825293409,1.2920525319850225,0,7.283767944343822e-08,1.3893508911132812
0,lp,jitter,0.0,0,3,0.03,0.9,1,101,0.0014999999999999695,334,0.33333333333333337,0.4499999999999908,0.14999999999999694,0.9999999999999898,0,3,0.0,1.0,0.9872740467196948,0.9659154040621494,1.0000000000000004,0.00424612082384257,0.00424612082384257,1.292052531984978,0,7.283767944343822e-08,0.049530982971191406
0,lprand,jitter,0.0,0,3,0.03,0.9,1,101,0.0014999999999999695,334,0.33333333333333337,0.4499999999999908,0.14999999999999694,0.9999999999999898,0,3,0.0,1.0,0.9872740467196948,0.9659154040621494,1.0000000000000004,0.00424612082384257,0.00424612082384257,1.292052531984978,0,7.283767944343822e-08,0.04869890213012695
0,maxentw,jitter,0.0,0,3,0.03,0.9,1,101,0.0014999999999999695,334,0.33333333333333337,0.4499999999999908,0.14999999999999694,0.9999999999999898,0,3,0.0,1.0,0.9872740467198694,0.9659154040631056,1.0000000000000007,0.004246120825293409,0.004246120825293409,1.2920525319850225,0,7.283767944343822e-08,1.3836898803710938
0,minnorm,jitter,0.0,0,5,0.03,0.9,1,101,0.0014999999999999695,334,0.33333333333333337,0.4499999999999908,0.14999999999999694,0.9999999999999898,0,5,-0.02392857142857418,1.047857142857148,0.9870542828579113,0.9665316004033866,1.047857142857148,0.005873043735307504,0.005873043735307504,1.2920383064845726,0,7.283767944343822e-08,0.009019136428833008
0,projgauss,jitter,0.0,0,5,0.03,0.9,1,101,0.0014999999999999695,334,0.33333333333333337,0.4499999999999908,0.14999999999999694,0.9999999999999898,0,5,-0.011673243706055186,1.0233464874121105,0.9871548178788898,0.9660796445856118,1.0233464874121105,0.005680644281454705,0.005680644281454705,1.2920447894127862,0,7.283767944343822e-08,0.00872802734375
0,spectral,jitter,0.0,0,5,0.03,0.9,1,101,0.0014999999999999695,334,0.33333333333333337,0.4499999999999908,0.14999999999999694,0.9999999999999898,0,5,-0.010058173344125787,1.0201163466882504,0.9871700830431958,0.9660047465654624,1.0201163466882504,0.005714392771952459,0.005714392771952459,1.2920458017775385,0,7.283767944343822e-08,0.013751029968261719
0,spectralg,jitter,0.0,0,5,0.03,0.9,1,101,0.0014999999999999695,334,0.33333333333333337,0.4499999999999908,0.14999999999999694,0.9999999999999898,0,5,-0.010058173344125787,1.0201163466882504,0.9871700830431958,0.9660047465654624,1.0201163466882504,0.005714392771952459,0.005714392771952459,1.2920458017775385,0,7.283767944343822e-08,0.025486230850219727
0,molfe,jitter,0.0,0,5,0.03,0.9,1,101,0.0014999999999999695,334,0.33333333333333337,0.4499999999999908,0.14999999999999694,0.9999999999999898,0,5,-0.1714285714285678,1.5442857142857027,1.2530220445659588,1.5445217346165784e+33,1.186737534364142e+99,inf,3208501.1425810433,3208500.9651798434,1,7.283767944343822e-08,0.008770942687988281
0,molrk3,jitter,0.0,0,5,0.03,0.9,1,101,0.0014999999999999695,334,0.33333333333333337,0.4499999999999908,0.14999999999999694,0.9999999999999898,0,5,-0.14309845572157182,1.483796625728854,1.2877318738375787,1.8290676775789146e+37,1.1398356767910585e+111,inf,2817885.57532233,2817885.823683695,1,7.283767944343822e-08,0.009559869766235352
0,maxent,jitter,0.0,0,5,0.03,0.9,1,101,0.0014999999999999695,334,0.33333333333333337,0.4499999999999908,0.14999999999999694,0.9999999999999898,0,5,0.0,1.0000000000000002,0.9871658198397664,0.966007004421159,1.0000000000000007,0.0042125170119585165,0.0042125170119585165,1.2920455301652165,0,7.283767944343822e-08,0.020121097564697266
0,lp,jitter,0.0,0,5,0.03,0.9,1,101,0.0014999999999999695,334,0.33333333333333337,0.4499999999999908,0.14999999999999694,0.9999999999999898,0,5,0.0,1.0,0.9865141493240227,0.9693424228471136,1.0000000000000007,0.05081413726386197,0.05081413726386197,1.2920079754170668,0,7.283767944343822e-08,0.049653053283691406
0,lprand,jitter,0.0,0,5,0.03,0.9,1,101,0.0014999999999999695,334,0.33333333333333337,0.4499999999999908,0.14999999999999694,0.9999999999999898,0,5,0.0,1.0000000000000002,0.9871343663417855,0.9671053019622838,1.0000000000000004,0.04396676749501399,0.04396676749501399,1.292075132720215,0,7.283767944343822e-08,0.04903221130371094
0,maxentw,jitter,0.0,0,5,0.03,0.9,1,101,0.0014999999999999695,334,0.33333333333333337,0.4499999999999908,0.14999999999999694,0.9999999999999898,0,5,0.0,1.0000000000000002,0.9871658198397664,0.966007004421159,1.0000000000000007,0.0042125170119585165,0.0042125170119585165,1.2920455301652165,0,7.283767944343822e-08,0.019299030303955078
0,minnorm,jitter,0.0,0,7,0.03,0.9,1,101,0.0014999999999999695,334,0.33333333333333337,0.4499999999999908,0.14999999999999694,0.9999999999999898,0,7,-0.08973214285714436,1.1794642857142885,0.986492678148033,0.9704786740213963,1.1794642857142885,0.01961620391457397,0.01961620391457397,1.292007312346943,0,7.283767944343822e-08,0.008760213851928711
0,projgauss,jitter,0.0,0,7,0.03,0.9,1,101,0.0014999999999999695,334,0.33333333333333337,0.4499999999999908,0.14999999999999694,0.9999999999999898,0,7,-0.033821675332177364,1.0913542797536744,0.9871030480784266,0.9663897612030994,1.0913542797536744,0.010541473057558093,0.010541473057558093,1.292041387118524,0,7.283767944343822e-08,0.01004481315612793
0,spectral,jitter,0.0,0,7,0.03,0.9,1,101,0.0014999999999999695,334,0.33333333333333337,0.4499999999999908,0.14999999999999694,0.9999999999999898,0,7,-0.029763505128321002,1.0771599054346848,0.9871395113857718,0.9661194101854019,1.077159905434685,0.01109737575655595,0.01109737575655595,1.2920438166258017,0,7.283767944343822e-08,0.014243841171264648
0,spectralg,jitter,0.0,0,7,0.03,0.9,1,101,0.0014999999999999695,334,0.33333333333333337,0.4499999999999908,0.14999999999999694,0.9999999999999898,0,7,-0.029763505128321002,1.0771599054346848,0.9871395113857718,0.9661194101854019,1.077159905434685,0.01109737575655595,0.01109737575655595,1.2920438166258017,0,7.283767944343822e-08,0.02801203727722168
0,molfe,jitter,0.0,0,7,0.03,0.9,1,101,0.0014999999999999695,334,0.33333333333333337,0.4499999999999908,0.14999999999999694,0.9999999999999898,0,7,-0.07142857142857006,1.3785714285714212,1.0948202991171767,45875972120171.734,2.795406717125081e+40,inf,1438594.079393932,1438593.9954760424,1,7.283767944343822e-08,0.00812220573425293
0,molrk3,jitter,0.0,0,7,0.03,0.9,1,101,0.0014999999999999695,334,0.33333333333333337,0.4499999999999908,0.14999999999999694,0.9999999999999898,0,7,-0.0657690358509464,1.3618059060677776,1.0994435011937207,204293722432590.9,2.1083612438917898e+42,inf,1271936.7838427366,1271936.6410724842,1,7.283767944343822e-08,0.00856781005859375
0,maxent,jitter,0.0,0,7,0.03,0.9,1,101,0.0014999999999999695,334,0.33333333333333337,0.4499999999999908,0.14999999999999694,0.9999999999999898,0,7,0.0,1.0000000000000002,0.9871415865014338,0.9660227441703346,1.000000000000002,0.005007262355622266,0.005007262355622266,1.2920440172748668,0,7.283767944343822e-08,0.15541887283325195
0,lp,jitter,0.0,0,7,0.03,0.9,1,101,0.0014999999999999695,334,0.33333333333333337,0.4499999999999908,0.14999999999999694,0.9999999999999898,0,7,0.0,1.0,0.9860984482216418,0.971906170582623,1.0000000000000007,0.21207098575468614,0.21207098575468614,1.2919889679692789,0,7.283767944343822e-08,0.04919886589050293
0,lprand,jitter,0.0,0,7,0.03,0.9,1,101,0.0014999999999999695,334,0.33333333333333337,0.4499999999999908,0.14999999999999694,0.9999999999999898,0,7,0.0,1.0000000000000004,0.9868004400542393,0.9678035231243395,1.0000000000000009,0.044935731307986615,0.044935731307986615,1.2920625881137182,0,7.283767944343822e-08,0.04933500289916992
0,maxentw,jitter,0.0,0,7,0.03,0.9,1,101,0.0014999999999999695,334,0.33333333333333337,0.4499999999999908,0.14999999999999694,0.9999999999999898,0,7,0.0,1.0000000000000002,0.9871415865014338,0.9660227441703346,1.000000000000002,0.005007262355622266,0.005007262355622266,1.2920440172748668,0,7.283767944343822e-08,0.15645313262939453
0,minnorm,jitter,0.1,0,3,0.03,0.9,1,101,0.0009825857579693425,509,0.33333333333333337,0.2947757273908027,0.09825857579693424,0.8093560230081454,0,3,0.0,1.0000000000000009,0.9915961147850729,0.9662278596359783,1.0000000000000022,0.0020219894492583546,0.0020219894492583546,1.2913846825370139,0,7.22965382005114e-08,0.009186029434204102
0,projgauss,jitter,0.1,0,3,0.03,0.9,1,101,0.0009825857579693425,509,0.33333333333333337,0.2947757273908027,0.09825857579693424,0.8093560230081454,0,3,0.0,1.0000000000000002,0.9915961147846475,0.9662278596359858,1.0000000000000009,0.0020219894492523593,0.0020219894492523593,1.2913846825370157,0,7.22965382005114e-08,0.010769844055175781
0,spectral,jitter,0.1,0,3,0.03,0.9,1,101,0.0009825857579693425,509,0.33333333333333337,0.2947757273908027,0.09825857579693424,0.8093560230081454,0,3,0.0,1.0000000000000009,0.9915961147850729,0.9662278596359783,1.0000000000000022,0.0020219894492583546,0.0020219894492583546,1.2913846825370139,0,7.22965382005114e-08,0.011232137680053711
0,spectralg,jitter,0.1,0,3,0.03,0.9,1,101,0.0009825857579693425,509,0.33333333333333337,0.2947757273908027,0.09825857579693424,0.8093560230081454,0,3,0.0,1.0000000000000009,0.9915961147850729,0.9662278596359783,1.0000000000000022,0.0020219894492583546,0.0020219894492583546,1.2913846825370139,0,7.22965382005114e-08,0.010690689086914062
0,molfe,jitter,0.1,0,3,0.03,0.9,1,101,0.0009825857579693425,509,0.33333333333333337,0.2947757273908027,0.09825857579693424,0.8093560230081454,0,3,0.0,1.0000000000000004,0.9914661878015608,0.967960940061023,1.0000000000000004,0.00545346067292285,0.00545346067292285,1.2915078517874836,0,7.22965382005114e-08,0.010487079620361328
0,molrk3,jitter,0.1,0,3,0.03,0.9,1,101,0.0009825857579693425,509,0.33333333333333337,0.2947757273908027,0.09825857579693424,0.8093560230081454,0,3,0.0,1.0000000000000002,0.9915024971965005,0.9664896325392328,1.0000000000000002,0.0034469393366570733,0.0034469393366570733,1.2913751960780302,0,7.22965382005114e-08,0.009285926818847656
0,maxent,jitter,0.1,0,3,0.03,0.9,1,101,0.0009825857579693425,509,0.33333333333333337,0.2947757273908027,0.09825857579693424,0.8093560230081454,0,3,0.0,1.0000000000000002,0.9915961147818636,0.9662278596214884,1.0000000000000007,0.0020219894512006897,0.0020219894512006897,1.2913846825370148,0,7.22965382005114e-08,0.06904196739196777
0,lp,jitter,0.1,0,3,0.03,0.9,1,101,0.0009825857579693425,509,0.33333333333333337,0.2947757273908027,0.09825857579693424,0.8093560230081454,0,3,0.0,1.0,0.9915961147842924,0.9662278596359747,1.0000000000000004,0.0020219894492579105,0.0020219894492579105,1.2913846825370152,0,7.22965382005114e-08,0.050633907318115234
0,lprand,jitter,0.1,0,3,0.03,0.9,1,101,0.0009825857579693425,509,0.33333333333333337,0.2947757273908027,0.09825857579693424,0.8093560230081454,0,3,0.0,1.0,0.9915961147842907,0.9662278596359738,1.0000000000000004,0.0020219894492582435,0.0020219894492582435,1.2913846825370152,0,7.22965382005114e-08,0.05054306983947754
0,maxentw,jitter,0.1,0,3,0.03,0.9,1,101,0.0009825857579693425,509,0.33333333333333337,0.2947757273908027,0.09825857579693424,0.8093560230081454,0,3,0.0,1.0000000000000002,0.9915961147818636,0.9662278596214884,1.0000000000000007,0.0020219894512006897,0.0020219894512006897,1.2913846825370148,0,7.22965382005114e-08,0.0698239803314209
0,minnorm,jitter,0.1,0,5,0.03,0.9,1,101,0.0009825857579693425,509,0.33333333333333337,0.2947757273908027,0.09825857579693424,0.8093560230081454,0,5,-0.059375314744707954,1.118750629489415,0.9914288892084656,0.9673098744480463,1.118750629489415,0.009918425003581088,0.009918425003581088,1.2913677958681784,0,7.22965382005114e-08,0.010009288787841797
0,projgauss,jitter,0.1,0,5,0.03,0.9,1,101,0.0009825857579693425,509,0.33333333333333337,0.2947757273908027,0.09825857579693424,0.8093560230081454,0,5,-0.017999140939474613,1.035998281878949,0.9914993138322091,0.966796014982309,1.035998281878949,0.006044337067569627,0.006044337067569627,1.2913744943022794,0,7.22965382005114e-08,0.010204076766967773
0,spectral,jitter,0.1,0,5,0.03,0.9,1,101,0.0009825857579693425,509,0.33333333333333337,0.2947757273908027,0.09825857579693424,0.8093560230081454,0,5,-0.020204044294331973,1.0404080885886624,0.9915655599339561,0.9662400200624353,1.0404080885886626,0.0029746511748230398,0.0029746511748230398,1.2913832750263865,0,7.22965382005114e-08,0.014164924621582031
0,spectralg,jitter,0.1,0,5,0.03,0.9,1,101,0.0009825857579693425,509,0.33333333333333337,0.2947757273908027,0.09825857579693424,0.8093560230081454,0,5,-0.020204044294331973,1.0404080885886624,0.9915655599339561,0.9662400200624353,1.0404080885886626,0.0029746511748230398,0.0029746511748230398,1.2913832750263865,0,7.22965382005114e-08,0.02826714515686035
0,molfe,jitter,0.1,0,5,0.03,0.9,1,101,0.0009825857579693425,509,0.33333333333333337,0.2947757273908027,0.09825857579693424,0.8093560230081454,0,5,-0.11170349815217033,1.358116205898713,1.1654022992731827,2.334930595932515e+34,1.939355068685263e+67,inf,3183268.8977276175,3183269.0561851403,1,7.22965382005114e-08,0.010622978210449219
0,molrk3,jitter,0.1,0,5,0.03,0.9,1,101,0.0009825857579693425,509,0.33333333333333337,0.2947757273908027,0.09825857579693424,0.8093560230081454,0,5,-0.09912308113155488,1.330364425397619,1.1798354367375088,1.4138958865121623e+37,5.277046525439773e+72,inf,4325002.381569197,4325002.038680288,1,7.22965382005114e-08,0.00925588607788086
0,maxent,jitter,0.1,0,5,0.03,0.9,1,101,0.0009825857579693425,509,0.33333333333333337,0.2947757273908027,0.09825857579693424,0.8093560230081454,0,5,0.0,1.0000000000000002,0.9915575433744295,0.9662728227663131,1.0000000000000009,0.0028016210806220965,0.0028016210806220965,1.291380728997665,0,7.22965382005114e-08,0.1376209259033203
0,lp,jitter,0.1,0,5,0.03,0.9,1,101,0.0009825857579693425,509,0.33333333333333337,0.2947757273908027,0.09825857579693424,0.8093560230081454,0,5,0.0,1.0000000000000002,0.9912480167989519,0.9664965427798126,1.0000000000000004,0.04093072323749153,0.04093072323749153,1.2913558686869786,0,7.22965382005114e-08,0.051666975021362305
0,lprand,jitter,0.1,0,5,0.03,0.9,1,101,0.0009825857579693425,509,0.33333333333333337,0.2947757273908027,0.09825857579693424,0.8093560230081454,0,5,0.0,1.0,0.9914731742166564,0.9656891554880285,1.0000000000000004,0.038386965535809114,0.038386965535809114,1.2913654956120744,0,7.22965382005114e-08,0.05209803581237793
0,maxentw,jitter,0.1,0,5,0.03,0.9,1,101,0.0009825857579693425,509,0.33333333333333337,0.2947757273908027,0.09825857579693424,0.8093560230081454,0,5,0.0,1.0000000000000002,0.9915575433744295,0.9662728227663131,1.0000000000000009,0.0028016210806220965,0.0028016210806220965,1.291380728997665,0,7.22965382005114e-08,0.13822102546691895
0,minnorm,jitter,0.1,0,7,0.03,0.9,1,101,0.0009825857579693425,509,0.33333333333333337,0.2947757273908027,0.09825857579693424,0.8093560230081454,0,7,-0.11297596892567809,1.271381354174389,0.9909017986745714,0.9747846323166415,1.271381354174389,0.02473203744976127,0.02473203744976127,1.2913194360114097,0,7.22965382005114e-08,0.009799003601074219
0,projgauss,jitter,0.1,0,7,0.03,0.9,1,101,0.0009825857579693425,509,0.33333333333333337,0.2947757273908027,0.09825857579693424,0.8093560230081454,0,7,-0.02964134637658311,1.1068519294208223,0.9914147366272027,0.9680138027997541,1.1068519294208223,0.00799318129079285,0.00799318129079285,1.2913639002602797,0,7.22965382005114e-08,0.010488033294677734
0,spectral,jitter,0.1,0,7,0.03,0.9,1,101,0.0009825857579693425,509,0.33333333333333337,0.2947757273908027,0.09825857579693424,0.8093560230081454,0,7,-0.05306665349758663,1.148980215936527,0.9915402905819073,0.9662782358666905,1.148980215936527,0.0036624221893104547,0.0036624221893104547,1.29137750058337,0,7.22965382005114e-08,0.015407323837280273
0,spectralg,jitter,0.1,0,7,0.03,0.9,1,101,0.0009825857579693425,509,0.33333333333333337,0.2947757273908027,0.09825857579693424,0.8093560230081454,0,7,-0.05306665349758663,1.148980215936527,0.9915402905819073,0.9662782358666905,1.148980215936527,0.0036624221893104547,0.0036624221893104547,1.29137750058337,0,7.22965382005114e-08,0.030193090438842773
0,molfe,jitter,0.1,0,7,0.03,0.9,1,101,0.0009825857579693425,509,0.33333333333333337,0.2947757273908027,0.09825857579693424,0.8093560230081454,0,7,-0.044606625596248096,1.2417842439377547,1.062074024252837,85980610505931.31,1.072369844214632e+263,inf,1332853.7014465423,1332853.5219089938,1,7.22965382005114e-08,0.008682966232299805
0,molrk3,jitter,0.1,0,7,0.03,0.9,1,101,0.0009825857579693425,509,0.33333333333333337,0.2947757273908027,0.09825857579693424,0.8093560230081454,0,7,-0.04238141292792882,1.2348344118817285,1.064034654929244,235255437969484.06,1.129871457280739e+271,inf,1414072.670270307,1414072.4754664174,1,7.22965382005114e-08,0.00830221176147461
0,maxent,jitter,0.1,0,7,0.03,0.9,1,101,0.0009825857579693425,509,0.33333333333333337,0.2947757273908027,0.09825857579693424,0.8093560230081454,0,7,0.0,1.0000000000000002,0.9915549185543874,0.9662741786682013,1.0000000000000016,0.0028781454741749757,0.0028781454741749757,1.2913804220994414,0,7.22965382005114e-08,0.025131940841674805
0,lp,jitter,0.1,0,7,0.03,0.9,1,101,0.0009825857579693425,509,0.33333333333333337,0.2947757273908027,0.09825857579693424,0.8093560230081454,0,7,0.0,1.0000000000000002,0.9907982583620424,0.9709937120203056,1.0000000000000007,0.2138275635600192,0.2138275635600192,1.2912946168028252,0,7.22965382005114e-08,0.05190086364746094
0,lprand,jitter,0.1,0,7,0.03,0.9,1,101,0.0009825857579693425,509,0.33333333333333337,0.2947757273908027,0.09825857579693424,0.8093560230081454,0,7,0.0,1.0000000000000002,0.9913507020406458,0.9669515533040984,1.0000000000000004,0.043168251886012976,0.043168251886012976,1.2913647724015116,0,7.22965382005114e-08,0.05318903923034668
0,maxentw,jitter,0.1,0,7,0.03,0.9,1,101,0.0009825857579693425,509,0.33333333333333337,0.2947757273908027,0.09825857579693424,0.8093560230081454,0,7,0.0,1.0000000000000002,0.9915549185543874,0.9662741786682013,1.0000000000000016,0.0028781454741749757,0.0028781454741749757,1.2913804220994414,0,7.22965382005114e-08,0.024691104888916016
0,minnorm,jitter,0.1,1,3,0.03,0.9,1,101,0.001019599049042991,491,0.33333333333333337,0.30587971471289727,0.1019599049042991,0.8244590343746583,0,3,0.0,1.0000000000000009,0.9912844454769979,0.9659696311382666,1.0000000000000018,0.002247120345082787,0.002247120345082787,1.291937701716948,0,7.220471864854971e-08,0.010259866714477539
0,projgauss,jitter,0.1,1,3,0.03,0.9,1,101,0.001019599049042991,491,0.33333333333333337,0.30587971471289727,0.1019599049042991,0.8244590343746583,0,3,0.0,1.0000000000000002,0.9912844454770954,0.9659696311383205,1.0000000000000009,0.0022471203450501465,0.0022471203450501465,1.2919377017169476,0,7.220471864854971e-08,0.010942220687866211
0,spectral,jitter,0.1,1,3,0.03,0.9,1,101,0.001019599049042991,491,0.33333333333333337,0.30587971471289727,0.1019599049042991,0.8244590343746583,0,3,0.0,1.0000000000000009,0.9912844454769979,0.9659696311382666,1.0000000000000018,0.002247120345082787,0.002247120345082787,1.291937701716948,0,7.220471864854971e-08,0.009727954864501953
0,spectralg,jitter,0.1,1,3,0.03,0.9,1,101,0.001019599049042991,491,0.33333333333333337,0.30587971471289727,0.1019599049042991,0.8244590343746583,0,3,0.0,1.0000000000000009,0.9912844454769979,0.9659696311382666,1.0000000000000018,0.002247120345082787,0.002247120345082787,1.291937701716948,0,7.220471864854971e-08,0.009212970733642578
0,molfe,jitter,0.1,1,3,0.03,0.9,1,101,0.001019599049042991,491,0.33333333333333337,0.30587971471289727,0.1019599049042991,0.8244590343746583,0,3,0.0,1.0000000000000002,0.9911446308144732,0.9677615075959927,1.0000000000000002,0.0053153229221690745,0.0053153229221690745,1.292056972599279,0,7.220471864854971e-08,0.010403871536254883
0,molrk3,jitter,0.1,1,3,0.03,0.9,1,101,0.001019599049042991,491,0.33333333333333337,0.30587971471289727,0.1019599049042991,0.8244590343746583,0,3,0.0,1.0,0.9911837238579562,0.9662148431581783,1.0,0.0028546351317958463,0.0028546351317958463,1.2919283402759083,0,7.220471864854971e-08,0.009375810623168945
0,maxent,jitter,0.1,1,3,0.03,0.9,1,101,0.001019599049042991,491,0.33333333333333337,0.30587971471289727,0.1019599049042991,0.8244590343746583,0,3,0.0,1.0000000000000002,0.9912844454769255,0.9659696311371997,1.0000000000000009,0.002247120371835276,0.002247120371835276,1.2919377017169476,0,7.220471864854971e-08,0.034635066986083984
0,lp,jitter,0.1,1,3,0.03,0.9,1,101,0.001019599049042991,491,0.33333333333333337,0.30587971471289727,0.1019599049042991,0.8244590343746583,0,3,0.0,1.0,0.9912844454768642,0.9659696311383188,1.0000000000000004,0.002247120345051812,0.002247120345051812,1.291937701716947,0,7.220471864854971e-08,0.052275896072387695
0,lprand,jitter,0.1,1,3,0.03,0.9,1,101,0.001019599049042991,491,0.33333333333333337,0.30587971471289727,0.1019599049042991,0.8244590343746583,0,3,0.0,1.0,0.9912844454769588,0.9659696311383197,1.0000000000000004,0.0022471203450514787,0.0022471203450514787,1.291937701716947,0,7.220471864854971e-08,0.05070376396179199
0,maxentw,jitter,0.1,1,3,0.03,0.9,1,101,0.001019599049042991,491,0.33333333333333337,0.30587971471289727,0.1019599049042991,0.8244590343746583,0,3,0.0,1.0000000000000002,0.9912844454769255,0.9659696311371997,1.0000000000000009,0.002247120371835276,0.002247120371835276,1.2919377017169476,0,7.220471864854971e-08,0.03481602668762207
0,minnorm,jitter,0.1,1,5,0.03,0.9,1,101,0.001019599049042991,491,0.33333333333333337,0.30587971471289727,0.1019599049042991,0.8244590343746583,0,5,-0.06343693282142375,1.1268738656428479,0.991113188602109,0.9669153408541173,1.1268738656428479,0.008709644703918884,0.008709644703918884,1.291923001165014,0,7.220471864854971e-08,0.009786844253540039
0,projgauss,jitter,0.1,1,5,0.03,0.9,1,101,0.001019599049042991,491,0.33333333333333337,0.30587971471289727,0.1019599049042991,0.8244590343746583,0,5,-0.013055511076990843,1.0261110221539818,0.9911858987286195,0.966447145399492,1.0261110221539818,0.004716252469641857,0.004716252469641857,1.29192854984949,0,7.220471864854971e-08,0.010097980499267578
0,spectral,jitter,0.1,1,5,0.03,0.9,1,101,0.001019599049042991,491,0.33333333333333337,0.30587971471289727,0.1019599049042991,0.8244590343746583,0,5,-0.02051718436822958,1.041034368736459,0.9912487799382622,0.9659694238878307,1.041034368736459,0.0012736541210084384,0.0012736541210084384,1.2919355392088114,0,7.220471864854971e-08,0.01429605484008789
0,spectralg,jitter,0.1,1,5,0.03,0.9,1,101,0.001019599049042991,491,0.33333333333333337,0.30587971471289727,0.1019599049042991,0.8244590343746583,0,5,-0.02051718436822958,1.041034368736459,0.9912487799382622,0.9659694238878307,1.041034368736459,0.0012736541210084384,0.0012736541210084384,1.2919355392088114,0,7.220471864854971e-08,0.0257570743560791
0,molfe,jitter,0.1,1,5,0.03,0.9,1,101,0.001019599049042991,491,0.33333333333333337,0.30587971471289727,0.1019599049042991,0.8244590343746583,0,5,-0.10691835651557742,1.3615494519329632,1.1715212203730552,1.9043795250380231e+34,5.110853508403772e+69,inf,3263742.7899827696,3263742.601469429,1,7.220471864854971e-08,0.010174989700317383
0,molrk3,jitter,0.1,1,5,0.03,0.9,1,101,0.001019599049042991,491,0.33333333333333337,0.30587971471289727,0.1019599049042991,0.8244590343746583,0,5,-0.09459266915304156,1.3346272216963226,1.1870719971460917,1.4946729297417818e+37,3.4431065464704703e+75,inf,1102485.3644588238,1102485.1334094955,1,7.220471864854971e-08,0.008512020111083984
0,maxent,jitter,0.1,1,5,0.03,0.9,1,101,0.001019599049042991,491,0.33333333333333337,0.30587971471289727,0.1019599049042991,0.8244590343746583,0,5,0.0,1.0000000000000002,0.9912416748285018,0.9660104936401493,1.000000000000001,0.00196386930493031,0.00196386930493031,1.2919339457487413,0,7.220471864854971e-08,0.10451292991638184
0,lp,jitter,0.1,1,5,0.03,0.9,1,101,0.001019599049042991,491,0.33333333333333337,0.30587971471289727,0.1019599049042991,0.8244590343746583,0,5,0.0,1.0000000000000002,0.9909548767549938,0.9680957516290167,1.0000000000000004,0.045203205596700324,0.045203205596700324,1.2919140733971985,0,7.220471864854971e-08,0.05287814140319824
0,lprand,jitter,0.1,1,5,0.03,0.9,1,101,0.001019599049042991,491,0.33333333333333337,0.30587971471289727,0.1019599049042991,0.8244590343746583,0,5,0.0,1.0000000000000002,0.9911314276294677,0.9661160804492599,1.0000000000000007,0.013304279523592255,0.013304279523592255,1.2919236018042348,0,7.220471864854971e-08,0.05144190788269043
0,maxentw,jitter,0.1,1,5,0.03,0.9,1,101,0.001019599049042991,491,0.33333333333333337,0.30587971471289727,0.1019599049042991,0.8244590343746583,0,5,0.0,1.0000000000000002,0.9912416748285018,0.9660104936401493,1.000000000000001,0.00196386930493031,0.00196386930493031,1.2919339457487413,0,7.220471864854971e-08,0.10501790046691895
0,minnorm,jitter,0.1,1,7,0.03,0.9,1,101,0.001019599049042991,491,0.33333333333333337,0.30587971471289727,0.1019599049042991,0.8244590343746583,0,7,-0.10817095118126348,1.2636445908063152,0.9905861191061764,0.9740285181357706,1.2636445908063152,0.0253761605592151,0.0253761605592151,1.291890974609657,0,7.220471864854971e-08,0.008870840072631836
0,projgauss,jitter,0.1,1,7,0.03,0.9,1,101,0.001019599049042991,491,0.33333333333333337,0.30587971471289727,0.1019599049042991,0.8244590343746583,0,7,-0.02837065565099801,1.0957466860893816,0.9911039304466365,0.9676166487454856,1.0957466860893814,0.007389796947531613,0.007389796947531613,1.291920303322156,0,7.220471864854971e-08,0.00947880744934082
0,spectral,jitter,0.1,1,7,0.03,0.9,1,101,0.001019599049042991,491,0.33333333333333337,0.30587971471289727,0.1019599049042991,0.8244590343746583,0,7,-0.041627211955075405,1.117460631099874,0.9912244427252913,0.966034978135015,1.117460631099874,0.002266629928246222,0.002266629928246222,1.2919310188262547,0,7.220471864854971e-08,0.016167402267456055
0,spectralg,jitter,0.1,1,7,0.03,0.9,1,101,0.001019599049042991,491,0.33333333333333337,0.30587971471289727,0.1019599049042991,0.8244590343746583,0,7,-0.041627211955075405,1.117460631099874,0.9912244427252913,0.966034978135015,1.117460631099874,0.002266629928246222,0.002266629928246222,1.2919310188262547,0,7.220471864854971e-08,0.029162168502807617
0,molfe,jitter,0.1,1,7,0.03,0.9,1,101,0.001019599049042991,491,0.33333333333333337,0.30587971471289727,0.1019599049042991,0.8244590343746583,0,7,-0.048268464104170385,1.2590007499218658,1.0643467254252001,81269569904691.03,2.4694798482673333e+272,inf,1262674.0858243634,1262673.9511368638,1,7.220471864854971e-08,0.009616851806640625
0,molrk3,jitter,0.1,1,7,0.03,0.9,1,101,0.001019599049042991,491,0.33333333333333337,0.30587971471289727,0.1019599049042991,0.8244590343746583,0,7,-0.0456652234278531,1.2511078410056733,1.0664553704824205,228004238641474.3,8.981986367820386e+280,inf,1413552.899681008,1413552.7536260118,1,7.220471864854971e-08,0.010486602783203125
0,maxent,jitter,0.1,1,7,0.03,0.9,1,101,0.001019599049042991,491,0.33333333333333337,0.30587971471289727,0.1019599049042991,0.8244590343746583,0,7,0.0,1.0000000000000004,0.9912383586315474,0.9660157375419534,1.0000000000000013,0.0020723471422540163,0.0020723471422540163,1.2919337623535005,0,7.220471864854971e-08,0.026228904724121094
0,lp,jitter,0.1,1,7,0.03,0.9,1,101,0.001019599049042991,491,0.33333333333333337,0.30587971471289727,0.1019599049042991,0.8244590343746583,0,7,0.0,1.0,0.990567164996396,0.9736311304118423,1.0000000000000004,0.2410193263031315,0.2410193263031315,1.2918863420175173,0,7.220471864854971e-08,0.052004098892211914
0,lprand,jitter,0.1,1,7,0.03,0.9,1,101,0.001019599049042991,491,0.33333333333333337,0.30587971471289727,0.1019599049042991,0.8244590343746583,0,7,0.0,1.0,0.9909745343825107,0.967312350889957,1.0000000000000004,0.018078623875094513,0.018078623875094513,1.291868337916667,0,7.220471864854971e-08,0.053381919860839844
0,maxentw,jitter,0.1,1,7,0.03,0.9,1,101,0.001019599049042991,491,0.33333333333333337,0.30587971471289727,0.1019599049042991,0.8244590343746583,0,7,0.0,1.0000000000000004,0.9912383586315474,0.9660157375419534,1.0000000000000013,0.0020723471422540163,0.0020723471422540163,1.2919337623535005,0,7.220471864854971e-08,0.027587175369262695
0,minnorm,jitter,0.25,0,3,0.03,0.9,1,101,0.0004109057284667606,1217,0.33333333333333337,0.12327171854002816,0.041090572846676054,0.5233900575203676,0,3,0.0,1.0000000000000007,0.996451799206698,0.9661860888092172,1.0000000000000038,0.004261136737340798,0.004261136737340798,1.2913965093211388,0,7.150091485552679e-08,0.010700225830078125
0,projgauss,jitter,0.25,0,3,0.03,0.9,1,101,0.0004109057284667606,1217,0.33333333333333337,0.12327171854002816,0.041090572846676054,0.5233900575203676,0,3,0.0,1.0000000000000002,0.9964517992069755,0.9661860888092224,1.000000000000004,0.004261136737342963,0.004261136737342963,1.2913965093211401,0,7.150091485552679e-08,0.012518167495727539
0,spectral,jitter,0.25,0,3,0.03,0.9,1,101,0.0004109057284667606,1217,0.33333333333333337,0.12327171854002816,0.041090572846676054,0.5233900575203676,0,3,0.0,1.0000000000000007,0.996451799206698,0.9661860888092172,1.0000000000000038,0.004261136737340798,0.004261136737340798,1.2913965093211388,0,7.150091485552679e-08,0.012086153030395508
0,spectralg,jitter,0.25,0,3,0.03,0.9,1,101,0.0004109057284667606,1217,0.33333333333333337,0.12327171854002816,0.041090572846676054,0.5233900575203676,0,3,0.0,1.0000000000000007,0.996451799206698,0.9661860888092172,1.0000000000000038,0.004261136737340798,0.004261136737340798,1.2913965093211388,0,7.150091485552679e-08,0.012868165969848633
0,molfe,jitter,0.25,0,3,0.03,0.9,1,101,0.0004109057284667606,1217,0.33333333333333337,0.12327171854002816,0.041090572846676054,0.5233900575203676,0,3,0.0,1.0000000000000002,0.9964287956955716,0.9669133219392956,1.0000000000000002,0.006783808440688044,0.006783808440688044,1.2914481677274021,0,7.150091485552679e-08,0.012202024459838867
0,molrk3,jitter,0.25,0,3,0.03,0.9,1,101,0.0004109057284667606,1217,0.33333333333333337,0.12327171854002816,0.041090572846676054,0.5233900575203676,0,3,0.0,1.0000000000000002,0.9964351648553336,0.9662995757807231,1.0000000000000002,0.006069184061527844,0.006069184061527844,1.2913925238996526,0,7.150091485552679e-08,0.013261795043945312
0,maxent,jitter,0.25,0,3,0.03,0.9,1,101,0.0004109057284667606,1217,0.33333333333333337,0.12327171854002816,0.041090572846676054,0.5233900575203676,0,3,0.0,1.0000000000000002,0.9964517992060109,0.9661860887814485,1.000000000000004,0.00426113666469885,0.00426113666469885,1.2913965093268667,0,7.150091485552679e-08,0.1545579433441162
0,lp,jitter,0.25,0,3,0.03,0.9,1,101,0.0004109057284667606,1217,0.33333333333333337,0.12327171854002816,0.041090572846676054,0.5233900575203676,0,3,0.0,1.0,0.9964517992070416,0.9661860888092074,1.0000000000000007,0.004261136737331195,0.004261136737331195,1.291396509321138,0,7.150091485552679e-08,0.05384016036987305
0,lprand,jitter,0.25,0,3,0.03,0.9,1,101,0.0004109057284667606,1217,0.33333333333333337,0.12327171854002816,0.041090572846676054,0.5233900575203676,0,3,0.0,1.0,0.9964517992070443,0.9661860888092083,1.0000000000000007,0.004261136737331472,0.004261136737331472,1.291396509321138,0,7.150091485552679e-08,0.05165696144104004
0,maxentw,jitter,0.25,0,3,0.03,0.9,1,101,0.0004109057284667606,1217,0.33333333333333337,0.12327171854002816,0.041090572846676054,0.5233900575203676,0,3,0.0,1.0000000000000002,0.9964517992060109,0.9661860887814485,1.000000000000004,0.00426113666469885,0.00426113666469885,1.2913965093268667,0,7.150091485552679e-08,0.1513359546661377
0,minnorm,jitter,0.25,0,5,0.03,0.9,1,101,0.0004109057284667606,1217,0.33333333333333337,0.12327171854002816,0.041090572846676054,0.5233900575203676,0,5,-0.10541200390356475,1.336245719319561,0.9963471868854641,0.9693970054471275,1.336245719319561,0.02466593214061996,0.02466593214061996,1.2913688862245665,0,7.150091485552679e-08,0.010399103164672852
0,projgauss,jitter,0.25,0,5,0.03,0.9,1,101,0.0004109057284667606,1217,0.33333333333333337,0.12327171854002816,0.041090572846676054,0.5233900575203676,0,5,-0.088286697176004,1.2758181256032302,0.9963822403896666,0.9683256064506494,1.2758181256032302,0.016360569275126302,0.016360569275126302,1.291376523028233,0,7.150091485552679e-08,0.010964155197143555
0,spectral,jitter,0.25,0,5,0.03,0.9,1,101,0.0004109057284667606,1217,0.33333333333333337,0.12327171854002816,0.041090572846676054,0.5233900575203676,0,5,-0.10103612959383727,1.2020722591876747,0.9964824377287647,0.9663307933980341,1.202072259187675,0.004101465374034663,0.004101465374034663,1.2914076161341237,0,7.150091485552679e-08,0.01712512969970703
0,spectralg,jitter,0.25,0,5,0.03,0.9,1,101,0.0004109057284667606,1217,0.33333333333333337,0.12327171854002816,0.041090572846676054,0.5233900575203676,0,5,-0.10103612959383727,1.2020722591876747,0.9964824377287647,0.9663307933980341,1.202072259187675,0.004101465374034663,0.004101465374034663,1.2914076161341237,0,7.150091485552679e-08,0.028024673461914062
0,molfe,jitter,0.25,0,5,0.03,0.9,1,101,0.0004109057284667606,1217,0.33333333333333337,0.12327171854002816,0.041090572846676054,0.5233900575203676,0,5,-0.04631910165974473,1.150709761367096,1.0686566321752402,3.650849755578031e+35,9.947337269987236e+288,inf,1218808.759222202,1218808.420342958,1,7.150091485552679e-08,0.009088754653930664
0,molrk3,jitter,0.25,0,5,0.03,0.9,1,101,0.0004109057284667606,1217,0.33333333333333337,0.12327171854002816,0.041090572846676054,0.5233900575203676,0,5,-0.044030737757097725,1.1454495704894916,1.0710674369198137,5.734565772223735e+36,6.08156307774584e+298,inf,2689507.556108599,2689507.217229355,1,7.150091485552679e-08,0.010251998901367188
0,maxent,jitter,0.25,0,5,0.03,0.9,1,101,0.0004109057284667606,1217,0.33333333333333337,0.12327171854002816,0.041090572846676054,0.5233900575203676,0,5,0.0,1.0000000000000002,0.9964505890640035,0.9662003610955396,1.0000000000000073,0.004873705699340536,0.004873705699340536,1.2913960603033001,0,7.150091485552679e-08,0.24056386947631836
0,lp,jitter,0.25,0,5,0.03,0.9,1,101,0.0004109057284667606,1217,0.33333333333333337,0.12327171854002816,0.041090572846676054,0.5233900575203676,0,5,0.0,1.0,0.9962991323496853,0.9683617126658686,1.0000000000000004,0.040178768010006444,0.040178768010006444,1.2913671116668377,0,7.150091485552679e-08,0.05726909637451172
0,lprand,jitter,0.25,0,5,0.03,0.9,1,101,0.0004109057284667606,1217,0.33333333333333337,0.12327171854002816,0.041090572846676054,0.5233900575203676,0,5,0.0,1.0,0.9964008906520385,0.9665148739067155,1.0000000000000007,0.040295941550323594,0.040295941550323594,1.2913758985486095,0,7.150091485552679e-08,0.055094003677368164
0,maxentw,jitter,0.25,0,5,0.03,0.9,1,101,0.0004109057284667606,1217,0.33333333333333337,0.12327171854002816,0.041090572846676054,0.5233900575203676,0,5,0.0,1.0000000000000002,0.9964505890640035,0.9662003610955396,1.0000000000000073,0.004873705699340536,0.004873705699340536,1.2913960603033001,0,7.150091485552679e-08,0.24022412300109863
0,minnorm,jitter,0.25,0,7,0.03,0.9,1,101,0.0004109057284667606,1217,0.33333333333333337,0.12327171854002816,0.041090572846676054,0.5233900575203676,0,7,-0.14141188611582067,1.4134260357910016,0.9956999270005835,0.9989013395463193,1.4134260357910016,0.04431921784305071,0.04431921784305071,1.291258062112874,0,7.150091485552679e-08,0.011091232299804688
0,projgauss,jitter,0.25,0,7,0.03,0.9,1,101,0.0004109057284667606,1217,0.33333333333333337,0.12327171854002816,0.041090572846676054,0.5233900575203676,0,7,-0.06595641677308167,1.2380044190651305,0.9962251340040498,0.9755217515743277,1.2380044190651305,0.022673077271018915,0.022673077271018915,1.2913358079604484,0,7.150091485552679e-08,0.012378215789794922
0,spectral,jitter,0.25,0,7,0.03,0.9,1,101,0.0004109057284667606,1217,0.33333333333333337,0.12327171854002816,0.041090572846676054,0.5233900575203676,0,7,-0.17779831811204438,1.4492017282297556,0.9964114700182312,0.9665271709413972,1.4492017282297556,0.021485054793428215,0.021485054793428215,1.2913792210242252,0,7.150091485552679e-08,0.017852067947387695
0,spectralg,jitter,0.25,0,7,0.03,0.9,1,101,0.0004109057284667606,1217,0.33333333333333337,0.12327171854002816,0.041090572846676054,0.5233900575203676,0,7,-0.17779831811204438,1.4492017282297556,0.9964114700182312,0.9665271709413972,1.4492017282297556,0.021485054793428215,0.021485054793428215,1.2913792210242252,0,7.150091485552679e-08,0.03229093551635742
0,molfe,jitter,0.25,0,7,0.03,0.9,1,101,0.0004109057284667606,1217,0.33333333333333337,0.12327171854002816,0.041090572846676054,0.5233900575203676,0,7,-0.017703774212538513,1.097672395486719,1.0258689086185906,206889403799518.78,4.650532271467326e+112,inf,1101608.811721494,1101608.6180427917,1,7.150091485552679e-08,0.011850833892822266
0,molrk3,jitter,0.25,0,7,0.03,0.9,1,101,0.0004109057284667606,1217,0.33333333333333337,0.12327171854002816,0.041090572846676054,0.5233900575203676,0,7,-0.017385911991028707,1.096513762501826,1.026205613966626,319942956777849.44,1.1068068768605999e+114,inf,1482353.4828234692,1482353.289144767,1,7.150091485552679e-08,0.011981010437011719
0,maxent,jitter,0.25,0,7,0.03,0.9,1,101,0.0004109057284667606,1217,0.33333333333333337,0.12327171854002816,0.041090572846676054,0.5233900575203676,0,7,0.0,1.0000000000000004,0.9964505869522747,0.9662003094946015,1.0000000000000064,0.004874791031182768,0.004874791031182768,1.2913960594256804,0,7.150091485552679e-08,0.33442091941833496
0,lp,jitter,0.25,0,7,0.03,0.9,1,101,0.0004109057284667606,1217,0.33333333333333337,0.12327171854002816,0.041090572846676054,0.5233900575203676,0,7,0.0,1.0,0.9961259966257824,0.9740145840563516,1.000000000000001,0.23033485773938475,0.23033485773938475,1.2913254374965903,0,7.150091485552679e-08,0.054627180099487305
0,lprand,jitter,0.25,0,7,0.03,0.9,1,101,0.0004109057284667606,1217,0.33333333333333337,0.12327171854002816,0.041090572846676054,0.5233900575203676,0,7,0.0,1.0,0.9963457942266098,0.9668483754922155,1.0000000000000004,0.04383926536434232,0.04383926536434232,1.291377129952116,0,7.150091485552679e-08,0.05950808525085449
0,maxentw,jitter,0.25,0,7,0.03,0.9,1,101,0.0004109057284667606,1217,0.33333333333333337,0.12327171854002816,0.041090572846676054,0.5233900575203676,0,7,0.0,1.0000000000000004,0.9964505869522747,0.9662003094946015,1.0000000000000064,0.004874791031182768,0.004874791031182768,1.2913960594256804,0,7.150091485552679e-08,0.34236884117126465
0,minnorm,jitter,0.25,1,3,0.03,0.9,1,101,0.00047232991980380426,1059,0.33333333333333337,0.14169897594114125,0.047232991980380425,0.5611475859366555,0,3,0.0,1.000000000000002,0.9959251616378463,0.9659948895459521,1.0000000000000244,0.001723346247273383,0.001723346247273383,1.291368375361648,0,7.141038083080531e-08,0.014216899871826172
0,projgauss,jitter,0.25,1,3,0.03,0.9,1,101,0.00047232991980380426,1059,0.33333333333333337,0.14169897594114125,0.047232991980380425,0.5611475859366555,0,3,0.0,1.0000000000000002,0.9959251616378447,0.9659948895458577,1.0000000000000042,0.0017233462472532879,0.0017233462472532879,1.2913683753616465,0,7.141038083080531e-08,0.012392997741699219
0,spectral,jitter,0.25,1,3,0.03,0.9,1,101,0.00047232991980380426,1059,0.33333333333333337,0.14169897594114125,0.047232991980380425,0.5611475859366555,0,3,0.0,1.000000000000002,0.9959251616378463,0.9659948895459521,1.0000000000000244,0.001723346247273383,0.001723346247273383,1.291368375361648,0,7.141038083080531e-08,0.01709604263305664
0,spectralg,jitter,0.25,1,3,0.03,0.9,1,101,0.00047232991980380426,1059,0.33333333333333337,0.14169897594114125,0.047232991980380425,0.5611475859366555,0,3,0.0,1.000000000000002,0.9959251616378463,0.9659948895459521,1.0000000000000244,0.001723346247273383,0.001723346247273383,1.291368375361648,0,7.141038083080531e-08,0.011924028396606445
0,molfe,jitter,0.25,1,3,0.03,0.9,1,101,0.00047232991980380426,1059,0.33333333333333337,0.14169897594114125,0.047232991980380425,0.5611475859366555,0,3,0.0,1.0000000000000002,0.9958947947931357,0.9668163861805661,1.0000000000000002,0.004690354241062067,0.004690354241062067,1.2914280759189136,0,7.141038083080531e-08,0.011728763580322266
0,molrk3,jitter,0.25,1,3,0.03,0.9,1,101,0.00047232991980380426,1059,0.33333333333333337,0.14169897594114125,0.047232991980380425,0.5611475859366555,0,3,0.0,1.0000000000000002,0.9959032096153981,0.9660946190800853,1.0000000000000002,0.003816390163199901,0.003816390163199901,1.291363742482185,0,7.141038083080531e-08,0.012054920196533203
0,maxent,jitter,0.25,1,3,0.03,0.9,1,101,0.00047232991980380426,1059,0.33333333333333337,0.14169897594114125,0.047232991980380425,0.5611475859366555,0,3,0.0,1.0000000000000002,0.9959251616383721,0.9659948895189134,1.0000000000000016,0.001723346466494191,0.001723346466494191,1.2913683753636758,0,7.141038083080531e-08,0.31793689727783203
0,lp,jitter,0.25,1,3,0.03,0.9,1,101,0.00047232991980380426,1059,0.33333333333333337,0.14169897594114125,0.047232991980380425,0.5611475859366555,0,3,0.0,1.0,0.9959251616380012,0.965994889545848,1.0000000000000007,0.0017233462472475702,0.0017233462472475702,1.2913683753616474,0,7.141038083080531e-08,0.059825897216796875
0,lprand,jitter,0.25,1,3,0.03,0.9,1,101,0.00047232991980380426,1059,0.33333333333333337,0.14169897594114125,0.047232991980380425,0.5611475859366555,0,3,0.0,1.0,0.9959251616380012,0.965994889545848,1.0000000000000007,0.0017233462472475702,0.0017233462472475702,1.2913683753616474,0,7.141038083080531e-08,0.05110907554626465
0,maxentw,jitter,0.25,1,3,0.03,0.9,1,101,0.00047232991980380426,1059,0.33333333333333337,0.14169897594114125,0.047232991980380425,0.5611475859366555,0,3,0.0,1.0000000000000002,0.9959251616383721,0.9659948895189134,1.0000000000000016,0.001723346466494191,0.001723346466494191,1.2913683753636758,0,7.141038083080531e-08,0.30620789527893066
0,minnorm,jitter,0.25,1,5,0.03,0.9,1,101,0.00047232991980380426,1059,0.33333333333333337,0.14169897594114125,0.047232991980380425,0.5611475859366555,0,5,-0.1046188464883626,1.3096430474025251,0.9958108952887958,0.9691733422534744,1.3096430474025251,0.01700490638850405,0.01700490638850405,1.2913595430690148,0,7.141038083080531e-08,0.009388208389282227
0,projgauss,jitter,0.25,1,5,0.03,0.9,1,101,0.00047232991980380426,1059,0.33333333333333337,0.14169897594114125,0.047232991980380425,0.5611475859366555,0,5,-0.07799946346600103,1.2501608584943624,0.9958490043803758,0.9680902479420626,1.2501608584943624,0.011981512432801988,0.011981512432801988,1.2913602230822323,0,7.141038083080531e-08,0.010357856750488281
0,spectral,jitter,0.25,1,5,0.03,0.9,1,101,0.00047232991980380426,1059,0.33333333333333337,0.14169897594114125,0.047232991980380425,0.5611475859366555,0,5,-0.09845243442300103,1.1969048688460011,0.9959473205936664,0.9654864992697669,1.1969048688460011,0.006675705048756586,0.006675705048756586,1.2913797811282475,0,7.141038083080531e-08,0.017084836959838867
0,spectralg,jitter,0.25,1,5,0.03,0.9,1,101,0.00047232991980380426,1059,0.33333333333333337,0.14169897594114125,0.047232991980380425,0.5611475859366555,0,5,-0.09845243442300103,1.1969048688460011,0.9959473205936664,0.9654864992697669,1.1969048688460011,0.006675705048756586,0.006675705048756586,1.2913797811282475,0,7.141038083080531e-08,0.028580904006958008
0,molfe,jitter,0.25,1,5,0.03,0.9,1,101,0.00047232991980380426,1059,0.33333333333333337,0.14169897594114125,0.047232991980380425,0.5611475859366555,0,5,-0.04416191745460664,1.1608676226160677,1.0784180763014108,2.098240509154088e+35,inf,inf,2311848.5288811503,2311848.326391328,1,7.141038083080531e-08,0.009413003921508789
0,molrk3,jitter,0.25,1,5,0.03,0.9,1,101,0.00047232991980380426,1059,0.33333333333333337,0.14169897594114125,0.047232991980380425,0.5611475859366555,0,5,-0.04174286503217795,1.155357619969109,1.0815731442638292,4.9763418068914415e+36,inf,inf,1114280.4832995506,1114280.2572315775,1,7.141038083080531e-08,0.009467840194702148
0,maxent,jitter,0.25,1,5,0.03,0.9,1,101,0.00047232991980380426,1059,0.33333333333333337,0.14169897594114125,0.047232991980380425,0.5611475859366555,0,5,0.0,1.0000000000000002,0.9959224117546556,0.9659725056815927,1.0000000000000033,0.0020382396697166683,0.0020382396697166683,1.2913682854277506,0,7.141038083080531e-08,0.2882521152496338
0,lp,jitter,0.25,1,5,0.03,0.9,1,101,0.00047232991980380426,1059,0.33333333333333337,0.14169897594114125,0.047232991980380425,0.5611475859366555,0,5,0.0,1.0,0.9957749103353888,0.9691360560069713,1.0000000000000004,0.04856121650630563,0.04856121650630563,1.2913412478475412,0,7.141038083080531e-08,0.058254241943359375
0,lprand,jitter,0.25,1,5,0.03,0.9,1,101,0.00047232991980380426,1059,0.33333333333333337,0.14169897594114125,0.047232991980380425,0.5611475859366555,0,5,0.0,1.0,0.9958495293311891,0.9659566637029455,1.0000000000000004,0.016730656486137363,0.016730656486137363,1.2913489169077463,0,7.141038083080531e-08,0.05375790596008301
0,maxentw,jitter,0.25,1,5,0.03,0.9,1,101,0.00047232991980380426,1059,0.33333333333333337,0.14169897594114125,0.047232991980380425,0.5611475859366555,0,5,0.0,1.0000000000000002,0.9959224117546556,0.9659725056815927,1.0000000000000033,0.0020382396697166683,0.0020382396697166683,1.2913682854277506,0,7.141038083080531e-08,0.2846369743347168
0,minnorm,jitter,0.25,1,7,0.03,0.9,1,101,0.00047232991980380426,1059,0.33333333333333337,0.14169897594114125,0.047232991980380425,0.5611475859366555,0,7,-0.1311288928608998,1.3862719558257586,0.995099614237368,0.992595911831881,1.3862719558257586,0.04443644465008001,0.04443644465008001,1.2913028626985796,0,7.141038083080531e-08,0.010814905166625977
0,projgauss,jitter,0.25,1,7,0.03,0.9,1,101,0.00047232991980380426,1059,0.33333333333333337,0.14169897594114125,0.047232991980380425,0.5611475859366555,0,7,-0.0624062706620679,1.2173999390244115,0.9957141294271403,0.9741196512044016,1.2173999390244115,0.020021765459543817,0.020021765459543817,1.2913322503588462,0,7.141038083080531e-08,0.011937141418457031
0,spectral,jitter,0.25,1,7,0.03,0.9,1,101,0.00047232991980380426,1059,0.33333333333333337,0.14169897594114125,0.047232991980380425,0.5611475859366555,0,7,-0.14484810656530683,1.339676259394564,0.9958733852345678,0.9664186887646321,1.3396762593945641,0.0168795434461822,0.0168795434461822,1.2913456541340078,0,7.141038083080531e-08,0.017605066299438477
0,spectralg,jitter,0.25,1,7,0.03,0.9,1,101,0.00047232991980380426,1059,0.33333333333333337,0.14169897594114125,0.047232991980380425,0.5611475859366555,0,7,-0.14484810656530683,1.339676259394564,0.9958733852345678,0.9664186887646321,1.3396762593945641,0.0168795434461822,0.0168795434461822,1.2913456541340078,0,7.141038083080531e-08,0.03248310089111328
0,molfe,jitter,0.25,1,7,0.03,0.9,1,101,0.00047232991980380426,1059,0.33333333333333337,0.14169897594114125,0.047232991980380425,0.5611475859366555,0,7,-0.022210807063247996,1.1210466904688108,1.0296225906690877,155592424885257.4,1.5054712302440017e+128,inf,1100181.357120748,1100181.207891312,1,7.141038083080531e-08,0.011399984359741211
0,molrk3,jitter,0.25,1,7,0.03,0.9,1,101,0.00047232991980380426,1059,0.33333333333333337,0.14169897594114125,0.047232991980380425,0.5611475859366555,0,7,-0.021661217733420366,1.1193110064737706,1.0300650278711685,251723696952806.3,1.2313330919166362e+130,inf,1532442.008054344,1532441.858824908,1,7.141038083080531e-08,0.010055303573608398
0,maxent,jitter,0.25,1,7,0.03,0.9,1,101,0.00047232991980380426,1059,0.33333333333333337,0.14169897594114125,0.047232991980380425,0.5611475859366555,0,7,0.0,1.0000000000000002,0.9959203023536329,0.9659112932364169,1.0000000000000042,0.001885130803144286,0.001885130803144286,1.2913682827911812,0,7.141038083080531e-08,0.3401937484741211
0,lp,jitter,0.25,1,7,0.03,0.9,1,101,0.00047232991980380426,1059,0.33333333333333337,0.14169897594114125,0.047232991980380425,0.5611475859366555,0,7,0.0,1.0,0.9955480525357984,0.9733107446650511,1.0000000000000004,0.26851975122406124,0.26851975122406124,1.291309322445902,0,7.141038083080531e-08,0.06250905990600586
0,lprand,jitter,0.25,1,7,0.03,0.9,1,101,0.00047232991980380426,1059,0.33333333333333337,0.14169897594114125,0.047232991980380425,0.5611475859366555,0,7,0.0,1.0,0.9957646759574206,0.9672703800648067,1.0000000000000004,0.021450005411317696,0.021450005411317696,1.2912931630470628,0,7.141038083080531e-08,0.05672192573547363
0,maxentw,jitter,0.25,1,7,0.03,0.9,1,101,0.00047232991980380426,1059,0.33333333333333337,0.14169897594114125,0.047232991980380425,0.5611475859366555,0,7,0.0,1.0000000000000002,0.9959203023536329,0.9659112932364169,1.0000000000000042,0.001885130803144286,0.001885130803144286,1.2913682827911812,0,7.141038083080531e-08,0.3444948196411133
0,minnorm,jitter,0.45,0,3,0.03,0.9,1,101,3.0289511744309245e-05,16508,0.33333333333333337,0.009086853523292773,0.0030289511744309243,0.14210210353664543,0,3,-0.14769396399918938,1.2953879279983787,1.0001051658727715,38826.299370191686,38826.299370191686,4.554922478036202,4.554922478036202,4.5473944079926625,0,7.055493655983014e-08,0.05274701118469238
0,projgauss,jitter,0.45,0,3,0.03,0.9,1,101,3.0289511744309245e-05,16508,0.33333333333333337,0.009086853523292773,0.0030289511744309243,0.14210210353664543,0,3,-0.14769396399918877,1.295387927998378,1.0001051658727214,38826.299933973525,38826.299933973525,4.554922478231548,4.554922478231548,4.547394408188008,0,7.055493655983014e-08,0.04310417175292969
0,spectral,jitter,0.45,0,3,0.03,0.9,1,101,3.0289511744309245e-05,16508,0.33333333333333337,0.009086853523292773,0.0030289511744309243,0.14210210353664543,0,3,-0.14769396399918938,1.2953879279983787,1.0001051658727715,38826.299370191686,38826.299370191686,4.554922478036202,4.554922478036202,4.5473944079926625,0,7.055493655983014e-08,0.05140995979309082
0,spectralg,jitter,0.45,0,3,0.03,0.9,1,101,3.0289511744309245e-05,16508,0.33333333333333337,0.009086853523292773,0.0030289511744309243,0.14210210353664543,0,3,-0.14769396399918938,1.2953879279983787,1.0001051658727715,38826.299370191686,38826.299370191686,4.554922478036202,4.554922478036202,4.5473944079926625,0,7.055493655983014e-08,0.04063105583190918
0,molfe,jitter,0.45,0,3,0.03,0.9,1,101,3.0289511744309245e-05,16508,0.33333333333333337,0.009086853523292773,0.0030289511744309243,0.14210210353664543,0,3,-0.14763167163271343,1.2952633432654268,1.0001051283940412,38824.24235767725,38824.24235767725,4.554667762220794,4.554667762220794,4.547139692177255,0,7.055493655983014e-08,0.04082083702087402
0,molrk3,jitter,0.45,0,3,0.03,0.9,1,101,3.0289511744309245e-05,16508,0.33333333333333337,0.009086853523292773,0.0030289511744309243,0.14210210353664543,0,3,-0.14769396399918927,1.2953879279983784,1.0001051255727902,38826.29885902636,38826.29885902636,4.554854199439361,4.554854199439361,4.547326129395821,0,7.055493655983014e-08,0.048444271087646484
0,maxent,jitter,0.45,0,3,0.03,0.9,1,101,3.0289511744309245e-05,16508,0.33333333333333337,0.009086853523292773,0.0030289511744309243,0.14210210353664543,14,3,-0.14769396399918938,1.2953879279983787,1.0001051658705058,38826.29938754399,38826.29938754399,4.554920648473666,4.554920648473666,4.547392578430126,0,7.055493655983014e-08,0.7870907783508301
0,lp,jitter,0.45,0,3,0.03,0.9,1,101,3.0289511744309245e-05,16508,0.33333333333333337,0.009086853523292773,0.0030289511744309243,0.14210210353664543,14,3,-0.14769396399918938,1.2953879279983787,1.0001051658726903,38826.29878065876,38826.29878065876,4.554922477997703,4.554922477997703,4.5473944079541635,0,7.055493655983014e-08,0.1065061092376709
0,lprand,jitter,0.45,0,3,0.03,0.9,1,101,3.0289511744309245e-05,16508,0.33333333333333337,0.009086853523292773,0.0030289511744309243,0.14210210353664543,14,3,-0.14769396399918938,1.2953879279983787,1.0001051658726903,38826.29878065876,38826.29878065876,4.554922477998938,4.554922477998938,4.547394407955398,0,7.055493655983014e-08,0.09770894050598145
0,maxentw,jitter,0.45,0,3,0.03,0.9,1,101,3.0289511744309245e-05,16508,0.33333333333333337,0.009086853523292773,0.0030289511744309243,0.14210210353664543,0,5,0.0,1.0000000000000002,0.9997363905462842,0.966187897308053,1.000000000000056,0.011729143581608925,0.011729143581608925,1.2913292941015169,0,7.055493655983014e-08,0.8590390682220459
0,minnorm,jitter,0.45,0,5,0.03,0.9,1,101,3.0289511744309245e-05,16508,0.33333333333333337,0.009086853523292773,0.0030289511744309243,0.14210210353664543,0,5,-0.19780953218135516,1.5578867751938383,0.9997110426136782,0.9786943415269042,1.5578867751938383,0.10420035042268883,0.10420035042268883,1.2911420900326451,0,7.055493655983014e-08,0.04418206214904785
0,projgauss,jitter,0.45,0,5,0.03,0.9,1,101,3.0289511744309245e-05,16508,0.33333333333333337,0.009086853523292773,0.0030289511744309243,0.14210210353664543,0,5,-0.155705118677404,1.4829436741937483,0.9997084505739645,0.9738818353608067,1.482943674193748,0.08651341222159092,0.08651341222159092,1.291146194457343,0,7.055493655983014e-08,0.04907107353210449
0,spectral,jitter,0.45,0,5,0.03,0.9,1,101,3.0289511744309245e-05,16508,0.33333333333333337,0.009086853523292773,0.0030289511744309243,0.14210210353664543,0,5,-0.039910890417834265,1.0850888765072129,1.0131680756466075,2.0584435061487636e+94,2.0584435061487636e+94,inf,7601905.648393552,7601905.291797732,1,7.055493655983014e-08,0.01856374740600586
0,spectralg,jitter,0.45,0,5,0.03,0.9,1,101,3.0289511744309245e-05,16508,0.33333333333333337,0.009086853523292773,0.0030289511744309243,0.14210210353664543,0,5,-0.039910890417834265,1.0850888765072129,1.0131680756466075,2.0584435061487636e+94,2.0584435061487636e+94,inf,7601905.648393552,7601905.291797732,1,7.055493655983014e-08,0.03288388252258301
0,molfe,jitter,0.45,0,5,0.03,0.9,1,101,3.0289511744309245e-05,16508,0.33333333333333337,0.009086853523292773,0.0030289511744309243,0.14210210353664543,0,5,-0.005532776941976973,1.011330698958885,1.0050424745954019,1.9256739938089164e+36,1.9256739938089164e+36,inf,4870121.169454271,4870121.915608042,1,7.055493655983014e-08,0.027429819107055664
0,molrk3,jitter,0.45,0,5,0.03,0.9,1,101,3.0289511744309245e-05,16508,0.33333333333333337,0.009086853523292773,0.0030289511744309243,0.14210210353664543,0,5,-0.0054980607621047525,1.0112711454826324,1.00505520923921,2.3736846835242475e+36,2.3736846835242475e+36,inf,5227336.428383078,5227337.174536849,1,7.055493655983014e-08,0.02049732208251953
0,maxent,jitter,0.45,0,5,0.03,0.9,1,101,3.0289511744309245e-05,16508,0.33333333333333337,0.009086853523292773,0.0030289511744309243,0.14210210353664543,0,5,0.0,1.0000000000000002,0.9997363874273945,0.9662191863131885,1.000000000000077,0.011846149519090798,0.011846149519090798,1.291329294343837,0,7.055493655983014e-08,0.7113373279571533
0,lp,jitter,0.45,0,5,0.03,0.9,1,101,3.0289511744309245e-05,16508,0.33333333333333337,0.009086853523292773,0.0030289511744309243,0.14210210353664543,0,5,0.0,1.0000000000000002,0.9997247254861655,0.9698226069638556,1.000000000000035,0.043079400494625164,0.043079400494625164,1.2912950131440513,0,7.055493655983014e-08,0.09334683418273926
0,lprand,jitter,0.45,0,5,0.03,0.9,1,101,3.0289511744309245e-05,16508,0.33333333333333337,0.009086853523292773,0.0030289511744309243,0.14210210353664543,0,5,0.0,1.0000000000000002,0.9997333559487976,0.9673616626606208,1.0000000000000355,0.037274641417992416,0.037274641417992416,1.291309181027351,0,7.055493655983014e-08,0.09612011909484863
0,maxentw,jitter,0.45,0,5,0.03,0.9,1,101,3.0289511744309245e-05,16508,0.33333333333333337,0.009086853523292773,0.0030289511744309243,0.14210210353664543,0,5,0.0,1.0000000000000002,0.9997363874273945,0.9662191863131885,1.000000000000077,0.011846149519090798,0.011846149519090798,1.291329294343837,0,7.055493655983014e-08,0.7059369087219238
0,minnorm,jitter,0.45,0,7,0.03,0.9,1,101,3.0289511744309245e-05,16508,0.33333333333333337,0.009086853523292773,0.0030289511744309243,0.14210210353664543,0,7,-0.1877708223017069,1.520432675887156,0.9998415802595049,1.0630490375308888,1.520432675887156,0.04229252118540888,0.05685507380685295,1.290080884017849,0,7.055493655983014e-08,0.0437009334564209
0,projgauss,jitter,0.45,0,7,0.03,0.9,1,101,3.0289511744309245e-05,16508,0.33333333333333337,0.009086853523292773,0.0030289511744309243,0.14210210353664543,0,7,-0.10293825936263662,1.3374020833397922,0.9998018026815818,1.0502335145375397,1.3374020833397922,0.0739457767975793,0.0739457767975793,1.2906121923227323,0,7.055493655983014e-08,0.05209016799926758
0,spectral,jitter,0.45,0,7,0.03,0.9,1,101,3.0289511744309245e-05,16508,0.33333333333333337,0.009086853523292773,0.0030289511744309243,0.14210210353664543,0,7,-0.08485202500173261,1.1881623357246973,0.9997331285261744,1.1624684106256438,2.8902504662888635,0.04224227630027866,0.04224227630027866,1.2912527514341303,0,7.055493655983014e-08,0.05587410926818848
0,spectralg,jitter,0.45,0,7,0.03,0.9,1,101,3.0289511744309245e-05,16508,0.33333333333333337,0.009086853523292773,0.0030289511744309243,0.14210210353664543,0,7,-0.08485202500173261,1.1881623357246973,0.9997331285261744,1.1624684106256438,2.8902504662888635,0.04224227630027866,0.04224227630027866,1.2912527514341303,0,7.055493655983014e-08,0.06671905517578125
0,molfe,jitter,0.45,0,7,0.03,0.9,1,101,3.0289511744309245e-05,16508,0.33333333333333337,0.009086853523292773,0.0030289511744309243,0.14210210353664543,0,7,-0.001423999826942069,1.0069183220160025,1.0019220957985286,236529731180314.2,236529731180314.2,inf,1805167.4076263502,1805167.5969845222,1,7.055493655983014e-08,0.0458989143371582
0,molrk3,jitter,0.45,0,7,0.03,0.9,1,101,3.0289511744309245e-05,16508,0.33333333333333337,0.009086853523292773,0.0030289511744309243,0.14210210353664543,0,7,-0.0014208293835693492,1.006912338893369,1.0019239442081693,244037466842745.9,244037466842745.9,inf,1848513.2041654438,1848513.3935236158,1,7.055493655983014e-08,0.03896188735961914
0,maxent,jitter,0.45,0,7,0.03,0.9,1,101,3.0289511744309245e-05,16508,0.33333333333333337,0.009086853523292773,0.0030289511744309243,0.14210210353664543,0,7,0.0,1.0000000000000004,0.9997363874312285,0.9662191863851228,1.000000000000107,0.01184615964669461,0.01184615964669461,1.2913292943536705,0,7.055493655983014e-08,0.6567599773406982
0,lp,jitter,0.45,0,7,0.03,0.9,1,101,3.0289511744309245e-05,16508,0.33333333333333337,0.009086853523292773,0.0030289511744309243,0.14210210353664543,0,7,0.0,1.0000000000000002,0.9997127912393464,0.9727102571062265,1.0000000000000513,0.22225210097464937,0.22225210097464937,1.2912811342649066,0,7.055493655983014e-08,0.09873199462890625
0,lprand,jitter,0.45,0,7,0.03,0.9,1,101,3.0289511744309245e-05,16508,0.33333333333333337,0.009086853523292773,0.0030289511744309243,0.14210210353664543,0,7,0.0,1.0000000000000002,0.9997294369480471,0.9669270016976382,1.0000000000000866,0.04562749596146892,0.04562749596146892,1.2913119549213916,0,7.055493655983014e-08,0.09255194664001465
0,maxentw,jitter,0.45,0,7,0.03,0.9,1,101,3.0289511744309245e-05,16508,0.33333333333333337,0.009086853523292773,0.0030289511744309243,0.14210210353664543,0,7,0.0,1.0000000000000004,0.9997363874312285,0.9662191863851228,1.000000000000107,0.01184615964669461,0.01184615964669461,1.2913292943536705,0,7.055493655983014e-08,0.6551558971405029
0,minnorm,jitter,0.45,1,3,0.03,0.9,1,101,6.619136891797147e-05,7554,0.33333333333333337,0.01985741067539144,0.006619136891797147,0.21006565468597582,0,3,-0.126586074028885,1.2531721480577698,1.0005863467617004,15123.293294232844,55058.6043092313,4.7390966721521615,4.7390966721521615,4.736891837165767,0,7.082200659258575e-08,0.024498939514160156
0,projgauss,jitter,0.45,1,3,0.03,0.9,1,101,6.619136891797147e-05,7554,0.33333333333333337,0.01985741067539144,0.006619136891797147,0.21006565468597582,0,3,-0.12658607402888483,1.2531721480577696,1.000586346761708,15123.293260785813,55058.604308156646,4.739096672306442,4.739096672306442,4.736891837320047,0,7.082200659258575e-08,0.025360822677612305
0,spectral,jitter,0.45,1,3,0.03,0.9,1,101,6.619136891797147e-05,7554,0.33333333333333337,0.01985741067539144,0.006619136891797147,0.21006565468597582,0,3,-0.126586074028885,1.2531721480577698,1.0005863467617004,15123.293294232844,55058.6043092313,4.7390966721521615,4.7390966721521615,4.736891837165767,0,7.082200659258575e-08,0.028435945510864258
0,spectralg,jitter,0.45,1,3,0.03,0.9,1,101,6.619136891797147e-05,7554,0.33333333333333337,0.01985741067539144,0.006619136891797147,0.21006565468597582,0,3,-0.126586074028885,1.2531721480577698,1.0005863467617004,15123.293294232844,55058.6043092313,4.7390966721521615,4.7390966721521615,4.736891837165767,0,7.082200659258575e-08,0.02876591682434082
0,molfe,jitter,0.45,1,3,0.03,0.9,1,101,6.619136891797147e-05,7554,0.33333333333333337,0.01985741067539144,0.006619136891797147,0.21006565468597582,0,3,-0.126470310756199,1.2529406215123982,1.000586608180638,15121.54431882235,55295.56286707511,4.738452722130124,4.738452722130124,4.73624788714373,0,7.082200659258575e-08,0.02885603904724121
0,molrk3,jitter,0.45,1,3,0.03,0.9,1,101,6.619136891797147e-05,7554,0.33333333333333337,0.01985741067539144,0.006619136891797147,0.21006565468597582,0,3,-0.12658607402888483,1.2531721480577698,1.0005862019054481,15123.293285715952,55006.698877570525,4.738779108497341,4.738779108497341,4.736574273510946,0,7.082200659258575e-08,0.02922987937927246
0,maxent,jitter,0.45,1,3,0.03,0.9,1,101,6.619136891797147e-05,7554,0.33333333333333337,0.01985741067539144,0.006619136891797147,0.21006565468597582,11,3,-0.126586074028885,1.2531721480577698,1.0005863467617395,15123.29340465442,55058.60433422321,4.739096668373178,4.739096668373178,4.7368918333867835,0,7.082200659258575e-08,0.8494231700897217
0,lp,jitter,0.45,1,3,0.03,0.9,1,101,6.619136891797147e-05,7554,0.33333333333333337,0.01985741067539144,0.006619136891797147,0.21006565468597582,11,3,-0.126586074028885,1.2531721480577698,1.0005863467617038,15123.293274094733,55058.6043087868,4.739096672246631,4.739096672246631,4.736891837260236,0,7.082200659258575e-08,0.06428694725036621
0,lprand,jitter,0.45,1,3,0.03,0.9,1,101,6.619136891797147e-05,7554,0.33333333333333337,0.01985741067539144,0.006619136891797147,0.21006565468597582,11,3,-0.126586074028885,1.2531721480577698,1.0005863467617049,15123.293274094733,55058.604308722985,4.739096672247416,4.739096672247416,4.736891837261021,0,7.082200659258575e-08,0.0683588981628418
0,maxentw,jitter,0.45,1,3,0.03,0.9,1,101,6.619136891797147e-05,7554,0.33333333333333337,0.01985741067539144,0.006619136891797147,0.21006565468597582,0,5,0.0,1.0000000000000002,0.9994241762151254,0.9658909803696446,1.0000000000000162,0.0054635933254295055,0.0054635933254295055,1.2913539422197906,0,7.082200659258575e-08,0.9409310817718506
0,minnorm,jitter,0.45,1,5,0.03,0.9,1,101,6.619136891797147e-05,7554,0.33333333333333337,0.01985741067539144,0.006619136891797147,0.21006565468597582,0,5,-0.1833337653685489,1.5186579024370115,0.9993334568905445,0.9994319894406308,1.5186579024370115,0.07288022773268588,0.07288022773268588,1.2911980114794268,0,7.082200659258575e-08,0.024586200714111328
0,projgauss,jitter,0.45,1,5,0.03,0.9,1,101,6.619136891797147e-05,7554,0.33333333333333337,0.01985741067539144,0.006619136891797147,0.21006565468597582,0,5,-0.1564000601876192,1.4560790310898544,0.9993247650574849,0.9936101591158361,1.4638241615842733,0.06382297275647164,0.06382297275647164,1.291215543281429,0,7.082200659258575e-08,0.027995824813842773
0,spectral,jitter,0.45,1,5,0.03,0.9,1,101,6.619136891797147e-05,7554,0.33333333333333337,0.01985741067539144,0.006619136891797147,0.21006565468597582,0,5,-0.07725112091268803,1.1565536979915376,1.0125784543508924,3.3358035817113145e+41,6.335154387031789e+54,inf,5128032.557647961,5128032.8499163445,1,7.082200659258575e-08,0.019738197326660156
0,spectralg,jitter,0.45,1,5,0.03,0.9,1,101,6.619136891797147e-05,7554,0.33333333333333337,0.01985741067539144,0.006619136891797147,0.21006565468597582,0,5,-0.07725112091268803,1.1565536979915376,1.0125784543508924,3.3358035817113145e+41,6.335154387031789e+54,inf,5128032.557647961,5128032.8499163445,1,7.082200659258575e-08,0.030575037002563477
0,molfe,jitter,0.45,1,5,0.03,0.9,1,101,6.619136891797147e-05,7554,0.33333333333333337,0.01985741067539144,0.006619136891797147,0.21006565468597582,0,5,-0.010158548240797538,1.0282941715893905,1.009797894453144,1.5846937677032822e+32,3.609456459576216e+42,inf,1380475.874650907,1380475.6683270393,1,7.082200659258575e-08,0.01456904411315918
0,molrk3,jitter,0.45,1,5,0.03,0.9,1,101,6.619136891797147e-05,7554,0.33333333333333337,0.01985741067539144,0.006619136891797147,0.21006565468597582,0,5,-0.010062816995416833,1.028089494490633,1.0098460505852445,2.271918977402298e+32,5.814966640707125e+42,inf,1560245.8062065244,1560245.5998826567,1,7.082200659258575e-08,0.01569509506225586
0,maxent,jitter,0.45,1,5,0.03,0.9,1,101,6.619136891797147e-05,7554,0.33333333333333337,0.01985741067539144,0.006619136891797147,0.21006565468597582,0,5,0.0,1.0000000000000002,0.999424136647447,0.965886326256306,1.0000000000000222,0.005479319068588784,0.005479319068588784,1.291354281835511,0,7.082200659258575e-08,0.6622648239135742
0,lp,jitter,0.45,1,5,0.03,0.9,1,101,6.619136891797147e-05,7554,0.33333333333333337,0.01985741067539144,0.006619136891797147,0.21006565468597582,0,5,0.0,1.0000000000000002,0.999403859888335,0.9683371857374766,1.0000000000000078,0.0541895257563999,0.0541895257563999,1.291330903916418,0,7.082200659258575e-08,0.0669870376586914
0,lprand,jitter,0.45,1,5,0.03,0.9,1,101,6.619136891797147e-05,7554,0.33333333333333337,0.01985741067539144,0.006619136891797147,0.21006565468597582,0,5,0.0,1.0000000000000002,0.9994188355900405,0.9657100971621091,1.0000000000000102,0.020310876353343554,0.020310876353343554,1.2913676450359524,0,7.082200659258575e-08,0.07146191596984863
0,maxentw,jitter,0.45,1,5,0.03,0.9,1,101,6.619136891797147e-05,7554,0.33333333333333337,0.01985741067539144,0.006619136891797147,0.21006565468597582,0,5,0.0,1.0000000000000002,0.999424136647447,0.965886326256306,1.0000000000000222,0.005479319068588784,0.005479319068588784,1.291354281835511,0,7.082200659258575e-08,0.663297176361084
0,minnorm,jitter,0.45,1,7,0.03,0.9,1,101,6.619136891797147e-05,7554,0.33333333333333337,0.01985741067539144,0.006619136891797147,0.21006565468597582,0,7,-0.16233747756580857,1.5136994937698705,0.999516870585452,1.0572387857981953,1.5136994937698702,0.09893867118734434,0.10379800824554353,1.290328633233105,0,7.082200659258575e-08,0.02510523796081543
0,projgauss,jitter,0.45,1,7,0.03,0.9,1,101,6.619136891797147e-05,7554,0.33333333333333337,0.01985741067539144,0.006619136891797147,0.21006565468597582,0,7,-0.10791912181349089,1.3349128215427897,0.9994276711639077,1.056634639462807,1.3349128215427897,0.09060961185004257,0.09060961185004257,1.2908086556192626,0,7.082200659258575e-08,0.026801109313964844
0,spectral,jitter,0.45,1,7,0.03,0.9,1,101,6.619136891797147e-05,7554,0.33333333333333337,0.01985741067539144,0.006619136891797147,0.21006565468597582,0,7,-0.10365603274301824,1.2124088105495663,0.9993921708890134,1.0558294395350036,1.9406606998569855,0.035403411474815405,0.035403411474815405,1.291336679751939,0,7.082200659258575e-08,0.034240007400512695
0,spectralg,jitter,0.45,1,7,0.03,0.9,1,101,6.619136891797147e-05,7554,0.33333333333333337,0.01985741067539144,0.006619136891797147,0.21006565468597582,0,7,-0.10365603274301824,1.2124088105495663,0.9993921708890134,1.0558294395350036,1.9406606998569855,0.035403411474815405,0.035403411474815405,1.291336679751939,0,7.082200659258575e-08,0.047918081283569336
0,molfe,jitter,0.45,1,7,0.03,0.9,1,101,6.619136891797147e-05,7554,0.33333333333333337,0.01985741067539144,0.006619136891797147,0.21006565468597582,0,7,-0.0030945291300960766,1.0171297184131867,1.0043631534828648,813326863694638.0,3.787237871847242e+19,inf,1336626.6562854764,1336626.6906966476,1,7.082200659258575e-08,0.02085709571838379
0,molrk3,jitter,0.45,1,7,0.03,0.9,1,101,6.619136891797147e-05,7554,0.33333333333333337,0.01985741067539144,0.006619136891797147,0.21006565468597582,0,7,-0.0030841611072266683,1.0170947738546487,1.004372685880669,875311398679150.0,4.1693925707648246e+19,inf,1393894.0903960373,1393894.1248072085,1,7.082200659258575e-08,0.018069028854370117
0,maxent,jitter,0.45,1,7,0.03,0.9,1,101,6.619136891797147e-05,7554,0.33333333333333337,0.01985741067539144,0.006619136891797147,0.21006565468597582,0,7,0.0,1.0000000000000004,0.9994241366461185,0.9658863269659906,1.000000000000024,0.005479324253964524,0.005479324253964524,1.2913542817689185,0,7.082200659258575e-08,0.8430449962615967
0,lp,jitter,0.45,1,7,0.03,0.9,1,101,6.619136891797147e-05,7554,0.33333333333333337,0.01985741067539144,0.006619136891797147,0.21006565468597582,0,7,0.0,1.0000000000000002,0.99936245375609,0.9750017336454992,1.00000000000002,0.3151040803523715,0.3151040803523715,1.2912596689687679,0,7.082200659258575e-08,0.07199883460998535
0,lprand,jitter,0.45,1,7,0.03,0.9,1,101,6.619136891797147e-05,7554,0.33333333333333337,0.01985741067539144,0.006619136891797147,0.21006565468597582,0,7,0.0,1.0000000000000002,0.9994013592856726,0.967771305156944,1.0000000000000104,0.024560615215201642,0.024560615215201642,1.2913087558355874,0,7.082200659258575e-08,0.06963109970092773
0,maxentw,jitter,0.45,1,7,0.03,0.9,1,101,6.619136891797147e-05,7554,0.33333333333333337,0.01985741067539144,0.006619136891797147,0.21006565468597582,0,7,0.0,1.0000000000000004,0.9994241366461185,0.9658863269659906,1.000000000000024,0.005479324253964524,0.005479324253964524,1.2913542817689185,0,7.082200659258575e-08,0.8456618785858154
0,minnorm,random,0.0,0,3,0.03,0.9,1,101,0.00010703263175581555,4672,0.33333333333333337,0.03210978952674466,0.010703263175581556,0.267123731325411,0,3,-0.9407890272974112,2.8815780545948226,1.0909079398845238,7.3238777179462295e+177,7.3238777179462295e+177,inf,1800400037.0880327,1800400037.031322,1,7.290083980926454e-08,0.009158849716186523
0,projgauss,random,0.0,0,3,0.03,0.9,1,101,0.00010703263175581555,4672,0.33333333333333337,0.03210978952674466,0.010703263175581556,0.267123731325411,0,3,-0.9407890272974111,2.8815780545948217,1.0909079398845287,7.323877717936587e+177,7.323877717936587e+177,inf,1800400036.7932374,1800400036.7365267,1,7.290083980926454e-08,0.009190797805786133
0,spectral,random,0.0,0,3,0.03,0.9,1,101,0.00010703263175581555,4672,0.33333333333333337,0.03210978952674466,0.010703263175581556,0.267123731325411,0,3,-0.9407890272974112,2.8815780545948226,1.0909079398845238,7.3238777179462295e+177,7.3238777179462295e+177,inf,1800400037.0880327,1800400037.031322,1,7.290083980926454e-08,0.009290933609008789
0,spectralg,random,0.0,0,3,0.03,0.9,1,101,0.00010703263175581555,4672,0.33333333333333337,0.03210978952674466,0.010703263175581556,0.267123731325411,0,3,-0.9407890272974112,2.8815780545948226,1.0909079398845238,7.3238777179462295e+177,7.3238777179462295e+177,inf,1800400037.0880327,1800400037.031322,1,7.290083980926454e-08,0.008617877960205078
0,molfe,random,0.0,0,3,0.03,0.9,1,101,0.00010703263175581555,4672,0.33333333333333337,0.03210978952674466,0.010703263175581556,0.267123731325411,0,3,-0.9392533544322814,2.8785067088645637,1.0906929730118013,2.9165948258708717e+177,2.9165948258708717e+177,inf,1673132937.4087663,1673132937.3520555,1,7.290083980926454e-08,0.008018970489501953
0,molrk3,random,0.0,0,3,0.03,0.9,1,101,0.00010703263175581555,4672,0.33333333333333337,0.03210978952674466,0.010703263175581556,0.267123731325411,0,3,-0.9407890272974114,2.8815780545948235,1.0949299088943374,2.1458925705626743e+185,2.1458925705626743e+185,inf,1538076.2235131196,1538076.1530038593,1,7.290083980926454e-08,0.009096860885620117
0,maxent,random,0.0,0,3,0.03,0.9,1,101,0.00010703263175581555,4672,0.33333333333333337,0.03210978952674466,0.010703263175581556,0.267123731325411,35,3,-0.9407890272974112,2.8815780545948226,1.0909079398845234,7.323877717946342e+177,7.323877717946342e+177,inf,1800400037.252347,1800400037.1956363,1,7.290083980926454e-08,0.901547908782959
0,lp,random,0.0,0,3,0.03,0.9,1,101,0.00010703263175581555,4672,0.33333333333333337,0.03210978952674466,0.010703263175581556,0.267123731325411,35,3,-0.9407890272974112,2.8815780545948226,1.0909079398845305,7.323877717946458e+177,7.323877717946458e+177,inf,1800400037.2646854,1800400037.2079747,1,7.290083980926454e-08,0.050234079360961914
0,lprand,random,0.0,0,3,0.03,0.9,1,101,0.00010703263175581555,4672,0.33333333333333337,0.03210978952674466,0.010703263175581556,0.267123731325411,35,3,-0.9407890272974112,2.8815780545948226,1.0909079398845245,7.323877717946458e+177,7.323877717946458e+177,inf,1800400037.2646854,1800400037.2079747,1,7.290083980926454e-08,0.04630398750305176
0,maxentw,random,0.0,0,3,0.03,0.9,1,101,0.00010703263175581555,4672,0.33333333333333337,0.03210978952674466,0.010703263175581556,0.267123731325411,0,7,0.0,1.0000000000000002,0.9990641172865059,0.9667773690814386,1.0000000000000115,0.015204445483095186,0.015204445483095186,1.291159431145028,0,7.290083980926454e-08,1.1043939590454102
0,minnorm,random,0.0,0,5,0.03,0.9,1,101,0.00010703263175581555,4672,0.33333333333333337,0.03210978952674466,0.010703263175581556,0.267123731325411,0,5,-0.26719220211048333,1.606016618981205,1.000912250456349,1198.1509876512162,138632.32105865172,17.612590838831746,17.612590838831746,18.491020367581093,1,7.290083980926454e-08,0.01813817024230957
0,projgauss,random,0.0,0,5,0.03,0.9,1,101,0.00010703263175581555,4672,0.33333333333333337,0.03210978952674466,0.010703263175581556,0.267123731325411,0,5,-0.24440680359932693,1.6212653054317014,1.000000115265454,1198.111935913742,4695.184808502237,1.4519382124378284,1.4519382124378284,2.176430680026561,0,7.290083980926454e-08,0.016925811767578125
0,spectral,random,0.0,0,5,0.03,0.9,1,101,0.00010703263175581555,4672,0.33333333333333337,0.03210978952674466,0.010703263175581556,0.267123731325411,0,5,-0.9918449245172531,3.6941469057465715,1.0000002512612596,7055.743832273718,27574.95856165206,1.453321736863837,1.453321736863837,1.7904478860614885,0,7.290083980926454e-08,0.02463817596435547
0,spectralg,random,0.0,0,5,0.03,0.9,1,101,0.00010703263175581555,4672,0.33333333333333337,0.03210978952674466,0.010703263175581556,0.267123731325411,0,5,-0.9918449245172531,3.6941469057465715,1.0000005066490332,7055.743832273718,27574.95856165206,1.453321736863837,1.453321736863837,1.7904478860614885,0,7.290083980926454e-08,0.03906607627868652
0,molfe,random,0.0,0,5,0.03,0.9,1,101,0.00010703263175581555,4672,0.33333333333333337,0.03210978952674466,0.010703263175581556,0.267123731325411,0,5,-0.04606311823586629,1.1896674205915732,1.0126376182536692,8.858424207589603e+25,1.0152463362195156e+55,inf,2623856.8952735644,2623857.62013423,1,7.290083980926454e-08,0.012665987014770508
0,molrk3,random,0.0,0,5,0.03,0.9,1,101,0.00010703263175581555,4672,0.33333333333333337,0.03210978952674466,0.010703263175581556,0.267123731325411,0,5,-0.045711166947325715,1.187694518329641,1.0127178093422915,1.2824166284771107e+26,2.2411811858195656e+55,inf,3085341.311800989,3085342.0366616542,1,7.290083980926454e-08,0.012312650680541992
0,maxent,random,0.0,0,5,0.03,0.9,1,101,0.00010703263175581555,4672,0.33333333333333337,0.03210978952674466,0.010703263175581556,0.267123731325411,2,5,-0.23119413625568078,1.606016618981205,1.0000002050717074,1288.9109951069613,5037.689342859399,1.4684252282116752,1.4684252282116752,1.8055513774093266,0,7.290083980926454e-08,0.38531994819641113
0,lp,random,0.0,0,5,0.03,0.9,1,101,0.00010703263175581555,4672,0.33333333333333337,0.03210978952674466,0.010703263175581556,0.267123731325411,2,5,-0.23119413625568078,1.606016618981205,1.0000002231854663,1378.775442468912,5395.305284303956,1.4502344926973856,1.4502344926973856,1.7873606418950372,0,7.290083980926454e-08,0.0613713264465332
0,lprand,random,0.0,0,5,0.03,0.9,1,101,0.00010703263175581555,4672,0.33333333333333337,0.03210978952674466,0.010703263175581556,0.267123731325411,2,5,-0.23119413625568078,1.606016618981205,1.0000002275683675,1342.0336214981294,5239.746410106756,1.471413188666185,1.471413188666185,1.8085393378638364,0,7.290083980926454e-08,0.05991697311401367
0,maxentw,random,0.0,0,5,0.03,0.9,1,101,0.00010703263175581555,4672,0.33333333333333337,0.03210978952674466,0.010703263175581556,0.267123731325411,0,7,0.0,1.0000000000000004,0.9990641230005853,0.9667883102190427,1.0000000000000129,0.015323079633210779,0.015323079633210779,1.2911593175199263,0,7.290083980926454e-08,0.38598203659057617
0,minnorm,random,0.0,0,7,0.03,0.9,1,101,0.00010703263175581555,4672,0.33333333333333337,0.03210978952674466,0.010703263175581556,0.267123731325411,0,7,-0.20617353079469605,1.6126934152251178,0.9992287176591239,0.9665205952125652,1.886283813836876,0.13147185822198637,0.13147185822198637,1.2908359777128102,0,7.290083980926454e-08,0.019567012786865234
0,projgauss,random,0.0,0,7,0.03,0.9,1,101,0.00010703263175581555,4672,0.33333333333333337,0.03210978952674466,0.010703263175581556,0.267123731325411,0,7,-0.1475941819950703,1.4439583033808803,0.9990893239881589,1.1287007127545827,1.5500707290384232,0.1528816680538857,0.1528816680538857,1.2909434011334726,0,7.290083980926454e-08,0.018601179122924805
0,spectral,random,0.0,0,7,0.03,0.9,1,101,0.00010703263175581555,4672,0.33333333333333337,0.03210978952674466,0.010703263175581556,0.267123731325411,0,7,-0.9109172163125465,3.571583315967857,0.9999550193706567,5.35926699459419,9.346227260262175,0.746199586382132,0.746199586382132,1.6688977780759142,0,7.290083980926454e-08,0.024033069610595703
0,spectralg,random,0.0,0,7,0.03,0.9,1,101,0.00010703263175581555,4672,0.33333333333333337,0.03210978952674466,0.010703263175581556,0.267123731325411,0,7,-0.9109172163125465,3.571583315967857,0.9999440312688342,5.256706340123191,9.346227260262175,0.7590242225158434,0.7590242225158434,1.6812832242742808,0,7.290083980926454e-08,0.046911001205444336
0,molfe,random,0.0,0,7,0.03,0.9,1,101,0.00010703263175581555,4672,0.33333333333333337,0.03210978952674466,0.010703263175581556,0.267123731325411,0,7,-0.015488104643030397,1.060245549932747,1.0068937611941897,227211746952896.1,1.7919410333334575e+30,inf,1693798.3460187074,1693798.4597839175,1,7.290083980926454e-08,0.018185138702392578
0,molrk3,random,0.0,0,7,0.03,0.9,1,101,0.00010703263175581555,4672,0.33333333333333337,0.03210978952674466,0.010703263175581556,0.267123731325411,0,7,-0.015131807434895858,1.0594585963710044,1.0069175777690145,253760433952250.78,2.2701178611019476e+30,inf,1853656.2492138916,1853656.3629791017,1,7.290083980926454e-08,0.017483949661254883
0,maxent,random,0.0,0,7,0.03,0.9,1,101,0.00010703263175581555,4672,0.33333333333333337,0.03210978952674466,0.010703263175581556,0.267123731325411,0,7,0.0,1.0000000000000004,0.9990640482474509,0.9667814403945033,1.0000000000000122,0.015308317879317856,0.015308317879317856,1.2911593173841767,0,7.290083980926454e-08,0.5598793029785156
0,lp,random,0.0,0,7,0.03,0.9,1,101,0.00010703263175581555,4672,0.33333333333333337,0.03210978952674466,0.010703263175581556,0.267123731325411,0,7,0.0,1.0000000000000002,0.9989988899639344,0.995060241103852,1.0000000000000142,0.6903945534113659,0.6903945534113659,1.2910531475295095,0,7.290083980926454e-08,0.06412315368652344
0,lprand,random,0.0,0,7,0.03,0.9,1,101,0.00010703263175581555,4672,0.33333333333333337,0.03210978952674466,0.010703263175581556,0.267123731325411,0,7,0.0,1.0000000000000002,0.9990421798715418,0.9656656961029083,1.0000000000000049,0.07512115104050532,0.07512115104050532,1.2910948519226126,0,7.290083980926454e-08,0.062460899353027344
0,maxentw,random,0.0,0,7,0.03,0.9,1,101,0.00010703263175581555,4672,0.33333333333333337,0.03210978952674466,0.010703263175581556,0.267123731325411,0,7,0.0,1.0000000000000004,0.9990640482474509,0.9667814403945033,1.0000000000000122,0.015308317879317856,0.015308317879317856,1.2911593173841767,0,7.290083980926454e-08,0.5561389923095703
0,minnorm,random,0.0,1,3,0.03,0.9,1,101,0.0001323854816976273,3777,0.33333333333333337,0.03971564450928819,0.01323854816976273,0.29708077655482557,0,3,-0.6843799603853622,2.368759920770724,1.1133296688913097,1.2530296772596775e+177,1.2530296772596775e+177,inf,1154017.736473837,1154017.0328000786,1,7.280434488610155e-08,0.007966995239257812
0,projgauss,random,0.0,1,3,0.03,0.9,1,101,0.0001323854816976273,3777,0.33333333333333337,0.03971564450928819,0.01323854816976273,0.29708077655482557,0,3,-0.6843799603853626,2.368759920770725,1.1133296688913106,1.2530296772636748e+177,1.2530296772636748e+177,inf,1154017.7359810348,1154017.0323072765,1,7.280434488610155e-08,0.009567975997924805
0,spectral,random,0.0,1,3,0.03,0.9,1,101,0.0001323854816976273,3777,0.33333333333333337,0.03971564450928819,0.01323854816976273,0.29708077655482557,0,3,-0.6843799603853622,2.368759920770724,1.1133296688913097,1.2530296772596775e+177,1.2530296772596775e+177,inf,1154017.736473837,1154017.0328000786,1,7.280434488610155e-08,0.007074832916259766
0,spectralg,random,0.0,1,3,0.03,0.9,1,101,0.0001323854816976273,3777,0.33333333333333337,0.03971564450928819,0.01323854816976273,0.29708077655482557,0,3,-0.6843799603853622,2.368759920770724,1.1133296688913097,1.2530296772596775e+177,1.2530296772596775e+177,inf,1154017.736473837,1154017.0328000786,1,7.280434488610155e-08,0.007539033889770508
0,molfe,random,0.0,1,3,0.03,0.9,1,101,0.0001323854816976273,3777,0.33333333333333337,0.03971564450928819,0.01323854816976273,0.29708077655482557,0,3,-0.6830376734248297,2.3660753468496596,1.1131420217131642,6.630560514646543e+176,6.630560514646543e+176,inf,1110926.553704311,1110925.8500305526,1,7.280434488610155e-08,0.008059024810791016
0,molrk3,random,0.0,1,3,0.03,0.9,1,101,0.0001323854816976273,3777,0.33333333333333337,0.03971564450928819,0.01323854816976273,0.29708077655482557,0,3,-0.6767827820025982,2.3535655640051965,1.1197839709628883,3.802477418130735e+186,3.802477418130735e+186,inf,4236534.916442099,4236534.2127683405,1,7.280434488610155e-08,0.008970022201538086
0,maxent,random,0.0,1,3,0.03,0.9,1,101,0.0001323854816976273,3777,0.33333333333333337,0.03971564450928819,0.01323854816976273,0.29708077655482557,35,3,-0.6843799603853622,2.368759920770724,1.1133296688913097,1.2530296772596523e+177,1.2530296772596523e+177,inf,1154017.7359407991,1154017.0322670408,1,7.280434488610155e-08,0.6886281967163086
0,lp,random,0.0,1,3,0.03,0.9,1,101,0.0001323854816976273,3777,0.33333333333333337,0.03971564450928819,0.01323854816976273,0.29708077655482557,35,3,-0.6843799603853622,2.368759920770724,1.1133296688913097,1.2530296772596667e+177,1.2530296772596667e+177,inf,1154017.7360170004,1154017.032343242,1,7.280434488610155e-08,0.04734325408935547
0,lprand,random,0.0,1,3,0.03,0.9,1,101,0.0001323854816976273,3777,0.33333333333333337,0.03971564450928819,0.01323854816976273,0.29708077655482557,35,3,-0.6843799603853622,2.368759920770724,1.1133296688913097,1.2530296772596667e+177,1.2530296772596667e+177,inf,1154017.7360170004,1154017.032343242,1,7.280434488610155e-08,0.04834794998168945
0,maxentw,random,0.0,1,3,0.03,0.9,1,101,0.0001323854816976273,3777,0.33333333333333337,0.03971564450928819,0.01323854816976273,0.29708077655482557,1,7,-0.12453968839622565,1.2490793767924517,1.0000012826521498,2576.720925299533,15111.227901613951,1.868803557915644,1.868803557915644,1.7837338489615604,0,7.280434488610155e-08,0.8999872207641602
0,minnorm,random,0.0,1,5,0.03,0.9,1,101,0.0001323854816976273,3777,0.33333333333333337,0.03971564450928819,0.01323854816976273,0.29708077655482557,0,5,-0.2472062905469077,1.7420996186034094,1.00045838156518,1084.3180922968918,39942.061399902275,4.726188553127288,4.726188553127288,4.725721105438982,0,7.280434488610155e-08,0.016789913177490234
0,projgauss,random,0.0,1,5,0.03,0.9,1,101,0.0001323854816976273,3777,0.33333333333333337,0.03971564450928819,0.01323854816976273,0.29708077655482557,0,5,-0.2751776608620338,1.7630178162217793,1.000384756515919,1079.904360301802,21154.113477702565,4.738155611291006,4.738155611291006,4.737688163602701,0,7.280434488610155e-08,0.018049001693725586
0,spectral,random,0.0,1,5,0.03,0.9,1,101,0.0001323854816976273,3777,0.33333333333333337,0.03971564450928819,0.01323854816976273,0.29708077655482557,0,5,-1.2061429872398721,5.6026571365496185,1.0002134498009647,6813.998833223384,40680.65421043412,4.666082690986284,4.666082690986284,4.665615243297978,0,7.280434488610155e-08,0.023556232452392578
0,spectralg,random,0.0,1,5,0.03,0.9,1,101,0.0001323854816976273,3777,0.33333333333333337,0.03971564450928819,0.01323854816976273,0.29708077655482557,0,5,-1.2061429872398721,5.6026571365496185,1.0002099247561689,6816.345450634062,39819.16824083836,4.657298555598834,4.657298555598834,4.656831107910529,0,7.280434488610155e-08,0.03617286682128906
0,molfe,random,0.0,1,5,0.03,0.9,1,101,0.0001323854816976273,3777,0.33333333333333337,0.03971564450928819,0.01323854816976273,0.29708077655482557,0,5,-0.10009888251093309,1.3664342380226135,1.005974855561908,81254652440.93776,9.215965584203681e+26,inf,1421583.1910117192,1421582.7365882595,1,7.280434488610155e-08,0.016044139862060547
0,molrk3,random,0.0,1,5,0.03,0.9,1,101,0.0001323854816976273,3777,0.33333333333333337,0.03971564450928819,0.01323854816976273,0.29708077655482557,0,5,-0.0992332414701508,1.361881114485975,1.0059927405606963,86525435807.55576,1.1009114504680213e+27,inf,1515543.738062448,1515543.2836389884,1,7.280434488610155e-08,0.016688823699951172
0,maxent,random,0.0,1,5,0.03,0.9,1,101,0.0001323854816976273,3777,0.33333333333333337,0.03971564450928819,0.01323854816976273,0.29708077655482557,6,5,-0.2472062905469077,1.7420996186034094,1.0002416283162068,1309.6926436150763,12289.544601996895,4.669158691059193,4.669158691059193,4.668691243370888,0,7.280434488610155e-08,0.4108750820159912
0,lp,random,0.0,1,5,0.03,0.9,1,101,0.0001323854816976273,3777,0.33333333333333337,0.03971564450928819,0.01323854816976273,0.29708077655482557,6,5,-0.2472062905469077,1.7420996186034094,1.0002073183054903,1529.7361153177535,10200.115402724286,4.635582535793339,4.635582535793339,4.635115088105033,0,7.280434488610155e-08,0.059912919998168945
0,lprand,random,0.0,1,5,0.03,0.9,1,101,0.0001323854816976273,3777,0.33333333333333337,0.03971564450928819,0.01323854816976273,0.29708077655482557,6,5,-0.2472062905469077,1.7420996186034094,1.0002282467236185,4858.874243582552,36792.659584187684,4.664928420980643,4.664928420980643,4.664460973292337,0,7.280434488610155e-08,0.060537099838256836
0,maxentw,random,0.0,1,5,0.03,0.9,1,101,0.0001323854816976273,3777,0.33333333333333337,0.03971564450928819,0.01323854816976273,0.29708077655482557,1,7,-0.1634619271911049,1.4381828291928447,1.0000015555429176,529.9855511017886,3045.8323671566354,1.6780580369538323,1.6780580369538323,1.5929883279997488,0,7.280434488610155e-08,0.4570927619934082
0,minnorm,random,0.0,1,7,0.03,0.9,1,101,0.0001323854816976273,3777,0.33333333333333337,0.03971564450928819,0.01323854816976273,0.29708077655482557,0,7,-0.2193875446501968,1.5927453978938766,0.9991174603394217,1.1005001867512527,1.7982851899869765,0.09833389627351508,0.09833389627351508,1.285853041929295,0,7.280434488610155e-08,0.015187978744506836
0,projgauss,random,0.0,1,7,0.03,0.9,1,101,0.0001323854816976273,3777,0.33333333333333337,0.03971564450928819,0.01323854816976273,0.29708077655482557,0,7,-0.15998317325925782,1.4363949977194257,0.9990028625850377,1.0214919796142168,1.437404027287438,0.09795775782240423,0.09795775782240423,1.2885926971474264,0,7.280434488610155e-08,0.01545405387878418
0,spectral,random,0.0,1,7,0.03,0.9,1,101,0.0001323854816976273,3777,0.33333333333333337,0.03971564450928819,0.01323854816976273,0.29708077655482557,0,7,-1.5404161716115174,6.2762756110352855,0.9987341417644064,1.591959931230979,14.67359893721744,0.064775609420472,0.064775609420472,1.2901881842776268,0,7.280434488610155e-08,0.023382186889648438
0,spectralg,random,0.0,1,7,0.03,0.9,1,101,0.0001323854816976273,3777,0.33333333333333337,0.03971564450928819,0.01323854816976273,0.29708077655482557,0,7,-1.5404161716115174,6.2762756110352855,0.9987341417644064,1.591959931230979,14.67359893721744,0.064775609420472,0.064775609420472,1.2901881842776268,0,7.280434488610155e-08,0.03612184524536133
0,molfe,random,0.0,1,7,0.03,0.9,1,101,0.0001323854816976273,3777,0.33333333333333337,0.03971564450928819,0.01323854816976273,0.29708077655482557,0,7,-0.01810128453315543,1.0735116915755223,1.009761159433437,2.6159552022831924e+16,4.6812389564156336e+42,inf,1417548.3971728778,1417549.4823227501,1,7.280434488610155e-08,0.01222991943359375
0,molrk3,random,0.0,1,7,0.03,0.9,1,101,0.0001323854816976273,3777,0.33333333333333337,0.03971564450928819,0.01323854816976273,0.29708077655482557,0,7,-0.017807356295038136,1.0726794839174727,1.0098089545577706,3.1280261754092524e+16,7.514861487416059e+42,inf,1582452.3264133797,1582453.411563252,1,7.280434488610155e-08,0.012239217758178711
0,maxent,random,0.0,1,7,0.03,0.9,1,101,0.0001323854816976273,3777,0.33333333333333337,0.03971564450928819,0.01323854816976273,0.29708077655482557,1,7,-0.16916901645951135,1.3383380329190238,0.998683605802476,0.9633658028417191,1.5628804337966307,0.012860686752173667,0.0177999385347542,1.2900823449765144,0,7.280434488610155e-08,0.37583208084106445
0,lp,random,0.0,1,7,0.03,0.9,1,101,0.0001323854816976273,3777,0.33333333333333337,0.03971564450928819,0.01323854816976273,0.29708077655482557,1,7,-0.16916901645951135,1.3383380329190238,0.9986530929017282,0.9721958928413122,1.5972990416121418,0.23250638293384812,0.23250638293384812,1.2900453142090713,0,7.280434488610155e-08,0.06141090393066406
0,lprand,random,0.0,1,7,0.03,0.9,1,101,0.0001323854816976273,3777,0.33333333333333337,0.03971564450928819,0.01323854816976273,0.29708077655482557,1,7,-0.16916901645951135,1.3383380329190238,0.9986971287163002,0.9627835245778031,1.5317389536518977,0.2263683488784642,0.2263683488784642,1.2902422762838581,0,7.280434488610155e-08,0.06263303756713867
0,maxentw,random,0.0,1,7,0.03,0.9,1,101,0.0001323854816976273,3777,0.33333333333333337,0.03971564450928819,0.01323854816976273,0.29708077655482557,1,7,-0.16916901645951135,1.3383380329190238,0.998683605802476,0.9633658028417191,1.5628804337966307,0.012860686752173667,0.0177999385347542,1.2900823449765144,0,7.280434488610155e-08,0.42661404609680176
0,minnorm,jitter,0.0,0,3,0.01,0.9,1,101,0.004499999999999908,112,1.0,0.4499999999999908,0.44999999999999074,0.9999999999999898,0,3,-0.10249999999998848,1.204999999999976,1.108485547710524,1176382807.6884968,6.55983131453142e+58,135989.9344822796,135989.9344822796,135989.84200043324,1,8.209979625029007e-07,0.0070879459381103516
0,projgauss,jitter,0.0,0,3,0.01,0.9,1,101,0.004499999999999908,112,1.0,0.4499999999999908,0.44999999999999074,0.9999999999999898,0,3,-0.10249999999998882,1.204999999999977,1.1084855477138915,1176382807.6885035,6.559831314531393e+58,135989.93448226873,135989.93448226873,135989.84200042236,1,8.209979625029007e-07,0.007924795150756836
0,spectral,jitter,0.0,0,3,0.01,0.9,1,101,0.004499999999999908,112,1.0,0.4499999999999908,0.44999999999999074,0.9999999999999898,0,3,-0.10249999999998848,1.204999999999976,1.108485547710524,1176382807.6884968,6.55983131453142e+58,135989.9344822796,135989.9344822796,135989.84200043324,1,8.209979625029007e-07,0.007602214813232422
0,spectralg,jitter,0.0,0,3,0.01,0.9,1,101,0.004499999999999908,112,1.0,0.4499999999999908,0.44999999999999074,0.9999999999999898,0,3,-0.10249999999998848,1.204999999999976,1.108485547710524,1176382807.6884968,6.55983131453142e+58,135989.9344822796,135989.9344822796,135989.84200043324,1,8.209979625029007e-07,0.008116006851196289
0,molfe,jitter,0.0,0,3,0.01,0.9,1,101,0.004499999999999908,112,1.0,0.4499999999999908,0.44999999999999074,0.9999999999999898,0,3,0.0,1.0,0.8907447739101366,0.9999965765308936,1.0,0.04209114845255413,0.04209114845255413,1.2971825246229214,0,8.209979625029007e-07,0.008661985397338867
0,molrk3,jitter,0.0,0,3,0.01,0.9,1,101,0.004499999999999908,112,1.0,0.4499999999999908,0.44999999999999074,0.9999999999999898,0,3,0.0,1.0,0.8981653763499018,0.9999143957635219,1.0,0.03178049908744063,0.03178049908744063,1.296647803502144,0,8.209979625029007e-07,0.009119987487792969
0,maxent,jitter,0.0,0,3,0.01,0.9,1,101,0.004499999999999908,112,1.0,0.4499999999999908,0.44999999999999074,0.9999999999999898,99,3,-0.10249999999998848,1.204999999999976,1.108485547710524,1176382807.6884968,6.55983131453142e+58,135989.9344822796,135989.9344822796,135989.84200043324,1,8.209979625029007e-07,1.533607006072998
0,lp,jitter,0.0,0,3,0.01,0.9,1,101,0.004499999999999908,112,1.0,0.4499999999999908,0.44999999999999074,0.9999999999999898,99,3,-0.10249999999998848,1.204999999999976,1.108485547710524,1176382807.6884968,6.55983131453142e+58,135989.9344822796,135989.9344822796,135989.84200043324,1,8.209979625029007e-07,0.04626011848449707
0,lprand,jitter,0.0,0,3,0.01,0.9,1,101,0.004499999999999908,112,1.0,0.4499999999999908,0.44999999999999074,0.9999999999999898,99,3,-0.10249999999998848,1.204999999999976,1.108485547710524,1176382807.6884968,6.55983131453142e+58,135989.9344822796,135989.9344822796,135989.84200043324,1,8.209979625029007e-07,0.04360389709472656
0,maxentw,jitter,0.0,0,3,0.01,0.9,1,101,0.004499999999999908,112,1.0,0.4499999999999908,0.44999999999999074,0.9999999999999898,0,5,0.0,1.0000000000000002,0.9002975635050212,0.9999247758977473,1.0000000000000004,0.029374389020314196,0.029374389020314196,1.2966562385841711,0,8.209979625029007e-07,1.6402721405029297
0,minnorm,jitter,0.0,0,5,0.01,0.9,1,101,0.004499999999999908,112,1.0,0.4499999999999908,0.44999999999999074,0.9999999999999898,0,5,-0.02392857142857463,1.047857142857149,0.8943478074228229,0.9999591276430214,1.047857142857149,0.03680315969533432,0.03680315969533432,1.296649888598595,0,8.209979625029007e-07,0.009023904800415039
0,projgauss,jitter,0.0,0,5,0.01,0.9,1,101,0.004499999999999908,112,1.0,0.4499999999999908,0.44999999999999074,0.9999999999999898,0,5,-0.07265772051386876,1.1453154410277375,0.9010766178803212,0.9999254068196797,1.1453154410277375,0.02955120129002009,0.02955120129002009,1.296655963425293,0,8.209979625029007e-07,0.009536027908325195
0,spectral,jitter,0.0,0,5,0.01,0.9,1,101,0.004499999999999908,112,1.0,0.4499999999999908,0.44999999999999074,0.9999999999999898,0,5,-0.06250700050359669,1.1250140010071927,0.8993529775374628,0.9999227174989289,1.125014001007193,0.029499358584182622,0.029499358584182622,1.2966568159953749,0,8.209979625029007e-07,0.014544963836669922
0,spectralg,jitter,0.0,0,5,0.01,0.9,1,101,0.004499999999999908,112,1.0,0.4499999999999908,0.44999999999999074,0.9999999999999898,0,5,-0.06250700050359669,1.1250140010071927,0.8993529775374628,0.9999227174989289,1.125014001007193,0.029499358584182622,0.029499358584182622,1.2966568159953749,0,8.209979625029007e-07,0.02460503578186035
0,molfe,jitter,0.0,0,5,0.01,0.9,1,101,0.004499999999999908,112,1.0,0.4499999999999908,0.44999999999999074,0.9999999999999898,0,5,-0.2571428571428517,1.8614285714285532,1.2223607628673467,135231547619.34079,1.408994351307575e+94,inf,1427263.2985993058,1427263.3029653924,1,8.209979625029007e-07,0.00893712043762207
0,molrk3,jitter,0.0,0,5,0.01,0.9,1,101,0.004499999999999908,112,1.0,0.4499999999999908,0.44999999999999074,0.9999999999999898,0,5,-0.21199709092565233,1.7383991060495494,1.2489153299245,3165420547762.4756,5.5251679076175905e+103,inf,1001750.6247636497,1001750.6477268493,1,8.209979625029007e-07,0.008595943450927734
0,maxent,jitter,0.0,0,5,0.01,0.9,1,101,0.004499999999999908,112,1.0,0.4499999999999908,0.44999999999999074,0.9999999999999898,0,5,0.0,1.0000000000000002,0.9002975635050212,0.9999247758977473,1.0000000000000004,0.029374389020314196,0.029374389020314196,1.2966562385841711,0,8.209979625029007e-07,0.10715007781982422
0,lp,jitter,0.0,0,5,0.01,0.9,1,101,0.004499999999999908,112,1.0,0.4499999999999908,0.44999999999999074,0.9999999999999898,0,5,0.0,1.0,0.8979551106739236,0.9999319248915812,1.0000000000000004,0.030374344653685936,0.030374344653685936,1.2966465635694864,0,8.209979625029007e-07,0.048560142517089844
0,lprand,jitter,0.0,0,5,0.01,0.9,1,101,0.004499999999999908,112,1.0,0.4499999999999908,0.44999999999999074,0.9999999999999898,0,5,0.0,1.0000000000000002,0.9019573378815829,0.9999994245495266,1.0000000000000002,0.34409872403810415,0.34409872403810415,1.2966749590494693,0,8.209979625029007e-07,0.0480198860168457
0,maxentw,jitter,0.0,0,5,0.01,0.9,1,101,0.004499999999999908,112,1.0,0.4499999999999908,0.44999999999999074,0.9999999999999898,0,5,0.0,1.0000000000000002,0.9002975635050212,0.9999247758977473,1.0000000000000004,0.029374389020314196,0.029374389020314196,1.2966562385841711,0,8.209979625029007e-07,0.10780215263366699
0,minnorm,jitter,0.0,0,7,0.01,0.9,1,101,0.004499999999999908,112,1.0,0.4499999999999908,0.44999999999999074,0.9999999999999898,0,7,-0.0825892857142872,1.1651785714285745,0.8930172812237155,1.0692772827980672,1.1651785714285745,0.09789439885015705,0.09789439885015705,1.2966224170316993,0,8.209979625029007e-07,0.007381916046142578
0,projgauss,jitter,0.0,0,7,0.01,0.9,1,101,0.004499999999999908,112,1.0,0.4499999999999908,0.44999999999999074,0.9999999999999898,0,7,-0.0616960735921166,1.257716169169297,0.8989963401816768,0.9999429172135835,1.257716169169297,0.04249588184998343,0.04249588184998343,1.2966520081827664,0,8.209979625029007e-07,0.008572816848754883
0,spectral,jitter,0.0,0,7,0.01,0.9,1,101,0.004499999999999908,112,1.0,0.4499999999999908,0.44999999999999074,0.9999999999999898,0,7,-0.05898411712391067,1.2304092960233082,0.9000525037121565,0.9999198457929738,1.2304092960233082,0.04593803313219569,0.04593803313219569,1.2966539729418036,0,8.209979625029007e-07,0.013354063034057617
0,spectralg,jitter,0.0,0,7,0.01,0.9,1,101,0.004499999999999908,112,1.0,0.4499999999999908,0.44999999999999074,0.9999999999999898,0,7,-0.05898411712391067,1.2304092960233082,0.9000525037121565,0.9999198457929738,1.2304092960233082,0.04593803313219569,0.04593803313219569,1.2966539729418036,0,8.209979625029007e-07,0.029391765594482422
0,molfe,jitter,0.0,0,7,0.01,0.9,1,101,0.004499999999999908,112,1.0,0.4499999999999908,0.44999999999999074,0.9999999999999898,0,7,-0.12857142857142612,1.7071428571428435,1.070236026431366,45525.917584817624,8.26645810107613e+302,26.63621298808231,26.63621298808231,26.635525490167737,1,8.209979625029007e-07,0.00941777229309082
0,molrk3,jitter,0.0,0,7,0.01,0.9,1,101,0.004499999999999908,112,1.0,0.4499999999999908,0.44999999999999074,0.9999999999999898,0,7,-0.11807052318695141,1.6693353851585158,1.0725644235191087,74378.17606936707,inf,42.09010987422467,42.09010987422467,42.092539555805054,1,8.209979625029007e-07,0.007971048355102539
0,maxent,jitter,0.0,0,7,0.01,0.9,1,101,0.004499999999999908,112,1.0,0.4499999999999908,0.44999999999999074,0.9999999999999898,0,7,0.0,1.0000000000000004,0.9002360726663701,0.9999181337752026,1.0000000000000013,0.03471161935851508,0.03471161935851508,1.2966541176042343,0,8.209979625029007e-07,0.44393181800842285
0,lp,jitter,0.0,0,7,0.01,0.9,1,101,0.004499999999999908,112,1.0,0.4499999999999908,0.44999999999999074,0.9999999999999898,0,7,0.0,1.0,0.8909280990560877,0.9999897944009767,1.0,0.34317639871786376,0.34317639871786376,1.2966465635694864,0,8.209979625029007e-07,0.049746036529541016
0,lprand,jitter,0.0,0,7,0.01,0.9,1,101,0.004499999999999908,112,1.0,0.4499999999999908,0.44999999999999074,0.9999999999999898,0,7,0.0,1.0000000000000002,0.8989175556687586,0.9999982921214189,1.0000000000000007,0.343252240425185,0.343252240425185,1.2966708910155216,0,8.209979625029007e-07,0.047051191329956055
0,maxentw,jitter,0.0,0,7,0.01,0.9,1,101,0.004499999999999908,112,1.0,0.4499999999999908,0.44999999999999074,0.9999999999999898,0,7,0.0,1.0000000000000004,0.9002360726663701,0.9999181337752026,1.0000000000000013,0.03471161935851508,0.03471161935851508,1.2966541176042343,0,8.209979625029007e-07,0.4525129795074463
0,minnorm,jitter,0.1,0,3,0.01,0.9,1,101,0.002947757273908027,170,1.0,0.29477572739080266,0.2947757273908027,0.8093560230081454,0,3,0.0,1.0000000000000009,0.9330220322531958,0.9999327648114988,1.0000000000000044,0.01537765801673241,0.01537765801673241,1.2967320662899005,0,8.141949763285083e-07,0.009837150573730469
0,projgauss,jitter,0.1,0,3,0.01,0.9,1,101,0.002947757273908027,170,1.0,0.29477572739080266,0.2947757273908027,0.8093560230081454,0,3,0.0,1.0000000000000002,0.932010979525876,0.999932764811509,1.0000000000000004,0.015377658016730189,0.015377658016730189,1.2967320662899013,0,8.141949763285083e-07,0.009160280227661133
0,spectral,jitter,0.1,0,3,0.01,0.9,1,101,0.002947757273908027,170,1.0,0.29477572739080266,0.2947757273908027,0.8093560230081454,0,3,0.0,1.0000000000000009,0.9330220322531958,0.9999327648114988,1.0000000000000044,0.01537765801673241,0.01537765801673241,1.2967320662899005,0,8.141949763285083e-07,0.009746074676513672
0,spectralg,jitter,0.1,0,3,0.01,0.9,1,101,0.002947757273908027,170,1.0,0.29477572739080266,0.2947757273908027,0.8093560230081454,0,3,0.0,1.0000000000000009,0.9330220322531958,0.9999327648114988,1.0000000000000044,0.01537765801673241,0.01537765801673241,1.2967320662899005,0,8.141949763285083e-07,0.010680198669433594
0,molfe,jitter,0.1,0,3,0.01,0.9,1,101,0.002947757273908027,170,1.0,0.29477572739080266,0.2947757273908027,0.8093560230081454,0,3,0.0,1.0000000000000004,0.9253198971900631,0.9999865308556384,1.0000000000000004,0.04717587361341624,0.04717587361341624,1.2970649094371878,0,8.141949763285083e-07,0.008633136749267578
0,molrk3,jitter,0.1,0,3,0.01,0.9,1,101,0.002947757273908027,170,1.0,0.29477572739080266,0.2947757273908027,0.8093560230081454,0,3,0.0,1.0000000000000004,0.9319551109813619,0.9999204232943669,1.0000000000000004,0.040803622524578365,0.040803622524578365,1.2967207783356889,0,8.141949763285083e-07,0.007832050323486328
0,maxent,jitter,0.1,0,3,0.01,0.9,1,101,0.002947757273908027,170,1.0,0.29477572739080266,0.2947757273908027,0.8093560230081454,0,3,0.0,1.0000000000000002,0.9333730044053065,0.999932764811519,1.0000000000000007,0.015377658016762163,0.015377658016762163,1.2967320662899016,0,8.141949763285083e-07,0.02301812171936035
0,lp,jitter,0.1,0,3,0.01,0.9,1,101,0.002947757273908027,170,1.0,0.29477572739080266,0.2947757273908027,0.8093560230081454,0,3,0.0,1.0,0.9346071548203099,0.9999327648115193,1.0000000000000004,0.015377658016726303,0.015377658016726303,1.2967320662899016,0,8.141949763285083e-07,0.05160808563232422
0,lprand,jitter,0.1,0,3,0.01,0.9,1,101,0.002947757273908027,170,1.0,0.29477572739080266,0.2947757273908027,0.8093560230081454,0,3,0.0,1.0,0.9346071548203099,0.9999327648115193,1.0000000000000004,0.015377658016726303,0.015377658016726303,1.2967320662899016,0,8.141949763285083e-07,0.05066394805908203
0,maxentw,jitter,0.1,0,3,0.01,0.9,1,101,0.002947757273908027,170,1.0,0.29477572739080266,0.2947757273908027,0.8093560230081454,0,3,0.0,1.0000000000000002,0.9333730044053065,0.999932764811519,1.0000000000000007,0.015377658016762163,0.015377658016762163,1.2967320662899016,0,8.141949763285083e-07,0.024029970169067383
0,minnorm,jitter,0.1,0,5,0.01,0.9,1,101,0.002947757273908027,170,1.0,0.29477572739080266,0.2947757273908027,0.8093560230081454,0,5,-0.07025784273476879,1.1405156854695366,0.9302816109583952,1.0093798933636577,1.1405156854695364,0.0708399490014151,0.0708399490014151,1.2967169160219074,0,8.141949763285083e-07,0.0077362060546875
0,projgauss,jitter,0.1,0,5,0.01,0.9,1,101,0.002947757273908027,170,1.0,0.29477572739080266,0.2947757273908027,0.8093560230081454,0,5,-0.032456533366726874,1.0649130667334539,0.9303731080636864,0.9999619339391788,1.0649130667334539,0.04486788736629577,0.04486788736629577,1.2967223500183456,0,8.141949763285083e-07,0.008542776107788086
0,spectral,jitter,0.1,0,5,0.01,0.9,1,101,0.002947757273908027,170,1.0,0.29477572739080266,0.2947757273908027,0.8093560230081454,0,5,-0.02053359859387498,1.0410671971877496,0.9343968054672632,0.9999223639379532,1.0410671971877499,0.012760498125649056,0.012760498125649056,1.2967299959327867,0,8.141949763285083e-07,0.01483011245727539
0,spectralg,jitter,0.1,0,5,0.01,0.9,1,101,0.002947757273908027,170,1.0,0.29477572739080266,0.2947757273908027,0.8093560230081454,0,5,-0.02053359859387498,1.0410671971877496,0.9343968054672632,0.9999223639379532,1.0410671971877499,0.012760498125649056,0.012760498125649056,1.2967299959327867,0,8.141949763285083e-07,0.025105953216552734
0,molfe,jitter,0.1,0,5,0.01,0.9,1,101,0.002947757273908027,170,1.0,0.29477572739080266,0.2947757273908027,0.8093560230081454,0,5,-0.16429559184640488,1.5572009933421749,1.1449741026388027,316962847465.6931,9.667971386374634e+64,inf,1085507.5705386673,1085507.5767590026,1,8.141949763285083e-07,0.009144783020019531
0,molrk3,jitter,0.1,0,5,0.01,0.9,1,101,0.002947757273908027,170,1.0,0.29477572739080266,0.2947757273908027,0.8093560230081454,0,5,-0.14463622013357397,1.5028206074084889,1.1559906788176442,2670278659291.8394,2.5984865583602645e+69,inf,1462090.3105506143,1462090.3571186261,1,8.141949763285083e-07,0.009155988693237305
0,maxent,jitter,0.1,0,5,0.01,0.9,1,101,0.002947757273908027,170,1.0,0.29477572739080266,0.2947757273908027,0.8093560230081454,0,5,0.0,1.0000000000000002,0.9328993438732033,0.9999236181486107,1.0000000000000009,0.023550689089805843,0.023550689089805843,1.2967275284610973,0,8.141949763285083e-07,0.021952152252197266
0,lp,jitter,0.1,0,5,0.01,0.9,1,101,0.002947757273908027,170,1.0,0.29477572739080266,0.2947757273908027,0.8093560230081454,0,5,0.0,1.0000000000000002,0.9343299294814291,0.999998914809805,1.0000000000000004,0.36928056281359367,0.36928056281359367,1.2967137974525607,0,8.141949763285083e-07,0.05119800567626953
0,lprand,jitter,0.1,0,5,0.01,0.9,1,101,0.002947757273908027,170,1.0,0.29477572739080266,0.2947757273908027,0.8093560230081454,0,5,0.0,1.0,0.9333215085079046,0.9999986436715241,1.0000000000000009,0.36919680151216017,0.36919680151216017,1.2967135071451332,0,8.141949763285083e-07,0.048551082611083984
0,maxentw,jitter,0.1,0,5,0.01,0.9,1,101,0.002947757273908027,170,1.0,0.29477572739080266,0.2947757273908027,0.8093560230081454,0,5,0.0,1.0000000000000002,0.9328993438732033,0.9999236181486107,1.0000000000000009,0.023550689089805843,0.023550689089805843,1.2967275284610973,0,8.141949763285083e-07,0.02156805992126465
0,minnorm,jitter,0.1,0,7,0.01,0.9,1,101,0.002947757273908027,170,1.0,0.29477572739080266,0.2947757273908027,0.8093560230081454,0,7,-0.11235377347183013,1.257212023764191,0.937650250867817,1.096406142306962,1.257212023764191,0.1045513677658717,0.1045513677658717,1.2966849394602384,0,8.141949763285083e-07,0.007678031921386719
0,projgauss,jitter,0.1,0,7,0.01,0.9,1,101,0.002947757273908027,170,1.0,0.29477572739080266,0.2947757273908027,0.8093560230081454,0,7,-0.03871534413791173,1.1118504281787776,0.9290593280828727,1.0125559448866412,1.1118504281787776,0.02414196955046355,0.02414196955046355,1.2967159673832367,0,8.141949763285083e-07,0.010196924209594727
0,spectral,jitter,0.1,0,7,0.01,0.9,1,101,0.002947757273908027,170,1.0,0.29477572739080266,0.2947757273908027,0.8093560230081454,0,7,-0.04514092202171874,1.1357177566988674,0.9320660681078055,0.9999464475280752,1.1357177566988672,0.022202179757879748,0.022202179757879748,1.296723681118754,0,8.141949763285083e-07,0.014361143112182617
0,spectralg,jitter,0.1,0,7,0.01,0.9,1,101,0.002947757273908027,170,1.0,0.29477572739080266,0.2947757273908027,0.8093560230081454,0,7,-0.04514092202171874,1.1357177566988674,0.9320660681078055,0.9999464475280752,1.1357177566988672,0.022202179757879748,0.022202179757879748,1.296723681118754,0,8.141949763285083e-07,0.029846906661987305
0,molfe,jitter,0.1,0,7,0.01,0.9,1,101,0.002947757273908027,170,1.0,0.29477572739080266,0.2947757273908027,0.8093560230081454,0,7,-0.08026264660905776,1.4521925953004688,1.0457392718188823,57156.15777184917,1.8111880350616356e+202,23.67170560109167,23.67170560109167,23.671456722941656,1,8.141949763285083e-07,0.008394956588745117
0,molrk3,jitter,0.1,0,7,0.01,0.9,1,101,0.002947757273908027,170,1.0,0.29477572739080266,0.2947757273908027,0.8093560230081454,0,7,-0.07622699076639775,1.436356129790529,1.0467169299598427,79893.49492182804,1.8313051312087033e+206,32.51650618678555,32.51650618678555,32.522586457474084,1,8.141949763285083e-07,0.00939488410949707
0,maxent,jitter,0.1,0,7,0.01,0.9,1,101,0.002947757273908027,170,1.0,0.29477572739080266,0.2947757273908027,0.8093560230081454,0,7,0.0,1.0000000000000004,0.9346397354230546,0.9999222578432528,1.0000000000000009,0.024065611315169377,0.024065611315169377,1.296727238413327,0,8.141949763285083e-07,0.09088516235351562
0,lp,jitter,0.1,0,7,0.01,0.9,1,101,0.002947757273908027,170,1.0,0.29477572739080266,0.2947757273908027,0.8093560230081454,0,7,0.0,1.0000000000000002,0.9288862050669585,0.9999566000390447,1.0000000000000007,0.24862361023186041,0.24862361023186041,1.2967034609877144,0,8.141949763285083e-07,0.051119089126586914
0,lprand,jitter,0.1,0,7,0.01,0.9,1,101,0.002947757273908027,170,1.0,0.29477572739080266,0.2947757273908027,0.8093560230081454,0,7,0.0,1.0000000000000002,0.9281225459432851,0.9999971939174674,1.0000000000000013,0.36815489259143486,0.36815489259143486,1.2967115065127297,0,8.141949763285083e-07,0.052461862564086914
0,maxentw,jitter,0.1,0,7,0.01,0.9,1,101,0.002947757273908027,170,1.0,0.29477572739080266,0.2947757273908027,0.8093560230081454,0,7,0.0,1.0000000000000004,0.9346397354230546,0.9999222578432528,1.0000000000000009,0.024065611315169377,0.024065611315169377,1.296727238413327,0,8.141949763285083e-07,0.09080982208251953
0,minnorm,jitter,0.1,1,3,0.01,0.9,1,101,0.003058797147128973,164,1.0,0.30587971471289727,0.30587971471289727,0.8244590343746583,0,3,0.0,1.0000000000000009,0.9326254521055106,0.9999305158580811,1.000000000000003,0.026489967051597008,0.026489967051597008,1.2966361506775876,0,8.144489132000388e-07,0.009820222854614258
0,projgauss,jitter,0.1,1,3,0.01,0.9,1,101,0.003058797147128973,164,1.0,0.30587971471289727,0.30587971471289727,0.8244590343746583,0,3,0.0,1.0000000000000002,0.9310738869126232,0.9999305158580701,1.0000000000000002,0.026489967051602337,0.026489967051602337,1.2966361506775863,0,8.144489132000388e-07,0.010573863983154297
0,spectral,jitter,0.1,1,3,0.01,0.9,1,101,0.003058797147128973,164,1.0,0.30587971471289727,0.30587971471289727,0.8244590343746583,0,3,0.0,1.0000000000000009,0.9326254521055106,0.9999305158580811,1.000000000000003,0.026489967051597008,0.026489967051597008,1.2966361506775876,0,8.144489132000388e-07,0.008505821228027344
0,spectralg,jitter,0.1,1,3,0.01,0.9,1,101,0.003058797147128973,164,1.0,0.30587971471289727,0.30587971471289727,0.8244590343746583,0,3,0.0,1.0000000000000009,0.9326254521055106,0.9999305158580811,1.000000000000003,0.026489967051597008,0.026489967051597008,1.2966361506775876,0,8.144489132000388e-07,0.008545160293579102
0,molfe,jitter,0.1,1,3,0.01,0.9,1,101,0.003058797147128973,164,1.0,0.30587971471289727,0.30587971471289727,0.8244590343746583,0,3,0.0,1.0000000000000002,0.9176149037912914,0.999987106711851,1.0000000000000002,0.035676085911664046,0.035676085911664046,1.2969946204909992,0,8.144489132000388e-07,0.008285999298095703
0,molrk3,jitter,0.1,1,3,0.01,0.9,1,101,0.003058797147128973,164,1.0,0.30587971471289727,0.30587971471289727,0.8244590343746583,0,3,0.0,1.0000000000000002,0.9291637469041913,0.9999167963042574,1.0000000000000002,0.028735369669929067,0.028735369669929067,1.296624031055258,0,8.144489132000388e-07,0.009175777435302734
0,maxent,jitter,0.1,1,3,0.01,0.9,1,101,0.003058797147128973,164,1.0,0.30587971471289727,0.30587971471289727,0.8244590343746583,0,3,0.0,1.0000000000000002,0.9315768277586398,0.9999305158580878,1.0000000000000007,0.026489967051597674,0.026489967051597674,1.2966361506775868,0,8.144489132000388e-07,0.018748760223388672
0,lp,jitter,0.1,1,3,0.01,0.9,1,101,0.003058797147128973,164,1.0,0.30587971471289727,0.30587971471289727,0.8244590343746583,0,3,0.0,1.0,0.9310744457283534,0.9999305158580901,1.0000000000000004,0.026489967051587127,0.026489967051587127,1.2966361506775868,0,8.144489132000388e-07,0.050575971603393555
0,lprand,jitter,0.1,1,3,0.01,0.9,1,101,0.003058797147128973,164,1.0,0.30587971471289727,0.30587971471289727,0.8244590343746583,0,3,0.0,1.0,0.9310744457283534,0.9999305158580901,1.0000000000000004,0.026489967051587127,0.026489967051587127,1.2966361506775868,0,8.144489132000388e-07,0.047058820724487305
0,maxentw,jitter,0.1,1,3,0.01,0.9,1,101,0.003058797147128973,164,1.0,0.30587971471289727,0.30587971471289727,0.8244590343746583,0,3,0.0,1.0000000000000002,0.9315768277586398,0.9999305158580878,1.0000000000000007,0.026489967051597674,0.026489967051597674,1.2966361506775868,0,8.144489132000388e-07,0.018950939178466797
0,minnorm,jitter,0.1,1,5,0.01,0.9,1,101,0.003058797147128973,164,1.0,0.30587971471289727,0.30587971471289727,0.8244590343746583,0,5,-0.06838707720575098,1.1367741544115013,0.9261604123354609,1.0092637762267405,1.1367741544115013,0.060369759870619766,0.060369759870619766,1.2966194984987496,0,8.144489132000388e-07,0.007959127426147461
0,projgauss,jitter,0.1,1,5,0.01,0.9,1,101,0.003058797147128973,164,1.0,0.30587971471289727,0.30587971471289727,0.8244590343746583,0,5,-0.026520706666924302,1.0530414133338488,0.9294269365109944,0.9999568169893408,1.0530414133338486,0.03556002430772598,0.03556002430772598,1.2966257249328441,0,8.144489132000388e-07,0.009011983871459961
0,spectral,jitter,0.1,1,5,0.01,0.9,1,101,0.003058797147128973,164,1.0,0.30587971471289727,0.30587971471289727,0.8244590343746583,0,5,-0.028148161334940948,1.0562963226698812,0.9316542509307298,0.9999206520597765,1.0562963226698812,0.008578794777715504,0.008578794777715504,1.2966321654064878,0,8.144489132000388e-07,0.01473093032836914
0,spectralg,jitter,0.1,1,5,0.01,0.9,1,101,0.003058797147128973,164,1.0,0.30587971471289727,0.30587971471289727,0.8244590343746583,0,5,-0.028148161334940948,1.0562963226698812,0.9316542509307298,0.9999206520597765,1.0562963226698812,0.008578794777715504,0.008578794777715504,1.2966321654064878,0,8.144489132000388e-07,0.025603771209716797
0,molfe,jitter,0.1,1,5,0.01,0.9,1,101,0.003058797147128973,164,1.0,0.30587971471289727,0.30587971471289727,0.8244590343746583,0,5,-0.16266597448554473,1.575561868268351,1.1500896578367696,288715724667.9231,1.662865692997512e+67,inf,1186851.9627588717,1186851.973950324,1,8.144489132000388e-07,0.00848698616027832
0,molrk3,jitter,0.1,1,5,0.01,0.9,1,101,0.003058797147128973,164,1.0,0.30587971471289727,0.30587971471289727,0.8244590343746583,0,5,-0.14344168939302643,1.5214058289291308,1.161916623470928,2651643119730.272,9.224547861561736e+71,inf,1600819.0678270739,1600819.087318211,1,8.144489132000388e-07,0.008645772933959961
0,maxent,jitter,0.1,1,5,0.01,0.9,1,101,0.003058797147128973,164,1.0,0.30587971471289727,0.30587971471289727,0.8244590343746583,0,5,0.0,1.0000000000000002,0.9305541381112578,0.9999227693919723,1.0000000000000009,0.014685645934883196,0.014685645934883196,1.296630936731383,0,8.144489132000388e-07,0.02087092399597168
0,lp,jitter,0.1,1,5,0.01,0.9,1,101,0.003058797147128973,164,1.0,0.30587971471289727,0.30587971471289727,0.8244590343746583,0,5,0.0,1.0000000000000002,0.9300171900411881,0.9999988986450705,1.000000000000002,0.33297526364617014,0.33297526364617014,1.2966296382569216,0,8.144489132000388e-07,0.04939913749694824
0,lprand,jitter,0.1,1,5,0.01,0.9,1,101,0.003058797147128973,164,1.0,0.30587971471289727,0.30587971471289727,0.8244590343746583,0,5,0.0,1.0000000000000002,0.9279234063021033,0.9999386904888787,1.0000000000000009,0.1979915647161573,0.1979915647161573,1.2966160939999034,0,8.144489132000388e-07,0.04871702194213867
0,maxentw,jitter,0.1,1,5,0.01,0.9,1,101,0.003058797147128973,164,1.0,0.30587971471289727,0.30587971471289727,0.8244590343746583,0,5,0.0,1.0000000000000002,0.9305541381112578,0.9999227693919723,1.0000000000000009,0.014685645934883196,0.014685645934883196,1.296630936731383,0,8.144489132000388e-07,0.02098989486694336
0,minnorm,jitter,0.1,1,7,0.01,0.9,1,101,0.003058797147128973,164,1.0,0.30587971471289727,0.30587971471289727,0.8244590343746583,0,7,-0.10706212775157638,1.248976107821972,0.9345952203271322,1.102524520121436,1.248976107821972,0.10555018152212403,0.10555018152212403,1.2965948956842626,0,8.144489132000388e-07,0.007305145263671875
0,projgauss,jitter,0.1,1,7,0.01,0.9,1,101,0.003058797147128973,164,1.0,0.30587971471289727,0.30587971471289727,0.8244590343746583,0,7,-0.034673823237663555,1.1043883941622075,0.928303623685533,1.0099992236160613,1.1043883941622075,0.029531835544593266,0.029531835544593266,1.2966206807341152,0,8.144489132000388e-07,0.008935928344726562
0,spectral,jitter,0.1,1,7,0.01,0.9,1,101,0.003058797147128973,164,1.0,0.30587971471289727,0.30587971471289727,0.8244590343746583,0,7,-0.03754844247792255,1.1105279978440183,0.9311812164333427,0.9999269199212371,1.1105279978440186,0.014578192567949233,0.014578192567949233,1.2966285606875314,0,8.144489132000388e-07,0.014451980590820312
0,spectralg,jitter,0.1,1,7,0.01,0.9,1,101,0.003058797147128973,164,1.0,0.30587971471289727,0.30587971471289727,0.8244590343746583,0,7,-0.03754844247792255,1.1105279978440183,0.9311812164333427,0.9999269199212371,1.1105279978440186,0.014578192567949233,0.014578192567949233,1.2966285606875314,0,8.144489132000388e-07,0.028306245803833008
0,molfe,jitter,0.1,1,7,0.01,0.9,1,101,0.003058797147128973,164,1.0,0.30587971471289727,0.30587971471289727,0.8244590343746583,0,7,-0.08639684104415825,1.4834737486704381,1.0471974222994458,57183.35643735158,5.013235886802269e+208,29.955574558828726,29.955574558828726,29.953675545080447,1,8.144489132000388e-07,0.0074689388275146484
0,molrk3,jitter,0.1,1,7,0.01,0.9,1,101,0.003058797147128973,164,1.0,0.30587971471289727,0.30587971471289727,0.8244590343746583,0,7,-0.08170469588026567,1.4658915752468982,1.0482379425500925,80044.48131982145,1.003884523909072e+213,38.2954699154829,38.2954699154829,38.29799404062439,1,8.144489132000388e-07,0.008189916610717773
0,maxent,jitter,0.1,1,7,0.01,0.9,1,101,0.003058797147128973,164,1.0,0.30587971471289727,0.30587971471289727,0.8244590343746583,0,7,0.0,1.0000000000000004,0.9312264498294682,0.9999210492379615,1.0000000000000009,0.01524343590717725,0.01524343590717725,1.2966305845863912,0,8.144489132000388e-07,0.04614591598510742
0,lp,jitter,0.1,1,7,0.01,0.9,1,101,0.003058797147128973,164,1.0,0.30587971471289727,0.30587971471289727,0.8244590343746583,0,7,0.0,1.0000000000000002,0.9255606303211514,0.9999903186524614,1.0000000000000004,0.12296734711436608,0.12296734711436608,1.2966302192614436,0,8.144489132000388e-07,0.04824018478393555
0,lprand,jitter,0.1,1,7,0.01,0.9,1,101,0.003058797147128973,164,1.0,0.30587971471289727,0.30587971471289727,0.8244590343746583,0,7,0.0,1.0000000000000002,0.9267253073214963,0.9999930974234242,1.0000000000000007,0.21238842118256718,0.21238842118256718,1.29660797986245,0,8.144489132000388e-07,0.0504460334777832
0,maxentw,jitter,0.1,1,7,0.01,0.9,1,101,0.003058797147128973,164,1.0,0.30587971471289727,0.30587971471289727,0.8244590343746583,0,7,0.0,1.0000000000000004,0.9312264498294682,0.9999210492379615,1.0000000000000009,0.01524343590717725,0.01524343590717725,1.2966305845863912,0,8.144489132000388e-07,0.0458829402923584
0,minnorm,jitter,0.25,0,3,0.01,0.9,1,101,0.0012327171854002816,406,1.0,0.12327171854002816,0.12327171854002816,0.5233900575203676,0,3,0.0,1.0000000000000009,0.9717073334906201,0.9999260803448986,1.0000000000000109,0.03809660023993189,0.03809660023993189,1.2964427147176807,0,8.017922772385333e-07,0.009901046752929688
0,projgauss,jitter,0.25,0,3,0.01,0.9,1,101,0.0012327171854002816,406,1.0,0.12327171854002816,0.12327171854002816,0.5233900575203676,0,3,0.0,1.0000000000000004,0.970643317977316,0.9999260803448994,1.0000000000000018,0.038096600239944434,0.038096600239944434,1.2964427147176825,0,8.017922772385333e-07,0.010720968246459961
0,spectral,jitter,0.25,0,3,0.01,0.9,1,101,0.0012327171854002816,406,1.0,0.12327171854002816,0.12327171854002816,0.5233900575203676,0,3,0.0,1.0000000000000009,0.9717073334906201,0.9999260803448986,1.0000000000000109,0.03809660023993189,0.03809660023993189,1.2964427147176807,0,8.017922772385333e-07,0.011041879653930664
0,spectralg,jitter,0.25,0,3,0.01,0.9,1,101,0.0012327171854002816,406,1.0,0.12327171854002816,0.12327171854002816,0.5233900575203676,0,3,0.0,1.0000000000000009,0.9717073334906201,0.9999260803448986,1.0000000000000109,0.03809660023993189,0.03809660023993189,1.2964427147176807,0,8.017922772385333e-07,0.011254072189331055
0,molfe,jitter,0.25,0,3,0.01,0.9,1,101,0.0012327171854002816,406,1.0,0.12327171854002816,0.12327171854002816,0.5233900575203676,0,3,0.0,1.0000000000000002,0.970847996229237,0.9999598843856321,1.0000000000000002,0.06402878328143191,0.06402878328143191,1.2965984057462299,0,8.017922772385333e-07,0.010776996612548828
0,molrk3,jitter,0.25,0,3,0.01,0.9,1,101,0.0012327171854002816,406,1.0,0.12327171854002816,0.12327171854002816,0.5233900575203676,0,3,0.0,1.0000000000000002,0.9715193614132054,0.9999203061426247,1.0000000000000004,0.06150859414244192,0.06150859414244192,1.2964378440226072,0,8.017922772385333e-07,0.009468793869018555
0,maxent,jitter,0.25,0,3,0.01,0.9,1,101,0.0012327171854002816,406,1.0,0.12327171854002816,0.12327171854002816,0.5233900575203676,0,3,0.0,1.0000000000000002,0.9690025805232467,0.9999260803449102,1.0000000000000024,0.03809660023989048,0.03809660023989048,1.2964427147176805,0,8.017922772385333e-07,0.07548117637634277
0,lp,jitter,0.25,0,3,0.01,0.9,1,101,0.0012327171854002816,406,1.0,0.12327171854002816,0.12327171854002816,0.5233900575203676,0,3,0.0,1.0,0.971585029350026,0.9999260803448964,1.0000000000000002,0.03809660023994321,0.03809660023994321,1.2964427147176836,0,8.017922772385333e-07,0.04975581169128418
0,lprand,jitter,0.25,0,3,0.01,0.9,1,101,0.0012327171854002816,406,1.0,0.12327171854002816,0.12327171854002816,0.5233900575203676,0,3,0.0,1.0,0.9715850283590979,0.9999260803448957,1.0000000000000002,0.03809660023994321,0.03809660023994321,1.2964427147176836,0,8.017922772385333e-07,0.04969596862792969
0,maxentw,jitter,0.25,0,3,0.01,0.9,1,101,0.0012327171854002816,406,1.0,0.12327171854002816,0.12327171854002816,0.5233900575203676,0,3,0.0,1.0000000000000002,0.9690025805232467,0.9999260803449102,1.0000000000000024,0.03809660023989048,0.03809660023989048,1.2964427147176805,0,8.017922772385333e-07,0.07305026054382324
0,minnorm,jitter,0.25,0,5,0.01,0.9,1,101,0.0012327171854002816,406,1.0,0.12327171854002816,0.12327171854002816,0.5233900575203676,0,5,-0.11874703020154434,1.348849414871776,0.9696238158386996,1.1084932443884774,1.3488494148717758,0.1620621438958353,0.1620621438958353,1.2964271311363313,0,8.017922772385333e-07,0.008536100387573242
0,projgauss,jitter,0.25,0,5,0.01,0.9,1,101,0.0012327171854002816,406,1.0,0.12327171854002816,0.12327171854002816,0.5233900575203676,0,5,-0.09686998943071509,1.2891882719649264,0.9694351172133677,1.0549849022964546,1.2891882719649264,0.1326015848299994,0.1326015848299994,1.296431513080466,0,8.017922772385333e-07,0.009547948837280273
0,spectral,jitter,0.25,0,5,0.01,0.9,1,101,0.0012327171854002816,406,1.0,0.12327171854002816,0.12327171854002816,0.5233900575203676,0,5,-0.11895025749918467,1.2632583180150756,0.9727725706135146,0.9999294317691786,1.2632583180150756,0.042402426328602916,0.042402426328602916,1.2964561524142018,0,8.017922772385333e-07,0.015094757080078125
0,spectralg,jitter,0.25,0,5,0.01,0.9,1,101,0.0012327171854002816,406,1.0,0.12327171854002816,0.12327171854002816,0.5233900575203676,0,5,-0.11895025749918467,1.2632583180150756,0.9727725706135146,0.9999294317691786,1.2632583180150756,0.042402426328602916,0.042402426328602916,1.2964561524142018,0,8.017922772385333e-07,0.02624678611755371
0,molfe,jitter,0.25,0,5,0.01,0.9,1,101,0.0012327171854002816,406,1.0,0.12327171854002816,0.12327171854002816,0.5233900575203676,0,5,-0.06597042311347233,1.2280403634535428,1.0593427797322967,629840696538.1827,7.537753254874724e+256,inf,1660017.5502221165,1660017.5785360085,1,8.017922772385333e-07,0.009103059768676758
0,molrk3,jitter,0.25,0,5,0.01,0.9,1,101,0.0012327171854002816,406,1.0,0.12327171854002816,0.12327171854002816,0.5233900575203676,0,5,-0.06253257307455021,1.218290803551228,1.0611383926227014,1551300822612.064,1.7080289175117244e+264,inf,1219702.7721107816,1219702.8126487443,1,8.017922772385333e-07,0.009768962860107422
0,maxent,jitter,0.25,0,5,0.01,0.9,1,101,0.0012327171854002816,406,1.0,0.12327171854002816,0.12327171854002816,0.5233900575203676,0,5,0.0,1.0000000000000002,0.9715373021994148,0.9999270505433837,1.0000000000000044,0.041596138179620934,0.041596138179620934,1.2964422936823732,0,8.017922772385333e-07,0.2622840404510498
0,lp,jitter,0.25,0,5,0.01,0.9,1,101,0.0012327171854002816,406,1.0,0.12327171854002816,0.12327171854002816,0.5233900575203676,0,5,0.0,1.0,0.9706782273972279,0.999975111693627,1.000000000000001,0.39436532527812196,0.39436532527812196,1.2964226991141579,0,8.017922772385333e-07,0.05144906044006348
0,lprand,jitter,0.25,0,5,0.01,0.9,1,101,0.0012327171854002816,406,1.0,0.12327171854002816,0.12327171854002816,0.5233900575203676,0,5,0.0,1.0,0.9685721939580776,0.9999968323028539,1.0000000000000016,0.4148629550160151,0.4148629550160151,1.2964243502413588,0,8.017922772385333e-07,0.05083584785461426
0,maxentw,jitter,0.25,0,5,0.01,0.9,1,101,0.0012327171854002816,406,1.0,0.12327171854002816,0.12327171854002816,0.5233900575203676,0,5,0.0,1.0000000000000002,0.9715373021994148,0.9999270505433837,1.0000000000000044,0.041596138179620934,0.041596138179620934,1.2964422936823732,0,8.017922772385333e-07,0.2625148296356201
0,minnorm,jitter,0.25,0,7,0.01,0.9,1,101,0.0012327171854002816,406,1.0,0.12327171854002816,0.12327171854002816,0.5233900575203676,0,7,-0.14359546517179866,1.4137433428806059,0.9795429950982222,1.1720709905450515,1.4137433428806059,0.14715519244216813,0.14715519244216813,1.2963595474926013,0,8.017922772385333e-07,0.00986027717590332
0,projgauss,jitter,0.25,0,7,0.01,0.9,1,101,0.0012327171854002816,406,1.0,0.12327171854002816,0.12327171854002816,0.5233900575203676,0,7,-0.06652361039424426,1.2423037994416641,0.9719905183961327,1.075984173995506,1.242303799441664,0.10173247424273052,0.10173247424273052,1.2964074650049295,0,8.017922772385333e-07,0.010538101196289062
0,spectral,jitter,0.25,0,7,0.01,0.9,1,101,0.0012327171854002816,406,1.0,0.12327171854002816,0.12327171854002816,0.5233900575203676,0,7,-0.21098159459537885,1.525429149749183,0.9699890642928981,1.0132955119022755,1.525429149749183,0.10991239147511345,0.10991239147511345,1.2964239221090754,0,8.017922772385333e-07,0.01651787757873535
0,spectralg,jitter,0.25,0,7,0.01,0.9,1,101,0.0012327171854002816,406,1.0,0.12327171854002816,0.12327171854002816,0.5233900575203676,0,7,-0.21098159459537885,1.525429149749183,0.9699890642928981,1.0132955119022755,1.525429149749183,0.10991239147511345,0.10991239147511345,1.2964239221090754,0,8.017922772385333e-07,0.03051018714904785
0,molfe,jitter,0.25,0,7,0.01,0.9,1,101,0.0012327171854002816,406,1.0,0.12327171854002816,0.12327171854002816,0.5233900575203676,0,7,-0.03346491760796644,1.1830021041179375,1.0185481861721126,82217.6069207166,6.341855010073082e+87,19.24279638040659,19.24279638040659,19.243147050680246,1,8.017922772385333e-07,0.010015010833740234
0,molrk3,jitter,0.25,0,7,0.01,0.9,1,101,0.0012327171854002816,406,1.0,0.12327171854002816,0.12327171854002816,0.5233900575203676,0,7,-0.03272898457002609,1.1803549373298114,1.0187057681463958,94497.1867390133,2.278465327561058e+88,21.642059378429792,21.642059378429792,21.64831300407291,1,8.017922772385333e-07,0.008345842361450195
0,maxent,jitter,0.25,0,7,0.01,0.9,1,101,0.0012327171854002816,406,1.0,0.12327171854002816,0.12327171854002816,0.5233900575203676,0,7,0.0,1.0000000000000004,0.9713524337622541,0.9999270512401529,1.0000000000000064,0.04159887889319924,0.04159887889319924,1.296442292934425,0,8.017922772385333e-07,0.2359151840209961
0,lp,jitter,0.25,0,7,0.01,0.9,1,101,0.0012327171854002816,406,1.0,0.12327171854002816,0.12327171854002816,0.5233900575203676,0,7,0.0,1.0,0.9704738476885393,0.9999717459670859,1.0000000000000009,0.3010166799440094,0.3010166799440094,1.2964179898540888,0,8.017922772385333e-07,0.05297088623046875
0,lprand,jitter,0.25,0,7,0.01,0.9,1,101,0.0012327171854002816,406,1.0,0.12327171854002816,0.12327171854002816,0.5233900575203676,0,7,0.0,1.0,0.9708342937146064,0.9999956308758676,1.0000000000000018,0.41443334514222785,0.41443334514222785,1.2964219346785142,0,8.017922772385333e-07,0.05261707305908203
0,maxentw,jitter,0.25,0,7,0.01,0.9,1,101,0.0012327171854002816,406,1.0,0.12327171854002816,0.12327171854002816,0.5233900575203676,0,7,0.0,1.0000000000000004,0.9713524337622541,0.9999270512401529,1.0000000000000064,0.04159887889319924,0.04159887889319924,1.296442292934425,0,8.017922772385333e-07,0.23376727104187012
0,minnorm,jitter,0.25,1,3,0.01,0.9,1,101,0.0014169897594114127,353,1.0,0.14169897594114125,0.14169897594114125,0.5611475859366555,0,3,0.0,1.0000000000000024,0.9650332208013983,0.9999189996029628,1.0000000000000184,0.014427002047355697,0.014427002047355697,1.2964422253710661,0,8.084966641730418e-07,0.009093046188354492
0,projgauss,jitter,0.25,1,3,0.01,0.9,1,101,0.0014169897594114127,353,1.0,0.14169897594114125,0.14169897594114125,0.5611475859366555,0,3,0.0,1.0000000000000004,0.9664557352625062,0.9999189996029294,1.0000000000000053,0.014427002047338489,0.014427002047338489,1.2964422253710564,0,8.084966641730418e-07,0.009729146957397461
0,spectral,jitter,0.25,1,3,0.01,0.9,1,101,0.0014169897594114127,353,1.0,0.14169897594114125,0.14169897594114125,0.5611475859366555,0,3,0.0,1.0000000000000024,0.9650332208013983,0.9999189996029628,1.0000000000000184,0.014427002047355697,0.014427002047355697,1.2964422253710661,0,8.084966641730418e-07,0.00960993766784668
0,spectralg,jitter,0.25,1,3,0.01,0.9,1,101,0.0014169897594114127,353,1.0,0.14169897594114125,0.14169897594114125,0.5611475859366555,0,3,0.0,1.0000000000000024,0.9650332208013983,0.9999189996029628,1.0000000000000184,0.014427002047355697,0.014427002047355697,1.2964422253710661,0,8.084966641730418e-07,0.009775161743164062
0,molfe,jitter,0.25,1,3,0.01,0.9,1,101,0.0014169897594114127,353,1.0,0.14169897594114125,0.14169897594114125,0.5611475859366555,0,3,0.0,1.0,0.9645304537514334,0.999959551377527,1.0,0.038602390941457454,0.038602390941457454,1.2966221091653003,0,8.084966641730418e-07,0.008809089660644531
0,molrk3,jitter,0.25,1,3,0.01,0.9,1,101,0.0014169897594114127,353,1.0,0.14169897594114125,0.14169897594114125,0.5611475859366555,0,3,0.0,1.0000000000000002,0.9663591720093576,0.9999136997970328,1.0000000000000002,0.034254139039311626,0.034254139039311626,1.2964364700130095,0,8.084966641730418e-07,0.009949207305908203
0,maxent,jitter,0.25,1,3,0.01,0.9,1,101,0.0014169897594114127,353,1.0,0.14169897594114125,0.14169897594114125,0.5611475859366555,0,3,0.0,1.0000000000000002,0.9666708520740624,0.9999189996027962,1.0000000000000064,0.014427002223180496,0.014427002223180496,1.296442225371057,0,8.084966641730418e-07,0.1527719497680664
0,lp,jitter,0.25,1,3,0.01,0.9,1,101,0.0014169897594114127,353,1.0,0.14169897594114125,0.14169897594114125,0.5611475859366555,0,3,0.0,1.0,0.9668785464091294,0.9999189996029222,1.0000000000000004,0.014427002047329163,0.014427002047329163,1.296442225371057,0,8.084966641730418e-07,0.049104928970336914
0,lprand,jitter,0.25,1,3,0.01,0.9,1,101,0.0014169897594114127,353,1.0,0.14169897594114125,0.14169897594114125,0.5611475859366555,0,3,0.0,1.0,0.9668785462995252,0.9999189996029223,1.0000000000000004,0.014427002047330051,0.014427002047330051,1.296442225371057,0,8.084966641730418e-07,0.051010847091674805
0,maxentw,jitter,0.25,1,3,0.01,0.9,1,101,0.0014169897594114127,353,1.0,0.14169897594114125,0.14169897594114125,0.5611475859366555,0,3,0.0,1.0000000000000002,0.9666708520740624,0.9999189996027962,1.0000000000000064,0.014427002223180496,0.014427002223180496,1.296442225371057,0,8.084966641730418e-07,0.14884305000305176
0,minnorm,jitter,0.25,1,5,0.01,0.9,1,101,0.0014169897594114127,353,1.0,0.14169897594114125,0.14169897594114125,0.5611475859366555,0,5,-0.11469256782288652,1.2971359489510876,0.9643685901081711,1.0580725471642247,1.2971359489510876,0.08663394093640575,0.08663394093640575,1.29642981179928,0,8.084966641730418e-07,0.007647991180419922
0,projgauss,jitter,0.25,1,5,0.01,0.9,1,101,0.0014169897594114127,353,1.0,0.14169897594114125,0.14169897594114125,0.5611475859366555,0,5,-0.0869802293777176,1.2337432084173685,0.9643499281798812,1.0255969761076331,1.2337432084173685,0.06556588116967577,0.06556588116967577,1.2964331683007884,0,8.084966641730418e-07,0.008469104766845703
0,spectral,jitter,0.25,1,5,0.01,0.9,1,101,0.0014169897594114127,353,1.0,0.14169897594114125,0.14169897594114125,0.5611475859366555,0,5,-0.11823709911432179,1.2611829200864753,0.968474006068411,0.9999060032258138,1.2611829200864753,0.04646459841120454,0.04646459841120454,1.296452419032182,0,8.084966641730418e-07,0.015240907669067383
0,spectralg,jitter,0.25,1,5,0.01,0.9,1,101,0.0014169897594114127,353,1.0,0.14169897594114125,0.14169897594114125,0.5611475859366555,0,5,-0.11823709911432179,1.2611829200864753,0.968474006068411,0.9999060032258138,1.2611829200864753,0.04646459841120454,0.04646459841120454,1.296452419032182,0,8.084966641730418e-07,0.026641845703125
0,molfe,jitter,0.25,1,5,0.01,0.9,1,101,0.0014169897594114127,353,1.0,0.14169897594114125,0.14169897594114125,0.5611475859366555,0,5,-0.06877258582413884,1.2586837678959106,1.067339718491084,450247863918.9719,1.1408280826291341e+291,inf,1017216.7104001022,1017216.7252258088,1,8.084966641730418e-07,0.009580135345458984
0,molrk3,jitter,0.25,1,5,0.01,0.9,1,101,0.0014169897594114127,353,1.0,0.14169897594114125,0.14169897594114125,0.5611475859366555,0,5,-0.0650650121389054,1.2477607531790087,1.0696579281488807,1253368532117.1047,3.038126822860471e+300,inf,1359513.6009820618,1359513.6190695313,1,8.084966641730418e-07,0.008599996566772461
0,maxent,jitter,0.25,1,5,0.01,0.9,1,101,0.0014169897594114127,353,1.0,0.14169897594114125,0.14169897594114125,0.5611475859366555,0,5,0.0,1.0000000000000002,0.9676655014368692,0.9999176270139746,1.0000000000000024,0.01614654352844558,0.01614654352844558,1.2964418422393122,0,8.084966641730418e-07,0.17927289009094238
0,lp,jitter,0.25,1,5,0.01,0.9,1,101,0.0014169897594114127,353,1.0,0.14169897594114125,0.14169897594114125,0.5611475859366555,0,5,0.0,1.0,0.9632802803265553,0.9999824634740878,1.0000000000000007,0.3121504041425175,0.3121504041425175,1.2964200961195125,0,8.084966641730418e-07,0.050061941146850586
0,lprand,jitter,0.25,1,5,0.01,0.9,1,101,0.0014169897594114127,353,1.0,0.14169897594114125,0.14169897594114125,0.5611475859366555,0,5,0.0,1.0000000000000002,0.9666772873883361,0.9999661795790242,1.0000000000000013,0.31578399723673567,0.31578399723673567,1.2964208604682377,0,8.084966641730418e-07,0.051525115966796875
0,maxentw,jitter,0.25,1,5,0.01,0.9,1,101,0.0014169897594114127,353,1.0,0.14169897594114125,0.14169897594114125,0.5611475859366555,0,5,0.0,1.0000000000000002,0.9676655014368692,0.9999176270139746,1.0000000000000024,0.01614654352844558,0.01614654352844558,1.2964418422393122,0,8.084966641730418e-07,0.1797177791595459
0,minnorm,jitter,0.25,1,7,0.01,0.9,1,101,0.0014169897594114127,353,1.0,0.14169897594114125,0.14169897594114125,0.5611475859366555,0,7,-0.13145058678859892,1.3865364787071082,0.9754255402278807,1.1723161347746303,1.3865364787071082,0.14670491538004482,0.14670491538004482,1.2964017459976798,0,8.084966641730418e-07,0.007697105407714844
0,projgauss,jitter,0.25,1,7,0.01,0.9,1,101,0.0014169897594114127,353,1.0,0.14169897594114125,0.14169897594114125,0.5611475859366555,0,7,-0.06426559952921981,1.2152021915211484,0.9661544050618666,1.060609582820992,1.2152021915211484,0.09493146180964329,0.09493146180964329,1.2964215529953202,0,8.084966641730418e-07,0.008559942245483398
0,spectral,jitter,0.25,1,7,0.01,0.9,1,101,0.0014169897594114127,353,1.0,0.14169897594114125,0.14169897594114125,0.5611475859366555,0,7,-0.17475451564335323,1.408507096840331,0.966302355161877,1.0005029146799682,1.408507096840331,0.06873067566177726,0.06873067566177726,1.2964250025751212,0,8.084966641730418e-07,0.015789031982421875
0,spectralg,jitter,0.25,1,7,0.01,0.9,1,101,0.0014169897594114127,353,1.0,0.14169897594114125,0.14169897594114125,0.5611475859366555,0,7,-0.17475451564335323,1.408507096840331,0.966302355161877,1.0005029146799682,1.408507096840331,0.06873067566177726,0.06873067566177726,1.2964250025751212,0,8.084966641730418e-07,0.03035116195678711
0,molfe,jitter,0.25,1,7,0.01,0.9,1,101,0.0014169897594114127,353,1.0,0.14169897594114125,0.14169897594114125,0.5611475859366555,0,7,-0.03941589366655384,1.225737109180102,1.020952882642609,67213.329725383,3.231742254038412e+98,35.61360856982144,35.61360856982144,35.61164041766833,1,8.084966641730418e-07,0.00813603401184082
0,molrk3,jitter,0.25,1,7,0.01,0.9,1,101,0.0014169897594114127,353,1.0,0.14169897594114125,0.14169897594114125,0.5611475859366555,0,7,-0.038465481678946,1.22191650030824,1.0211554849987323,78360.36321060952,2.300248886779565e+99,39.76227802167572,39.76227802167572,39.760309869522615,1,8.084966641730418e-07,0.008365869522094727
0,maxent,jitter,0.25,1,7,0.01,0.9,1,101,0.0014169897594114127,353,1.0,0.14169897594114125,0.14169897594114125,0.5611475859366555,0,7,0.0,1.0000000000000004,0.967626363171371,0.9999176131883688,1.000000000000004,0.016146226091139138,0.016146226091139138,1.2964418400388322,0,8.084966641730418e-07,0.28536486625671387
0,lp,jitter,0.25,1,7,0.01,0.9,1,101,0.0014169897594114127,353,1.0,0.14169897594114125,0.14169897594114125,0.5611475859366555,0,7,0.0,1.0,0.9663178682743762,0.999988934796184,1.0000000000000004,0.3169461794823676,0.3169461794823676,1.2964144655057828,0,8.084966641730418e-07,0.05203390121459961
0,lprand,jitter,0.25,1,7,0.01,0.9,1,101,0.0014169897594114127,353,1.0,0.14169897594114125,0.14169897594114125,0.5611475859366555,0,7,0.0,1.0,0.9647653267948318,0.9999886112752714,1.0000000000000004,0.3155867211137553,0.3155867211137553,1.2964182779220155,0,8.084966641730418e-07,0.05224013328552246
0,maxentw,jitter,0.25,1,7,0.01,0.9,1,101,0.0014169897594114127,353,1.0,0.14169897594114125,0.14169897594114125,0.5611475859366555,0,7,0.0,1.0000000000000004,0.967626363171371,0.9999176131883688,1.000000000000004,0.016146226091139138,0.016146226091139138,1.2964418400388322,0,8.084966641730418e-07,0.2828340530395508
0,minnorm,jitter,0.45,0,3,0.01,0.9,1,101,9.086853523292773e-05,5503,1.0,0.009086853523292773,0.009086853523292773,0.14210210353664543,0,3,-0.1966677798153348,1.3933355596306691,1.0010342832664716,36114.560496494836,181322.24391420025,4.195264657086458,4.195264657086458,4.195261867809382,0,7.594812837519171e-07,0.021256208419799805
0,projgauss,jitter,0.45,0,3,0.01,0.9,1,101,9.086853523292773e-05,5503,1.0,0.009086853523292773,0.009086853523292773,0.14210210353664543,0,3,-0.196667779815335,1.3933355596306707,1.0010342832664718,36114.56055928522,181322.243914094,4.19526465229845,4.19526465229845,4.195261863021374,0,7.594812837519171e-07,0.02097487449645996
0,spectral,jitter,0.45,0,3,0.01,0.9,1,101,9.086853523292773e-05,5503,1.0,0.009086853523292773,0.009086853523292773,0.14210210353664543,0,3,-0.1966677798153348,1.3933355596306691,1.0010342832664716,36114.560496494836,181322.24391420025,4.195264657086458,4.195264657086458,4.195261867809382,0,7.594812837519171e-07,0.020113229751586914
0,spectralg,jitter,0.45,0,3,0.01,0.9,1,101,9.086853523292773e-05,5503,1.0,0.009086853523292773,0.009086853523292773,0.14210210353664543,0,3,-0.1966677798153348,1.3933355596306691,1.0010342832664716,36114.560496494836,181322.24391420025,4.195264657086458,4.195264657086458,4.195261867809382,0,7.594812837519171e-07,0.019771814346313477
0,molfe,jitter,0.45,0,3,0.01,0.9,1,101,9.086853523292773e-05,5503,1.0,0.009086853523292773,0.009086853523292773,0.14210210353664543,0,3,-0.19610714851705263,1.3922142970341054,1.0010746363014682,36108.3903157695,265836.19857261004,4.194900720723256,4.194900720723256,4.19489793144618,0,7.594812837519171e-07,0.020398855209350586
0,molrk3,jitter,0.45,0,3,0.01,0.9,1,101,9.086853523292773e-05,5503,1.0,0.009086853523292773,0.009086853523292773,0.14210210353664543,0,3,-0.19666777981533534,1.3933355596306707,1.0009949161221154,36114.56057906848,127145.66802491678,4.195264653074689,4.195264653074689,4.195261863797613,0,7.594812837519171e-07,0.02371382713317871
0,maxent,jitter,0.45,0,3,0.01,0.9,1,101,9.086853523292773e-05,5503,1.0,0.009086853523292773,0.009086853523292773,0.14210210353664543,14,3,-0.1966677798153348,1.3933355596306691,1.0010342832664714,36114.56040478708,181322.2439137434,4.195264639895625,4.195264639895625,4.195261850618549,0,7.594812837519171e-07,0.8438210487365723
0,lp,jitter,0.45,0,3,0.01,0.9,1,101,9.086853523292773e-05,5503,1.0,0.009086853523292773,0.009086853523292773,0.14210210353664543,14,3,-0.1966677798153348,1.3933355596306691,1.0010342832664716,36114.560435712294,181322.2439139908,4.195264657698975,4.195264657698975,4.195261868421899,0,7.594812837519171e-07,0.06181025505065918
0,lprand,jitter,0.45,0,3,0.01,0.9,1,101,9.086853523292773e-05,5503,1.0,0.009086853523292773,0.009086853523292773,0.14210210353664543,14,3,-0.1966677798153348,1.3933355596306691,1.0010342832664716,36114.560435712294,181322.2439139908,4.195264657698975,4.195264657698975,4.195261868421899,0,7.594812837519171e-07,0.05897974967956543
0,maxentw,jitter,0.45,0,3,0.01,0.9,1,101,9.086853523292773e-05,5503,1.0,0.009086853523292773,0.009086853523292773,0.14210210353664543,0,5,0.0,1.0000000000000002,0.9979111795977095,0.9999368377976525,1.0000000000000713,0.12640177691900978,0.12640177691900978,1.2964364219286106,0,7.594812837519171e-07,0.8677010536193848
0,minnorm,jitter,0.45,0,5,0.01,0.9,1,101,9.086853523292773e-05,5503,1.0,0.009086853523292773,0.009086853523292773,0.14210210353664543,0,5,-0.19733086508175404,1.561069022021041,0.9988834456544595,1.0567088541456775,1.561069022021041,0.22009420186341644,0.22009420186341644,1.2963251403329699,0,7.594812837519171e-07,0.0209958553314209
0,projgauss,jitter,0.45,0,5,0.01,0.9,1,101,9.086853523292773e-05,5503,1.0,0.009086853523292773,0.009086853523292773,0.14210210353664543,0,5,-0.15724744200121019,1.4858311455914233,0.9988185322486242,1.045604364064879,1.4858311455914233,0.16992509937743527,0.16992509937743527,1.2963295190607274,0,7.594812837519171e-07,0.024631977081298828
0,spectral,jitter,0.45,0,5,0.01,0.9,1,101,9.086853523292773e-05,5503,1.0,0.009086853523292773,0.009086853523292773,0.14210210353664543,0,5,-0.04596005366448159,1.1325809776007258,1.0058776717188087,1226786367971013.0,3.42285773798384e+26,inf,1321096.112303312,1321096.1115482058,1,7.594812837519171e-07,0.021874189376831055
0,spectralg,jitter,0.45,0,5,0.01,0.9,1,101,9.086853523292773e-05,5503,1.0,0.009086853523292773,0.009086853523292773,0.14210210353664543,0,5,-0.04596005366448159,1.1325809776007258,1.0058776717188087,1226786367971013.0,3.42285773798384e+26,inf,1321096.112303312,1321096.1115482058,1,7.594812837519171e-07,0.033820152282714844
0,molfe,jitter,0.45,0,5,0.01,0.9,1,101,9.086853523292773e-05,5503,1.0,0.009086853523292773,0.009086853523292773,0.14210210353664543,0,5,-0.007663903954123588,1.017275559934963,1.004243970674359,146773440984.8078,3.102196070068533e+19,inf,1352162.0534217276,1352161.9853403652,1,7.594812837519171e-07,0.021458864212036133
0,molrk3,jitter,0.45,0,5,0.01,0.9,1,101,9.086853523292773e-05,5503,1.0,0.009086853523292773,0.009086853523292773,0.14210210353664543,0,5,-0.007618009323256214,1.0171792126748447,1.0042529890578007,154486115749.44916,3.3942630116508856e+19,inf,1432065.404996064,1432065.3369147016,1,7.594812837519171e-07,0.023504972457885742
0,maxent,jitter,0.45,0,5,0.01,0.9,1,101,9.086853523292773e-05,5503,1.0,0.009086853523292773,0.009086853523292773,0.14210210353664543,0,5,0.0,1.0000000000000002,0.9978513149904836,0.9999384500694846,1.0000000000001266,0.12639987841945222,0.12639987841945222,1.2964364211614317,0,7.594812837519171e-07,0.6651949882507324
0,lp,jitter,0.45,0,5,0.01,0.9,1,101,9.086853523292773e-05,5503,1.0,0.009086853523292773,0.009086853523292773,0.14210210353664543,0,5,0.0,1.0000000000000002,0.9977572601299475,0.9999922271638906,1.0000000000000395,0.4854136384436813,0.4854136384436813,1.2964241200342885,0,7.594812837519171e-07,0.0650780200958252
0,lprand,jitter,0.45,0,5,0.01,0.9,1,101,9.086853523292773e-05,5503,1.0,0.009086853523292773,0.009086853523292773,0.14210210353664543,0,5,0.0,1.0000000000000002,0.9979101404114916,0.9999877028319819,1.000000000000035,0.444175015404276,0.444175015404276,1.2964237332821753,0,7.594812837519171e-07,0.06349706649780273
0,maxentw,jitter,0.45,0,5,0.01,0.9,1,101,9.086853523292773e-05,5503,1.0,0.009086853523292773,0.009086853523292773,0.14210210353664543,0,5,0.0,1.0000000000000002,0.9978513149904836,0.9999384500694846,1.0000000000001266,0.12639987841945222,0.12639987841945222,1.2964364211614317,0,7.594812837519171e-07,0.6663930416107178
0,minnorm,jitter,0.45,0,7,0.01,0.9,1,101,9.086853523292773e-05,5503,1.0,0.009086853523292773,0.009086853523292773,0.14210210353664543,0,7,-0.1873253192677394,1.5209800738773693,0.9999100016261157,4.897981897510589,5.913379786614421,1.6472405789211866,1.6472405789211866,2.696986558662619,0,7.594812837519171e-07,0.0222928524017334
0,projgauss,jitter,0.45,0,7,0.01,0.9,1,101,9.086853523292773e-05,5503,1.0,0.009086853523292773,0.009086853523292773,0.14210210353664543,0,7,-0.1030471721033018,1.339044647173226,0.9994658176890607,2.2931162160940173,2.2931162160940173,0.7909996362456293,0.7909996362456293,1.8407456159870619,0,7.594812837519171e-07,0.023244142532348633
0,spectral,jitter,0.45,0,7,0.01,0.9,1,101,9.086853523292773e-05,5503,1.0,0.009086853523292773,0.009086853523292773,0.14210210353664543,0,7,-0.10561033777225168,1.2532392013865306,0.9978246919922417,1.2982102899985992,3.1069874146168006,0.2144602710148471,0.2144602710148471,1.2963768624087488,0,7.594812837519171e-07,0.025861024856567383
0,spectralg,jitter,0.45,0,7,0.01,0.9,1,101,9.086853523292773e-05,5503,1.0,0.009086853523292773,0.009086853523292773,0.14210210353664543,0,7,-0.10561033777225168,1.2532392013865306,0.9978246919922417,1.2982102899985992,3.1069874146168006,0.2144602710148471,0.2144602710148471,1.2963768624087488,0,7.594812837519171e-07,0.040949106216430664
0,molfe,jitter,0.45,0,7,0.01,0.9,1,101,9.086853523292773e-05,5503,1.0,0.009086853523292773,0.009086853523292773,0.14210210353664543,0,7,-0.0025634529151005014,1.0129910703244789,1.0012773931554142,67432.07719593594,275154246.5035002,6.804214125640724,6.804214125640724,6.757147530412017,0,7.594812837519171e-07,0.022835969924926758
0,molrk3,jitter,0.45,0,7,0.01,0.9,1,101,9.086853523292773e-05,5503,1.0,0.009086853523292773,0.009086853523292773,0.14210210353664543,0,7,-0.002559085217266176,1.0129770117512833,1.0012780965208157,68068.94621055093,279629065.1038564,6.877593832833891,6.877593832833891,6.830527237605184,0,7.594812837519171e-07,0.02385711669921875
0,maxent,jitter,0.45,0,7,0.01,0.9,1,101,9.086853523292773e-05,5503,1.0,0.009086853523292773,0.009086853523292773,0.14210210353664543,0,7,0.0,1.0000000000000007,0.9978579425638426,0.9999384500819385,1.0000000000000864,0.12639985521046704,0.12639985521046704,1.2964364211614139,0,7.594812837519171e-07,0.8385229110717773
0,lp,jitter,0.45,0,7,0.01,0.9,1,101,9.086853523292773e-05,5503,1.0,0.009086853523292773,0.009086853523292773,0.14210210353664543,0,7,0.0,1.0000000000000002,0.9978696751836305,0.9999873248785818,1.0000000000000298,0.48461054943582776,0.48461054943582776,1.2964194371033069,0,7.594812837519171e-07,0.0622711181640625
0,lprand,jitter,0.45,0,7,0.01,0.9,1,101,9.086853523292773e-05,5503,1.0,0.009086853523292773,0.009086853523292773,0.14210210353664543,0,7,0.0,1.0000000000000002,0.997832996043367,0.9999946192335775,1.0000000000000622,0.4859997536579245,0.4859997536579245,1.2964229422407243,0,7.594812837519171e-07,0.06578707695007324
0,maxentw,jitter,0.45,0,7,0.01,0.9,1,101,9.086853523292773e-05,5503,1.0,0.009086853523292773,0.009086853523292773,0.14210210353664543,0,7,0.0,1.0000000000000007,0.9978579425638426,0.9999384500819385,1.0000000000000864,0.12639985521046704,0.12639985521046704,1.2964364211614139,0,7.594812837519171e-07,0.8363699913024902
0,minnorm,jitter,0.45,1,3,0.01,0.9,1,101,0.00019857410675391436,2518,1.0,0.019857410675391436,0.019857410675391436,0.21006565468597582,0,3,-0.17058264871964318,1.3411652974392865,1.0011096306780733,14066.387186531316,47575932.41826088,5.873542450517264,5.873542450517264,5.873542362984341,0,8.034988578931035e-07,0.014175891876220703
0,projgauss,jitter,0.45,1,3,0.01,0.9,1,101,0.00019857410675391436,2518,1.0,0.019857410675391436,0.019857410675391436,0.21006565468597582,0,3,-0.17058264871964263,1.3411652974392851,1.0011096306780685,14066.387174725309,47575932.3122348,5.873542450216615,5.873542450216615,5.873542362683692,0,8.034988578931035e-07,0.013920068740844727
0,spectral,jitter,0.45,1,3,0.01,0.9,1,101,0.00019857410675391436,2518,1.0,0.019857410675391436,0.019857410675391436,0.21006565468597582,0,3,-0.17058264871964318,1.3411652974392865,1.0011096306780733,14066.387186531316,47575932.41826088,5.873542450517264,5.873542450517264,5.873542362984341,0,8.034988578931035e-07,0.012575864791870117
0,spectralg,jitter,0.45,1,3,0.01,0.9,1,101,0.00019857410675391436,2518,1.0,0.019857410675391436,0.019857410675391436,0.21006565468597582,0,3,-0.17058264871964318,1.3411652974392865,1.0011096306780733,14066.387186531316,47575932.41826088,5.873542450517264,5.873542450517264,5.873542362984341,0,8.034988578931035e-07,0.014976024627685547
0,molfe,jitter,0.45,1,3,0.01,0.9,1,101,0.00019857410675391436,2518,1.0,0.019857410675391436,0.019857410675391436,0.21006565468597582,0,3,-0.16954077926547045,1.339081558530941,1.0010908279170616,14061.140333210125,37530725.127416745,5.775015369293959,5.775015369293959,5.775015281761036,0,8.034988578931035e-07,0.014339923858642578
0,molrk3,jitter,0.45,1,3,0.01,0.9,1,101,0.00019857410675391436,2518,1.0,0.019857410675391436,0.019857410675391436,0.21006565468597582,0,3,-0.17058264871964302,1.3411652974392863,1.001090490959109,14066.387168299821,37689194.23324218,5.780894593889162,5.780894593889162,5.780894506356239,0,8.034988578931035e-07,0.01569986343383789
0,maxent,jitter,0.45,1,3,0.01,0.9,1,101,0.00019857410675391436,2518,1.0,0.019857410675391436,0.019857410675391436,0.21006565468597582,11,3,-0.17058264871964318,1.3411652974392865,1.0011096306643623,14066.406887456033,47575931.88052965,5.87354118814563,5.87354118814563,5.873541100612707,0,8.034988578931035e-07,0.824958086013794
0,lp,jitter,0.45,1,3,0.01,0.9,1,101,0.00019857410675391436,2518,1.0,0.019857410675391436,0.019857410675391436,0.21006565468597582,11,3,-0.17058264871964318,1.3411652974392865,1.001109630678068,14066.387175990354,47575932.42347088,5.873542450035125,5.873542450035125,5.873542362502202,0,8.034988578931035e-07,0.05330371856689453
0,lprand,jitter,0.45,1,3,0.01,0.9,1,101,0.00019857410675391436,2518,1.0,0.019857410675391436,0.019857410675391436,0.21006565468597582,11,3,-0.17058264871964318,1.3411652974392865,1.0011096306780591,14066.387175990354,47575932.423470974,5.873542450035125,5.873542450035125,5.873542362502202,0,8.034988578931035e-07,0.054579973220825195
0,maxentw,jitter,0.45,1,3,0.01,0.9,1,101,0.00019857410675391436,2518,1.0,0.019857410675391436,0.019857410675391436,0.21006565468597582,0,5,0.0,1.0000000000000002,0.9952050250009196,0.9999061225083814,1.0000000000000133,0.05086475641842947,0.05086475641842947,1.2964749011448007,0,8.034988578931035e-07,0.8888039588928223
0,minnorm,jitter,0.45,1,5,0.01,0.9,1,101,0.00019857410675391436,2518,1.0,0.019857410675391436,0.019857410675391436,0.21006565468597582,0,5,-0.18363619994675426,1.5144739216442564,0.9973595354935176,1.2408745525478704,1.5144739216442564,0.19285710492951447,0.19285710492951447,1.2963718311245422,0,8.034988578931035e-07,0.013207197189331055
0,projgauss,jitter,0.45,1,5,0.01,0.9,1,101,0.00019857410675391436,2518,1.0,0.019857410675391436,0.019857410675391436,0.21006565468597582,0,5,-0.15925478166450874,1.4523472318847022,0.9971607613970098,1.2085986563868387,1.4681774798202374,0.1779556412290617,0.1779556412290617,1.2963859292972226,0,8.034988578931035e-07,0.015115976333618164
0,spectral,jitter,0.45,1,5,0.01,0.9,1,101,0.00019857410675391436,2518,1.0,0.019857410675391436,0.019857410675391436,0.21006565468597582,0,5,-0.10090492095459669,1.239633130027013,0.9956956259591241,1.0426888597254624,4.454009889384677,0.09952225559415351,0.09952225559415351,1.2964626997400908,0,8.034988578931035e-07,0.01861715316772461
0,spectralg,jitter,0.45,1,5,0.01,0.9,1,101,0.00019857410675391436,2518,1.0,0.019857410675391436,0.019857410675391436,0.21006565468597582,0,5,-0.10090492095459669,1.239633130027013,0.995695625959125,1.0381536765780972,4.454009889384677,0.09952224530160303,0.09952224530160303,1.2964626866698903,0,8.034988578931035e-07,0.03196096420288086
0,molfe,jitter,0.45,1,5,0.01,0.9,1,101,0.00019857410675391436,2518,1.0,0.019857410675391436,0.019857410675391436,0.21006565468597582,0,5,-0.0139115122046956,1.0417271055503532,1.0086193171803681,11332042713.024591,6.22837813038514e+37,564503.1828047098,564503.1828047098,564503.1826921946,1,8.034988578931035e-07,0.014982938766479492
0,molrk3,jitter,0.45,1,5,0.01,0.9,1,101,0.00019857410675391436,2518,1.0,0.019857410675391436,0.019857410675391436,0.21006565468597582,0,5,-0.013786392836641634,1.0413975329309915,1.0086565702199863,12375109292.303925,9.011089946479627e+37,619557.9178168917,619557.9178168917,619557.9177043765,1,8.034988578931035e-07,0.015503168106079102
0,maxent,jitter,0.45,1,5,0.01,0.9,1,101,0.00019857410675391436,2518,1.0,0.019857410675391436,0.019857410675391436,0.21006565468597582,0,5,0.0,1.0000000000000004,0.9952451466699341,0.9999059817352939,1.0000000000000222,0.050881650321632055,0.050881650321632055,1.2964749297316203,0,8.034988578931035e-07,0.6830050945281982
0,lp,jitter,0.45,1,5,0.01,0.9,1,101,0.00019857410675391436,2518,1.0,0.019857410675391436,0.019857410675391436,0.21006565468597582,0,5,0.0,1.0,0.9952977784625083,0.9999914421813693,1.0000000000000038,0.3017344779673212,0.3017344779673212,1.2964660667263752,0,8.034988578931035e-07,0.05505204200744629
0,lprand,jitter,0.45,1,5,0.01,0.9,1,101,0.00019857410675391436,2518,1.0,0.019857410675391436,0.019857410675391436,0.21006565468597582,0,5,0.0,1.0,0.995440494682501,0.9999945141419544,1.0000000000000022,0.30248150676566044,0.30248150676566044,1.2964753525560881,0,8.034988578931035e-07,0.056900978088378906
0,maxentw,jitter,0.45,1,5,0.01,0.9,1,101,0.00019857410675391436,2518,1.0,0.019857410675391436,0.019857410675391436,0.21006565468597582,0,5,0.0,1.0000000000000004,0.9952451466699341,0.9999059817352939,1.0000000000000222,0.050881650321632055,0.050881650321632055,1.2964749297316203,0,8.034988578931035e-07,0.6867530345916748
0,minnorm,jitter,0.45,1,7,0.01,0.9,1,101,0.00019857410675391436,2518,1.0,0.019857410675391436,0.019857410675391436,0.21006565468597582,0,7,-0.16223813463540376,1.5148734992498214,0.9987763487166846,1.7278840461721143,1.7278840461721143,0.4439570464963889,0.4439570464963889,1.53685007730272,0,8.034988578931035e-07,0.013364791870117188
0,projgauss,jitter,0.45,1,7,0.01,0.9,1,101,0.00019857410675391436,2518,1.0,0.019857410675391436,0.019857410675391436,0.21006565468597582,0,7,-0.10722557627947557,1.3346645180368073,0.9979020674680409,1.3343982493534574,1.3558620911466475,0.24505968218923058,0.24505968218923058,1.3379527129955617,0,8.034988578931035e-07,0.016242027282714844
0,spectral,jitter,0.45,1,7,0.01,0.9,1,101,0.00019857410675391436,2518,1.0,0.019857410675391436,0.019857410675391436,0.21006565468597582,0,7,-0.13323465181451344,1.2753258391906044,0.9958018407441855,1.209866296067554,2.3370609445226664,0.13909653440878456,0.13909653440878456,1.2964406486751445,0,8.034988578931035e-07,0.0207061767578125
0,spectralg,jitter,0.45,1,7,0.01,0.9,1,101,0.00019857410675391436,2518,1.0,0.019857410675391436,0.019857410675391436,0.21006565468597582,0,7,-0.13323465181451344,1.2753258391906044,0.9958018407441855,1.209866296067554,2.3370609445226664,0.13909653440878456,0.13909653440878456,1.2964406486751445,0,8.034988578931035e-07,0.032740116119384766
0,molfe,jitter,0.45,1,7,0.01,0.9,1,101,0.00019857410675391436,2518,1.0,0.019857410675391436,0.019857410675391436,0.21006565468597582,0,7,-0.005428976479186971,1.0319076216480036,1.002731718331294,78728.74967038732,1.0018290302382997e+17,36.50939257471866,36.50939257471866,36.51188984879918,1,8.034988578931035e-07,0.012811660766601562
0,molrk3,jitter,0.45,1,7,0.01,0.9,1,101,0.00019857410675391436,2518,1.0,0.019857410675391436,0.019857410675391436,0.21006565468597582,0,7,-0.0054120194711344575,1.0318312318638925,1.0027350980801855,80415.48753014211,1.0629340538804693e+17,37.05906838534268,37.05906838534268,37.061565659423195,1,8.034988578931035e-07,0.01374673843383789
0,maxent,jitter,0.45,1,7,0.01,0.9,1,101,0.00019857410675391436,2518,1.0,0.019857410675391436,0.019857410675391436,0.21006565468597582,0,7,0.0,1.0000000000000004,0.9954528521508048,0.9999059817557949,1.0000000000000255,0.05088165066248573,0.05088165066248573,1.2964749296943507,0,8.034988578931035e-07,0.5053577423095703
0,lp,jitter,0.45,1,7,0.01,0.9,1,101,0.00019857410675391436,2518,1.0,0.019857410675391436,0.019857410675391436,0.21006565468597582,0,7,0.0,1.0000000000000002,0.9952547079457618,0.9999849886685508,1.0000000000000098,0.30084401254856086,0.30084401254856086,1.2964517999193361,0,8.034988578931035e-07,0.05948019027709961
0,lprand,jitter,0.45,1,7,0.01,0.9,1,101,0.00019857410675391436,2518,1.0,0.019857410675391436,0.019857410675391436,0.21006565468597582,0,7,0.0,1.0000000000000002,0.9953360417433089,0.9999926751817181,1.0000000000000109,0.302046853301267,0.302046853301267,1.2964545541462071,0,8.034988578931035e-07,0.05733180046081543
0,maxentw,jitter,0.45,1,7,0.01,0.9,1,101,0.00019857410675391436,2518,1.0,0.019857410675391436,0.019857410675391436,0.21006565468597582,0,7,0.0,1.0000000000000004,0.9954528521508048,0.9999059817557949,1.0000000000000255,0.05088165066248573,0.05088165066248573,1.2964749296943507,0,8.034988578931035e-07,0.501863956451416
0,minnorm,random,0.0,0,3,0.01,0.9,1,101,0.00032109789526744666,1558,1.0,0.03210978952674466,0.03210978952674467,0.267123731325411,0,3,-1.1098562507648926,3.2197125015297843,1.0373487585163634,4.772835626321335e+26,1.305769513256078e+161,inf,2176409.217503096,2176409.2358397935,1,7.330870694932656e-07,0.008542776107788086
0,projgauss,random,0.0,0,3,0.01,0.9,1,101,0.00032109789526744666,1558,1.0,0.03210978952674466,0.03210978952674467,0.267123731325411,0,3,-1.109856250764893,3.219712501529785,1.0373487585163632,4.7728356263184216e+26,1.3057695132532653e+161,inf,2176409.218777631,2176409.2371143284,1,7.330870694932656e-07,0.009368896484375
0,spectral,random,0.0,0,3,0.01,0.9,1,101,0.00032109789526744666,1558,1.0,0.03210978952674466,0.03210978952674467,0.267123731325411,0,3,-1.1098562507648926,3.2197125015297843,1.0373487585163634,4.772835626321335e+26,1.305769513256078e+161,inf,2176409.217503096,2176409.2358397935,1,7.330870694932656e-07,0.009983062744140625
0,spectralg,random,0.0,0,3,0.01,0.9,1,101,0.00032109789526744666,1558,1.0,0.03210978952674466,0.03210978952674467,0.267123731325411,0,3,-1.1098562507648926,3.2197125015297843,1.0373487585163634,4.772835626321335e+26,1.305769513256078e+161,inf,2176409.217503096,2176409.2358397935,1,7.330870694932656e-07,0.008755207061767578
0,molfe,random,0.0,0,3,0.01,0.9,1,101,0.00032109789526744666,1558,1.0,0.03210978952674466,0.03210978952674467,0.267123731325411,0,3,-1.0960351949787288,3.1920703899574585,1.037175364600926,3.702203590599368e+26,2.4698521152734777e+160,inf,1973935.7674950822,1973935.7858317795,1,7.330870694932656e-07,0.00855565071105957
0,molrk3,random,0.0,0,3,0.01,0.9,1,101,0.00032109789526744666,1558,1.0,0.03210978952674466,0.03210978952674467,0.267123731325411,0,3,-1.1098562507648937,3.2197125015297883,1.0378749312410926,1.0584945293134118e+27,2.0939470126343682e+163,inf,2936362.2147039548,2936362.2330406522,1,7.330870694932656e-07,0.009747028350830078
0,maxent,random,0.0,0,3,0.01,0.9,1,101,0.00032109789526744666,1558,1.0,0.03210978952674466,0.03210978952674467,0.267123731325411,36,3,-1.1098562507648926,3.2197125015297843,1.0373487585163634,4.7728357329935785e+26,1.3057695424398533e+161,inf,2176428.4975850387,2176428.515921736,1,7.330870694932656e-07,0.7774379253387451
0,lp,random,0.0,0,3,0.01,0.9,1,101,0.00032109789526744666,1558,1.0,0.03210978952674466,0.03210978952674467,0.267123731325411,36,3,-1.1098562507648926,3.2197125015297843,1.0373487585163634,4.772835626321103e+26,1.3057695132560142e+161,inf,2176409.2175373985,2176409.235874096,1,7.330870694932656e-07,0.047267913818359375
0,lprand,random,0.0,0,3,0.01,0.9,1,101,0.00032109789526744666,1558,1.0,0.03210978952674466,0.03210978952674467,0.267123731325411,36,3,-1.1098562507648926,3.2197125015297843,1.0373487585163634,4.772835626321103e+26,1.3057695132560142e+161,inf,2176409.2175373985,2176409.235874096,1,7.330870694932656e-07,0.04914975166320801
0,maxentw,random,0.0,0,3,0.01,0.9,1,101,0.00032109789526744666,1558,1.0,0.03210978952674466,0.03210978952674467,0.267123731325411,11,5,-0.6142844456994159,2.2285688913988317,1.0373487585163634,2.866673538146147e+26,7.842748428053989e+160,inf,1140990.049997122,1140990.0683338193,1,7.330870694932656e-07,1.4225459098815918
0,minnorm,random,0.0,0,5,0.01,0.9,1,101,0.00032109789526744666,1558,1.0,0.03210978952674466,0.03210978952674467,0.267123731325411,0,5,-0.26778872034644435,1.7019457023571545,1.0063803083035654,32670.57722228833,6.815406961440475e+27,491.5301821929018,491.5301821929018,492.5758097877745,1,7.330870694932656e-07,0.009953975677490234
0,projgauss,random,0.0,0,5,0.01,0.9,1,101,0.00032109789526744666,1558,1.0,0.03210978952674466,0.03210978952674467,0.267123731325411,0,5,-0.2701699183988838,1.717309133982565,1.0017422121719812,2702.0584326046737,6784718606.245257,6.431900091885417,6.431900091885417,7.477527686758128,0,7.330870694932656e-07,0.013410091400146484
0,spectral,random,0.0,0,5,0.01,0.9,1,101,0.00032109789526744666,1558,1.0,0.03210978952674466,0.03210978952674467,0.267123731325411,0,5,-1.1769114793708901,4.162210203972026,1.0000005880313108,16145.16329074651,4302990.778367775,3.4557769793228936,3.4557769793228936,4.376536683839382,0,7.330870694932656e-07,0.018075942993164062
0,spectralg,random,0.0,0,5,0.01,0.9,1,101,0.00032109789526744666,1558,1.0,0.03210978952674466,0.03210978952674467,0.267123731325411,0,5,-1.1769114793708901,4.162210203972026,1.0000009409984105,16145.16329074651,4503238.728128491,3.478368253488593,3.478368253488593,4.3991279580050815,0,7.330870694932656e-07,0.03027796745300293
0,molfe,random,0.0,0,5,0.01,0.9,1,101,0.00032109789526744666,1558,1.0,0.03210978952674466,0.03210978952674467,0.267123731325411,0,5,-0.07138756488757016,1.280429291584672,1.0117224272854168,278096403.4302879,1.5401100971660588e+51,5367.603107625077,5367.603107625077,5367.835687544973,1,7.330870694932656e-07,0.011202096939086914
0,molrk3,random,0.0,0,5,0.01,0.9,1,101,0.00032109789526744666,1558,1.0,0.03210978952674466,0.03210978952674467,0.267123731325411,0,5,-0.07179392510043361,1.2821211783058262,1.0117914034096307,309250183.9935765,3.045307384835461e+51,5813.427620420479,5813.427620420479,5813.660200340374,1,7.330870694932656e-07,0.011996030807495117
0,maxent,random,0.0,0,5,0.01,0.9,1,101,0.00032109789526744666,1558,1.0,0.03210978952674466,0.03210978952674467,0.267123731325411,11,5,-0.25699524766541293,1.7019457023571545,1.0000001409009713,3163.656795383224,117383.25679063711,1.3471980394498344,1.3471980394498344,1.6157596123184712,0,7.330870694932656e-07,0.6241278648376465
0,lp,random,0.0,0,5,0.01,0.9,1,101,0.00032109789526744666,1558,1.0,0.03210978952674466,0.03210978952674467,0.267123731325411,11,5,-0.25699524766541293,1.7019457023571545,1.000000371674024,3974.548602442216,149019.23010087834,1.3204957762045024,1.3204957762045024,1.599106522042073,0,7.330870694932656e-07,0.05229496955871582
0,lprand,random,0.0,0,5,0.01,0.9,1,101,0.00032109789526744666,1558,1.0,0.03210978952674466,0.03210978952674467,0.267123731325411,11,5,-0.25699524766541293,1.7019457023571545,1.0000009804012304,3880.1845348051856,144664.1296907001,1.339402579489269,1.339402579489269,1.610929947747203,0,7.330870694932656e-07,0.052163124084472656
0,maxentw,random,0.0,0,5,0.01,0.9,1,101,0.00032109789526744666,1558,1.0,0.03210978952674466,0.03210978952674467,0.267123731325411,11,5,-0.25699524766541293,1.7019457023571545,1.0000001409009713,3163.656795383224,117383.25679063711,1.3471980394498344,1.3471980394498344,1.6157596123184712,0,7.330870694932656e-07,1.1324889659881592
0,minnorm,random,0.0,0,7,0.01,0.9,1,101,0.00032109789526744666,1558,1.0,0.03210978952674466,0.03210978952674467,0.267123731325411,0,7,-0.20659517332181315,1.6140267130151829,0.9987586789589337,2.3041005629995905,2.3041005629995905,0.7526803340939259,0.7526803340939259,1.8500425775393108,0,7.330870694932656e-07,0.011731863021850586
0,projgauss,random,0.0,0,7,0.01,0.9,1,101,0.00032109789526744666,1558,1.0,0.03210978952674466,0.03210978952674467,0.267123731325411,0,7,-0.14503386137672958,1.4444806949256352,0.9977102353275304,1.8236157383929241,1.8236157383929241,0.5106914319715774,0.5106914319715774,1.5563190268442884,0,7.330870694932656e-07,0.01102590560913086
0,spectral,random,0.0,0,7,0.01,0.9,1,101,0.00032109789526744666,1558,1.0,0.03210978952674466,0.03210978952674467,0.267123731325411,0,7,-1.0824231785786331,4.015679510325059,0.9986275104081794,3.5426466341052056,12.762702330343174,0.63996660520622,0.63996660520622,1.296163737900504,0,7.330870694932656e-07,0.01747918128967285
0,spectralg,random,0.0,0,7,0.01,0.9,1,101,0.00032109789526744666,1558,1.0,0.03210978952674466,0.03210978952674467,0.267123731325411,0,7,-1.0824231785786331,4.015679510325059,0.9985535869591455,3.699400953570095,12.762702330343174,0.6935106334087259,0.6935106334087259,1.3225730239454174,0,7.330870694932656e-07,0.0361330509185791
0,molfe,random,0.0,0,7,0.01,0.9,1,101,0.00032109789526744666,1558,1.0,0.03210978952674466,0.03210978952674467,0.267123731325411,0,7,-0.022133111893469372,1.0936983630075554,1.0068935449776588,188787.8396870915,2.911231136332577e+30,3.6010434238350384,3.6010434238350384,3.9202282453463853,0,7.330870694932656e-07,0.010931015014648438
0,molrk3,random,0.0,0,7,0.01,0.9,1,101,0.00032109789526744666,1558,1.0,0.03210978952674466,0.03210978952674467,0.267123731325411,0,7,-0.021771914491708937,1.092309201831969,1.006917360056819,195865.84137219284,3.688034254210159e+30,3.734033069173699,3.734033069173699,4.053217890685046,0,7.330870694932656e-07,0.012167930603027344
0,maxent,random,0.0,0,7,0.01,0.9,1,101,0.00032109789526744666,1558,1.0,0.03210978952674466,0.03210978952674467,0.267123731325411,11,7,-0.20659517332181315,1.597341335843253,0.9980207654043944,2.69593515632866,2.69593515632866,1.0348037135393044,1.0348037135393044,2.0804313084120154,0,7.330870694932656e-07,0.3528280258178711
0,lp,random,0.0,0,7,0.01,0.9,1,101,0.00032109789526744666,1558,1.0,0.03210978952674466,0.03210978952674467,0.267123731325411,11,7,-0.20659517332181315,1.597341335843253,0.997820984502096,2.816739359978014,2.816739359978014,1.3277265760080703,1.3277265760080703,2.0593890571534015,0,7.330870694932656e-07,0.05700397491455078
0,lprand,random,0.0,0,7,0.01,0.9,1,101,0.00032109789526744666,1558,1.0,0.03210978952674466,0.03210978952674467,0.267123731325411,11,7,-0.20659517332181315,1.597341335843253,0.9980490394943907,2.895330518082691,2.895330518082691,1.4442343179765422,1.4442343179765422,2.1545886341818914,0,7.330870694932656e-07,0.05414295196533203
0,maxentw,random,0.0,0,7,0.01,0.9,1,101,0.00032109789526744666,1558,1.0,0.03210978952674466,0.03210978952674467,0.267123731325411,11,7,-0.20659517332181315,1.597341335843253,0.9980207654043944,2.69593515632866,2.69593515632866,1.0348037135393044,1.0348037135393044,2.0804313084120154,0,7.330870694932656e-07,0.854910135269165
0,minnorm,random,0.0,1,3,0.01,0.9,1,101,0.00039715644509288195,1259,1.0,0.039715644509288196,0.039715644509288196,0.29708077655482557,0,3,-0.8444859005462689,2.6889718010925385,1.171023267241833,2.442537436788061e+87,2.442537436788061e+87,inf,33617760.754414186,33617759.914453365,1,8.014767135522405e-07,0.007581949234008789
0,projgauss,random,0.0,1,3,0.01,0.9,1,101,0.00039715644509288195,1259,1.0,0.039715644509288196,0.039715644509288196,0.29708077655482557,0,3,-0.8444859005462693,2.688971801092539,1.1710232672418326,2.4425374367868093e+87,2.4425374367868093e+87,inf,33617760.7511686,33617759.91120778,1,8.014767135522405e-07,0.008337974548339844
0,spectral,random,0.0,1,3,0.01,0.9,1,101,0.00039715644509288195,1259,1.0,0.039715644509288196,0.039715644509288196,0.29708077655482557,0,3,-0.8444859005462689,2.6889718010925385,1.171023267241833,2.442537436788061e+87,2.442537436788061e+87,inf,33617760.754414186,33617759.914453365,1,8.014767135522405e-07,0.007880926132202148
0,spectralg,random,0.0,1,3,0.01,0.9,1,101,0.00039715644509288195,1259,1.0,0.039715644509288196,0.039715644509288196,0.29708077655482557,0,3,-0.8444859005462689,2.6889718010925385,1.171023267241833,2.442537436788061e+87,2.442537436788061e+87,inf,33617760.754414186,33617759.914453365,1,8.014767135522405e-07,0.007483959197998047
0,molfe,random,0.0,1,3,0.01,0.9,1,101,0.00039715644509288195,1259,1.0,0.039715644509288196,0.039715644509288196,0.29708077655482557,0,3,-0.8324053179014793,2.6648106358029593,1.1693344426385195,3.984635890160972e+86,3.984635890160972e+86,inf,26043570.94341689,26043570.10345607,1,8.014767135522405e-07,0.00727391242980957
0,molrk3,random,0.0,1,3,0.01,0.9,1,101,0.00039715644509288195,1259,1.0,0.039715644509288196,0.039715644509288196,0.29708077655482557,0,3,-0.8335230434106708,2.667046086821342,1.1844807730028528,4.337944234503702e+93,4.337944234503702e+93,inf,3594371.8531017974,3594371.0466381037,1,8.014767135522405e-07,0.0074002742767333984
0,maxent,random,0.0,1,3,0.01,0.9,1,101,0.00039715644509288195,1259,1.0,0.039715644509288196,0.039715644509288196,0.29708077655482557,35,3,-0.8444859005462689,2.6889718010925385,1.171023267241833,2.4425374367880686e+87,2.4425374367880686e+87,inf,33617760.75864549,33617759.91868467,1,8.014767135522405e-07,0.6378240585327148
0,lp,random,0.0,1,3,0.01,0.9,1,101,0.00039715644509288195,1259,1.0,0.039715644509288196,0.039715644509288196,0.29708077655482557,35,3,-0.8444859005462689,2.6889718010925385,1.171023267241833,2.4425374367880725e+87,2.4425374367880725e+87,inf,33617760.75860699,33617759.91864617,1,8.014767135522405e-07,0.04722881317138672
0,lprand,random,0.0,1,3,0.01,0.9,1,101,0.00039715644509288195,1259,1.0,0.039715644509288196,0.039715644509288196,0.29708077655482557,35,3,-0.8444859005462689,2.6889718010925385,1.171023267241833,2.4425374367880725e+87,2.4425374367880725e+87,inf,33617760.75860699,33617759.91864617,1,8.014767135522405e-07,0.04485201835632324
0,maxentw,random,0.0,1,3,0.01,0.9,1,101,0.00039715644509288195,1259,1.0,0.039715644509288196,0.039715644509288196,0.29708077655482557,6,7,-0.583266665781656,2.166533331563312,1.000196187646778,7197.193577715195,411859.0273831916,4.060573803524107,4.060573803524107,4.060435742855803,0,8.014767135522405e-07,1.0155160427093506
0,minnorm,random,0.0,1,5,0.01,0.9,1,101,0.00039715644509288195,1259,1.0,0.039715644509288196,0.039715644509288196,0.29708077655482557,0,5,-0.27440833378176005,1.870183268022534,1.000771798361738,2413.9446527728783,1732647.4818430822,4.293323732918948,4.293323732918948,4.293323554494396,0,8.014767135522405e-07,0.011365890502929688
0,projgauss,random,0.0,1,5,0.01,0.9,1,101,0.00039715644509288195,1259,1.0,0.039715644509288196,0.039715644509288196,0.29708077655482557,0,5,-0.2939260828809375,1.8913474846838532,1.0008787676130555,2412.8788455492077,13140471.307218714,4.302281706829537,4.302281706829537,4.302281528404985,0,8.014767135522405e-07,0.01152801513671875
0,spectral,random,0.0,1,5,0.01,0.9,1,101,0.00039715644509288195,1259,1.0,0.039715644509288196,0.039715644509288196,0.29708077655482557,0,5,-1.393647718770384,6.422841348453358,1.0003031465894423,16528.326868746866,931082.4267557035,4.253442067860579,4.253442067860579,4.2534418894360275,0,8.014767135522405e-07,0.015084028244018555
0,spectralg,random,0.0,1,5,0.01,0.9,1,101,0.00039715644509288195,1259,1.0,0.039715644509288196,0.039715644509288196,0.29708077655482557,0,5,-1.393647718770384,6.422841348453358,1.0002740290603394,16528.292025812094,931109.2739894019,4.242054762206962,4.242054762206962,4.24205458378241,0,8.014767135522405e-07,0.029994964599609375
0,molfe,random,0.0,1,5,0.01,0.9,1,101,0.00039715644509288195,1259,1.0,0.039715644509288196,0.039715644509288196,0.29708077655482557,0,5,-0.1431711048100774,1.5226415298636145,1.010727235557122,12561242.620854236,4.0276924611425624e+47,472.5673488425865,472.5673488425865,472.2529388273384,1,8.014767135522405e-07,0.011379241943359375
0,molrk3,random,0.0,1,5,0.01,0.9,1,101,0.00039715644509288195,1259,1.0,0.039715644509288196,0.039715644509288196,0.29708077655482557,0,5,-0.1449269797792158,1.527592261963024,1.0107849780853693,13498923.519506298,7.131161682545221e+47,507.80243408505197,507.80243408505197,507.4880240698039,1,8.014767135522405e-07,0.01219320297241211
0,maxent,random,0.0,1,5,0.01,0.9,1,101,0.00039715644509288195,1259,1.0,0.039715644509288196,0.039715644509288196,0.29708077655482557,7,5,-0.27440833378176005,1.870183268022534,1.0000981372312963,3159.4520545014393,179327.8196156929,4.232231260144221,4.232231260144221,4.23223108171967,0,8.014767135522405e-07,0.5045199394226074
0,lp,random,0.0,1,5,0.01,0.9,1,101,0.00039715644509288195,1259,1.0,0.039715644509288196,0.039715644509288196,0.29708077655482557,7,5,-0.27440833378176005,1.870183268022534,1.0000004199564752,4907.8506555533,281570.2282003809,4.206431090886479,4.206431090886479,4.2064309124619275,0,8.014767135522405e-07,0.05346202850341797
0,lprand,random,0.0,1,5,0.01,0.9,1,101,0.00039715644509288195,1259,1.0,0.039715644509288196,0.039715644509288196,0.29708077655482557,7,5,-0.27440833378176005,1.870183268022534,1.0000013237403207,12285.1691644683,723960.761278209,4.2236048896110905,4.2236048896110905,4.223604711186539,0,8.014767135522405e-07,0.05192089080810547
0,maxentw,random,0.0,1,5,0.01,0.9,1,101,0.00039715644509288195,1259,1.0,0.039715644509288196,0.039715644509288196,0.29708077655482557,6,7,-0.2675980601521131,1.7147457597350892,1.0000009102023757,2060.9433747486437,115705.64131006906,4.232231260144221,4.232231260144221,4.23223108171967,0,8.014767135522405e-07,0.7829351425170898
0,minnorm,random,0.0,1,7,0.01,0.9,1,101,0.00039715644509288195,1259,1.0,0.039715644509288196,0.039715644509288196,0.29708077655482557,0,7,-0.2172285456519153,1.5878838402258795,0.9969425418468796,1.5139053627424242,1.772145812493152,0.3302440528270732,0.3302440528270732,1.2936579282197078,0,8.014767135522405e-07,0.009618043899536133
0,projgauss,random,0.0,1,7,0.01,0.9,1,101,0.00039715644509288195,1259,1.0,0.039715644509288196,0.039715644509288196,0.29708077655482557,0,7,-0.16178430976856525,1.4343422807811095,0.9962740429996674,1.223240833087988,1.5663126169856478,0.30201614878317307,0.30201614878317307,1.295288166418206,0,8.014767135522405e-07,0.010447025299072266
0,spectral,random,0.0,1,7,0.01,0.9,1,101,0.00039715644509288195,1259,1.0,0.039715644509288196,0.039715644509288196,0.29708077655482557,0,7,-1.7729029101813993,7.178411807216343,0.9954439646868638,2.0710355948344312,20.57694102196057,0.2681236216354761,0.2681236216354761,1.295610110763611,0,8.014767135522405e-07,0.01620006561279297
0,spectralg,random,0.0,1,7,0.01,0.9,1,101,0.00039715644509288195,1259,1.0,0.039715644509288196,0.039715644509288196,0.29708077655482557,0,7,-1.7729029101813993,7.178411807216343,0.9954467308981686,2.0674990143063354,20.57694102196057,0.2681274835576475,0.2681274835576475,1.2956088903021412,0,8.014767135522405e-07,0.03256988525390625
0,molfe,random,0.0,1,7,0.01,0.9,1,101,0.00039715644509288195,1259,1.0,0.039715644509288196,0.039715644509288196,0.29708077655482557,0,7,-0.030484698298661718,1.1218075319332024,1.009413515220553,387219.8615343856,1.4326042202396744e+41,38.28516614718383,38.28516614718383,38.967112168891845,1,8.014767135522405e-07,0.009619951248168945
0,molrk3,random,0.0,1,7,0.01,0.9,1,101,0.00039715644509288195,1259,1.0,0.039715644509288196,0.039715644509288196,0.29708077655482557,0,7,-0.029961771129724795,1.1211141622189122,1.009457961383585,409292.63846320054,2.225097933579584e+41,40.46580873238089,40.46580873238089,41.14775475408891,1,8.014767135522405e-07,0.011355876922607422
0,maxent,random,0.0,1,7,0.01,0.9,1,101,0.00039715644509288195,1259,1.0,0.039715644509288196,0.039715644509288196,0.29708077655482557,6,7,-0.17342976767401078,1.5328001358127998,0.9954268314065827,1.3029081533282236,1.7657328005319708,0.14458422176998587,0.14458422176998587,1.2954155885916765,0,8.014767135522405e-07,0.5113410949707031
0,lp,random,0.0,1,7,0.01,0.9,1,101,0.00039715644509288195,1259,1.0,0.039715644509288196,0.039715644509288196,0.29708077655482557,6,7,-0.17342976767401078,1.5328001358127998,0.9953926804018606,1.3407915017670229,1.8820403582952947,0.49145097039819846,0.49145097039819846,1.295402561474365,0,8.014767135522405e-07,0.0522611141204834
0,lprand,random,0.0,1,7,0.01,0.9,1,101,0.00039715644509288195,1259,1.0,0.039715644509288196,0.039715644509288196,0.29708077655482557,6,7,-0.17342976767401078,1.5328001358127998,0.9952886457148088,1.3892717621226707,2.0631191431707316,0.6233811552151087,0.6233811552151087,1.2954868309196594,0,8.014767135522405e-07,0.05286407470703125
0,maxentw,random,0.0,1,7,0.01,0.9,1,101,0.00039715644509288195,1259,1.0,0.039715644509288196,0.039715644509288196,0.29708077655482557,6,7,-0.17342976767401078,1.5328001358127998,0.9954268314065827,1.3029081533282236,1.7657328005319708,0.14458422176998587,0.14458422176998587,1.2954155885916765,0,8.014767135522405e-07,0.7899420261383057
0,minnorm,jitter,0.0,0,3,0.003,0.9,1,101,0.008999999999999909,56,3.3333333333333335,0.26999999999999724,0.8999999999999909,0.9999999999999898,0,3,-0.35000000000000125,1.7000000000000026,1.4522463312982226,8037844446307.771,1.8580775581092633e+161,inf,1057747.4713546927,1057747.4712561,1,3.0843985877604396e-06,0.007483959197998047
0,projgauss,jitter,0.0,0,3,0.003,0.9,1,101,0.008999999999999909,56,3.3333333333333335,0.26999999999999724,0.8999999999999909,0.9999999999999898,0,3,-0.350000000000001,1.7000000000000017,1.4548707286409692,8037844446307.57,1.858077558108406e+161,inf,1057747.4713546983,1057747.4712561057,1,3.0843985877604396e-06,0.008228063583374023
0,spectral,jitter,0.0,0,3,0.003,0.9,1,101,0.008999999999999909,56,3.3333333333333335,0.26999999999999724,0.8999999999999909,0.9999999999999898,0,3,-0.35000000000000125,1.7000000000000026,1.4522463312982226,8037844446307.771,1.8580775581092633e+161,inf,1057747.4713546927,1057747.4712561,1,3.0843985877604396e-06,0.00854802131652832
0,spectralg,jitter,0.0,0,3,0.003,0.9,1,101,0.008999999999999909,56,3.3333333333333335,0.26999999999999724,0.8999999999999909,0.9999999999999898,0,3,-0.35000000000000125,1.7000000000000026,1.4522463312982226,8037844446307.771,1.8580775581092633e+161,inf,1057747.4713546927,1057747.4712561,1,3.0843985877604396e-06,0.008619070053100586
0,molfe,jitter,0.0,0,3,0.003,0.9,1,101,0.008999999999999909,56,3.3333333333333335,0.26999999999999724,0.8999999999999909,0.9999999999999898,0,3,-0.1800000000000043,1.3600000000000085,0.854100979558107,59.7980319838987,1114.180172480529,0.3634526232365395,0.3634526232365395,1.3179899049441188,0,3.0843985877604396e-06,0.008548974990844727
0,molrk3,jitter,0.0,0,3,0.003,0.9,1,101,0.008999999999999909,56,3.3333333333333335,0.26999999999999724,0.8999999999999909,0.9999999999999898,0,3,-0.13625999999999955,1.2725199999999988,0.7440034354471955,1.2506400447343702,1.2725199999999988,0.27510332486186184,0.27510332486186184,1.2982665368403827,0,3.0843985877604396e-06,0.009196996688842773
0,maxent,jitter,0.0,0,3,0.003,0.9,1,101,0.008999999999999909,56,3.3333333333333335,0.26999999999999724,0.8999999999999909,0.9999999999999898,99,3,-0.35000000000000125,1.7000000000000026,1.4522463312982226,8037844446307.771,1.8580775581092633e+161,inf,1057747.4713546927,1057747.4712561,1,3.0843985877604396e-06,1.5116360187530518
0,lp,jitter,0.0,0,3,0.003,0.9,1,101,0.008999999999999909,56,3.3333333333333335,0.26999999999999724,0.8999999999999909,0.9999999999999898,99,3,-0.35000000000000125,1.7000000000000026,1.4522463312982226,8037844446307.771,1.8580775581092633e+161,inf,1057747.4713546927,1057747.4712561,1,3.0843985877604396e-06,0.04510998725891113
0,lprand,jitter,0.0,0,3,0.003,0.9,1,101,0.008999999999999909,56,3.3333333333333335,0.26999999999999724,0.8999999999999909,0.9999999999999898,99,3,-0.35000000000000125,1.7000000000000026,1.4522463312982226,8037844446307.771,1.8580775581092633e+161,inf,1057747.4713546927,1057747.4712561,1,3.0843985877604396e-06,0.04558920860290527
0,maxentw,jitter,0.0,0,3,0.003,0.9,1,101,0.008999999999999909,56,3.3333333333333335,0.26999999999999724,0.8999999999999909,0.9999999999999898,0,7,0.0,1.0000000000000002,0.7418110326783559,0.9999999999999784,1.0000000000000004,0.008398343854350565,0.013537793171246856,1.2982738767591573,0,3.0843985877604396e-06,1.5806300640106201
0,minnorm,jitter,0.0,0,5,0.003,0.9,1,101,0.008999999999999909,56,3.3333333333333335,0.26999999999999724,0.8999999999999909,0.9999999999999898,0,5,-0.14357142857142421,1.501428571428549,0.736481628403434,1.1208650965273153,1.501428571428549,0.11226061474817373,0.11226061474817373,1.2982657142576959,0,3.0843985877604396e-06,0.006975889205932617
0,projgauss,jitter,0.0,0,5,0.003,0.9,1,101,0.008999999999999909,56,3.3333333333333335,0.26999999999999724,0.8999999999999909,0.9999999999999898,0,5,-0.1540687052551989,1.591783828325408,0.7344425812477783,1.0382219353556301,1.5917838283254078,0.039414009742113065,0.039414009742113065,1.2982705815449984,0,3.0843985877604396e-06,0.007691144943237305
0,spectral,jitter,0.0,0,5,0.003,0.9,1,101,0.008999999999999909,56,3.3333333333333335,0.26999999999999724,0.8999999999999909,0.9999999999999898,0,5,-0.15642719798338622,1.531194364683352,0.7420389882170088,0.9999999999995677,1.531194364683352,0.008654839838188266,0.013548183347388346,1.2982744533290265,0,3.0843985877604396e-06,0.012465238571166992
0,spectralg,jitter,0.0,0,5,0.003,0.9,1,101,0.008999999999999909,56,3.3333333333333335,0.26999999999999724,0.8999999999999909,0.9999999999999898,0,5,-0.08992315056209463,1.3371720626912817,0.7264900861578707,0.9999999999995624,1.3371720626912817,0.008654839838188266,0.013536656247146889,1.2982744533290265,0,3.0843985877604396e-06,0.024734973907470703
0,molfe,jitter,0.0,0,5,0.003,0.9,1,101,0.008999999999999909,56,3.3333333333333335,0.26999999999999724,0.8999999999999909,0.9999999999999898,0,5,-0.3599999999999961,2.18285714285713,1.035284316173425,4045.496198304125,4.8720003672413905e+160,2.525610243521811,2.525610243521811,3.516723886354909,0,3.0843985877604396e-06,0.008645772933959961
0,molrk3,jitter,0.0,0,5,0.003,0.9,1,101,0.008999999999999909,56,3.3333333333333335,0.26999999999999724,0.8999999999999909,0.9999999999999898,0,5,-0.3661229387755062,2.0173054227405163,1.0182537372485374,7264.985246054541,4.7809213299698225e+88,2.4682448439342193,2.4682448439342193,3.459358486767317,0,3.0843985877604396e-06,0.007868051528930664
0,maxent,jitter,0.0,0,5,0.003,0.9,1,101,0.008999999999999909,56,3.3333333333333335,0.26999999999999724,0.8999999999999909,0.9999999999999898,1,5,-0.14357142857142421,1.501428571428549,0.737663486364639,0.999999999999979,1.501428571428549,0.008398343854350565,0.013548412579800643,1.2982738767591573,0,3.0843985877604396e-06,0.03777122497558594
0,lp,jitter,0.0,0,5,0.003,0.9,1,101,0.008999999999999909,56,3.3333333333333335,0.26999999999999724,0.8999999999999909,0.9999999999999898,1,5,-0.14357142857142421,1.501428571428549,0.7455700058636944,0.9999999999998883,1.501428571428549,0.0545418677152949,0.0545418677152949,1.2982834472733826,0,3.0843985877604396e-06,0.05077409744262695
0,lprand,jitter,0.0,0,5,0.003,0.9,1,101,0.008999999999999909,56,3.3333333333333335,0.26999999999999724,0.8999999999999909,0.9999999999999898,1,5,-0.14357142857142421,1.501428571428549,0.7278020127507344,0.9999999999999998,1.501428571428549,0.034955881538374256,0.034955881538374256,1.2982834472733826,0,3.0843985877604396e-06,0.051918745040893555
0,maxentw,jitter,0.0,0,5,0.003,0.9,1,101,0.008999999999999909,56,3.3333333333333335,0.26999999999999724,0.8999999999999909,0.9999999999999898,0,7,0.0,1.0000000000000002,0.7418110326783559,0.9999999999999784,1.0000000000000004,0.008398343854350565,0.013537793171246856,1.2982738767591573,0,3.0843985877604396e-06,0.058930158615112305
0,minnorm,jitter,0.0,0,7,0.003,0.9,1,101,0.008999999999999909,56,3.3333333333333335,0.26999999999999724,0.8999999999999909,0.9999999999999898,0,7,-0.13749999999999699,1.5892857142857006,0.8438914552575465,1.29607043140045,1.5892857142857006,0.20433058603883691,0.20433058603883691,1.29823757775317,0,3.0843985877604396e-06,0.007333993911743164
0,projgauss,jitter,0.0,0,7,0.003,0.9,1,101,0.008999999999999909,56,3.3333333333333335,0.26999999999999724,0.8999999999999909,0.9999999999999898,0,7,-0.11332958759461391,1.508138034814399,0.7387382760252847,1.0597315949364001,1.5081380348143991,0.05052383408855343,0.05052383408855343,1.2982636606601723,0,3.0843985877604396e-06,0.008534908294677734
0,spectral,jitter,0.0,0,7,0.003,0.9,1,101,0.008999999999999909,56,3.3333333333333335,0.26999999999999724,0.8999999999999909,0.9999999999999898,0,7,-0.09204908827618447,1.4252843026856399,0.7445096720331874,1.0022190016835357,1.4252843026856399,0.013363318378495914,0.013645257395560141,1.298273232457893,0,3.0843985877604396e-06,0.013512849807739258
0,spectralg,jitter,0.0,0,7,0.003,0.9,1,101,0.008999999999999909,56,3.3333333333333335,0.26999999999999724,0.8999999999999909,0.9999999999999898,0,7,-0.06014985080038428,1.3417405733231034,0.7433495079781437,1.0022190016835357,1.3417405733231034,0.013363318378495914,0.013610077497505797,1.298273232457893,0,3.0843985877604396e-06,0.028219223022460938
0,molfe,jitter,0.0,0,7,0.003,0.9,1,101,0.008999999999999909,56,3.3333333333333335,0.26999999999999724,0.8999999999999909,0.9999999999999898,0,7,-0.2785714285714259,2.1142857142857046,1.0189188418210833,54.43067871305853,7.18621408340655e+84,1.5118395877089057,1.5118395877089057,2.5029532305420035,0,3.0843985877604396e-06,0.0076410770416259766
0,molrk3,jitter,0.0,0,7,0.003,0.9,1,101,0.008999999999999909,56,3.3333333333333335,0.26999999999999724,0.8999999999999909,0.9999999999999898,0,7,-0.2791584620991227,2.06973996501457,1.0101658114522596,56.09279831575301,2.475553604364301e+47,1.4588982707598124,1.4588982707598124,2.45001191359291,0,3.0843985877604396e-06,0.008329153060913086
0,maxent,jitter,0.0,0,7,0.003,0.9,1,101,0.008999999999999909,56,3.3333333333333335,0.26999999999999724,0.8999999999999909,0.9999999999999898,0,7,0.0,1.0000000000000002,0.741315271354705,0.9999999999999005,1.000000000000001,0.008641698672216092,0.013537793171246856,1.2982732977488411,0,3.0843985877604396e-06,0.045687198638916016
0,lp,jitter,0.0,0,7,0.003,0.9,1,101,0.008999999999999909,56,3.3333333333333335,0.26999999999999724,0.8999999999999909,0.9999999999999898,0,7,0.0,1.0,0.744088182850073,0.9999999999999465,1.0,0.05080429148909826,0.05080429148909826,1.2982834472733826,0,3.0843985877604396e-06,0.05142688751220703
0,lprand,jitter,0.0,0,7,0.003,0.9,1,101,0.008999999999999909,56,3.3333333333333335,0.26999999999999724,0.8999999999999909,0.9999999999999898,0,7,0.0,1.0,0.7349413579280489,0.9999999999999998,1.0000000000000002,0.034969668835552414,0.034969668835552414,1.2982834472733826,0,3.0843985877604396e-06,0.05029916763305664
0,maxentw,jitter,0.0,0,7,0.003,0.9,1,101,0.008999999999999909,56,3.3333333333333335,0.26999999999999724,0.8999999999999909,0.9999999999999898,0,7,0.0,1.0000000000000002,0.741315271354705,0.9999999999999005,1.000000000000001,0.008641698672216092,0.013537793171246856,1.2982732977488411,0,3.0843985877604396e-06,0.04546976089477539
0,minnorm,jitter,0.1,0,3,0.003,0.9,1,101,0.007284204207073308,69,3.3333333333333335,0.21852612621219925,0.7284204207073308,0.8093560230081454,0,3,-0.2993530915881995,1.5987061831763998,0.7511885185080034,1.00001150580163,1.5987061831763998,0.10182409459079733,0.10182409459079733,1.2984805684520997,0,3.688560718861922e-06,0.008666753768920898
0,projgauss,jitter,0.1,0,3,0.003,0.9,1,101,0.007284204207073308,69,3.3333333333333335,0.21852612621219925,0.7284204207073308,0.8093560230081454,0,3,-0.2993530915881998,1.5987061831763998,0.789589360705487,1.000011505801629,1.5987061831763998,0.101824094590799,0.101824094590799,1.2984805684521006,0,3.688560718861922e-06,0.009373903274536133
0,spectral,jitter,0.1,0,3,0.003,0.9,1,101,0.007284204207073308,69,3.3333333333333335,0.21852612621219925,0.7284204207073308,0.8093560230081454,0,3,-0.2993530915881995,1.5987061831763998,0.7511885185080034,1.00001150580163,1.5987061831763998,0.10182409459079733,0.10182409459079733,1.2984805684520997,0,3.688560718861922e-06,0.009599924087524414
0,spectralg,jitter,0.1,0,3,0.003,0.9,1,101,0.007284204207073308,69,3.3333333333333335,0.21852612621219925,0.7284204207073308,0.8093560230081454,0,3,-0.2993530915881995,1.5987061831763998,0.7511885185080034,1.00001150580163,1.5987061831763998,0.10182409459079733,0.10182409459079733,1.2984805684520997,0,3.688560718861922e-06,0.009187698364257812
0,molfe,jitter,0.1,0,3,0.003,0.9,1,101,0.007284204207073308,69,3.3333333333333335,0.21852612621219925,0.7284204207073308,0.8093560230081454,0,3,-0.2481935160342711,1.496387032068542,0.8402481028609787,4.553641276036795,6.663659674969858,0.2633969332841972,0.2633969332841972,1.3068527532548297,0,3.688560718861922e-06,0.008295059204101562
0,molrk3,jitter,0.1,0,3,0.003,0.9,1,101,0.007284204207073308,69,3.3333333333333335,0.21852612621219925,0.7284204207073308,0.8093560230081454,0,3,-0.15421442751606132,1.3098012883041552,0.7835259191327155,1.19841281738896,1.3098012883041552,0.2388924505438772,0.2388924505438772,1.2984710324701876,0,3.688560718861922e-06,0.008491992950439453
0,maxent,jitter,0.1,0,3,0.003,0.9,1,101,0.007284204207073308,69,3.3333333333333335,0.21852612621219925,0.7284204207073308,0.8093560230081454,45,3,-0.2993530915881995,1.5987061831763998,0.7815508827524036,1.0000115058016097,1.5987061831763998,0.10182409460941588,0.10182409460941588,1.2984805684521004,0,3.688560718861922e-06,0.8014130592346191
0,lp,jitter,0.1,0,3,0.003,0.9,1,101,0.007284204207073308,69,3.3333333333333335,0.21852612621219925,0.7284204207073308,0.8093560230081454,45,3,-0.2993530915881995,1.5987061831763998,0.7836770003178514,1.000011505801632,1.5987061831763998,0.10182409459079644,0.10182409459079644,1.2984805684521006,0,3.688560718861922e-06,0.04715585708618164
0,lprand,jitter,0.1,0,3,0.003,0.9,1,101,0.007284204207073308,69,3.3333333333333335,0.21852612621219925,0.7284204207073308,0.8093560230081454,45,3,-0.2993530915881995,1.5987061831763998,0.7836770003178514,1.000011505801632,1.5987061831763998,0.10182409459079644,0.10182409459079644,1.2984805684521006,0,3.688560718861922e-06,0.04733419418334961
0,maxentw,jitter,0.1,0,3,0.003,0.9,1,101,0.007284204207073308,69,3.3333333333333335,0.21852612621219925,0.7284204207073308,0.8093560230081454,0,5,0.0,1.0000000000000002,0.7898591373558173,0.9999999999999983,1.0000000000000009,0.00926836621086391,0.00926836621086391,1.2984805684521004,0,3.688560718861922e-06,0.834169864654541
0,minnorm,jitter,0.1,0,5,0.003,0.9,1,101,0.007284204207073308,69,3.3333333333333335,0.21852612621219925,0.7284204207073308,0.8093560230081454,0,5,-0.10917910089724747,1.2183582017944938,0.7872808636565036,1.218417365977745,1.218417365977745,0.19641464811740228,0.19641464811740228,1.298467489690293,0,3.688560718861922e-06,0.009029865264892578
0,projgauss,jitter,0.1,0,5,0.003,0.9,1,101,0.007284204207073308,69,3.3333333333333335,0.21852612621219925,0.7284204207073308,0.8093560230081454,0,5,-0.09856854665946164,1.238307600360652,0.7810192691550913,1.115337406282875,1.238307600360652,0.10900471264098188,0.10900471264098188,1.2984716553035232,0,3.688560718861922e-06,0.009550809860229492
0,spectral,jitter,0.1,0,5,0.003,0.9,1,101,0.007284204207073308,69,3.3333333333333335,0.21852612621219925,0.7284204207073308,0.8093560230081454,0,5,-0.08063559348857004,1.2395993586079974,0.7858934353852676,0.9999999999918753,1.2395993586079976,0.0441703336155268,0.0441703336155268,1.298479158118721,0,3.688560718861922e-06,0.014636993408203125
0,spectralg,jitter,0.1,0,5,0.003,0.9,1,101,0.007284204207073308,69,3.3333333333333335,0.21852612621219925,0.7284204207073308,0.8093560230081454,0,5,-0.08063559348857004,1.2395993586079974,0.7858934353852676,0.9999999999918753,1.2395993586079976,0.0441703336155268,0.0441703336155268,1.298479158118721,0,3.688560718861922e-06,0.024631977081298828
0,molfe,jitter,0.1,0,5,0.003,0.9,1,101,0.007284204207073308,69,3.3333333333333335,0.21852612621219925,0.7284204207073308,0.8093560230081454,0,5,-0.3118620584870215,1.929626305664748,1.0269639232243315,3691.2639879258486,3.546482050459881e+125,3.0504453327580237,3.0504453327580237,4.025317571562609,0,3.688560718861922e-06,0.007956981658935547
0,molrk3,jitter,0.1,0,5,0.003,0.9,1,101,0.007284204207073308,69,3.3333333333333335,0.21852612621219925,0.7284204207073308,0.8093560230081454,0,5,-0.31869132918974796,1.8189951905390502,1.0159075176229564,5803.766028425685,1.4325716822515948e+79,2.988724484968225,2.988724484968225,3.9635967237728105,0,3.688560718861922e-06,0.007809638977050781
0,maxent,jitter,0.1,0,5,0.003,0.9,1,101,0.007284204207073308,69,3.3333333333333335,0.21852612621219925,0.7284204207073308,0.8093560230081454,0,5,0.0,1.0000000000000002,0.7856931397023328,0.9999999999999559,1.0000000000000007,0.010624986598606445,0.010624986598606445,1.298477755351036,0,3.688560718861922e-06,0.07459282875061035
0,lp,jitter,0.1,0,5,0.003,0.9,1,101,0.007284204207073308,69,3.3333333333333335,0.21852612621219925,0.7284204207073308,0.8093560230081454,0,5,0.0,1.0000000000000002,0.7851838177368087,1.0000000000000007,1.0000000000000007,0.04521339936445723,0.04521339936445723,1.298476870476579,0,3.688560718861922e-06,0.051577091217041016
0,lprand,jitter,0.1,0,5,0.003,0.9,1,101,0.007284204207073308,69,3.3333333333333335,0.21852612621219925,0.7284204207073308,0.8093560230081454,0,5,0.0,1.0000000000000002,0.787159080106993,1.0000000000000007,1.0000000000000007,0.045078846991334354,0.045078846991334354,1.298476870476579,0,3.688560718861922e-06,0.051809072494506836
0,maxentw,jitter,0.1,0,5,0.003,0.9,1,101,0.007284204207073308,69,3.3333333333333335,0.21852612621219925,0.7284204207073308,0.8093560230081454,0,5,0.0,1.0000000000000002,0.7856931397023328,0.9999999999999559,1.0000000000000007,0.010624986598606445,0.010624986598606445,1.298477755351036,0,3.688560718861922e-06,0.075836181640625
0,minnorm,jitter,0.1,0,7,0.003,0.9,1,101,0.007284204207073308,69,3.3333333333333335,0.21852612621219925,0.7284204207073308,0.8093560230081454,0,7,-0.12597887747446923,1.3523987090016156,0.8819879970591167,1.3239536317412148,1.3523987090016154,0.21711095973532069,0.21711095973532069,1.298444258986824,0,3.688560718861922e-06,0.007336854934692383
0,projgauss,jitter,0.1,0,7,0.003,0.9,1,101,0.007284204207073308,69,3.3333333333333335,0.21852612621219925,0.7284204207073308,0.8093560230081454,0,7,-0.08241825847123474,1.359282443319718,0.7905324751959926,1.0629766733599633,1.3592824433197181,0.048173504616716656,0.048173504616716656,1.2984665093142314,0,3.688560718861922e-06,0.008262157440185547
0,spectral,jitter,0.1,0,7,0.003,0.9,1,101,0.007284204207073308,69,3.3333333333333335,0.21852612621219925,0.7284204207073308,0.8093560230081454,0,7,-0.056382071683495294,1.1967858951549506,0.7859173731304846,1.0005606151729154,1.1967858951549506,0.052157506288640354,0.052157506288640354,1.2984735041612412,0,3.688560718861922e-06,0.014707088470458984
0,spectralg,jitter,0.1,0,7,0.003,0.9,1,101,0.007284204207073308,69,3.3333333333333335,0.21852612621219925,0.7284204207073308,0.8093560230081454,0,7,-0.05145877243990302,1.183552476377145,0.7841030910516006,1.0005606151729154,1.1835524763771446,0.052157506288640354,0.052157506288640354,1.2984735041612412,0,3.688560718861922e-06,0.028833866119384766
0,molfe,jitter,0.1,0,7,0.003,0.9,1,101,0.007284204207073308,69,3.3333333333333335,0.21852612621219925,0.7284204207073308,0.8093560230081454,0,7,-0.22703309665722388,1.8811611636512198,1.0139227379880207,49.36234696771828,3.420279677334083e+63,1.218424480972914,1.218424480972914,2.1932967197774995,0,3.688560718861922e-06,0.007832765579223633
0,molrk3,jitter,0.1,0,7,0.003,0.9,1,101,0.007284204207073308,69,3.3333333333333335,0.21852612621219925,0.7284204207073308,0.8093560230081454,0,7,-0.2263857073311264,1.8523785946733282,1.0081619345496806,51.73164220220945,5.319992820100197e+38,1.1757350167656238,1.1757350167656238,2.1506072555702094,0,3.688560718861922e-06,0.007892131805419922
0,maxent,jitter,0.1,0,7,0.003,0.9,1,101,0.007284204207073308,69,3.3333333333333335,0.21852612621219925,0.7284204207073308,0.8093560230081454,0,7,0.0,1.0000000000000004,0.7852729886675244,0.9999999999999307,1.0000000000000007,0.010625266454576177,0.010625266454576177,1.2984777157495697,0,3.688560718861922e-06,0.14850091934204102
0,lp,jitter,0.1,0,7,0.003,0.9,1,101,0.007284204207073308,69,3.3333333333333335,0.21852612621219925,0.7284204207073308,0.8093560230081454,0,7,0.0,1.0,0.7816157361164467,1.0,1.0000000000000004,0.045030628881644,0.045030628881644,1.2984768704765792,0,3.688560718861922e-06,0.05142807960510254
0,lprand,jitter,0.1,0,7,0.003,0.9,1,101,0.007284204207073308,69,3.3333333333333335,0.21852612621219925,0.7284204207073308,0.8093560230081454,0,7,0.0,1.0000000000000002,0.7927212503038197,0.9999999999999994,1.0000000000000002,0.0449647120329133,0.0449647120329133,1.2984768704765792,0,3.688560718861922e-06,0.05229616165161133
0,maxentw,jitter,0.1,0,7,0.003,0.9,1,101,0.007284204207073308,69,3.3333333333333335,0.21852612621219925,0.7284204207073308,0.8093560230081454,0,7,0.0,1.0000000000000004,0.7852729886675244,0.9999999999999307,1.0000000000000007,0.010625266454576177,0.010625266454576177,1.2984777157495697,0,3.688560718861922e-06,0.14926886558532715
0,minnorm,jitter,0.1,1,3,0.003,0.9,1,101,0.007420131309371925,68,3.3333333333333335,0.22260393928115774,0.7420131309371925,0.8244590343746583,0,3,-0.3243022349620823,1.6486044699241644,0.8020321140906659,10.125408308435446,21.36041404668324,0.11241845289551144,0.11241845289551144,1.2984715215933331,0,2.917181660566648e-06,0.007761955261230469
0,projgauss,jitter,0.1,1,3,0.003,0.9,1,101,0.007420131309371925,68,3.3333333333333335,0.22260393928115774,0.7420131309371925,0.8244590343746583,0,3,-0.3243022349620822,1.648604469924164,0.8135174003179524,10.125408308435379,21.360414046683033,0.11241845289551655,0.11241845289551655,1.2984715215933327,0,2.917181660566648e-06,0.009015083312988281
0,spectral,jitter,0.1,1,3,0.003,0.9,1,101,0.007420131309371925,68,3.3333333333333335,0.22260393928115774,0.7420131309371925,0.8244590343746583,0,3,-0.3243022349620823,1.6486044699241644,0.8020321140906659,10.125408308435446,21.36041404668324,0.11241845289551144,0.11241845289551144,1.2984715215933331,0,2.917181660566648e-06,0.008346080780029297
0,spectralg,jitter,0.1,1,3,0.003,0.9,1,101,0.007420131309371925,68,3.3333333333333335,0.22260393928115774,0.7420131309371925,0.8244590343746583,0,3,-0.3243022349620823,1.6486044699241644,0.8020321140906659,10.125408308435446,21.36041404668324,0.11241845289551144,0.11241845289551144,1.2984715215933331,0,2.917181660566648e-06,0.009775876998901367
0,molfe,jitter,0.1,1,3,0.003,0.9,1,101,0.007420131309371925,68,3.3333333333333335,0.22260393928115774,0.7420131309371925,0.8244590343746583,0,3,-0.2345365945065914,1.4690731890131823,0.8531378804880192,5.296615058676124,8.297937375153056,0.20857412110476947,0.20857412110476947,1.3078702410500733,0,2.917181660566648e-06,0.01007986068725586
0,molrk3,jitter,0.1,1,3,0.003,0.9,1,101,0.007420131309371925,68,3.3333333333333335,0.22260393928115774,0.7420131309371925,0.8244590343746583,0,3,-0.1470171904943401,1.2951597456514903,0.7776814001160319,1.156188697767895,1.2951597456514903,0.18376608556315388,0.18376608556315388,1.298460756445209,0,2.917181660566648e-06,0.008829116821289062
0,maxent,jitter,0.1,1,3,0.003,0.9,1,101,0.007420131309371925,68,3.3333333333333335,0.22260393928115774,0.7420131309371925,0.8244590343746583,45,3,-0.3243022349620823,1.6486044699241644,0.8196314362753767,10.125408271633678,21.360413967734758,0.11241845293538966,0.11241845293538966,1.2984715215933327,0,2.917181660566648e-06,0.7533738613128662
0,lp,jitter,0.1,1,3,0.003,0.9,1,101,0.007420131309371925,68,3.3333333333333335,0.22260393928115774,0.7420131309371925,0.8244590343746583,45,3,-0.3243022349620823,1.6486044699241644,0.813014774727051,10.125408308435404,21.360414046683108,0.11241845289551577,0.11241845289551577,1.2984715215933327,0,2.917181660566648e-06,0.0493009090423584
0,lprand,jitter,0.1,1,3,0.003,0.9,1,101,0.007420131309371925,68,3.3333333333333335,0.22260393928115774,0.7420131309371925,0.8244590343746583,45,3,-0.3243022349620823,1.6486044699241644,0.813014774727051,10.125408308435404,21.360414046683108,0.11241845289551577,0.11241845289551577,1.2984715215933327,0,2.917181660566648e-06,0.048844099044799805
0,maxentw,jitter,0.1,1,3,0.003,0.9,1,101,0.007420131309371925,68,3.3333333333333335,0.22260393928115774,0.7420131309371925,0.8244590343746583,0,5,0.0,1.0000000000000002,0.7813784588507249,0.9999999999999883,1.0000000000000007,0.004122274447746155,0.008224687073404006,1.2984715215933327,0,2.917181660566648e-06,0.7829272747039795
0,minnorm,jitter,0.1,1,5,0.003,0.9,1,101,0.007420131309371925,68,3.3333333333333335,0.22260393928115774,0.7420131309371925,0.8244590343746583,0,5,-0.10736419849904891,1.2147283969980978,0.7814712334958628,1.1960507851039037,1.2147283969980978,0.17709094023251115,0.17709094023251115,1.2984550690957024,0,2.917181660566648e-06,0.007880926132202148
0,projgauss,jitter,0.1,1,5,0.003,0.9,1,101,0.007420131309371925,68,3.3333333333333335,0.22260393928115774,0.7420131309371925,0.8244590343746583,0,5,-0.10579124393232003,1.308663951310029,0.7708992653397626,1.0972513726173576,1.3086639513100289,0.09222911917364551,0.09222911917364551,1.2984604394485424,0,2.917181660566648e-06,0.00869297981262207
0,spectral,jitter,0.1,1,5,0.003,0.9,1,101,0.007420131309371925,68,3.3333333333333335,0.22260393928115774,0.7420131309371925,0.8244590343746583,0,5,-0.08782172215603994,1.2511989716536969,0.7873408108857319,1.0000006762962743,1.2511989716536969,0.026547468709871458,0.026547468709871458,1.2984669371793793,0,2.917181660566648e-06,0.012983083724975586
0,spectralg,jitter,0.1,1,5,0.003,0.9,1,101,0.007420131309371925,68,3.3333333333333335,0.22260393928115774,0.7420131309371925,0.8244590343746583,0,5,-0.08780704293445515,1.25106396788528,0.7874416749208716,1.0000006762962743,1.2510639678852802,0.026547468709871458,0.026547468709871458,1.2984669371793793,0,2.917181660566648e-06,0.02432417869567871
0,molfe,jitter,0.1,1,5,0.003,0.9,1,101,0.007420131309371925,68,3.3333333333333335,0.22260393928115774,0.7420131309371925,0.8244590343746583,0,5,-0.295682802189454,1.9639814255515353,1.0286940023894378,4057.2254089819553,7.054874789512719e+131,2.803706098408175,2.803706098408175,3.7996803240479347,0,2.917181660566648e-06,0.008772850036621094
0,molrk3,jitter,0.1,1,5,0.003,0.9,1,101,0.007420131309371925,68,3.3333333333333335,0.22260393928115774,0.7420131309371925,0.8244590343746583,0,5,-0.301425277010084,1.8618652495390826,1.0168517186787611,6398.190646890619,3.668841474306725e+81,2.7482613971665923,2.7482613971665923,3.744235622806352,0,2.917181660566648e-06,0.008162975311279297
0,maxent,jitter,0.1,1,5,0.003,0.9,1,101,0.007420131309371925,68,3.3333333333333335,0.22260393928115774,0.7420131309371925,0.8244590343746583,0,5,0.0,1.0000000000000002,0.7806862710209354,0.9999999999999336,1.0000000000000007,0.005478655964272217,0.008168990235091565,1.2984668958589634,0,2.917181660566648e-06,0.06454682350158691
0,lp,jitter,0.1,1,5,0.003,0.9,1,101,0.007420131309371925,68,3.3333333333333335,0.22260393928115774,0.7420131309371925,0.8244590343746583,0,5,0.0,1.0000000000000002,0.7780114626397107,0.999999999999777,1.0000000000000004,0.08436730683051441,0.08436730683051441,1.2984737892065445,0,2.917181660566648e-06,0.05217409133911133
0,lprand,jitter,0.1,1,5,0.003,0.9,1,101,0.007420131309371925,68,3.3333333333333335,0.22260393928115774,0.7420131309371925,0.8244590343746583,0,5,0.0,1.0,0.7602128822707409,1.0,1.0000000000000004,0.03218310053073081,0.03218310053073081,1.2984658179336943,0,2.917181660566648e-06,0.05032706260681152
0,maxentw,jitter,0.1,1,5,0.003,0.9,1,101,0.007420131309371925,68,3.3333333333333335,0.22260393928115774,0.7420131309371925,0.8244590343746583,0,5,0.0,1.0000000000000002,0.7806862710209354,0.9999999999999336,1.0000000000000007,0.005478655964272217,0.008168990235091565,1.2984668958589634,0,2.917181660566648e-06,0.06426215171813965
0,minnorm,jitter,0.1,1,7,0.003,0.9,1,101,0.007420131309371925,68,3.3333333333333335,0.22260393928115774,0.7420131309371925,0.8244590343746583,0,7,-0.12318995618118476,1.372338343200654,0.8791234224504375,1.3325720963485388,1.372338343200654,0.23251553069092168,0.23251553069092168,1.3153594894519953,0,2.917181660566648e-06,0.007436990737915039
0,projgauss,jitter,0.1,1,7,0.003,0.9,1,101,0.007420131309371925,68,3.3333333333333335,0.22260393928115774,0.7420131309371925,0.8244590343746583,0,7,-0.07502157861480739,1.3494866404202628,0.78295366093418,1.074503723962755,1.3494866404202628,0.06005629998188655,0.06005629998188655,1.2984561055135306,0,2.917181660566648e-06,0.008295059204101562
0,spectral,jitter,0.1,1,7,0.003,0.9,1,101,0.007420131309371925,68,3.3333333333333335,0.22260393928115774,0.7420131309371925,0.8244590343746583,0,7,-0.05892346565148499,1.2182890268657143,0.7799524026937212,1.0004346400364335,1.2182890268657143,0.029177613204552255,0.029177613204552255,1.2984660394743455,0,2.917181660566648e-06,0.01421499252319336
0,spectralg,jitter,0.1,1,7,0.003,0.9,1,101,0.007420131309371925,68,3.3333333333333335,0.22260393928115774,0.7420131309371925,0.8244590343746583,0,7,-0.046578103635531,1.1974250200722996,0.7753669126613627,1.0004346400364335,1.1974250200722998,0.029177613204552255,0.029177613204552255,1.2984660394743455,0,2.917181660566648e-06,0.029872894287109375
0,molfe,jitter,0.1,1,7,0.003,0.9,1,101,0.007420131309371925,68,3.3333333333333335,0.22260393928115774,0.7420131309371925,0.8244590343746583,0,7,-0.22547775532892655,1.9236087116830933,1.0143623633553696,52.86803626791342,2.6293172566331693e+65,1.4854900835928557,1.4854900835928557,2.4814643092326154,0,2.917181660566648e-06,0.007695913314819336
0,molrk3,jitter,0.1,1,7,0.003,0.9,1,101,0.007420131309371925,68,3.3333333333333335,0.22260393928115774,0.7420131309371925,0.8244590343746583,0,7,-0.22583107481465362,1.8943479006515678,1.0083985002945213,53.895211847844784,6.060258549261587e+39,1.441591250901221,1.441591250901221,2.4375654765409807,0,2.917181660566648e-06,0.007338047027587891
0,maxent,jitter,0.1,1,7,0.003,0.9,1,101,0.007420131309371925,68,3.3333333333333335,0.22260393928115774,0.7420131309371925,0.8244590343746583,0,7,0.0,1.0000000000000002,0.7879507211461306,0.9999999999999013,1.0000000000000009,0.005481301245121695,0.0081727027057104,1.2984667867826354,0,2.917181660566648e-06,0.1452805995941162
0,lp,jitter,0.1,1,7,0.003,0.9,1,101,0.007420131309371925,68,3.3333333333333335,0.22260393928115774,0.7420131309371925,0.8244590343746583,0,7,0.0,1.0000000000000002,0.7815690268194769,1.0,1.0000000000000004,0.03237740550193846,0.03237740550193846,1.2984737892065445,0,2.917181660566648e-06,0.051325082778930664
0,lprand,jitter,0.1,1,7,0.003,0.9,1,101,0.007420131309371925,68,3.3333333333333335,0.22260393928115774,0.7420131309371925,0.8244590343746583,0,7,0.0,1.0000000000000002,0.783542874202963,1.0000000000000009,1.0000000000000009,0.03216251634945,0.03216251634945,1.2984658179336943,0,2.917181660566648e-06,0.051264047622680664
0,maxentw,jitter,0.1,1,7,0.003,0.9,1,101,0.007420131309371925,68,3.3333333333333335,0.22260393928115774,0.7420131309371925,0.8244590343746583,0,7,0.0,1.0000000000000002,0.7879507211461306,0.9999999999999013,1.0000000000000009,0.005481301245121695,0.0081727027057104,1.2984667867826354,0,2.917181660566648e-06,0.14476323127746582
0,minnorm,jitter,0.25,0,3,0.003,0.9,1,101,0.004109057284667606,122,3.3333333333333335,0.12327171854002816,0.41090572846676054,0.5233900575203676,0,3,-0.14436790100697375,1.2887358020139477,0.8082124786022398,1.010821686957145,1.2887358020139479,0.04303491689582695,0.04303491689582695,1.2983993686035977,0,4.765670659989674e-06,0.007422924041748047
0,projgauss,jitter,0.25,0,3,0.003,0.9,1,101,0.004109057284667606,122,3.3333333333333335,0.12327171854002816,0.41090572846676054,0.5233900575203676,0,3,-0.14436790100697378,1.2887358020139474,0.8082126160294193,1.010821686957149,1.2887358020139477,0.0430349168958295,0.0430349168958295,1.2983993686035984,0,4.765670659989674e-06,0.008241891860961914
0,spectral,jitter,0.25,0,3,0.003,0.9,1,101,0.004109057284667606,122,3.3333333333333335,0.12327171854002816,0.41090572846676054,0.5233900575203676,0,3,-0.14436790100697375,1.2887358020139477,0.8082124786022398,1.010821686957145,1.2887358020139479,0.04303491689582695,0.04303491689582695,1.2983993686035977,0,4.765670659989674e-06,0.008260011672973633
0,spectralg,jitter,0.25,0,3,0.003,0.9,1,101,0.004109057284667606,122,3.3333333333333335,0.12327171854002816,0.41090572846676054,0.5233900575203676,0,3,-0.14436790100697375,1.2887358020139477,0.8082124786022398,1.010821686957145,1.2887358020139479,0.04303491689582695,0.04303491689582695,1.2983993686035977,0,4.765670659989674e-06,0.008564949035644531
0,molfe,jitter,0.25,0,3,0.003,0.9,1,101,0.004109057284667606,122,3.3333333333333335,0.12327171854002816,0.41090572846676054,0.5233900575203676,0,3,-0.2868216198452155,1.5736432396904307,0.8823570526497786,1.4176480145180907,1.8062572191893853,0.22156760224333927,0.22156760224333927,1.2988296809736828,0,4.765670659989674e-06,0.008649110794067383
0,molrk3,jitter,0.25,0,3,0.003,0.9,1,101,0.004109057284667606,122,3.3333333333333335,0.12327171854002816,0.41090572846676054,0.5233900575203676,0,3,-0.2133762206987823,1.4271867526471425,0.8714748777002495,1.1332576410984896,1.629101707455398,0.23221884440191243,0.23221884440191243,1.298394666719973,0,4.765670659989674e-06,0.009039878845214844
0,maxent,jitter,0.25,0,3,0.003,0.9,1,101,0.004109057284667606,122,3.3333333333333335,0.12327171854002816,0.41090572846676054,0.5233900575203676,48,3,-0.14436790100697375,1.2887358020139477,0.831230238253568,1.0108216869571847,1.2887358020139479,0.04303491688347971,0.04303491688347971,1.2983993686035977,0,4.765670659989674e-06,0.8210690021514893
0,lp,jitter,0.25,0,3,0.003,0.9,1,101,0.004109057284667606,122,3.3333333333333335,0.12327171854002816,0.41090572846676054,0.5233900575203676,48,3,-0.14436790100697375,1.2887358020139477,0.8528001371756428,1.0108216869571416,1.2887358020139479,0.043034916895818176,0.043034916895818176,1.2983993686035977,0,4.765670659989674e-06,0.04766392707824707
0,lprand,jitter,0.25,0,3,0.003,0.9,1,101,0.004109057284667606,122,3.3333333333333335,0.12327171854002816,0.41090572846676054,0.5233900575203676,48,3,-0.14436790100697375,1.2887358020139477,0.8528001576557507,1.0108216869571418,1.2887358020139479,0.043034916895818176,0.043034916895818176,1.2983993686035977,0,4.765670659989674e-06,0.04691314697265625
0,maxentw,jitter,0.25,0,3,0.003,0.9,1,101,0.004109057284667606,122,3.3333333333333335,0.12327171854002816,0.41090572846676054,0.5233900575203676,47,5,-0.14436790100697375,1.2887358020139477,0.8596894487930238,1.0108209165896551,1.2887358020139479,0.0430262794870363,0.0430262794870363,1.2983993686035977,0,4.765670659989674e-06,2.972174882888794
0,minnorm,jitter,0.25,0,5,0.003,0.9,1,101,0.004109057284667606,122,3.3333333333333335,0.12327171854002816,0.41090572846676054,0.5233900575203676,0,5,-0.15147089723848264,1.326421200768344,0.8925671896994012,1.6488169789990292,1.6488169789990292,0.5741724296899255,0.5741724296899255,1.6110227116033808,0,4.765670659989674e-06,0.008226871490478516
0,projgauss,jitter,0.25,0,5,0.003,0.9,1,101,0.004109057284667606,122,3.3333333333333335,0.12327171854002816,0.41090572846676054,0.5233900575203676,0,5,-0.1244272257180601,1.2780155755268554,0.8775623048472565,1.4824666897790284,1.4824666897790284,0.4394854545339675,0.4394854545339675,1.4763357364474228,0,4.765670659989674e-06,0.009064197540283203
0,spectral,jitter,0.25,0,5,0.003,0.9,1,101,0.004109057284667606,122,3.3333333333333335,0.12327171854002816,0.41090572846676054,0.5233900575203676,0,5,-0.23650274623585188,1.8353373356704439,0.878968462841884,1.000040680192604,1.8353373356704439,0.1767521488552971,0.1767521488552971,1.298410795260058,0,4.765670659989674e-06,0.015380859375
0,spectralg,jitter,0.25,0,5,0.003,0.9,1,101,0.004109057284667606,122,3.3333333333333335,0.12327171854002816,0.41090572846676054,0.5233900575203676,0,5,-0.23650274623585188,1.8353373356704439,0.878968462841884,1.000040680192604,1.8353373356704439,0.1767521488552971,0.1767521488552971,1.298410795260058,0,4.765670659989674e-06,0.025610923767089844
0,molfe,jitter,0.25,0,5,0.003,0.9,1,101,0.004109057284667606,122,3.3333333333333335,0.12327171854002816,0.41090572846676054,0.5233900575203676,0,5,-0.19809244062814996,1.4986974707561052,1.0225007877026824,2674.8541453367834,6.741881762327343e+102,3.160285337182641,3.160285337182641,4.106871418161253,0,4.765670659989674e-06,0.008440732955932617
0,molrk3,jitter,0.25,0,5,0.003,0.9,1,101,0.004109057284667606,122,3.3333333333333335,0.12327171854002816,0.41090572846676054,0.5233900575203676,0,5,-0.20229395302415532,1.4642962770337848,1.0190530825515773,3311.703813942604,1.3922415945588825e+88,3.1500216177434615,3.1500216177434615,4.096607698722074,0,4.765670659989674e-06,0.00839686393737793
0,maxent,jitter,0.25,0,5,0.003,0.9,1,101,0.004109057284667606,122,3.3333333333333335,0.12327171854002816,0.41090572846676054,0.5233900575203676,47,5,-0.15147089723848264,1.326421200768344,0.9093066624215542,1.8764404861115438,1.8764404861115438,0.7540634916086064,0.7540634916086064,1.7909137735220617,0,4.765670659989674e-06,0.8841288089752197
0,lp,jitter,0.25,0,5,0.003,0.9,1,101,0.004109057284667606,122,3.3333333333333335,0.12327171854002816,0.41090572846676054,0.5233900575203676,47,5,-0.15147089723848264,1.326421200768344,0.918646741008372,1.9985447813525716,1.9985447813525716,0.8671029719447964,0.8671029719447964,1.8786784573570392,0,4.765670659989674e-06,0.04670000076293945
0,lprand,jitter,0.25,0,5,0.003,0.9,1,101,0.004109057284667606,122,3.3333333333333335,0.12327171854002816,0.41090572846676054,0.5233900575203676,47,5,-0.15147089723848264,1.326421200768344,0.9155529419591294,1.9504635363199967,1.9504635363199967,0.8298346212048063,0.8298346212048063,1.8449137582156157,0,4.765670659989674e-06,0.04798603057861328
0,maxentw,jitter,0.25,0,5,0.003,0.9,1,101,0.004109057284667606,122,3.3333333333333335,0.12327171854002816,0.41090572846676054,0.5233900575203676,47,5,-0.15147089723848264,1.326421200768344,0.9093066624215542,1.8764404861115438,1.8764404861115438,0.7540634916086064,0.7540634916086064,1.7909137735220617,0,4.765670659989674e-06,3.034940004348755
0,minnorm,jitter,0.25,0,7,0.003,0.9,1,101,0.004109057284667606,122,3.3333333333333335,0.12327171854002816,0.41090572846676054,0.5233900575203676,0,7,-0.1440772137095506,1.3856778641900196,0.9400379099071877,1.3863201625017862,1.3863201625017862,0.2572188976444505,0.2572188976444505,1.334328337357924,0,4.765670659989674e-06,0.00710296630859375
0,projgauss,jitter,0.25,0,7,0.003,0.9,1,101,0.004109057284667606,122,3.3333333333333335,0.12327171854002816,0.41090572846676054,0.5233900575203676,0,7,-0.0681723016114807,1.2491363610981556,0.898494812217344,1.1102716967958228,1.2491363610981556,0.13675577239736558,0.13675577239736558,1.2983803816396327,0,4.765670659989674e-06,0.008898019790649414
0,spectral,jitter,0.25,0,7,0.003,0.9,1,101,0.004109057284667606,122,3.3333333333333335,0.12327171854002816,0.41090572846676054,0.5233900575203676,0,7,-0.3794357125304777,2.122210424092443,0.8707515494246899,1.0211444362691275,2.122210424092443,0.20645869147588347,0.20645869147588347,1.2983823850570682,0,4.765670659989674e-06,0.014999866485595703
0,spectralg,jitter,0.25,0,7,0.003,0.9,1,101,0.004109057284667606,122,3.3333333333333335,0.12327171854002816,0.41090572846676054,0.5233900575203676,0,7,-0.3794357125304777,2.122210424092443,0.8707515494246899,1.0211444362691275,2.122210424092443,0.20645869147588347,0.20645869147588347,1.2983823850570682,0,4.765670659989674e-06,0.029109954833984375
0,molfe,jitter,0.25,0,7,0.003,0.9,1,101,0.004109057284667606,122,3.3333333333333335,0.12327171854002816,0.41090572846676054,0.5233900575203676,0,7,-0.12894739907755526,1.481656084327202,1.0062367805117618,57.57843065688181,1.0622345627345913e+31,1.3211743357815744,1.3211743357815744,1.8383216553129385,0,4.765670659989674e-06,0.008321046829223633
0,molrk3,jitter,0.25,0,7,0.003,0.9,1,101,0.004109057284667606,122,3.3333333333333335,0.12327171854002816,0.41090572846676054,0.5233900575203676,0,7,-0.12822377297246143,1.4723383776169137,1.004415586123444,59.51102124180519,1.9734666928523373e+23,1.3427410279762624,1.3427410279762624,1.8141698376484614,0,4.765670659989674e-06,0.008296966552734375
0,maxent,jitter,0.25,0,7,0.003,0.9,1,101,0.004109057284667606,122,3.3333333333333335,0.12327171854002816,0.41090572846676054,0.5233900575203676,47,7,-0.1440772137095506,1.3856778641900196,0.901046325227946,1.0643399837772731,1.3856778641900196,0.04364695696263565,0.04364695696263565,1.2983764094313441,0,4.765670659989674e-06,0.8630449771881104
0,lp,jitter,0.25,0,7,0.003,0.9,1,101,0.004109057284667606,122,3.3333333333333335,0.12327171854002816,0.41090572846676054,0.5233900575203676,47,7,-0.1440772137095506,1.3856778641900196,0.898877413140683,1.060427825671409,1.3856778641900196,0.036596048081089405,0.036596048081089405,1.2983766983328524,0,4.765670659989674e-06,0.048270225524902344
0,lprand,jitter,0.25,0,7,0.003,0.9,1,101,0.004109057284667606,122,3.3333333333333335,0.12327171854002816,0.41090572846676054,0.5233900575203676,47,7,-0.1440772137095506,1.3856778641900196,0.9022740260220866,1.0630867234319308,1.3856778641900196,0.03855301924298016,0.03855301924298016,1.2983767470522993,0,4.765670659989674e-06,0.04749798774719238
0,maxentw,jitter,0.25,0,7,0.003,0.9,1,101,0.004109057284667606,122,3.3333333333333335,0.12327171854002816,0.41090572846676054,0.5233900575203676,47,7,-0.1440772137095506,1.3856778641900196,0.901046325227946,1.0643399837772731,1.3856778641900196,0.04364695696263565,0.04364695696263565,1.2983764094313441,0,4.765670659989674e-06,3.0244030952453613
0,minnorm,jitter,0.25,1,3,0.003,0.9,1,101,0.004723299198038042,106,3.3333333333333335,0.14169897594114125,0.4723299198038042,0.5611475859366555,0,3,-0.1874616148102715,1.3749232296205425,0.85691768156226,1.010924297593518,1.3749232296205425,0.03190022164582329,0.03190022164582329,1.2982836149636325,0,2.64015715278898e-06,0.007660627365112305
0,projgauss,jitter,0.25,1,3,0.003,0.9,1,101,0.004723299198038042,106,3.3333333333333335,0.14169897594114125,0.4723299198038042,0.5611475859366555,0,3,-0.1874616148102713,1.374923229620542,0.8567166014195194,1.0109242975935264,1.374923229620542,0.03190022164581574,0.03190022164581574,1.2982836149636303,0,2.64015715278898e-06,0.009263038635253906
0,spectral,jitter,0.25,1,3,0.003,0.9,1,101,0.004723299198038042,106,3.3333333333333335,0.14169897594114125,0.4723299198038042,0.5611475859366555,0,3,-0.1874616148102715,1.3749232296205425,0.85691768156226,1.010924297593518,1.3749232296205425,0.03190022164582329,0.03190022164582329,1.2982836149636325,0,2.64015715278898e-06,0.008270025253295898
0,spectralg,jitter,0.25,1,3,0.003,0.9,1,101,0.004723299198038042,106,3.3333333333333335,0.14169897594114125,0.4723299198038042,0.5611475859366555,0,3,-0.1874616148102715,1.3749232296205425,0.85691768156226,1.010924297593518,1.3749232296205425,0.03190022164582329,0.03190022164582329,1.2982836149636325,0,2.64015715278898e-06,0.008738040924072266
0,molfe,jitter,0.25,1,3,0.003,0.9,1,101,0.004723299198038042,106,3.3333333333333335,0.14169897594114125,0.4723299198038042,0.5611475859366555,0,3,-0.28278003104175575,1.5655600620835113,0.85835465253935,1.3331292266186403,1.6082445493856872,0.10038217394103555,0.10038217394103555,1.2988524660668217,0,2.64015715278898e-06,0.009405851364135742
0,molrk3,jitter,0.25,1,3,0.003,0.9,1,101,0.004723299198038042,106,3.3333333333333335,0.14169897594114125,0.4723299198038042,0.5611475859366555,0,3,-0.1982211795993578,1.3965105557545137,0.8514713243048835,1.0922838190928201,1.4114711734988266,0.08602114947656281,0.08602114947656281,1.2982767067037007,0,2.64015715278898e-06,0.008781671524047852
0,maxent,jitter,0.25,1,3,0.003,0.9,1,101,0.004723299198038042,106,3.3333333333333335,0.14169897594114125,0.4723299198038042,0.5611475859366555,44,3,-0.1874616148102715,1.3749232296205425,0.8147885582621346,1.010924297593517,1.3749232296205425,0.03190022164583861,0.03190022164583861,1.2982836149636325,0,2.64015715278898e-06,0.7370419502258301
0,lp,jitter,0.25,1,3,0.003,0.9,1,101,0.004723299198038042,106,3.3333333333333335,0.14169897594114125,0.4723299198038042,0.5611475859366555,44,3,-0.1874616148102715,1.3749232296205425,0.7505204572462597,1.0109242975935153,1.3749232296205425,0.031900221645825955,0.031900221645825955,1.2982836149636325,0,2.64015715278898e-06,0.04703783988952637
0,lprand,jitter,0.25,1,3,0.003,0.9,1,101,0.004723299198038042,106,3.3333333333333335,0.14169897594114125,0.4723299198038042,0.5611475859366555,44,3,-0.1874616148102715,1.3749232296205425,0.7505204589280118,1.0109242975935153,1.3749232296205425,0.031900221645825955,0.031900221645825955,1.2982836149636325,0,2.64015715278898e-06,0.04702615737915039
0,maxentw,jitter,0.25,1,3,0.003,0.9,1,101,0.004723299198038042,106,3.3333333333333335,0.14169897594114125,0.4723299198038042,0.5611475859366555,40,5,-0.10971351940867913,1.2194270388173578,0.8152247572024612,1.0109243004362793,1.2194270388173578,0.03191762909592233,0.03191762909592233,1.2982836149636325,0,2.64015715278898e-06,2.5688438415527344
0,minnorm,jitter,0.25,1,5,0.003,0.9,1,101,0.004723299198038042,106,3.3333333333333335,0.14169897594114125,0.4723299198038042,0.5611475859366555,0,5,-0.13748302855093167,1.2883058289201335,0.8719887295666552,1.3437457552503387,1.3502619751446294,0.29410731090146136,0.29410731090146136,1.3350427192787693,0,2.64015715278898e-06,0.007164955139160156
0,projgauss,jitter,0.25,1,5,0.003,0.9,1,101,0.004723299198038042,106,3.3333333333333335,0.14169897594114125,0.4723299198038042,0.5611475859366555,0,5,-0.10951999117067324,1.2535516957674278,0.8559412621623875,1.2413474958546236,1.2535516957674278,0.21761561691463105,0.21761561691463105,1.298272004402584,0,2.64015715278898e-06,0.008647918701171875
0,spectral,jitter,0.25,1,5,0.003,0.9,1,101,0.004723299198038042,106,3.3333333333333335,0.14169897594114125,0.4723299198038042,0.5611475859366555,0,5,-0.22983143509060733,1.791644341070356,0.8599795400083522,1.0000674238768332,1.791644341070356,0.08816901286333034,0.08816901286333034,1.298289985652766,0,2.64015715278898e-06,0.013672113418579102
0,spectralg,jitter,0.25,1,5,0.003,0.9,1,101,0.004723299198038042,106,3.3333333333333335,0.14169897594114125,0.4723299198038042,0.5611475859366555,0,5,-0.22983143509060733,1.791644341070356,0.8599795400083522,1.0000674238768332,1.791644341070356,0.08816901286333034,0.08816901286333034,1.298289985652766,0,2.64015715278898e-06,0.02486896514892578
0,molfe,jitter,0.25,1,5,0.003,0.9,1,101,0.004723299198038042,106,3.3333333333333335,0.14169897594114125,0.4723299198038042,0.5611475859366555,0,5,-0.18731805756463168,1.601040276375362,1.0214955173254139,2734.3341926075004,1.0126219217092945e+100,3.233934739601514,3.233934739601514,4.224013100399393,0,2.64015715278898e-06,0.007772922515869141
0,molrk3,jitter,0.25,1,5,0.003,0.9,1,101,0.004723299198038042,106,3.3333333333333335,0.14169897594114125,0.4723299198038042,0.5611475859366555,0,5,-0.19059052981797694,1.5653185064865287,1.0176190824110325,3243.864084971168,3.3968759922812445e+83,3.187662832162224,3.187662832162224,4.177741192960103,0,2.64015715278898e-06,0.00764012336730957
0,maxent,jitter,0.25,1,5,0.003,0.9,1,101,0.004723299198038042,106,3.3333333333333335,0.14169897594114125,0.4723299198038042,0.5611475859366555,40,5,-0.13748302855093167,1.2883058289201335,0.8576700818063359,1.2838298063405298,1.2978943813431745,0.26074158244563805,0.26074158244563805,1.301676990822946,0,2.64015715278898e-06,0.6332452297210693
0,lp,jitter,0.25,1,5,0.003,0.9,1,101,0.004723299198038042,106,3.3333333333333335,0.14169897594114125,0.4723299198038042,0.5611475859366555,40,5,-0.13748302855093167,1.2883058289201335,0.8594189872697844,1.3154765161931656,1.3289948751115361,0.2953830428741038,0.2953830428741038,1.3295851968054255,0,2.64015715278898e-06,0.04728198051452637
0,lprand,jitter,0.25,1,5,0.003,0.9,1,101,0.004723299198038042,106,3.3333333333333335,0.14169897594114125,0.4723299198038042,0.5611475859366555,40,5,-0.13748302855093167,1.2883058289201335,0.8583069607444678,1.3296621048649957,1.3376132797882232,0.30189979847552384,0.30189979847552384,1.3428352068528318,0,2.64015715278898e-06,0.04821896553039551
0,maxentw,jitter,0.25,1,5,0.003,0.9,1,101,0.004723299198038042,106,3.3333333333333335,0.14169897594114125,0.4723299198038042,0.5611475859366555,40,5,-0.13748302855093167,1.2883058289201335,0.8576700818063359,1.2838298063405298,1.2978943813431745,0.26074158244563805,0.26074158244563805,1.301676990822946,0,2.64015715278898e-06,2.4702610969543457
0,minnorm,jitter,0.25,1,7,0.003,0.9,1,101,0.004723299198038042,106,3.3333333333333335,0.14169897594114125,0.4723299198038042,0.5611475859366555,0,7,-0.1363970119399455,1.3577411212874366,0.9297304532166275,1.3958156592926003,1.4038771588511603,0.2767691475080343,0.2767691475080343,1.3528200383897953,0,2.64015715278898e-06,0.007091045379638672
0,projgauss,jitter,0.25,1,7,0.003,0.9,1,101,0.004723299198038042,106,3.3333333333333335,0.14169897594114125,0.4723299198038042,0.5611475859366555,0,7,-0.06732615169862065,1.2034762428075603,0.8784060484168361,1.1106314727923463,1.2034762428075605,0.0819373407395465,0.0819373407395465,1.2982671143663795,0,2.64015715278898e-06,0.00804591178894043
0,spectral,jitter,0.25,1,7,0.003,0.9,1,101,0.004723299198038042,106,3.3333333333333335,0.14169897594114125,0.4723299198038042,0.5611475859366555,0,7,-0.2659847073833707,1.9554524409808247,0.8529318796232267,1.010203673887846,1.955452440980825,0.09510276852141908,0.09510276852141908,1.298272571820279,0,2.64015715278898e-06,0.014750003814697266
0,spectralg,jitter,0.25,1,7,0.003,0.9,1,101,0.004723299198038042,106,3.3333333333333335,0.14169897594114125,0.4723299198038042,0.5611475859366555,0,7,-0.2659847073833707,1.9554524409808247,0.8529318796232267,1.010203673887846,1.955452440980825,0.09510276852141908,0.09510276852141908,1.298272571820279,0,2.64015715278898e-06,0.02837681770324707
0,molfe,jitter,0.25,1,7,0.003,0.9,1,101,0.004723299198038042,106,3.3333333333333335,0.14169897594114125,0.4723299198038042,0.5611475859366555,0,7,-0.13960229332672805,1.5921535746696223,1.0082871794556738,48.96496211090708,8.856785699985893e+39,1.417386692013553,1.417386692013553,2.4074650528114323,0,2.64015715278898e-06,0.0073778629302978516
0,molrk3,jitter,0.25,1,7,0.003,0.9,1,101,0.004723299198038042,106,3.3333333333333335,0.14169897594114125,0.4723299198038042,0.5611475859366555,0,7,-0.1397233357505466,1.580985954443988,1.0059224250770886,48.80413074545934,5.152824916040506e+29,1.3911981475378143,1.3911981475378143,2.3812765083356937,0,2.64015715278898e-06,0.008142232894897461
0,maxent,jitter,0.25,1,7,0.003,0.9,1,101,0.004723299198038042,106,3.3333333333333335,0.14169897594114125,0.4723299198038042,0.5611475859366555,40,7,-0.13300685607468848,1.3577411212874366,0.8854890983137833,1.0407906180235278,1.3577411212874368,0.03644964881904267,0.03644964881904267,1.2982541689042453,0,2.64015715278898e-06,0.8524668216705322
0,lp,jitter,0.25,1,7,0.003,0.9,1,101,0.004723299198038042,106,3.3333333333333335,0.14169897594114125,0.4723299198038042,0.5611475859366555,40,7,-0.13300685607468848,1.3577411212874366,0.8879005770021845,1.0378212299924217,1.3577411212874368,0.028543220998317853,0.028543220998317853,1.298253178742843,0,2.64015715278898e-06,0.04881691932678223
0,lprand,jitter,0.25,1,7,0.003,0.9,1,101,0.004723299198038042,106,3.3333333333333335,0.14169897594114125,0.4723299198038042,0.5611475859366555,40,7,-0.13300685607468848,1.3577411212874366,0.8842985243336948,1.0366031982328423,1.3577411212874368,0.027412544965397245,0.027412544965397245,1.2982545063775575,0,2.64015715278898e-06,0.04711103439331055
0,maxentw,jitter,0.25,1,7,0.003,0.9,1,101,0.004723299198038042,106,3.3333333333333335,0.14169897594114125,0.4723299198038042,0.5611475859366555,40,7,-0.13300685607468848,1.3577411212874366,0.8854890983137833,1.0407906180235278,1.3577411212874368,0.03644964881904267,0.03644964881904267,1.2982541689042453,0,2.64015715278898e-06,2.6936018466949463
0,minnorm,jitter,0.45,0,3,0.003,0.9,1,101,0.00030289511744309243,1651,3.3333333333333335,0.009086853523292773,0.030289511744309244,0.14210210353664543,0,3,-0.3720005542598258,1.7440011085196518,1.0242160291734133,2.5835604244975027e+17,3.6704684095823263e+104,inf,3522766.1594314314,3522765.7439203663,1,6.483393186651476e-06,0.00851297378540039
0,projgauss,jitter,0.45,0,3,0.003,0.9,1,101,0.00030289511744309243,1651,3.3333333333333335,0.009086853523292773,0.030289511744309244,0.14210210353664543,0,3,-0.37200055425982664,1.7440011085196534,1.0242160291734135,2.583560424498165e+17,3.670468409578442e+104,inf,3522766.1594310873,3522765.743920022,1,6.483393186651476e-06,0.010176897048950195
0,spectral,jitter,0.45,0,3,0.003,0.9,1,101,0.00030289511744309243,1651,3.3333333333333335,0.009086853523292773,0.030289511744309244,0.14210210353664543,0,3,-0.3720005542598258,1.7440011085196518,1.0242160291734133,2.5835604244975027e+17,3.6704684095823263e+104,inf,3522766.1594314314,3522765.7439203663,1,6.483393186651476e-06,0.010475873947143555
0,spectralg,jitter,0.45,0,3,0.003,0.9,1,101,0.00030289511744309243,1651,3.3333333333333335,0.009086853523292773,0.030289511744309244,0.14210210353664543,0,3,-0.3720005542598258,1.7440011085196518,1.0242160291734133,2.5835604244975027e+17,3.6704684095823263e+104,inf,3522766.1594314314,3522765.7439203663,1,6.483393186651476e-06,0.010051965713500977
0,molfe,jitter,0.45,0,3,0.003,0.9,1,101,0.00030289511744309243,1651,3.3333333333333335,0.009086853523292773,0.030289511744309244,0.14210210353664543,0,3,-0.36577131761223974,1.7315426352244796,1.0246541631676724,4.6971729473156e+17,2.6294652000395728e+106,inf,1007076.6837190264,1007077.0406120993,1,6.483393186651476e-06,0.008844137191772461
0,molrk3,jitter,0.45,0,3,0.003,0.9,1,101,0.00030289511744309243,1651,3.3333333333333335,0.009086853523292773,0.030289511744309244,0.14210210353664543,0,3,-0.3720005542598256,1.7440011085196514,1.0243522875714037,7.681896181098707e+17,4.081705671334986e+104,inf,1302011.5192021914,1302011.1334403597,1,6.483393186651476e-06,0.008912801742553711
0,maxent,jitter,0.45,0,3,0.003,0.9,1,101,0.00030289511744309243,1651,3.3333333333333335,0.009086853523292773,0.030289511744309244,0.14210210353664543,82,3,-0.3720005542598258,1.7440011085196518,1.0242160291734133,2.5835604244975027e+17,3.6704684095823263e+104,inf,3522766.1594314314,3522765.7439203663,1,6.483393186651476e-06,1.3001892566680908
0,lp,jitter,0.45,0,3,0.003,0.9,1,101,0.00030289511744309243,1651,3.3333333333333335,0.009086853523292773,0.030289511744309244,0.14210210353664543,82,3,-0.3720005542598258,1.7440011085196518,1.0242160291734133,2.5835604244975027e+17,3.6704684095823263e+104,inf,3522766.1594314314,3522765.7439203663,1,6.483393186651476e-06,0.04736900329589844
0,lprand,jitter,0.45,0,3,0.003,0.9,1,101,0.00030289511744309243,1651,3.3333333333333335,0.009086853523292773,0.030289511744309244,0.14210210353664543,82,3,-0.3720005542598258,1.7440011085196518,1.0242160291734133,2.5835604244975027e+17,3.6704684095823263e+104,inf,3522766.1594314314,3522765.7439203663,1,6.483393186651476e-06,0.046251773834228516
0,maxentw,jitter,0.45,0,3,0.003,0.9,1,101,0.00030289511744309243,1651,3.3333333333333335,0.009086853523292773,0.030289511744309244,0.14210210353664543,82,3,-0.3720005542598258,1.7440011085196518,1.0242160291734133,2.5835604244975027e+17,3.6704684095823263e+104,inf,3522766.1594314314,3522765.7439203663,1,6.483393186651476e-06,5.13638710975647
0,minnorm,jitter,0.45,0,5,0.003,0.9,1,101,0.00030289511744309243,1651,3.3333333333333335,0.009086853523292773,0.030289511744309244,0.14210210353664543,0,5,-0.19557849952147174,1.5717940666605856,0.9956855687555694,1.2511982121702647,1.5717940666605854,0.2622663736494031,0.2622663736494031,1.2981923847697343,0,6.483393186651476e-06,0.011445999145507812
0,projgauss,jitter,0.45,0,5,0.003,0.9,1,101,0.00030289511744309243,1651,3.3333333333333335,0.009086853523292773,0.030289511744309244,0.14210210353664543,0,5,-0.16252768791534833,1.4955924869128963,0.995358184064872,1.6203306976390057,1.6203306976390057,0.45724200702739837,0.45724200702739837,1.4831834937962887,0,6.483393186651476e-06,0.013270854949951172
0,spectral,jitter,0.45,0,5,0.003,0.9,1,101,0.00030289511744309243,1651,3.3333333333333335,0.009086853523292773,0.030289511744309244,0.14210210353664543,0,5,-0.1275674170295466,1.3169699782420454,0.99082369882086,1.397744674542364,4.317098678773924,0.5142343260853404,0.5142343260853404,1.2982620476049667,0,6.483393186651476e-06,0.017743825912475586
0,spectralg,jitter,0.45,0,5,0.003,0.9,1,101,0.00030289511744309243,1651,3.3333333333333335,0.009086853523292773,0.030289511744309244,0.14210210353664543,0,5,-0.1275674170295466,1.3107761867469214,0.9911579030830951,1.3289316005960718,3.795984970447849,0.43024695877715213,0.43024695877715213,1.2982588700877193,0,6.483393186651476e-06,0.03627181053161621
0,molfe,jitter,0.45,0,5,0.003,0.9,1,101,0.00030289511744309243,1651,3.3333333333333335,0.009086853523292773,0.030289511744309244,0.14210210353664543,0,5,-0.0174292748223392,1.0386382376090557,1.0037905368825089,1317.2101069414553,6.888580391642416e+16,7.228739094485099,7.228739094485099,7.375733310669824,0,6.483393186651476e-06,0.011258125305175781
0,molrk3,jitter,0.45,0,5,0.003,0.9,1,101,0.00030289511744309243,1651,3.3333333333333335,0.009086853523292773,0.030289511744309244,0.14210210353664543,0,5,-0.017474391459128394,1.0386508289773542,1.0037977300446213,1332.8868273758544,7.40033124044702e+16,7.266678115424105,7.266678115424105,7.471820115652173,0,6.483393186651476e-06,0.012879133224487305
0,maxent,jitter,0.45,0,5,0.003,0.9,1,101,0.00030289511744309243,1651,3.3333333333333335,0.009086853523292773,0.030289511744309244,0.14210210353664543,82,5,-0.19557849952147174,1.5717940666605856,0.9937100157101071,1.1445738679843414,1.5717940666605854,0.28638452415539073,0.28638452415539073,1.2981918602346554,0,6.483393186651476e-06,1.427037000656128
0,lp,jitter,0.45,0,5,0.003,0.9,1,101,0.00030289511744309243,1651,3.3333333333333335,0.009086853523292773,0.030289511744309244,0.14210210353664543,82,5,-0.19557849952147174,1.5717940666605856,0.9937203526813185,1.1330454474454446,1.5717940666605854,0.2922753933359179,0.2922753933359179,1.2981918602497715,0,6.483393186651476e-06,0.050688743591308594
0,lprand,jitter,0.45,0,5,0.003,0.9,1,101,0.00030289511744309243,1651,3.3333333333333335,0.009086853523292773,0.030289511744309244,0.14210210353664543,82,5,-0.19557849952147174,1.5717940666605856,0.9936938427643179,1.1328160394456313,1.5847286713986477,0.29246911327009095,0.29246911327009095,1.2981918602428528,0,6.483393186651476e-06,0.049241065979003906
0,maxentw,jitter,0.45,0,5,0.003,0.9,1,101,0.00030289511744309243,1651,3.3333333333333335,0.009086853523292773,0.030289511744309244,0.14210210353664543,82,5,-0.19557849952147174,1.5717940666605856,0.9937100157101071,1.1445738679843414,1.5717940666605854,0.28638452415539073,0.28638452415539073,1.2981918602346554,0,6.483393186651476e-06,5.202761173248291
0,minnorm,jitter,0.45,0,7,0.003,0.9,1,101,0.00030289511744309243,1651,3.3333333333333335,0.009086853523292773,0.030289511744309244,0.14210210353664543,0,7,-0.18571704140152603,1.5227264650649202,1.0014386019067318,35.4403663309812,6125030.339030668,5.167736099095677,5.167736099095677,6.252335867098179,0,6.483393186651476e-06,0.010843276977539062
0,projgauss,jitter,0.45,0,7,0.003,0.9,1,101,0.00030289511744309243,1651,3.3333333333333335,0.009086853523292773,0.030289511744309244,0.14210210353664543,0,7,-0.10343558444726887,1.3446823738438705,0.9988138463866716,3.6637969497206933,3.6637969497206933,1.299443476140023,1.299443476140023,2.384043244142524,0,6.483393186651476e-06,0.011526107788085938
0,spectral,jitter,0.45,0,7,0.003,0.9,1,101,0.00030289511744309243,1651,3.3333333333333335,0.009086853523292773,0.030289511744309244,0.14210210353664543,0,7,-0.18050727183406554,1.51594805216927,0.9944032858744122,1.5687091548940295,4.648149659180176,0.5150793866354203,0.5150793866354203,1.2981860799175753,0,6.483393186651476e-06,0.017749786376953125
0,spectralg,jitter,0.45,0,7,0.003,0.9,1,101,0.00030289511744309243,1651,3.3333333333333335,0.009086853523292773,0.030289511744309244,0.14210210353664543,0,7,-0.18050727183406554,1.51594805216927,0.9945202662134699,1.5184441165331526,4.6481305681813465,0.510295107247805,0.510295107247805,1.2981840167964913,0,6.483393186651476e-06,0.04674196243286133
0,molfe,jitter,0.45,0,7,0.003,0.9,1,101,0.00030289511744309243,1651,3.3333333333333335,0.009086853523292773,0.030289511744309244,0.14210210353664543,0,7,-0.009523478322307242,1.0342456894041465,1.0010714395554816,88.48359174401764,314578.5012609173,1.1057116967176985,1.1057116967176985,1.9992354263177339,0,6.483393186651476e-06,0.011874914169311523
0,molrk3,jitter,0.45,0,7,0.003,0.9,1,101,0.00030289511744309243,1651,3.3333333333333335,0.009086853523292773,0.030289511744309244,0.14210210353664543,0,7,-0.009512664335024656,1.0341899010097664,1.0010709082385076,88.5483151496131,305839.21380969026,1.1044911419866628,1.1044911419866628,1.998014871586698,0,6.483393186651476e-06,0.01084589958190918
0,maxent,jitter,0.45,0,7,0.003,0.9,1,101,0.00030289511744309243,1651,3.3333333333333335,0.009086853523292773,0.030289511744309244,0.14210210353664543,82,7,-0.18571704140152603,1.5227264650649202,0.9985817393040648,3.464878483605285,3.464878483605285,1.2454056890394152,1.2454056890394152,2.330005457041916,0,6.483393186651476e-06,1.3505208492279053
0,lp,jitter,0.45,0,7,0.003,0.9,1,101,0.00030289511744309243,1651,3.3333333333333335,0.009086853523292773,0.030289511744309244,0.14210210353664543,82,7,-0.18571704140152603,1.5227264650649202,0.9985052730832135,3.404362971840108,3.404362971840108,1.2299010281237917,1.2299010281237917,2.3145007961262927,0,6.483393186651476e-06,0.05142998695373535
0,lprand,jitter,0.45,0,7,0.003,0.9,1,101,0.00030289511744309243,1651,3.3333333333333335,0.009086853523292773,0.030289511744309244,0.14210210353664543,82,7,-0.18571704140152603,1.5227264650649202,0.9985896699188243,3.4598652590644563,3.4598652590644563,1.245718507512437,1.245718507512437,2.330318275514938,0,6.483393186651476e-06,0.05077981948852539
0,maxentw,jitter,0.45,0,7,0.003,0.9,1,101,0.00030289511744309243,1651,3.3333333333333335,0.009086853523292773,0.030289511744309244,0.14210210353664543,82,7,-0.18571704140152603,1.5227264650649202,0.9985817393040648,3.464878483605285,3.464878483605285,1.2454056890394152,1.2454056890394152,2.330005457041916,0,6.483393186651476e-06,5.146607875823975
0,minnorm,jitter,0.45,1,3,0.003,0.9,1,101,0.0006619136891797146,756,3.3333333333333335,0.019857410675391436,0.06619136891797145,0.21006565468597582,0,3,-0.3318637463165047,1.6637274926330095,1.0024804287002624,19978.37210527105,292694282618624.9,4.1726737061194346,4.1726737061194346,4.172673706119415,0,2.343017839079309e-06,0.008765935897827148
0,projgauss,jitter,0.45,1,3,0.003,0.9,1,101,0.0006619136891797146,756,3.3333333333333335,0.019857410675391436,0.06619136891797145,0.21006565468597582,0,3,-0.3318637463165045,1.663727492633009,1.002480428700481,19978.372100853423,292694724999088.8,4.172673706121341,4.172673706121341,4.172673706121321,0,2.343017839079309e-06,0.011586189270019531
0,spectral,jitter,0.45,1,3,0.003,0.9,1,101,0.0006619136891797146,756,3.3333333333333335,0.019857410675391436,0.06619136891797145,0.21006565468597582,0,3,-0.3318637463165047,1.6637274926330095,1.0024804287002624,19978.37210527105,292694282618624.9,4.1726737061194346,4.1726737061194346,4.172673706119415,0,2.343017839079309e-06,0.010434627532958984
0,spectralg,jitter,0.45,1,3,0.003,0.9,1,101,0.0006619136891797146,756,3.3333333333333335,0.019857410675391436,0.06619136891797145,0.21006565468597582,0,3,-0.3318637463165047,1.6637274926330095,1.0024804287002624,19978.37210527105,292694282618624.9,4.1726737061194346,4.1726737061194346,4.172673706119415,0,2.343017839079309e-06,0.009996175765991211
0,molfe,jitter,0.45,1,3,0.003,0.9,1,101,0.0006619136891797146,756,3.3333333333333335,0.019857410675391436,0.06619136891797145,0.21006565468597582,0,3,-0.3202874190479207,1.6405748380958416,1.0012567546273743,20479.32940762875,4159329234.9436903,4.166354862797001,4.166354862797001,4.1663548627969815,0,2.343017839079309e-06,0.010182857513427734
0,molrk3,jitter,0.45,1,3,0.003,0.9,1,101,0.0006619136891797146,756,3.3333333333333335,0.019857410675391436,0.06619136891797145,0.21006565468597582,0,3,-0.3318637463165049,1.66372749263301,1.001255985003043,20506.603280500512,4124696262.593923,4.169186766955914,4.169186766955914,4.169186766955894,0,2.343017839079309e-06,0.010869026184082031
0,maxent,jitter,0.45,1,3,0.003,0.9,1,101,0.0006619136891797146,756,3.3333333333333335,0.019857410675391436,0.06619136891797145,0.21006565468597582,75,3,-0.3318637463165047,1.6637274926330095,1.0024804287053923,19978.37214239267,292695079479494.7,4.172673706099436,4.172673706099436,4.172673706099417,0,2.343017839079309e-06,1.1791720390319824
0,lp,jitter,0.45,1,3,0.003,0.9,1,101,0.0006619136891797146,756,3.3333333333333335,0.019857410675391436,0.06619136891797145,0.21006565468597582,75,3,-0.3318637463165047,1.6637274926330095,1.0024804286994107,19978.372104104517,292694703094518.6,4.172673706120983,4.172673706120983,4.172673706120963,0,2.343017839079309e-06,0.04846692085266113
0,lprand,jitter,0.45,1,3,0.003,0.9,1,101,0.0006619136891797146,756,3.3333333333333335,0.019857410675391436,0.06619136891797145,0.21006565468597582,75,3,-0.3318637463165047,1.6637274926330095,1.0024804286998124,19978.372104104517,292694703094518.6,4.172673706120983,4.172673706120983,4.172673706120963,0,2.343017839079309e-06,0.04768490791320801
0,maxentw,jitter,0.45,1,3,0.003,0.9,1,101,0.0006619136891797146,756,3.3333333333333335,0.019857410675391436,0.06619136891797145,0.21006565468597582,75,3,-0.3318637463165047,1.6637274926330095,1.0024804287053923,19978.37214239267,292695079479494.7,4.172673706099436,4.172673706099436,4.172673706099417,0,2.343017839079309e-06,4.618289947509766
0,minnorm,jitter,0.45,1,5,0.003,0.9,1,101,0.0006619136891797146,756,3.3333333333333335,0.019857410675391436,0.06619136891797145,0.21006565468597582,0,5,-0.185618437851006,1.515968829649532,0.9897904642300844,1.4549723681951594,1.5340905550779547,0.2629099378077129,0.2629099378077129,1.3423593797708717,0,2.343017839079309e-06,0.008765220642089844
0,projgauss,jitter,0.45,1,5,0.003,0.9,1,101,0.0006619136891797146,756,3.3333333333333335,0.019857410675391436,0.06619136891797145,0.21006565468597582,0,5,-0.1686216509867568,1.437533781278872,0.988685445891638,1.4798815105058147,1.4798815105058147,0.28560243150046083,0.28560243150046083,1.3240729835094678,0,2.343017839079309e-06,0.01083230972290039
0,spectral,jitter,0.45,1,5,0.003,0.9,1,101,0.0006619136891797146,756,3.3333333333333335,0.019857410675391436,0.06619136891797145,0.21006565468597582,0,5,-0.22772644443605466,1.5365863437611647,0.9797408462146947,1.163855894577506,3.8137487292987635,0.24080885656770823,0.24080885656770823,1.298250545476753,0,2.343017839079309e-06,0.015287637710571289
0,spectralg,jitter,0.45,1,5,0.003,0.9,1,101,0.0006619136891797146,756,3.3333333333333335,0.019857410675391436,0.06619136891797145,0.21006565468597582,0,5,-0.22772644443605466,1.5307766400552418,0.9799206624712399,1.0990054387900052,3.7196242930248906,0.23319058292728356,0.23319058292728356,1.29825057192346,0,2.343017839079309e-06,0.03313899040222168
0,molfe,jitter,0.45,1,5,0.003,0.9,1,101,0.0006619136891797146,756,3.3333333333333335,0.019857410675391436,0.06619136891797145,0.21006565468597582,0,5,-0.032435899184908544,1.0887423744137217,1.006044822674247,1529.7196076280434,2.388783848383064e+27,4.1275254676407975,4.1275254676407975,5.122396002989034,0,2.343017839079309e-06,0.009315967559814453
0,molrk3,jitter,0.45,1,5,0.003,0.9,1,101,0.0006619136891797146,756,3.3333333333333335,0.019857410675391436,0.06619136891797145,0.21006565468597582,0,5,-0.03228903687664727,1.087989604841971,1.0060631294276856,1552.448823317629,2.865291600793208e+27,4.116852152866886,4.116852152866886,5.1117226882151225,0,2.343017839079309e-06,0.008934974670410156
0,maxent,jitter,0.45,1,5,0.003,0.9,1,101,0.0006619136891797146,756,3.3333333333333335,0.019857410675391436,0.06619136891797145,0.21006565468597582,75,5,-0.185618437851006,1.515968829649532,0.9891192036533748,1.6795790864513396,2.407902759116542,0.31550790645549087,0.31550790645549087,1.3949573484186497,0,2.343017839079309e-06,1.2524220943450928
0,lp,jitter,0.45,1,5,0.003,0.9,1,101,0.0006619136891797146,756,3.3333333333333335,0.019857410675391436,0.06619136891797145,0.21006565468597582,75,5,-0.185618437851006,1.515968829649532,0.9889597160636381,1.675380386910829,2.5123383726520827,0.31776660101397436,0.31776660101397436,1.3972160429771332,0,2.343017839079309e-06,0.047911882400512695
0,lprand,jitter,0.45,1,5,0.003,0.9,1,101,0.0006619136891797146,756,3.3333333333333335,0.019857410675391436,0.06619136891797145,0.21006565468597582,75,5,-0.185618437851006,1.515968829649532,0.988944405239428,1.6775652482934593,2.4939374053158523,0.31700901361128375,0.31700901361128375,1.3964584555744426,0,2.343017839079309e-06,0.047590017318725586
0,maxentw,jitter,0.45,1,5,0.003,0.9,1,101,0.0006619136891797146,756,3.3333333333333335,0.019857410675391436,0.06619136891797145,0.21006565468597582,75,5,-0.185618437851006,1.515968829649532,0.9891192036533748,1.6795790864513396,2.407902759116542,0.31550790645549087,0.31550790645549087,1.3949573484186497,0,2.343017839079309e-06,4.692513942718506
0,minnorm,jitter,0.45,1,7,0.003,0.9,1,101,0.0006619136891797146,756,3.3333333333333335,0.019857410675391436,0.06619136891797145,0.21006565468597582,0,7,-0.16168264565411702,1.518241802368104,0.9932659684987062,1.6709403742510205,1.6709403742510205,0.4664011671559436,0.4664011671559436,1.5854438234912032,0,2.343017839079309e-06,0.00871896743774414
0,projgauss,jitter,0.45,1,7,0.003,0.9,1,101,0.0006619136891797146,756,3.3333333333333335,0.019857410675391436,0.06619136891797145,0.21006565468597582,0,7,-0.10459234719887044,1.333501537437028,0.9907892747820536,1.3382536710128676,1.3382536710128676,0.32613199275782967,0.32613199275782967,1.3528552507447351,0,2.343017839079309e-06,0.009673833847045898
0,spectral,jitter,0.45,1,7,0.003,0.9,1,101,0.0006619136891797146,756,3.3333333333333335,0.019857410675391436,0.06619136891797145,0.21006565468597582,0,7,-0.24178558478630094,1.6108315471762944,0.9866833732707446,1.460945506113966,3.527576459578029,0.2319688026253819,0.2319688026253819,1.2982271108230239,0,2.343017839079309e-06,0.015764951705932617
0,spectralg,jitter,0.45,1,7,0.003,0.9,1,101,0.0006619136891797146,756,3.3333333333333335,0.019857410675391436,0.06619136891797145,0.21006565468597582,0,7,-0.24178558478630094,1.6108315471762944,0.9866924294265539,1.4820270710856884,3.543448922059092,0.23091092999814888,0.23091092999814888,1.2982269954560246,0,2.343017839079309e-06,0.04197216033935547
0,molfe,jitter,0.45,1,7,0.003,0.9,1,101,0.0006619136891797146,756,3.3333333333333335,0.019857410675391436,0.06619136891797145,0.21006565468597582,0,7,-0.018848777511168122,1.0836302829698616,1.0028085547951078,82.81168999368734,8384089596605.3955,1.3341807314184426,1.3341807314184426,2.329051266766679,0,2.343017839079309e-06,0.010469198226928711
0,molrk3,jitter,0.45,1,7,0.003,0.9,1,101,0.0006619136891797146,756,3.3333333333333335,0.019857410675391436,0.06619136891797145,0.21006565468597582,0,7,-0.018850694783955124,1.0834288918555304,1.0028125024774266,82.9576245553179,8721311353953.228,1.3302306210929995,1.3302306210929995,2.325101156441236,0,2.343017839079309e-06,0.009120702743530273
0,maxent,jitter,0.45,1,7,0.003,0.9,1,101,0.0006619136891797146,756,3.3333333333333335,0.019857410675391436,0.06619136891797145,0.21006565468597582,75,7,-0.15302550427059927,1.518241802368104,0.9915822980827836,1.1799526812962313,1.5339437046650515,0.47552415563693196,0.47552415563693196,1.2982033053357407,0,2.343017839079309e-06,1.24263596534729
0,lp,jitter,0.45,1,7,0.003,0.9,1,101,0.0006619136891797146,756,3.3333333333333335,0.019857410675391436,0.06619136891797145,0.21006565468597582,75,7,-0.15302550427059927,1.518241802368104,0.9916371903854339,1.1967927259152116,1.55467892638725,0.47649011566942845,0.47649011566942845,1.2982033171471823,0,2.343017839079309e-06,0.04777383804321289
0,lprand,jitter,0.45,1,7,0.003,0.9,1,101,0.0006619136891797146,756,3.3333333333333335,0.019857410675391436,0.06619136891797145,0.21006565468597582,75,7,-0.15302550427059927,1.518241802368104,0.9913338882367406,1.187063375755695,1.5873202666790265,0.47534733190512624,0.47534733190512624,1.2982123015874827,0,2.343017839079309e-06,0.048609018325805664
0,maxentw,jitter,0.45,1,7,0.003,0.9,1,101,0.0006619136891797146,756,3.3333333333333335,0.019857410675391436,0.06619136891797145,0.21006565468597582,75,7,-0.15302550427059927,1.518241802368104,0.9915822980827836,1.1799526812962313,1.5339437046650515,0.47552415563693196,0.47552415563693196,1.2982033053357407,0,2.343017839079309e-06,4.69455623626709
0,minnorm,random,0.0,0,3,0.003,0.9,1,101,0.0010703263175581555,468,3.3333333333333335,0.03210978952674466,0.10703263175581554,0.267123731325411,0,3,-1.7983389234042286,4.596677846808457,1.100644328172438,3.638648369130456e+21,5.213676134284298e+43,inf,2174974.6154606175,2174974.615485179,1,7.246091585977332e-06,0.00684809684753418
0,projgauss,random,0.0,0,3,0.003,0.9,1,101,0.0010703263175581555,468,3.3333333333333335,0.03210978952674466,0.10703263175581554,0.267123731325411,0,3,-1.798338923404228,4.596677846808456,1.100644328172438,3.638648369130935e+21,5.213676134284982e+43,inf,2174974.6144187045,2174974.614443266,1,7.246091585977332e-06,0.008583307266235352
0,spectral,random,0.0,0,3,0.003,0.9,1,101,0.0010703263175581555,468,3.3333333333333335,0.03210978952674466,0.10703263175581554,0.267123731325411,0,3,-1.7983389234042286,4.596677846808457,1.100644328172438,3.638648369130456e+21,5.213676134284298e+43,inf,2174974.6154606175,2174974.615485179,1,7.246091585977332e-06,0.007582902908325195
0,spectralg,random,0.0,0,3,0.003,0.9,1,101,0.0010703263175581555,468,3.3333333333333335,0.03210978952674466,0.10703263175581554,0.267123731325411,0,3,-1.7983389234042286,4.596677846808457,1.100644328172438,3.638648369130456e+21,5.213676134284298e+43,inf,2174974.6154606175,2174974.615485179,1,7.246091585977332e-06,0.0073659420013427734
0,molfe,random,0.0,0,3,0.003,0.9,1,101,0.0010703263175581555,468,3.3333333333333335,0.03210978952674466,0.10703263175581554,0.267123731325411,0,3,-1.6447716368912946,4.28954327378259,1.0987177291120243,1.7289394809099366e+21,9.754437784952889e+42,inf,1457363.491058601,1457363.4910831624,1,7.246091585977332e-06,0.00817108154296875
0,molrk3,random,0.0,0,3,0.003,0.9,1,101,0.0010703263175581555,468,3.3333333333333335,0.03210978952674466,0.10703263175581554,0.267123731325411,0,3,-1.7983389234042313,4.596677846808464,1.103750661304311,1.4678678304675185e+22,9.419906779670257e+44,inf,1676193.7896332198,1676193.7896828037,1,7.246091585977332e-06,0.007213115692138672
0,maxent,random,0.0,0,3,0.003,0.9,1,101,0.0010703263175581555,468,3.3333333333333335,0.03210978952674466,0.10703263175581554,0.267123731325411,58,3,-1.7983389234042286,4.596677846808457,1.100644328172438,3.638648369130916e+21,5.213676134284955e+43,inf,2174974.614612034,2174974.6146365954,1,7.246091585977332e-06,1.0595948696136475
0,lp,random,0.0,0,3,0.003,0.9,1,101,0.0010703263175581555,468,3.3333333333333335,0.03210978952674466,0.10703263175581554,0.267123731325411,58,3,-1.7983389234042286,4.596677846808457,1.100644328172438,3.6386483691307726e+21,5.21367613428475e+43,inf,2174974.6145169544,2174974.6145415157,1,7.246091585977332e-06,0.04689311981201172
0,lprand,random,0.0,0,3,0.003,0.9,1,101,0.0010703263175581555,468,3.3333333333333335,0.03210978952674466,0.10703263175581554,0.267123731325411,58,3,-1.7983389234042286,4.596677846808457,1.100644328172438,3.6386483691307726e+21,5.21367613428475e+43,inf,2174974.6145169544,2174974.6145415157,1,7.246091585977332e-06,0.0819392204284668
0,maxentw,random,0.0,0,3,0.003,0.9,1,101,0.0010703263175581555,468,3.3333333333333335,0.03210978952674466,0.10703263175581554,0.267123731325411,56,5,-1.7983389234042286,4.596677846808457,1.100644328172438,3.638648369130916e+21,5.213676134284955e+43,inf,2174974.614612034,2174974.6146365954,1,7.246091585977332e-06,6.067515134811401
0,minnorm,random,0.0,0,5,0.003,0.9,1,101,0.0010703263175581555,468,3.3333333333333335,0.03210978952674466,0.10703263175581554,0.267123731325411,0,5,-0.35105287256895773,2.05285295102651,1.0204645472119334,19663.90857440919,1.4493067343905514e+88,261.7552694397716,261.7552694397716,262.82127436764426,1,7.246091585977332e-06,0.008642196655273438
0,projgauss,random,0.0,0,5,0.003,0.9,1,101,0.0010703263175581555,468,3.3333333333333335,0.03210978952674466,0.10703263175581554,0.267123731325411,0,5,-0.36396590459529143,2.0684711014370043,1.0049149779387423,6912.700358043203,2.5007541668600755e+24,6.330692537819212,6.330692537819212,7.39669746569188,0,7.246091585977332e-06,0.022084712982177734
0,spectral,random,0.0,0,5,0.003,0.9,1,101,0.0010703263175581555,468,3.3333333333333335,0.03210978952674466,0.10703263175581554,0.267123731325411,0,5,-1.921347287021956,6.071652983792464,1.0467292616767307,3158586828.100529,3.636318287936751e+198,inf,1334805.5509169474,1334806.344791637,1,7.246091585977332e-06,0.059877872467041016
0,spectralg,random,0.0,0,5,0.003,0.9,1,101,0.0010703263175581555,468,3.3333333333333335,0.03210978952674466,0.10703263175581554,0.267123731325411,0,5,-1.921347287021956,6.071652983792464,1.0277135891872715,1013306.3596551201,1.4844445907910985e+119,5680.956120917867,5680.956120917867,5681.824196889444,1,7.246091585977332e-06,0.0950620174407959
0,molfe,random,0.0,0,5,0.003,0.9,1,101,0.0010703263175581555,468,3.3333333333333335,0.03210978952674466,0.10703263175581554,0.267123731325411,0,5,-0.16002312816853365,1.6048768103133328,1.0269333131970875,51691094.03840226,5.433179350922817e+117,114.34487518696052,114.34487518696052,114.34487518696052,1,7.246091585977332e-06,0.01734304428100586
0,molrk3,random,0.0,0,5,0.003,0.9,1,101,0.0010703263175581555,468,3.3333333333333335,0.03210978952674466,0.10703263175581554,0.267123731325411,0,5,-0.16852374918735935,1.6398503244170106,1.0272992711295919,61093659.05054479,1.916152477301391e+119,133.85010622787934,133.85010622787934,133.85010622787934,1,7.246091585977332e-06,0.01606893539428711
0,maxent,random,0.0,0,5,0.003,0.9,1,101,0.0010703263175581555,468,3.3333333333333335,0.03210978952674466,0.10703263175581554,0.267123731325411,56,5,-0.35105287256895773,2.05285295102651,1.0168653559855982,7016.505079014611,7.496492564545148e+72,81.20335514105082,81.20335514105082,82.31045185565138,1,7.246091585977332e-06,1.5177340507507324
0,lp,random,0.0,0,5,0.003,0.9,1,101,0.0010703263175581555,468,3.3333333333333335,0.03210978952674466,0.10703263175581554,0.267123731325411,56,5,-0.35105287256895773,2.05285295102651,1.0168562582130645,7100.444339442785,6.8801756116999486e+72,81.01913867625674,81.01913867625674,82.1262353908573,1,7.246091585977332e-06,0.08411598205566406
0,lprand,random,0.0,0,5,0.003,0.9,1,101,0.0010703263175581555,468,3.3333333333333335,0.03210978952674466,0.10703263175581554,0.267123731325411,56,5,-0.35105287256895773,2.05285295102651,1.0168684714847438,7151.793991801071,7.744557654535643e+72,81.28067061842117,81.28067061842117,82.38776733302173,1,7.246091585977332e-06,0.0970919132232666
0,maxentw,random,0.0,0,5,0.003,0.9,1,101,0.0010703263175581555,468,3.3333333333333335,0.03210978952674466,0.10703263175581554,0.267123731325411,56,5,-0.35105287256895773,2.05285295102651,1.0168653559855982,7016.505079014611,7.496492564545148e+72,81.20335514105082,81.20335514105082,82.31045185565138,1,7.246091585977332e-06,6.900741815567017
0,minnorm,random,0.0,0,7,0.003,0.9,1,101,0.0010703263175581555,468,3.3333333333333335,0.03210978952674466,0.10703263175581554,0.267123731325411,0,7,-0.20791229517839782,1.615897924165396,1.0015042290363874,8.573396240996164,19233483.643867098,1.9925973310891432,1.9925973310891432,3.0996940456896978,0,7.246091585977332e-06,0.007995128631591797
0,projgauss,random,0.0,0,7,0.003,0.9,1,101,0.0010703263175581555,468,3.3333333333333335,0.03210978952674466,0.10703263175581554,0.267123731325411,0,7,-0.13685269084610346,1.4454818373885543,0.9901843556566128,2.387691496630451,2.387691496630451,0.9447027862760193,0.9447027862760193,2.051799500876574,0,7.246091585977332e-06,0.02832818031311035
0,spectral,random,0.0,0,7,0.003,0.9,1,101,0.0010703263175581555,468,3.3333333333333335,0.03210978952674466,0.10703263175581554,0.267123731325411,0,7,-1.7631558615769929,5.805921242436285,1.050110351732158,13843956074.550886,3.5703035991799116e+212,inf,1313232.376439146,1313233.090333387,1,7.246091585977332e-06,0.025211811065673828
0,spectralg,random,0.0,0,7,0.003,0.9,1,101,0.0010703263175581555,468,3.3333333333333335,0.03210978952674466,0.10703263175581554,0.267123731325411,0,7,-1.7631558615769929,5.805921242436285,1.0291082056002148,1511555.921574932,9.07964777158912e+124,7824.298820804662,7824.298820804662,7825.166896776238,1,7.246091585977332e-06,0.09213995933532715
0,molfe,random,0.0,0,7,0.003,0.9,1,101,0.0010703263175581555,468,3.3333333333333335,0.03210978952674466,0.10703263175581554,0.267123731325411,0,7,-0.048826861563367054,1.2107832087693846,1.0182240123845718,23852.982238194694,1.4430693348924382e+79,1.2511789780311737,1.2511789780311737,2.1192549496075874,0,7.246091585977332e-06,0.01579117774963379
0,molrk3,random,0.0,0,7,0.003,0.9,1,101,0.0010703263175581555,468,3.3333333333333335,0.03210978952674466,0.10703263175581554,0.267123731325411,0,7,-0.04782544602720235,1.2067826538143511,1.018391078441778,25823.121705690563,7.443916142126271e+79,1.24512851395209,1.24512851395209,2.1132044855285037,0,7.246091585977332e-06,0.012574911117553711
0,maxent,random,0.0,0,7,0.003,0.9,1,101,0.0010703263175581555,468,3.3333333333333335,0.03210978952674466,0.10703263175581554,0.267123731325411,56,7,-0.20791229517839782,1.615897924165396,1.0045623379867854,25.91383591462112,1.9428788103318507e+20,4.183095313593212,4.183095313593212,5.290192028193766,0,7.246091585977332e-06,1.9008047580718994
0,lp,random,0.0,0,7,0.003,0.9,1,101,0.0010703263175581555,468,3.3333333333333335,0.03210978952674466,0.10703263175581554,0.267123731325411,56,7,-0.20791229517839782,1.615897924165396,1.0052546292498667,33.179438239495234,1.729432644362816e+23,4.795666554219837,4.795666554219837,5.902763268820392,0,7.246091585977332e-06,0.0508880615234375
0,lprand,random,0.0,0,7,0.003,0.9,1,101,0.0010703263175581555,468,3.3333333333333335,0.03210978952674466,0.10703263175581554,0.267123731325411,56,7,-0.20791229517839782,1.615897924165396,1.0045681547171508,25.952367449929266,2.0557169437980164e+20,4.186132338926388,4.186132338926388,5.293229053526942,0,7.246091585977332e-06,0.08151102066040039
0,maxentw,random,0.0,0,7,0.003,0.9,1,101,0.0010703263175581555,468,3.3333333333333335,0.03210978952674466,0.10703263175581554,0.267123731325411,56,7,-0.20791229517839782,1.615897924165396,1.0045623379867854,25.91383591462112,1.9428788103318507e+20,4.183095313593212,4.183095313593212,5.290192028193766,0,7.246091585977332e-06,7.639531135559082
0,minnorm,random,0.0,1,3,0.003,0.9,1,101,0.001323854816976273,378,3.3333333333333335,0.03971564450928819,0.1323854816976273,0.29708077655482557,0,3,-1.489420769622975,3.978841539245951,1.384772633691865,4.1380562390930346e+54,3.582664601410406e+142,inf,2153714.372183095,2153713.4221680197,1,9.227951650481181e-06,0.010233879089355469
0,projgauss,random,0.0,1,3,0.003,0.9,1,101,0.001323854816976273,378,3.3333333333333335,0.03971564450928819,0.1323854816976273,0.29708077655482557,0,3,-1.4894207696229749,3.97884153924595,1.384772633691865,4.1380562390930175e+54,3.5826646014103914e+142,inf,2153714.372065495,2153713.4220504193,1,9.227951650481181e-06,0.00715327262878418
0,spectral,random,0.0,1,3,0.003,0.9,1,101,0.001323854816976273,378,3.3333333333333335,0.03971564450928819,0.1323854816976273,0.29708077655482557,0,3,-1.489420769622975,3.978841539245951,1.384772633691865,4.1380562390930346e+54,3.582664601410406e+142,inf,2153714.372183095,2153713.4221680197,1,9.227951650481181e-06,0.04270505905151367
0,spectralg,random,0.0,1,3,0.003,0.9,1,101,0.001323854816976273,378,3.3333333333333335,0.03971564450928819,0.1323854816976273,0.29708077655482557,0,3,-1.489420769622975,3.978841539245951,1.384772633691865,4.1380562390930346e+54,3.582664601410406e+142,inf,2153714.372183095,2153713.4221680197,1,9.227951650481181e-06,0.00748896598815918
0,molfe,random,0.0,1,3,0.003,0.9,1,101,0.001323854816976273,378,3.3333333333333335,0.03971564450928819,0.1323854816976273,0.29708077655482557,0,3,-1.3551920735697527,3.710384147139506,1.3660079158772631,2.5321187152041254e+52,4.522561104337645e+136,inf,6403086.77750708,6403085.7981182225,1,9.227951650481181e-06,0.01912093162536621
0,molrk3,random,0.0,1,3,0.003,0.9,1,101,0.001323854816976273,378,3.3333333333333335,0.03971564450928819,0.1323854816976273,0.29708077655482557,0,3,-1.4658504374962904,3.931700874992581,1.4411606593207664,1.568393188701004e+61,8.21422656001845e+159,inf,3452924.7903274936,3452923.8704382493,1,9.227951650481181e-06,0.008210897445678711
0,maxent,random,0.0,1,3,0.003,0.9,1,101,0.001323854816976273,378,3.3333333333333335,0.03971564450928819,0.1323854816976273,0.29708077655482557,54,3,-1.489420769622975,3.978841539245951,1.384772633691865,4.1380562390930243e+54,3.582664601410398e+142,inf,2153714.372199359,2153713.4221842834,1,9.227951650481181e-06,1.6364250183105469
0,lp,random,0.0,1,3,0.003,0.9,1,101,0.001323854816976273,378,3.3333333333333335,0.03971564450928819,0.1323854816976273,0.29708077655482557,54,3,-1.489420769622975,3.978841539245951,1.384772633691865,4.1380562390930414e+54,3.5826646014104126e+142,inf,2153714.372338283,2153713.4223232074,1,9.227951650481181e-06,0.12773704528808594
0,lprand,random,0.0,1,3,0.003,0.9,1,101,0.001323854816976273,378,3.3333333333333335,0.03971564450928819,0.1323854816976273,0.29708077655482557,54,3,-1.489420769622975,3.978841539245951,1.384772633691865,4.1380562390930414e+54,3.5826646014104126e+142,inf,2153714.372338765,2153713.4223236893,1,9.227951650481181e-06,0.09607791900634766
0,maxentw,random,0.0,1,3,0.003,0.9,1,101,0.001323854816976273,378,3.3333333333333335,0.03971564450928819,0.1323854816976273,0.29708077655482557,52,5,-1.489420769622975,3.978841539245951,1.384772633691865,4.1380562390930243e+54,3.582664601410398e+142,inf,2153714.372199359,2153713.4221842834,1,9.227951650481181e-06,5.641674041748047
0,minnorm,random,0.0,1,5,0.003,0.9,1,101,0.001323854816976273,378,3.3333333333333335,0.03971564450928819,0.1323854816976273,0.29708077655482557,0,5,-0.44093531016286125,2.3466573100628065,1.002032374527428,5405.505324946567,4190036852754.178,4.146458843303678,4.146458843303678,4.146458843303678,0,9.227951650481181e-06,0.009555816650390625
0,projgauss,random,0.0,1,5,0.003,0.9,1,101,0.001323854816976273,378,3.3333333333333335,0.03971564450928819,0.1323854816976273,0.29708077655482557,0,5,-0.4442298685866214,2.3683639941166086,1.0010225270533042,5425.496134282931,633499922.2990117,4.144588963345861,4.144588963345861,4.144588963345861,0,9.227951650481181e-06,0.012117147445678711
0,spectral,random,0.0,1,5,0.003,0.9,1,101,0.001323854816976273,378,3.3333333333333335,0.03971564450928819,0.1323854816976273,0.29708077655482557,0,5,-2.2274579220642297,9.880673891471599,1.0000138491101074,44846.26638237004,5324428.276612891,4.095637648180648,4.095637648180648,4.095637648180648,0,9.227951650481181e-06,0.04366803169250488
0,spectralg,random,0.0,1,5,0.003,0.9,1,101,0.001323854816976273,378,3.3333333333333335,0.03971564450928819,0.1323854816976273,0.29708077655482557,0,5,-2.2274579220642297,9.880673891471599,1.0000122806376057,44846.27756647481,72059920.90550868,4.100538592394952,4.100538592394952,4.100538592394952,0,9.227951650481181e-06,0.04547691345214844
0,molfe,random,0.0,1,5,0.003,0.9,1,101,0.001323854816976273,378,3.3333333333333335,0.03971564450928819,0.1323854816976273,0.29708077655482557,0,5,-0.2939238828570824,2.069367051307117,1.0468841929807025,1683324085.7611566,3.840993778575939e+199,6170.923525173629,6170.923525173629,6170.507065306775,1,9.227951650481181e-06,0.009088993072509766
0,molrk3,random,0.0,1,5,0.003,0.9,1,101,0.001323854816976273,378,3.3333333333333335,0.03971564450928819,0.1323854816976273,0.29708077655482557,0,5,-0.3203229696244915,2.176894252750929,1.0480004329958101,2395150883.5973406,1.6317006547228168e+204,8822.247254186646,8822.247254186646,8821.830794319792,1,9.227951650481181e-06,0.029742956161499023
0,maxent,random,0.0,1,5,0.003,0.9,1,101,0.001323854816976273,378,3.3333333333333335,0.03971564450928819,0.1323854816976273,0.29708077655482557,52,5,-0.44093531016286125,2.3466573100628065,1.0006810421083452,7115.852290395827,80312110.36890167,4.121255534539304,4.121255534539304,4.121255534539304,0,9.227951650481181e-06,1.686295747756958
0,lp,random,0.0,1,5,0.003,0.9,1,101,0.001323854816976273,378,3.3333333333333335,0.03971564450928819,0.1323854816976273,0.29708077655482557,52,5,-0.44093531016286125,2.3466573100628065,1.0002166206273553,9679.515621784332,6598652.587184893,4.1226080962703415,4.1226080962703415,4.1226080962703415,0,9.227951650481181e-06,0.07954001426696777
0,lprand,random,0.0,1,5,0.003,0.9,1,101,0.001323854816976273,378,3.3333333333333335,0.03971564450928819,0.1323854816976273,0.29708077655482557,52,5,-0.44093531016286125,2.3466573100628065,1.0004773642220675,9300.996112110424,23262929.88059496,4.122537646188096,4.122537646188096,4.122537646188096,0,9.227951650481181e-06,0.09088683128356934
0,maxentw,random,0.0,1,5,0.003,0.9,1,101,0.001323854816976273,378,3.3333333333333335,0.03971564450928819,0.1323854816976273,0.29708077655482557,52,5,-0.44093531016286125,2.3466573100628065,1.0006810421083452,7115.852290395827,80312110.36890167,4.121255534539304,4.121255534539304,4.121255534539304,0,9.227951650481181e-06,5.1502907276153564
0,minnorm,random,0.0,1,7,0.003,0.9,1,101,0.001323854816976273,378,3.3333333333333335,0.03971564450928819,0.1323854816976273,0.29708077655482557,0,7,-0.2093307769244046,1.5694392523565919,0.9873999506788514,1.7324591426772002,1.971392138924544,0.4588879820603998,0.4588879820603998,1.2970567659928816,0,9.227951650481181e-06,0.021332979202270508
0,projgauss,random,0.0,1,7,0.003,0.9,1,101,0.001323854816976273,378,3.3333333333333335,0.03971564450928819,0.1323854816976273,0.29708077655482557,0,7,-0.16816222768120465,1.4256015784839584,0.9841825365509763,1.4599091408682987,1.671741841221862,0.4095077335510402,0.4095077335510402,1.2978471423761555,0,9.227951650481181e-06,0.00940704345703125
0,spectral,random,0.0,1,7,0.003,0.9,1,101,0.001323854816976273,378,3.3333333333333335,0.03971564450928819,0.1323854816976273,0.29708077655482557,0,7,-2.7681697012467663,10.927770300930217,0.984728073061354,4.814519937661559,36.1990812980911,0.61808393047067,0.61808393047067,1.2976424317933266,0,9.227951650481181e-06,0.03618621826171875
0,spectralg,random,0.0,1,7,0.003,0.9,1,101,0.001323854816976273,378,3.3333333333333335,0.03971564450928819,0.1323854816976273,0.29708077655482557,0,7,-2.7681697012467663,10.927770300930217,0.9846868849456182,4.795531453286083,36.21875175720754,0.6064314131809663,0.6064314131809663,1.2976361128132399,0,9.227951650481181e-06,0.058753013610839844
0,molfe,random,0.0,1,7,0.003,0.9,1,101,0.001323854816976273,378,3.3333333333333335,0.03971564450928819,0.1323854816976273,0.29708077655482557,0,7,-0.0738266464779337,1.2923477398495749,1.0170258028332444,8697.367536017828,4.2621129811455745e+74,2.091080991480281,2.091080991480281,3.1863310697553753,0,9.227951650481181e-06,0.021126270294189453
0,molrk3,random,0.0,1,7,0.003,0.9,1,101,0.001323854816976273,378,3.3333333333333335,0.03971564450928819,0.1323854816976273,0.29708077655482557,0,7,-0.07226161525662214,1.2904014973845408,1.0171715643818104,9263.669673841126,1.7865646119392262e+75,2.344081616682552,2.344081616682552,3.320848509254446,0,9.227951650481181e-06,0.009050846099853516
0,maxent,random,0.0,1,7,0.003,0.9,1,101,0.001323854816976273,378,3.3333333333333335,0.03971564450928819,0.1323854816976273,0.29708077655482557,52,7,-0.2093307769244046,1.5694392523565919,0.9865613564991292,1.9789909926768166,2.304612036016384,0.31045162137471505,0.31045162137471505,1.2972061921263907,0,9.227951650481181e-06,1.3567819595336914
0,lp,random,0.0,1,7,0.003,0.9,1,101,0.001323854816976273,378,3.3333333333333335,0.03971564450928819,0.1323854816976273,0.29708077655482557,52,7,-0.2093307769244046,1.5694392523565919,0.9865156377345041,2.0403364163357076,2.385015023420509,0.30857414311805065,0.30857414311805065,1.2972064926486542,0,9.227951650481181e-06,0.10542988777160645
0,lprand,random,0.0,1,7,0.003,0.9,1,101,0.001323854816976273,378,3.3333333333333335,0.03971564450928819,0.1323854816976273,0.29708077655482557,52,7,-0.2093307769244046,1.5694392523565919,0.9863009486625396,2.064301039848289,2.4303695057688817,0.30287707008680387,0.30287707008680387,1.297228284303464,0,9.227951650481181e-06,0.0754389762878418
0,maxentw,random,0.0,1,7,0.003,0.9,1,101,0.001323854816976273,378,3.3333333333333335,0.03971564450928819,0.1323854816976273,0.29708077655482557,52,7,-0.2093307769244046,1.5694392523565919,0.9865613564991292,1.9789909926768166,2.304612036016384,0.31045162137471505,0.31045162137471505,1.2972061921263907,0,9.227951650481181e-06,5.169214963912964
