periodic,arm,kind,disorder,seed,K,alpha,safety,levels,nx,dt,nt,Pe,r_mean,nu_mean,hmin_over_h,n_fallback,K_used_max,min_w,max_l1,rho,pow_nt,growth,errT,errmax,maxu,blowup,ref_floor,secs
1,minnorm,jitter,0.0,0,3,0.1,0.5,1,100,0.00024999999999999486,2001,0.09999999999999999,0.24999999999999484,0.024999999999999484,0.9999999999999898,0,3,0.2378124999999947,1.0000000000000007,1.0000000000000027,1.0000000000011025,1.0000000000054383,0.00015242288698982115,0.00034896868834533024,1.2028665663779563,0,0.0,0.013972997665405273
1,projgauss,jitter,0.0,0,3,0.1,0.5,1,100,0.00024999999999999486,2001,0.09999999999999999,0.24999999999999484,0.024999999999999484,0.9999999999999898,0,3,0.23781249999999468,1.0,1.0000000000000007,1.0000000000001903,1.0000000000009293,0.0001524228870259034,0.0003489686883973442,1.202866566377934,0,0.0,0.014351129531860352
1,spectral,jitter,0.0,0,3,0.1,0.5,1,100,0.00024999999999999486,2001,0.09999999999999999,0.24999999999999484,0.024999999999999484,0.9999999999999898,0,3,0.2378124999999947,1.0000000000000007,1.0000000000000027,1.0000000000011025,1.0000000000054383,0.00015242288698982115,0.00034896868834533024,1.2028665663779563,0,0.0,0.012669801712036133
1,spectralg,jitter,0.0,0,3,0.1,0.5,1,100,0.00024999999999999486,2001,0.09999999999999999,0.24999999999999484,0.024999999999999484,0.9999999999999898,0,3,0.2378124999999947,1.0000000000000007,1.0000000000000027,1.0000000000011025,1.0000000000054383,0.00015242288698982115,0.00034896868834533024,1.2028665663779563,0,0.0,0.013352155685424805
1,molfe,jitter,0.0,0,3,0.1,0.5,1,100,0.00024999999999999486,2001,0.09999999999999999,0.24999999999999484,0.024999999999999484,0.9999999999999898,0,3,0.0,1.0,1.0,0.9999999999996807,1.0,0.00033101743866389977,0.0004729266828767953,1.2029794108608283,0,0.0,0.014638185501098633
1,molrk3,jitter,0.0,0,3,0.1,0.5,1,100,0.00024999999999999486,2001,0.09999999999999999,0.24999999999999484,0.024999999999999484,0.9999999999999898,0,3,0.0,1.0,0.999999999999999,0.9999999999996101,1.0,0.000304488661727588,0.0006967604578869135,1.2030234693547726,0,0.0,0.013421058654785156
1,maxent,jitter,0.0,0,3,0.1,0.5,1,100,0.00024999999999999486,2001,0.09999999999999999,0.24999999999999484,0.024999999999999484,0.9999999999999898,0,3,0.23781249999999457,1.0,1.0000000000000018,0.9999999999998292,1.0,0.00015242288704339635,0.0003489686884222132,1.2028665663779243,0,0.0,0.022697925567626953
1,lp,jitter,0.0,0,3,0.1,0.5,1,100,0.00024999999999999486,2001,0.09999999999999999,0.24999999999999484,0.024999999999999484,0.9999999999999898,0,3,0.23781249999999465,1.0,1.0000000000000009,0.9999999999998846,1.0,0.0001524228870424596,0.0003489686884168286,1.2028665663779257,0,0.0,0.0545961856842041
1,lprand,jitter,0.0,0,3,0.1,0.5,1,100,0.00024999999999999486,2001,0.09999999999999999,0.24999999999999484,0.024999999999999484,0.9999999999999898,0,3,0.23781249999999465,1.0,1.0000000000000009,0.9999999999998846,1.0,0.0001524228870424596,0.0003489686884168286,1.2028665663779257,0,0.0,0.052579641342163086
1,maxentw,jitter,0.0,0,3,0.1,0.5,1,100,0.00024999999999999486,2001,0.09999999999999999,0.24999999999999484,0.024999999999999484,0.9999999999999898,0,3,0.23781249999999457,1.0,1.0000000000000018,0.9999999999998292,1.0,0.00015242288704339635,0.0003489686884222132,1.2028665663779243,0,0.0,0.02210688591003418
1,minnorm,jitter,0.0,0,5,0.1,0.5,1,100,0.00024999999999999486,2001,0.09999999999999999,0.24999999999999484,0.024999999999999484,0.9999999999999898,0,5,-0.019196428571430304,1.0567857142857209,0.9999999999999992,0.9999999999991109,1.0567857142857209,0.0005614884714957614,0.001237043567965751,1.2028857221671228,0,0.0,0.011242151260375977
1,projgauss,jitter,0.0,0,5,0.1,0.5,1,100,0.00024999999999999486,2001,0.09999999999999999,0.24999999999999484,0.024999999999999484,0.9999999999999898,0,5,-0.009150576342191949,1.0241887293504268,0.9999999999999989,1.000000000000017,1.0241887293504268,0.00029603162285618545,0.0006635427978892161,1.202868406405718,0,0.0,0.012823104858398438
1,spectral,jitter,0.0,0,5,0.1,0.5,1,100,0.00024999999999999486,2001,0.09999999999999999,0.24999999999999484,0.024999999999999484,0.9999999999999898,0,5,0.0071088093392842056,1.0,0.9999999999999992,0.9999999999990314,1.0,5.2808745486229713e-05,0.00011738512692083258,1.202880225372445,0,0.0,0.019224882125854492
1,spectralg,jitter,0.0,0,5,0.1,0.5,1,100,0.00024999999999999486,2001,0.09999999999999999,0.24999999999999484,0.024999999999999484,0.9999999999999898,0,5,0.0071088093392842056,1.0,0.9999999999999992,0.9999999999990314,1.0,5.2808745486229713e-05,0.00011738512692083258,1.202880225372445,0,0.0,0.031244993209838867
1,molfe,jitter,0.0,0,5,0.1,0.5,1,100,0.00024999999999999486,2001,0.09999999999999999,0.24999999999999484,0.024999999999999484,0.9999999999999898,0,5,-0.0382142857142854,1.1428571428571408,1.1428571428571441,1.1012499516408057e+116,inf,inf,16414711.399364477,16414710.805293765,1,0.0,0.008871316909790039
1,molrk3,jitter,0.0,0,5,0.1,0.5,1,100,0.00024999999999999486,2001,0.09999999999999999,0.24999999999999484,0.024999999999999484,0.9999999999999898,0,5,-0.03784922587919062,1.1535471331389675,1.1535471331389642,1.357449645718733e+124,inf,inf,2389639.9770936323,2389639.3184241806,1,0.0,0.009221076965332031
1,maxent,jitter,0.0,0,5,0.1,0.5,1,100,0.00024999999999999486,2001,0.09999999999999999,0.24999999999999484,0.024999999999999484,0.9999999999999898,0,5,0.009489997664252089,1.0000000000000002,1.0000000000000024,0.9999999999999047,1.0000000000000002,1.1185433728064242e-06,2.6030529372278455e-06,1.2028817154112739,0,0.0,0.025730133056640625
1,lp,jitter,0.0,0,5,0.1,0.5,1,100,0.00024999999999999486,2001,0.09999999999999999,0.24999999999999484,0.024999999999999484,0.9999999999999898,0,5,0.0,1.0,0.9999999999999946,1.0000000000000375,1.0000000000001634,0.0059574705530033075,0.012745783443526571,1.2041622343517178,0,0.0,0.056791067123413086
1,lprand,jitter,0.0,0,5,0.1,0.5,1,100,0.00024999999999999486,2001,0.09999999999999999,0.24999999999999484,0.024999999999999484,0.9999999999999898,0,5,0.0,1.0,0.9999999999999977,0.9999999999999682,1.0000000000000002,0.001409358815391587,0.0026921054066111616,1.2031437189437024,0,0.0,0.05653882026672363
1,maxentw,jitter,0.0,0,5,0.1,0.5,1,100,0.00024999999999999486,2001,0.09999999999999999,0.24999999999999484,0.024999999999999484,0.9999999999999898,0,5,0.009489997664252089,1.0000000000000002,1.0000000000000024,0.9999999999999047,1.0000000000000002,1.1185433728064242e-06,2.6030529372278455e-06,1.2028817154112739,0,0.0,0.02582693099975586
1,minnorm,jitter,0.0,0,7,0.1,0.5,1,100,0.00024999999999999486,2001,0.09999999999999999,0.24999999999999484,0.024999999999999484,0.9999999999999898,0,7,-0.06811755952381061,1.2617559523809558,1.0000000000000018,1.0000000000000202,1.2617559523809558,0.0019561304960458437,0.005150100796470158,1.2021161819894846,0,0.0,0.011306047439575195
1,projgauss,jitter,0.0,0,7,0.1,0.5,1,100,0.00024999999999999486,2001,0.09999999999999999,0.24999999999999484,0.024999999999999484,0.9999999999999898,0,7,-0.025416938076551637,1.100293154425795,1.0,1.0000000000001534,1.1002931544257952,0.0006317361320470338,0.001819522844627386,1.2025228109170438,0,0.0,0.013910055160522461
1,spectral,jitter,0.0,0,7,0.1,0.5,1,100,0.00024999999999999486,2001,0.09999999999999999,0.24999999999999484,0.024999999999999484,0.9999999999999898,0,7,0.0017849493537050454,1.0000000000000002,0.9999999999999999,1.000000000000002,1.0000000000000187,0.00011153636544692855,0.00024601317176001225,1.2029236889928132,0,0.0,0.020066022872924805
1,spectralg,jitter,0.0,0,7,0.1,0.5,1,100,0.00024999999999999486,2001,0.09999999999999999,0.24999999999999484,0.024999999999999484,0.9999999999999898,0,7,0.0017849493537050454,1.0000000000000002,0.9999999999999999,1.000000000000002,1.0000000000000187,0.00011153636544692855,0.00024601317176001225,1.2029236889928132,0,0.0,0.03246879577636719
1,molfe,jitter,0.0,0,7,0.1,0.5,1,100,0.00024999999999999486,2001,0.09999999999999999,0.24999999999999484,0.024999999999999484,0.9999999999999898,0,7,-0.018749999999999732,1.0749999999999988,1.0543821191262446,1.3583955816834728e+46,1.2158988442174939e+230,inf,1590783.3095050706,1590782.9412813657,1,0.0,0.009629964828491211
1,molrk3,jitter,0.0,0,7,0.1,0.5,1,100,0.00024999999999999486,2001,0.09999999999999999,0.24999999999999484,0.024999999999999484,0.9999999999999898,0,7,-0.01824754941969322,1.0760658738383735,1.0558870779353542,2.3556924739509875e+47,1.904226276455194e+236,inf,5958052.747062159,5958052.453152999,1,0.0,0.009870767593383789
1,maxent,jitter,0.0,0,7,0.1,0.5,1,100,0.00024999999999999486,2001,0.09999999999999999,0.24999999999999484,0.024999999999999484,0.9999999999999898,0,7,6.090354650704343e-05,1.0000000000000002,0.9999999999999999,1.0000000000001836,1.0000000000008786,6.027197073467383e-06,1.3824692351449563e-05,1.202884010428221,0,0.0,0.031368255615234375
1,lp,jitter,0.0,0,7,0.1,0.5,1,100,0.00024999999999999486,2001,0.09999999999999999,0.24999999999999484,0.024999999999999484,0.9999999999999898,0,7,0.0,1.0,0.9999999999999983,0.9999999999999618,1.0000000000000002,0.012066780051277952,0.025824560885559598,1.2056679483627055,0,0.0,0.056395769119262695
1,lprand,jitter,0.0,0,7,0.1,0.5,1,100,0.00024999999999999486,2001,0.09999999999999999,0.24999999999999484,0.024999999999999484,0.9999999999999898,0,7,0.0,1.0,0.9999999999999947,1.0000000000000033,1.0000000000000056,0.0016162905545027036,0.0040626272997749124,1.204033384971063,0,0.0,0.054689884185791016
1,maxentw,jitter,0.0,0,7,0.1,0.5,1,100,0.00024999999999999486,2001,0.09999999999999999,0.24999999999999484,0.024999999999999484,0.9999999999999898,0,7,6.090354650704343e-05,1.0000000000000002,0.9999999999999999,1.0000000000001836,1.0000000000008786,6.027197073467383e-06,1.3824692351449563e-05,1.202884010428221,0,0.0,0.03150534629821777
1,minnorm,jitter,0.1,0,3,0.1,0.5,1,100,0.00016376429299489037,3054,0.09999999999999999,0.16376429299489037,0.016376429299489036,0.8093560230081454,0,3,0.12471144446444862,1.0000000000000013,0.9999999999999976,1.0000000000003313,1.0000000000005622,1.487428566082638e-05,4.457207013769393e-05,1.2029762134541668,0,0.0,0.014040708541870117
1,projgauss,jitter,0.1,0,3,0.1,0.5,1,100,0.00016376429299489037,3054,0.09999999999999999,0.16376429299489037,0.016376429299489036,0.8093560230081454,0,3,0.12471144446444885,1.0000000000000002,0.9999999999999953,1.000000000000025,1.0000000000000469,1.487428566647464e-05,4.457207013564002e-05,1.2029762134541624,0,0.0,0.01531529426574707
1,spectral,jitter,0.1,0,3,0.1,0.5,1,100,0.00016376429299489037,3054,0.09999999999999999,0.16376429299489037,0.016376429299489036,0.8093560230081454,0,3,0.12471144446444862,1.0000000000000013,0.9999999999999976,1.0000000000003313,1.0000000000005622,1.487428566082638e-05,4.457207013769393e-05,1.2029762134541668,0,0.0,0.014264106750488281
1,spectralg,jitter,0.1,0,3,0.1,0.5,1,100,0.00016376429299489037,3054,0.09999999999999999,0.16376429299489037,0.016376429299489036,0.8093560230081454,0,3,0.12471144446444862,1.0000000000000013,0.9999999999999976,1.0000000000003313,1.0000000000005622,1.487428566082638e-05,4.457207013769393e-05,1.2029762134541668,0,0.0,0.01700615882873535
1,molfe,jitter,0.1,0,3,0.1,0.5,1,100,0.00016376429299489037,3054,0.09999999999999999,0.16376429299489037,0.016376429299489036,0.8093560230081454,0,3,0.0,1.0000000000000002,1.0000000000000009,0.9999999999997347,1.0000000000000007,0.0002305230721005025,0.0003249995846636988,1.2030499866642832,0,0.0,0.014497995376586914
1,molrk3,jitter,0.1,0,3,0.1,0.5,1,100,0.00016376429299489037,3054,0.09999999999999999,0.16376429299489037,0.016376429299489036,0.8093560230081454,0,3,0.0,1.0000000000000002,1.0000000000000022,0.9999999999997753,1.0000000000000009,0.0003133324722227118,0.0007206300890771344,1.2030851992255558,0,0.0,0.01640486717224121
1,maxent,jitter,0.1,0,3,0.1,0.5,1,100,0.00016376429299489037,3054,0.09999999999999999,0.16376429299489037,0.016376429299489036,0.8093560230081454,0,3,0.12471144446444876,1.0000000000000002,0.9999999999999998,1.000000000000084,1.0000000000002294,1.4874283569322327e-05,4.4572063952863505e-05,1.2029762134541548,0,0.0,0.12071800231933594
1,lp,jitter,0.1,0,3,0.1,0.5,1,100,0.00016376429299489037,3054,0.09999999999999999,0.16376429299489037,0.016376429299489036,0.8093560230081454,0,3,0.12471144446444879,1.0,0.999999999999995,0.9999999999999942,1.0000000000000007,1.4874285668722842e-05,4.4572070135417974e-05,1.2029762134541602,0,0.0,0.05702018737792969
1,lprand,jitter,0.1,0,3,0.1,0.5,1,100,0.00016376429299489037,3054,0.09999999999999999,0.16376429299489037,0.016376429299489036,0.8093560230081454,0,3,0.12471144446444879,1.0,0.9999999999999996,0.9999999999999933,1.0000000000000007,1.4874285667931808e-05,4.4572070135417974e-05,1.2029762134541602,0,0.0,0.059152841567993164
1,maxentw,jitter,0.1,0,3,0.1,0.5,1,100,0.00016376429299489037,3054,0.09999999999999999,0.16376429299489037,0.016376429299489036,0.8093560230081454,0,3,0.12471144446444876,1.0000000000000002,0.9999999999999998,1.000000000000084,1.0000000000002294,1.4874283569322327e-05,4.4572063952863505e-05,1.2029762134541548,0,0.0,0.12226009368896484
1,minnorm,jitter,0.1,0,5,0.1,0.5,1,100,0.00016376429299489037,3054,0.09999999999999999,0.16376429299489037,0.016376429299489036,0.8093560230081454,0,5,-0.06176799134962749,1.2131472295903674,0.9999999999999996,0.9999999999989152,1.2131472295903674,0.0007526694018381228,0.0018836232391978291,1.2028401852108672,0,0.0,0.013099193572998047
1,projgauss,jitter,0.1,0,5,0.1,0.5,1,100,0.00016376429299489037,3054,0.09999999999999999,0.16376429299489037,0.016376429299489036,0.8093560230081454,0,5,-0.04805094604344403,1.1661152257184193,0.9999999999999992,0.9999999999999523,1.1661152257184193,0.0004911600408511116,0.0012464605686005603,1.2028426245120796,0,0.0,0.015258073806762695
1,spectral,jitter,0.1,0,5,0.1,0.5,1,100,0.00016376429299489037,3054,0.09999999999999999,0.16376429299489037,0.016376429299489036,0.8093560230081454,0,5,-0.03690778513691367,1.0738155702738272,0.9999999999999968,0.9999999999986475,1.073815570273827,0.00014466798708429734,0.00032485278757621305,1.2029789169263292,0,0.0,0.020274877548217773
1,spectralg,jitter,0.1,0,5,0.1,0.5,1,100,0.00016376429299489037,3054,0.09999999999999999,0.16376429299489037,0.016376429299489036,0.8093560230081454,0,5,-0.03690778513691367,1.0738155702738272,0.9999999999999968,0.9999999999986475,1.073815570273827,0.00014466798708429734,0.00032485278757621305,1.2029789169263292,0,0.0,0.03392791748046875
1,molfe,jitter,0.1,0,5,0.1,0.5,1,100,0.00016376429299489037,3054,0.09999999999999999,0.16376429299489037,0.016376429299489036,0.8093560230081454,0,5,-0.031082107037539816,1.100921450478113,1.0933776177553378,3.2272835996009486e+118,inf,inf,6252568.74230371,6252569.1291921865,1,0.0,0.00842595100402832
1,molrk3,jitter,0.1,0,5,0.1,0.5,1,100,0.00016376429299489037,3054,0.09999999999999999,0.16376429299489037,0.016376429299489036,0.8093560230081454,0,5,-0.03054257396639681,1.1056220565546593,1.0978730066518076,8.959199832420138e+123,inf,inf,21035738.718253348,21035739.105141822,1,0.0,0.009084224700927734
1,maxent,jitter,0.1,0,5,0.1,0.5,1,100,0.00016376429299489037,3054,0.09999999999999999,0.16376429299489037,0.016376429299489036,0.8093560230081454,0,5,0.0006790033964164705,1.0000000000000002,1.0,1.0000000000001616,1.0000000000005127,5.9711738154631655e-05,0.00013844733389811736,1.2029803434971023,0,0.0,0.3791358470916748
1,lp,jitter,0.1,0,5,0.1,0.5,1,100,0.00016376429299489037,3054,0.09999999999999999,0.16376429299489037,0.016376429299489036,0.8093560230081454,0,5,0.0,1.0,1.000000000000002,1.0000000000000053,1.0000000000000058,0.0035651529785674096,0.007172446410524613,1.2038923193018747,0,0.0,0.0600278377532959
1,lprand,jitter,0.1,0,5,0.1,0.5,1,100,0.00016376429299489037,3054,0.09999999999999999,0.16376429299489037,0.016376429299489036,0.8093560230081454,0,5,0.0,1.0,1.0000000000000002,0.9999999999999937,1.000000000000002,0.0013479979098577899,0.003326655455593047,1.203161800065624,0,0.0,0.05876421928405762
1,maxentw,jitter,0.1,0,5,0.1,0.5,1,100,0.00016376429299489037,3054,0.09999999999999999,0.16376429299489037,0.016376429299489036,0.8093560230081454,0,5,0.0006790033964164705,1.0000000000000002,1.0,1.0000000000001616,1.0000000000005127,5.9711738154631655e-05,0.00013844733389811736,1.2029803434971023,0,0.0,0.3800389766693115
1,minnorm,jitter,0.1,0,7,0.1,0.5,1,100,0.00016376429299489037,3054,0.09999999999999999,0.16376429299489037,0.016376429299489036,0.8093560230081454,0,7,-0.09301251705544729,1.3385282586496199,0.9999999999999987,0.9999999999998687,1.3385282586496197,0.002776769805360263,0.007893799451968386,1.201356636760787,0,0.0,0.015020132064819336
1,projgauss,jitter,0.1,0,7,0.1,0.5,1,100,0.00016376429299489037,3054,0.09999999999999999,0.16376429299489037,0.016376429299489036,0.8093560230081454,0,7,-0.04538273789648911,1.1719576074333022,1.0000000000000024,1.0000000000000546,1.1719576074333022,0.001223327614223002,0.0036597969200773406,1.2020854179521026,0,0.0,0.01714801788330078
1,spectral,jitter,0.1,0,7,0.1,0.5,1,100,0.00016376429299489037,3054,0.09999999999999999,0.16376429299489037,0.016376429299489036,0.8093560230081454,0,7,-0.07030610640510454,1.1711768187117682,1.0000000000000016,0.9999999999999415,1.1711768187117682,0.00030669555308501795,0.0006714872358495605,1.2030525179355958,0,0.0,0.020751953125
1,spectralg,jitter,0.1,0,7,0.1,0.5,1,100,0.00016376429299489037,3054,0.09999999999999999,0.16376429299489037,0.016376429299489036,0.8093560230081454,0,7,-0.07030610640510454,1.1711768187117682,1.0000000000000016,0.9999999999999415,1.1711768187117682,0.00030669555308501795,0.0006714872358495605,1.2030525179355958,0,0.0,0.03571200370788574
1,molfe,jitter,0.1,0,7,0.1,0.5,1,100,0.00016376429299489037,3054,0.09999999999999999,0.16376429299489037,0.016376429299489036,0.8093560230081454,0,7,-0.01393123339648872,1.0531522392870967,1.0357000100405065,1.0589396712199571e+47,4.561642044157674e+152,inf,1473525.2390590247,1473525.7088593494,1,0.0,0.01044917106628418
1,molrk3,jitter,0.1,0,7,0.1,0.5,1,100,0.00016376429299489037,3054,0.09999999999999999,0.16376429299489037,0.016376429299489036,0.8093560230081454,0,7,-0.013661329374758497,1.0535596066947033,1.0363446339699587,7.149639951397233e+47,2.361887097252593e+155,inf,2314564.5628737956,2314565.0326741203,1,0.0,0.00941014289855957
1,maxent,jitter,0.1,0,7,0.1,0.5,1,100,0.00016376429299489037,3054,0.09999999999999999,0.16376429299489037,0.016376429299489036,0.8093560230081454,0,7,2.359110483270035e-07,1.0000000000000004,0.9999999999999989,1.00000000000014,1.0000000000004243,5.989875446945486e-05,0.00013883944832537853,1.20298036191612,0,0.0,0.5102710723876953
1,lp,jitter,0.1,0,7,0.1,0.5,1,100,0.00016376429299489037,3054,0.09999999999999999,0.16376429299489037,0.016376429299489036,0.8093560230081454,0,7,0.0,1.0000000000000002,1.0000000000000033,1.000000000000012,1.000000000000012,0.008959824109493378,0.012859942392522306,1.204860432289717,0,0.0,0.05626106262207031
1,lprand,jitter,0.1,0,7,0.1,0.5,1,100,0.00016376429299489037,3054,0.09999999999999999,0.16376429299489037,0.016376429299489036,0.8093560230081454,0,7,0.0,1.0000000000000002,0.9999999999999998,1.0000000000000338,1.0000000000000826,0.0012782374469586279,0.0030561015984999773,1.2034842322697046,0,0.0,0.05865478515625
1,maxentw,jitter,0.1,0,7,0.1,0.5,1,100,0.00016376429299489037,3054,0.09999999999999999,0.16376429299489037,0.016376429299489036,0.8093560230081454,0,7,2.359110483270035e-07,1.0000000000000004,0.9999999999999989,1.00000000000014,1.0000000000004243,5.989875446945486e-05,0.00013883944832537853,1.20298036191612,0,0.0,0.5068638324737549
1,minnorm,jitter,0.1,1,3,0.1,0.5,1,100,0.00016993317484049846,2943,0.09999999999999999,0.16993317484049847,0.016993317484049846,0.8244590343746583,0,3,0.13021704992304028,1.0000000000000018,1.0000000000000013,1.0000000000002374,1.0000000000006084,3.1679605740284056e-06,3.716584473562046e-05,1.2041799213706752,0,0.0,0.01610589027404785
1,projgauss,jitter,0.1,1,3,0.1,0.5,1,100,0.00016993317484049846,2943,0.09999999999999999,0.16993317484049847,0.016993317484049846,0.8244590343746583,0,3,0.13021704992304012,1.0000000000000004,0.9999999999999996,1.0000000000000286,1.0000000000000604,3.167960546855697e-06,3.71658447358425e-05,1.2041799213706845,0,0.0,0.015323162078857422
1,spectral,jitter,0.1,1,3,0.1,0.5,1,100,0.00016993317484049846,2943,0.09999999999999999,0.16993317484049847,0.016993317484049846,0.8244590343746583,0,3,0.13021704992304028,1.0000000000000018,1.0000000000000013,1.0000000000002374,1.0000000000006084,3.1679605740284056e-06,3.716584473562046e-05,1.2041799213706752,0,0.0,0.017124176025390625
1,spectralg,jitter,0.1,1,3,0.1,0.5,1,100,0.00016993317484049846,2943,0.09999999999999999,0.16993317484049847,0.016993317484049846,0.8244590343746583,0,3,0.13021704992304028,1.0000000000000018,1.0000000000000013,1.0000000000002374,1.0000000000006084,3.1679605740284056e-06,3.716584473562046e-05,1.2041799213706752,0,0.0,0.014484882354736328
1,molfe,jitter,0.1,1,3,0.1,0.5,1,100,0.00016993317484049846,2943,0.09999999999999999,0.16993317484049847,0.016993317484049846,0.8244590343746583,0,3,0.0,1.0000000000000002,0.999999999999996,0.9999999999996845,1.0000000000000002,0.00023476107957556835,0.00032698071499642767,1.2042556098397272,0,0.0,0.017025232315063477
1,molrk3,jitter,0.1,1,3,0.1,0.5,1,100,0.00016993317484049846,2943,0.09999999999999999,0.16993317484049847,0.016993317484049846,0.8244590343746583,0,3,0.0,1.0000000000000002,1.000000000000002,0.999999999999671,1.0000000000000002,0.00031309684038138136,0.0007259353080593112,1.2043176194315959,0,0.0,0.014168024063110352
1,maxent,jitter,0.1,1,3,0.1,0.5,1,100,0.00016993317484049846,2943,0.09999999999999999,0.16993317484049847,0.016993317484049846,0.8244590343746583,0,3,0.13021704992304017,1.0000000000000002,0.9999999999999999,1.0000000000000677,1.0000000000002034,3.1678750017499757e-06,3.7165839800290534e-05,1.2041799213686104,0,0.0,0.09472322463989258
1,lp,jitter,0.1,1,3,0.1,0.5,1,100,0.00016993317484049846,2943,0.09999999999999999,0.16993317484049847,0.016993317484049846,0.8244590343746583,0,3,0.13021704992304012,1.0,0.9999999999999979,0.999999999999997,1.000000000000002,3.1679605462242577e-06,3.716584473445472e-05,1.2041799213706859,0,0.0,0.054904937744140625
1,lprand,jitter,0.1,1,3,0.1,0.5,1,100,0.00016993317484049846,2943,0.09999999999999999,0.16993317484049847,0.016993317484049846,0.8244590343746583,0,3,0.13021704992304012,1.0,1.0,0.9999999999999976,1.000000000000002,3.1679605462242577e-06,3.716584473445472e-05,1.2041799213706859,0,0.0,0.057990312576293945
1,maxentw,jitter,0.1,1,3,0.1,0.5,1,100,0.00016993317484049846,2943,0.09999999999999999,0.16993317484049847,0.016993317484049846,0.8244590343746583,0,3,0.13021704992304017,1.0000000000000002,0.9999999999999999,1.0000000000000677,1.0000000000002034,3.1678750017499757e-06,3.7165839800290534e-05,1.2041799213686104,0,0.0,0.09387707710266113
1,minnorm,jitter,0.1,1,5,0.1,0.5,1,100,0.00016993317484049846,2943,0.09999999999999999,0.16993317484049847,0.016993317484049846,0.8244590343746583,0,5,-0.06346206710022803,1.2015758615447159,1.0000000000000016,0.9999999999991492,1.2015758615447159,0.0007477452494198608,0.0016688135152307382,1.2040688922945355,0,0.0,0.013502120971679688
1,projgauss,jitter,0.1,1,5,0.1,0.5,1,100,0.00016993317484049846,2943,0.09999999999999999,0.16993317484049847,0.016993317484049846,0.8244590343746583,0,5,-0.04392235270108082,1.158272565816712,0.9999999999999989,0.9999999999999478,1.158272565816712,0.0004714386741067403,0.0011032988299942703,1.2040798030432647,0,0.0,0.013985872268676758
1,spectral,jitter,0.1,1,5,0.1,0.5,1,100,0.00016993317484049846,2943,0.09999999999999999,0.16993317484049847,0.016993317484049846,0.8244590343746583,0,5,-0.03341422399631247,1.0668284479926244,1.0,0.9999999999989333,1.0668284479926244,0.00014608094457013027,0.00031324796225623563,1.20417477847991,0,0.0,0.019778966903686523
1,spectralg,jitter,0.1,1,5,0.1,0.5,1,100,0.00016993317484049846,2943,0.09999999999999999,0.16993317484049847,0.016993317484049846,0.8244590343746583,0,5,-0.03341422399631247,1.0668284479926244,1.0,0.9999999999989333,1.0668284479926244,0.00014608094457013027,0.00031324796225623563,1.20417477847991,0,0.0,0.03257608413696289
1,molfe,jitter,0.1,1,5,0.1,0.5,1,100,0.00016993317484049846,2943,0.09999999999999999,0.16993317484049847,0.016993317484049846,0.8244590343746583,0,5,-0.032161938563310746,1.10713348667196,1.0968448473403631,1.6763450078917646e+118,inf,inf,2284403.5498104924,2284403.4648016444,1,0.0,0.009276151657104492
1,molrk3,jitter,0.1,1,5,0.1,0.5,1,100,0.00016993317484049846,2943,0.09999999999999999,0.16993317484049847,0.016993317484049846,0.8244590343746583,0,5,-0.03156872867851132,1.112220629185187,1.101685692986417,7.139187651481861e+123,inf,inf,7787712.590799446,7787712.347847756,1,0.0,0.009128093719482422
1,maxent,jitter,0.1,1,5,0.1,0.5,1,100,0.00016993317484049846,2943,0.09999999999999999,0.16993317484049847,0.016993317484049846,0.8244590343746583,0,5,0.0009639170115693324,1.0000000000000002,0.9999999999999994,1.0000000000001523,1.0000000000004396,5.119382910877962e-05,0.00012753940067711245,1.204194944466117,0,0.0,0.30349111557006836
1,lp,jitter,0.1,1,5,0.1,0.5,1,100,0.00016993317484049846,2943,0.09999999999999999,0.16993317484049847,0.016993317484049846,0.8244590343746583,0,5,0.0,1.0,1.0000000000000009,1.0000000000000009,1.000000000000003,0.003114840197753703,0.00604942018464627,1.204954290090085,0,0.0,0.05790114402770996
1,lprand,jitter,0.1,1,5,0.1,0.5,1,100,0.00016993317484049846,2943,0.09999999999999999,0.16993317484049847,0.016993317484049846,0.8244590343746583,0,5,0.0,1.0,1.0000000000000027,0.9999999999999973,1.000000000000001,0.0008917701598170624,0.001768828536461764,1.2045152608100238,0,0.0,0.05951118469238281
1,maxentw,jitter,0.1,1,5,0.1,0.5,1,100,0.00016993317484049846,2943,0.09999999999999999,0.16993317484049847,0.016993317484049846,0.8244590343746583,0,5,0.0009639170115693324,1.0000000000000002,0.9999999999999994,1.0000000000001523,1.0000000000004396,5.119382910877962e-05,0.00012753940067711245,1.204194944466117,0,0.0,0.4302561283111572
1,minnorm,jitter,0.1,1,7,0.1,0.5,1,100,0.00016993317484049846,2943,0.09999999999999999,0.16993317484049847,0.016993317484049846,0.8244590343746583,0,7,-0.09041200184456896,1.3295182015282614,0.9999999999999996,1.0000000000001168,1.3295182015282614,0.0026720863151071528,0.007770802216408912,1.2027156450729282,0,0.0,0.015722990036010742
1,projgauss,jitter,0.1,1,7,0.1,0.5,1,100,0.00016993317484049846,2943,0.09999999999999999,0.16993317484049847,0.016993317484049846,0.8244590343746583,0,7,-0.04379911014609178,1.1639502877899297,0.9999999999999969,1.0000000000000733,1.1639502877899297,0.001122018564354163,0.003502073787793769,1.2034016214382213,0,0.0,0.014729976654052734
1,spectral,jitter,0.1,1,7,0.1,0.5,1,100,0.00016993317484049846,2943,0.09999999999999999,0.16993317484049847,0.016993317484049846,0.8244590343746583,0,7,-0.06010209105662645,1.1406466129329709,1.0000000000000022,1.0000000000001825,1.1406466129329706,0.0003011309502104695,0.0006334810798957757,1.2042445196795595,0,0.0,0.02272510528564453
1,spectralg,jitter,0.1,1,7,0.1,0.5,1,100,0.00016993317484049846,2943,0.09999999999999999,0.16993317484049847,0.016993317484049846,0.8244590343746583,0,7,-0.06010209105662645,1.1406466129329709,1.0000000000000022,1.0000000000001825,1.1406466129329706,0.0003011309502104695,0.0006334810798957757,1.2042445196795595,0,0.0,0.03493309020996094
1,molfe,jitter,0.1,1,7,0.1,0.5,1,100,0.00016993317484049846,2943,0.09999999999999999,0.16993317484049847,0.016993317484049846,0.8244590343746583,0,7,-0.014294793026407454,1.0548030799458694,1.0369640850387,6.708429656883704e+46,9.034531596803165e+157,inf,1269781.1998541774,1269780.5737171252,1,0.0,0.009402036666870117
1,molrk3,jitter,0.1,1,7,0.1,0.5,1,100,0.00016993317484049846,2943,0.09999999999999999,0.16993317484049847,0.016993317484049846,0.8244590343746583,0,7,-0.014000797433886904,1.0551861324069745,1.0376554903411088,4.797041189490251e+47,6.593794402182166e+160,inf,1984107.3004188016,1984106.6742817494,1,0.0,0.010582923889160156
1,maxent,jitter,0.1,1,7,0.1,0.5,1,100,0.00016993317484049846,2943,0.09999999999999999,0.16993317484049847,0.016993317484049846,0.8244590343746583,0,7,4.6544668991397146e-07,1.0000000000000002,1.0,1.0000000000001859,1.0000000000005784,5.1411237567973445e-05,0.0001280487542613118,1.204195061062014,0,0.0,0.5807421207427979
1,lp,jitter,0.1,1,7,0.1,0.5,1,100,0.00016993317484049846,2943,0.09999999999999999,0.16993317484049847,0.016993317484049846,0.8244590343746583,0,7,0.0,1.0000000000000002,1.0000000000000022,0.999999999999998,1.0000000000000087,0.008131676794414244,0.01091763365768661,1.205929716487578,0,0.0,0.060996294021606445
1,lprand,jitter,0.1,1,7,0.1,0.5,1,100,0.00016993317484049846,2943,0.09999999999999999,0.16993317484049847,0.016993317484049846,0.8244590343746583,0,7,0.0,1.0000000000000002,0.9999999999999972,1.0000000000000364,1.0000000000000822,0.0018819977472698673,0.0037735078357515883,1.2047812848224133,0,0.0,0.05927705764770508
1,maxentw,jitter,0.1,1,7,0.1,0.5,1,100,0.00016993317484049846,2943,0.09999999999999999,0.16993317484049847,0.016993317484049846,0.8244590343746583,0,7,4.6544668991397146e-07,1.0000000000000002,1.0,1.0000000000001859,1.0000000000005784,5.1411237567973445e-05,0.0001280487542613118,1.204195061062014,0,0.0,0.6836519241333008
1,minnorm,jitter,0.1,2,3,0.1,0.5,1,100,0.00017878235363346623,2797,0.09999999999999999,0.17878235363346623,0.017878235363346623,0.8456532472200795,0,3,0.13204798541361096,1.0000000000000016,1.000000000000001,1.0000000000003617,1.0000000000010911,1.7605249833325108e-05,4.47888466802715e-05,1.2043899350788179,0,0.0,0.01513814926147461
1,projgauss,jitter,0.1,2,3,0.1,0.5,1,100,0.00017878235363346623,2797,0.09999999999999999,0.17878235363346623,0.017878235363346623,0.8456532472200795,0,3,0.132047985413611,1.0000000000000002,1.0000000000000007,1.0000000000001033,1.000000000000296,1.760524987107139e-05,4.4788846675775096e-05,1.2043899350788263,0,0.0,0.016371965408325195
1,spectral,jitter,0.1,2,3,0.1,0.5,1,100,0.00017878235363346623,2797,0.09999999999999999,0.17878235363346623,0.017878235363346623,0.8456532472200795,0,3,0.13204798541361096,1.0000000000000016,1.000000000000001,1.0000000000003617,1.0000000000010911,1.7605249833325108e-05,4.47888466802715e-05,1.2043899350788179,0,0.0,0.014306068420410156
1,spectralg,jitter,0.1,2,3,0.1,0.5,1,100,0.00017878235363346623,2797,0.09999999999999999,0.17878235363346623,0.017878235363346623,0.8456532472200795,0,3,0.13204798541361096,1.0000000000000016,1.000000000000001,1.0000000000003617,1.0000000000010911,1.7605249833325108e-05,4.47888466802715e-05,1.2043899350788179,0,0.0,0.013955116271972656
1,molfe,jitter,0.1,2,3,0.1,0.5,1,100,0.00017878235363346623,2797,0.09999999999999999,0.17878235363346623,0.017878235363346623,0.8456532472200795,0,3,0.0,1.0,0.9999999999999971,0.9999999999996574,1.0,0.00024129604463010712,0.00033308193120507035,1.2044692289142258,0,0.0,0.01639413833618164
1,molrk3,jitter,0.1,2,3,0.1,0.5,1,100,0.00017878235363346623,2797,0.09999999999999999,0.17878235363346623,0.017878235363346623,0.8456532472200795,0,3,0.0,1.0000000000000002,1.0000000000000018,0.9999999999996466,1.0000000000000002,0.00031014731912924753,0.000714810256681131,1.2044940349974553,0,0.0,0.014896869659423828
1,maxent,jitter,0.1,2,3,0.1,0.5,1,100,0.00017878235363346623,2797,0.09999999999999999,0.17878235363346623,0.017878235363346623,0.8456532472200795,0,3,0.13204798541361099,1.0000000000000002,0.9999999999999982,1.0000000000000615,1.000000000000173,1.7605250496788532e-05,4.478884367145608e-05,1.2043899350787959,0,0.0,0.1557168960571289
1,lp,jitter,0.1,2,3,0.1,0.5,1,100,0.00017878235363346623,2797,0.09999999999999999,0.17878235363346623,0.017878235363346623,0.8456532472200795,0,3,0.13204798541361099,1.0,1.0000000000000007,1.000000000000003,1.0000000000000033,1.7605249857964252e-05,4.4788846675219984e-05,1.2043899350788259,0,0.0,0.056488990783691406
1,lprand,jitter,0.1,2,3,0.1,0.5,1,100,0.00017878235363346623,2797,0.09999999999999999,0.17878235363346623,0.017878235363346623,0.8456532472200795,0,3,0.13204798541361099,1.0,1.0000000000000007,1.000000000000003,1.0000000000000033,1.7605249857964252e-05,4.4788846675219984e-05,1.2043899350788259,0,0.0,0.05823993682861328
1,maxentw,jitter,0.1,2,3,0.1,0.5,1,100,0.00017878235363346623,2797,0.09999999999999999,0.17878235363346623,0.017878235363346623,0.8456532472200795,0,3,0.13204798541361099,1.0000000000000002,0.9999999999999982,1.0000000000000615,1.000000000000173,1.7605250496788532e-05,4.478884367145608e-05,1.2043899350787959,0,0.0,0.15695810317993164
1,minnorm,jitter,0.1,2,5,0.1,0.5,1,100,0.00017878235363346623,2797,0.09999999999999999,0.17878235363346623,0.017878235363346623,0.8456532472200795,0,5,-0.06353833903637508,1.1922335198385952,0.9999999999999977,0.9999999999994964,1.192233519838595,0.0007294490742741147,0.0016575224247206422,1.204222189453411,0,0.0,0.012674093246459961
1,projgauss,jitter,0.1,2,5,0.1,0.5,1,100,0.00017878235363346623,2797,0.09999999999999999,0.17878235363346623,0.017878235363346623,0.8456532472200795,0,5,-0.04170023589364029,1.1477703516775697,1.0000000000000033,0.9999999999999064,1.1477703516775697,0.00045770397278325353,0.0010659948009251186,1.2042458113588688,0,0.0,0.01612997055053711
1,spectral,jitter,0.1,2,5,0.1,0.5,1,100,0.00017878235363346623,2797,0.09999999999999999,0.17878235363346623,0.017878235363346623,0.8456532472200795,0,5,-0.028798084082403155,1.057596168164806,1.0000000000000004,0.9999999999992814,1.057596168164806,0.0001299273297401607,0.00027869960539064764,1.2043876670023481,0,0.0,0.019863128662109375
1,spectralg,jitter,0.1,2,5,0.1,0.5,1,100,0.00017878235363346623,2797,0.09999999999999999,0.17878235363346623,0.017878235363346623,0.8456532472200795,0,5,-0.028798084082403155,1.057596168164806,1.0000000000000004,0.9999999999992814,1.057596168164806,0.0001299273297401607,0.00027869960539064764,1.2043876670023481,0,0.0,0.031408071517944336
1,molfe,jitter,0.1,2,5,0.1,0.5,1,100,0.00017878235363346623,2797,0.09999999999999999,0.17878235363346623,0.017878235363346623,0.8456532472200795,0,5,-0.034732903271298556,1.1143781166971076,1.1020581591155543,1.4784797650356462e+118,inf,inf,2779440.6264416026,2779441.498072588,1,0.0,0.008222818374633789
1,molrk3,jitter,0.1,2,5,0.1,0.5,1,100,0.00017878235363346623,2797,0.09999999999999999,0.17878235363346623,0.017878235363346623,0.8456532472200795,0,5,-0.033976888587462235,1.119871720667494,1.107443263752839,1.2317266850647061e+124,inf,inf,10456330.9784716,10456331.27462388,1,0.0,0.008994102478027344
1,maxent,jitter,0.1,2,5,0.1,0.5,1,100,0.00017878235363346623,2797,0.09999999999999999,0.17878235363346623,0.017878235363346623,0.8456532472200795,0,5,0.0010875641744402045,1.0000000000000002,0.9999999999999992,1.000000000000123,1.0000000000003884,4.174932334014003e-05,0.00010185248809307934,1.2043954296015,0,0.0,0.2504551410675049
1,lp,jitter,0.1,2,5,0.1,0.5,1,100,0.00017878235363346623,2797,0.09999999999999999,0.17878235363346623,0.017878235363346623,0.8456532472200795,0,5,0.0,1.0,1.0000000000000022,0.9999999999999974,1.0000000000000029,0.003316993039802464,0.007418143344421035,1.205111477050744,0,0.0,0.055948734283447266
1,lprand,jitter,0.1,2,5,0.1,0.5,1,100,0.00017878235363346623,2797,0.09999999999999999,0.17878235363346623,0.017878235363346623,0.8456532472200795,0,5,0.0,1.0,1.000000000000001,1.0000000000000036,1.0000000000000042,0.0020180984146735484,0.0027944536622489524,1.2041981366081695,0,0.0,0.06050515174865723
1,maxentw,jitter,0.1,2,5,0.1,0.5,1,100,0.00017878235363346623,2797,0.09999999999999999,0.17878235363346623,0.017878235363346623,0.8456532472200795,0,5,0.0010875641744402045,1.0000000000000002,0.9999999999999992,1.000000000000123,1.0000000000003884,4.174932334014003e-05,0.00010185248809307934,1.2043954296015,0,0.0,0.25105905532836914
1,minnorm,jitter,0.1,2,7,0.1,0.5,1,100,0.00017878235363346623,2797,0.09999999999999999,0.17878235363346623,0.017878235363346623,0.8456532472200795,0,7,-0.0917034517734955,1.3284641725174393,0.9999999999999983,1.0000000000000258,1.3284641725174393,0.0025982446542202747,0.0073375671917147445,1.2028836954166757,0,0.0,0.015642881393432617
1,projgauss,jitter,0.1,2,7,0.1,0.5,1,100,0.00017878235363346623,2797,0.09999999999999999,0.17878235363346623,0.017878235363346623,0.8456532472200795,0,7,-0.04529716516056274,1.159411191253279,0.9999999999999989,1.0000000000000424,1.1594111912532792,0.001065750875009805,0.00324547608640513,1.2036218196028434,0,0.0,0.014164209365844727
1,spectral,jitter,0.1,2,7,0.1,0.5,1,100,0.00017878235363346623,2797,0.09999999999999999,0.17878235363346623,0.017878235363346623,0.8456532472200795,0,7,-0.06064228309671177,1.1527483072720843,0.9999999999999991,1.0000000000000093,1.1527483072720845,0.0002633236579507592,0.0005921465500758893,1.2044735489027323,0,0.0,0.020277976989746094
1,spectralg,jitter,0.1,2,7,0.1,0.5,1,100,0.00017878235363346623,2797,0.09999999999999999,0.17878235363346623,0.017878235363346623,0.8456532472200795,0,7,-0.06064228309671177,1.1527483072720843,0.9999999999999991,1.0000000000000093,1.1527483072720845,0.0002633236579507592,0.0005921465500758893,1.2044735489027323,0,0.0,0.0363311767578125
1,molfe,jitter,0.1,2,7,0.1,0.5,1,100,0.00017878235363346623,2797,0.09999999999999999,0.17878235363346623,0.017878235363346623,0.8456532472200795,0,7,-0.015585946791664121,1.058016713916886,1.038915552291094,5.874715895750791e+46,1.1321596407388589e+166,inf,1286203.8951772265,1286204.5216492154,1,0.0,0.010275840759277344
1,molrk3,jitter,0.1,2,7,0.1,0.5,1,100,0.00017878235363346623,2797,0.09999999999999999,0.17878235363346623,0.017878235363346623,0.8456532472200795,0,7,-0.015252457526086647,1.0585522565977465,1.0396823411562617,4.629346482359713e+47,1.817021004798784e+169,inf,2047239.8818986726,2047240.5083706614,1,0.0,0.010360956192016602
1,maxent,jitter,0.1,2,7,0.1,0.5,1,100,0.00017878235363346623,2797,0.09999999999999999,0.17878235363346623,0.017878235363346623,0.8456532472200795,0,7,7.21171318787631e-07,1.0000000000000002,1.000000000000002,1.0000000000001334,1.0000000000004208,4.209348665345364e-05,0.00010267186344231627,1.2043954605109548,0,0.0,0.43561410903930664
1,lp,jitter,0.1,2,7,0.1,0.5,1,100,0.00017878235363346623,2797,0.09999999999999999,0.17878235363346623,0.017878235363346623,0.8456532472200795,0,7,0.0,1.0000000000000002,1.000000000000002,0.9999999999999953,1.000000000000003,0.006991043461304497,0.016061472129480434,1.2066868334699064,0,0.0,0.06060171127319336
1,lprand,jitter,0.1,2,7,0.1,0.5,1,100,0.00017878235363346623,2797,0.09999999999999999,0.17878235363346623,0.017878235363346623,0.8456532472200795,0,7,0.0,1.0000000000000002,0.9999999999999981,0.9999999999999816,1.0000000000000013,0.0037431386295945293,0.005327731915362663,1.205023973622717,0,0.0,0.05948591232299805
1,maxentw,jitter,0.1,2,7,0.1,0.5,1,100,0.00017878235363346623,2797,0.09999999999999999,0.17878235363346623,0.017878235363346623,0.8456532472200795,0,7,7.21171318787631e-07,1.0000000000000002,1.000000000000002,1.0000000000001334,1.0000000000004208,4.209348665345364e-05,0.00010267186344231627,1.2043954605109548,0,0.0,0.43088197708129883
1,minnorm,jitter,0.25,0,3,0.1,0.5,1,100,6.848428807779342e-05,7301,0.09999999999999999,0.06848428807779343,0.006848428807779342,0.5233900575203676,0,3,0.039035550545060776,1.0000000000000009,0.9999999999999964,1.0000000000003968,1.0000000000004874,0.00024570425191949505,0.0005567926203096929,1.2029043615844168,0,0.0,0.024204015731811523
1,projgauss,jitter,0.25,0,3,0.1,0.5,1,100,6.848428807779342e-05,7301,0.09999999999999999,0.06848428807779343,0.006848428807779342,0.5233900575203676,0,3,0.039035550545060804,1.0000000000000004,0.9999999999999929,1.0000000000001905,1.0000000000002303,0.00024570425190980835,0.0005567926202608986,1.2029043615843893,0,0.0,0.025224924087524414
1,spectral,jitter,0.25,0,3,0.1,0.5,1,100,6.848428807779342e-05,7301,0.09999999999999999,0.06848428807779343,0.006848428807779342,0.5233900575203676,0,3,0.039035550545060776,1.0000000000000009,0.9999999999999964,1.0000000000003968,1.0000000000004874,0.00024570425191949505,0.0005567926203096929,1.2029043615844168,0,0.0,0.02516317367553711
1,spectralg,jitter,0.25,0,3,0.1,0.5,1,100,6.848428807779342e-05,7301,0.09999999999999999,0.06848428807779343,0.006848428807779342,0.5233900575203676,0,3,0.039035550545060776,1.0000000000000009,0.9999999999999964,1.0000000000003968,1.0000000000004874,0.00024570425191949505,0.0005567926203096929,1.2029043615844168,0,0.0,0.024116992950439453
1,molfe,jitter,0.25,0,3,0.1,0.5,1,100,6.848428807779342e-05,7301,0.09999999999999999,0.06848428807779343,0.006848428807779342,0.5233900575203676,0,3,0.0,1.0000000000000002,1.0,0.9999999999997301,1.0000000000000009,0.00028829062267540784,0.0006305689148017879,1.2029351987665626,0,0.0,0.024553298950195312
1,molrk3,jitter,0.25,0,3,0.1,0.5,1,100,6.848428807779342e-05,7301,0.09999999999999999,0.06848428807779343,0.006848428807779342,0.5233900575203676,0,3,0.0,1.0000000000000002,1.0000000000000013,0.9999999999996264,1.0000000000000009,0.00037061781804404587,0.0008345757429616407,1.2029163177001148,0,0.0,0.0277559757232666
1,maxent,jitter,0.25,0,3,0.1,0.5,1,100,6.848428807779342e-05,7301,0.09999999999999999,0.06848428807779343,0.006848428807779342,0.5233900575203676,0,3,0.039035550545060776,1.0000000000000002,0.9999999999999982,1.0000000000002651,1.0000000000003422,0.0002457045568070096,0.0005567928342913864,1.2029043615831356,0,0.0,0.23163223266601562
1,lp,jitter,0.25,0,3,0.1,0.5,1,100,6.848428807779342e-05,7301,0.09999999999999999,0.06848428807779343,0.006848428807779342,0.5233900575203676,0,3,0.0390355505450608,1.0,0.9999999999999996,0.9999999999999917,1.0000000000000049,0.00024570425192446677,0.0005567926202292017,1.2029043615843833,0,0.0,0.06348371505737305
1,lprand,jitter,0.25,0,3,0.1,0.5,1,100,6.848428807779342e-05,7301,0.09999999999999999,0.06848428807779343,0.006848428807779342,0.5233900575203676,0,3,0.0390355505450608,1.0,0.9999999999999989,1.0000000000000193,1.0000000000000193,0.0002457042519246437,0.0005567926202334483,1.2029043615843846,0,0.0,0.06781387329101562
1,maxentw,jitter,0.25,0,3,0.1,0.5,1,100,6.848428807779342e-05,7301,0.09999999999999999,0.06848428807779343,0.006848428807779342,0.5233900575203676,0,3,0.039035550545060776,1.0000000000000002,0.9999999999999982,1.0000000000002651,1.0000000000003422,0.0002457045568070096,0.0005567928342913864,1.2029043615831356,0,0.0,0.23317623138427734
1,minnorm,jitter,0.25,0,5,0.1,0.5,1,100,6.848428807779342e-05,7301,0.09999999999999999,0.06848428807779343,0.006848428807779342,0.5233900575203676,0,5,-0.11627794609308362,1.4019427519701215,1.0000000000000047,0.9999999999980165,1.4019427519701215,0.0012697518129225066,0.00434003006311745,1.202145040966259,0,0.0,0.02529001235961914
1,projgauss,jitter,0.25,0,5,0.1,0.5,1,100,6.848428807779342e-05,7301,0.09999999999999999,0.06848428807779343,0.006848428807779342,0.5233900575203676,0,5,-0.10125736123520435,1.3396712327135543,0.9999999999999977,0.999999999999746,1.3396712327135545,0.0009774653855207371,0.003421458382618481,1.2021875216243005,0,0.0,0.02604818344116211
1,spectral,jitter,0.25,0,5,0.1,0.5,1,100,6.848428807779342e-05,7301,0.09999999999999999,0.06848428807779343,0.006848428807779342,0.5233900575203676,0,5,-0.06651587591000235,1.1330317518200037,0.9999999999999973,0.9999999999968979,1.174479367753701,0.00031205748228869956,0.0008900808693298456,1.202940136951126,0,0.0,0.029613256454467773
1,spectralg,jitter,0.25,0,5,0.1,0.5,1,100,6.848428807779342e-05,7301,0.09999999999999999,0.06848428807779343,0.006848428807779342,0.5233900575203676,0,5,-0.06651587591000235,1.1330317518200037,0.9999999999999973,0.9999999999968979,1.174479367753701,0.00031205748228869956,0.0008900808693298456,1.202940136951126,0,0.0,0.04021286964416504
1,molfe,jitter,0.25,0,5,0.1,0.5,1,100,6.848428807779342e-05,7301,0.09999999999999999,0.06848428807779343,0.006848428807779342,0.5233900575203676,0,5,-0.016965168325009494,1.0473652377131084,1.0387113461224995,5.75110969348985e+120,1.943116765483312e+165,inf,40592985.13643025,40592985.5235053,1,0.0,0.009732961654663086
1,molrk3,jitter,0.25,0,5,0.1,0.5,1,100,6.848428807779342e-05,7301,0.09999999999999999,0.06848428807779343,0.006848428807779342,0.5233900575203676,0,5,-0.016765386419688194,1.0481578930494402,1.039470298881285,1.1942640650119444e+123,2.8927117277487106e+168,inf,68279618.12105313,68279618.50812818,1,0.0,0.010682821273803711
1,maxent,jitter,0.25,0,5,0.1,0.5,1,100,6.848428807779342e-05,7301,0.09999999999999999,0.06848428807779343,0.006848428807779342,0.5233900575203676,0,5,1.8232209322623292e-07,1.0000000000000002,1.0000000000000016,1.0000000000003246,1.000000000000432,0.000255092206596072,0.0005748140901119803,1.2029028618463233,0,0.0,0.46447205543518066
1,lp,jitter,0.25,0,5,0.1,0.5,1,100,6.848428807779342e-05,7301,0.09999999999999999,0.06848428807779343,0.006848428807779342,0.5233900575203676,0,5,0.0,1.0000000000000002,1.0000000000000042,1.0000000000000013,1.0000000000000155,0.004889223578025363,0.007397382935041705,1.203921031642379,0,0.0,0.07015109062194824
1,lprand,jitter,0.25,0,5,0.1,0.5,1,100,6.848428807779342e-05,7301,0.09999999999999999,0.06848428807779343,0.006848428807779342,0.5233900575203676,0,5,0.0,1.0000000000000002,1.0000000000000002,1.0000000000000788,1.0000000000000961,0.0020689941589016984,0.004599420474815527,1.2030509539107306,0,0.0,0.06580805778503418
1,maxentw,jitter,0.25,0,5,0.1,0.5,1,100,6.848428807779342e-05,7301,0.09999999999999999,0.06848428807779343,0.006848428807779342,0.5233900575203676,0,5,1.8232209322623292e-07,1.0000000000000002,1.0000000000000016,1.0000000000003246,1.000000000000432,0.000255092206596072,0.0005748140901119803,1.2029028618463233,0,0.0,0.46922874450683594
1,minnorm,jitter,0.25,0,7,0.1,0.5,1,100,6.848428807779342e-05,7301,0.09999999999999999,0.06848428807779343,0.006848428807779342,0.5233900575203676,0,7,-0.1371227435754188,1.4422550751498038,0.9999999999999988,0.9999999999998852,1.442255075149804,0.006225531752258373,0.018322619074981894,1.1975325211211687,0,0.0,0.027477025985717773
1,projgauss,jitter,0.25,0,7,0.1,0.5,1,100,6.848428807779342e-05,7301,0.09999999999999999,0.06848428807779343,0.006848428807779342,0.5233900575203676,0,7,-0.07368411462861135,1.2660264052604824,0.9999999999999961,1.0000000000000644,1.2660264052604824,0.003882915476217108,0.010714948403112268,1.1997558721169257,0,0.0,0.024061918258666992
1,spectral,jitter,0.25,0,7,0.1,0.5,1,100,6.848428807779342e-05,7301,0.09999999999999999,0.06848428807779343,0.006848428807779342,0.5233900575203676,0,7,-0.11956081339920427,1.2977158562524898,1.0000000000000018,1.000000000000191,1.3738473668380657,0.001071877530985134,0.0015526432823241842,1.2029965185265383,0,0.0,0.028400897979736328
1,spectralg,jitter,0.25,0,7,0.1,0.5,1,100,6.848428807779342e-05,7301,0.09999999999999999,0.06848428807779343,0.006848428807779342,0.5233900575203676,0,7,-0.11956081339920427,1.2977158562524898,1.0000000000000018,1.000000000000191,1.3738473668380657,0.001071877530985134,0.0015526432823241842,1.2029965185265383,0,0.0,0.04634809494018555
1,molfe,jitter,0.25,0,7,0.1,0.5,1,100,6.848428807779342e-05,7301,0.09999999999999999,0.06848428807779343,0.006848428807779342,0.5233900575203676,0,7,-0.007013744612037589,1.0246585507494301,1.0153198182284324,5.256428725577386e+48,3.6324979518029305e+66,inf,1712337.6820379724,1712338.1439752493,1,0.0,0.012515068054199219
1,molrk3,jitter,0.25,0,7,0.1,0.5,1,100,6.848428807779342e-05,7301,0.09999999999999999,0.06848428807779343,0.006848428807779342,0.5233900575203676,0,7,-0.006950362673697806,1.0247265883292764,1.0154377658958427,1.2308099637644492e+49,1.1620924018776184e+67,inf,2066134.4946234752,2066134.9565607521,1,0.0,0.010936260223388672
1,maxent,jitter,0.25,0,7,0.1,0.5,1,100,6.848428807779342e-05,7301,0.09999999999999999,0.06848428807779343,0.006848428807779342,0.5233900575203676,0,7,4.4030822481115106e-16,1.0000000000000004,0.9999999999999979,1.000000000000386,1.0000000000004916,0.0002550907374569561,0.0005748153370256914,1.2029028617855457,0,0.0,0.30046510696411133
1,lp,jitter,0.25,0,7,0.1,0.5,1,100,6.848428807779342e-05,7301,0.09999999999999999,0.06848428807779343,0.006848428807779342,0.5233900575203676,0,7,0.0,1.0000000000000002,1.0000000000000018,0.9999999999999839,1.0000000000000295,0.008392209223483642,0.013861514791931984,1.2043551910042336,0,0.0,0.06802701950073242
1,lprand,jitter,0.25,0,7,0.1,0.5,1,100,6.848428807779342e-05,7301,0.09999999999999999,0.06848428807779343,0.006848428807779342,0.5233900575203676,0,7,0.0,1.0,1.0000000000000007,1.0000000000000424,1.000000000000047,0.0015711576885447526,0.0037354620989807907,1.2033680122626662,0,0.0,0.06739592552185059
1,maxentw,jitter,0.25,0,7,0.1,0.5,1,100,6.848428807779342e-05,7301,0.09999999999999999,0.06848428807779343,0.006848428807779342,0.5233900575203676,0,7,4.4030822481115106e-16,1.0000000000000004,0.9999999999999979,1.000000000000386,1.0000000000004916,0.0002550907374569561,0.0005748153370256914,1.2029028617855457,0,0.0,0.29795193672180176
1,minnorm,jitter,0.25,1,3,0.1,0.5,1,100,7.872165330063403e-05,6352,0.09999999999999999,0.07872165330063402,0.007872165330063402,0.5611475859366555,0,3,0.04553715261789185,1.000000000000001,1.0000000000000029,1.0000000000002782,1.0000000000003029,0.00021093414532810661,0.0005193609940414012,1.2029174589749092,0,0.0,0.021116018295288086
1,projgauss,jitter,0.25,1,3,0.1,0.5,1,100,7.872165330063403e-05,6352,0.09999999999999999,0.07872165330063402,0.007872165330063402,0.5611475859366555,0,3,0.04553715261789201,1.0000000000000004,1.0000000000000002,1.0000000000002398,1.0000000000003135,0.0002109341453381125,0.0005193609940738197,1.2029174589749179,0,0.0,0.02320408821105957
1,spectral,jitter,0.25,1,3,0.1,0.5,1,100,7.872165330063403e-05,6352,0.09999999999999999,0.07872165330063402,0.007872165330063402,0.5611475859366555,0,3,0.04553715261789185,1.000000000000001,1.0000000000000029,1.0000000000002782,1.0000000000003029,0.00021093414532810661,0.0005193609940414012,1.2029174589749092,0,0.0,0.021944761276245117
1,spectralg,jitter,0.25,1,3,0.1,0.5,1,100,7.872165330063403e-05,6352,0.09999999999999999,0.07872165330063402,0.007872165330063402,0.5611475859366555,0,3,0.04553715261789185,1.000000000000001,1.0000000000000029,1.0000000000002782,1.0000000000003029,0.00021093414532810661,0.0005193609940414012,1.2029174589749092,0,0.0,0.025248050689697266
1,molfe,jitter,0.25,1,3,0.1,0.5,1,100,7.872165330063403e-05,6352,0.09999999999999999,0.07872165330063402,0.007872165330063402,0.5611475859366555,0,3,0.0,1.0,1.0,0.9999999999996734,1.0000000000000002,0.0002640397271349709,0.0005914355089949308,1.2029527649757157,0,0.0,0.021878957748413086
1,molrk3,jitter,0.25,1,3,0.1,0.5,1,100,7.872165330063403e-05,6352,0.09999999999999999,0.07872165330063402,0.007872165330063402,0.5611475859366555,0,3,0.0,1.0000000000000002,1.000000000000001,0.9999999999996706,1.0000000000000007,0.0003545354704187001,0.0008435876881440207,1.202985423838438,0,0.0,0.024139881134033203
1,maxent,jitter,0.25,1,3,0.1,0.5,1,100,7.872165330063403e-05,6352,0.09999999999999999,0.07872165330063402,0.007872165330063402,0.5611475859366555,0,3,0.04553715261789217,1.0000000000000002,1.0000000000000013,1.0000000000002325,1.000000000000342,0.0002109364549197426,0.000519361774837579,1.2029174589814318,0,0.0,0.11662983894348145
1,lp,jitter,0.25,1,3,0.1,0.5,1,100,7.872165330063403e-05,6352,0.09999999999999999,0.07872165330063402,0.007872165330063402,0.5611475859366555,0,3,0.04553715261789218,1.0000000000000002,0.9999999999999973,1.0000000000000175,1.0000000000000209,0.00021093414528289278,0.0005193609940694621,1.2029174589749143,0,0.0,0.06441688537597656
1,lprand,jitter,0.25,1,3,0.1,0.5,1,100,7.872165330063403e-05,6352,0.09999999999999999,0.07872165330063402,0.007872165330063402,0.5611475859366555,0,3,0.04553715261789218,1.0000000000000002,0.9999999999999998,1.0000000000000269,1.0000000000000269,0.00021093414528393362,0.0005193609940699895,1.2029174589749128,0,0.0,0.06600093841552734
1,maxentw,jitter,0.25,1,3,0.1,0.5,1,100,7.872165330063403e-05,6352,0.09999999999999999,0.07872165330063402,0.007872165330063402,0.5611475859366555,0,3,0.04553715261789217,1.0000000000000002,1.0000000000000013,1.0000000000002325,1.000000000000342,0.0002109364549197426,0.000519361774837579,1.2029174589814318,0,0.0,0.12036895751953125
1,minnorm,jitter,0.25,1,5,0.1,0.5,1,100,7.872165330063403e-05,6352,0.09999999999999999,0.07872165330063402,0.007872165330063402,0.5611475859366555,0,5,-0.118892003203884,1.399619426581705,0.9999999999999971,0.9999999999985018,1.399619426581705,0.0013481450668383355,0.0031634945064894504,1.2020139984214113,0,0.0,0.022380828857421875
1,projgauss,jitter,0.25,1,5,0.1,0.5,1,100,7.872165330063403e-05,6352,0.09999999999999999,0.07872165330063402,0.007872165330063402,0.5611475859366555,0,5,-0.09597607360944882,1.3388821108342912,0.9999999999999986,0.9999999999997486,1.3388821108342914,0.0009421045584265403,0.002446677800819974,1.2022144453542662,0,0.0,0.025021791458129883
1,spectral,jitter,0.25,1,5,0.1,0.5,1,100,7.872165330063403e-05,6352,0.09999999999999999,0.07872165330063402,0.007872165330063402,0.5611475859366555,0,5,-0.06768743569135847,1.1353748713827159,1.0000000000000002,0.9999999999975773,1.1353748713827159,0.00046693571815022497,0.0009210568910647254,1.2028943656880209,0,0.0,0.030154943466186523
1,spectralg,jitter,0.25,1,5,0.1,0.5,1,100,7.872165330063403e-05,6352,0.09999999999999999,0.07872165330063402,0.007872165330063402,0.5611475859366555,0,5,-0.06768743569135847,1.1353748713827159,1.0000000000000002,0.9999999999975773,1.1353748713827159,0.00046693571815022497,0.0009210568910647254,1.2028943656880209,0,0.0,0.03879189491271973
1,molfe,jitter,0.25,1,5,0.1,0.5,1,100,7.872165330063403e-05,6352,0.09999999999999999,0.07872165330063402,0.007872165330063402,0.5611475859366555,0,5,-0.019070892089344278,1.057807595134748,1.0442699283944246,5.297305337726946e+119,2.3071991561157892e+188,inf,11453943.425676042,11453943.545552054,1,0.0,0.010043859481811523
1,molrk3,jitter,0.25,1,5,0.1,0.5,1,100,7.872165330063403e-05,6352,0.09999999999999999,0.07872165330063402,0.007872165330063402,0.5611475859366555,0,5,-0.018798350389462513,1.058952481143982,1.0452643019046954,2.244209991504725e+122,3.1403050191563553e+192,inf,20805260.73072489,20805260.850600902,1,0.0,0.010117769241333008
1,maxent,jitter,0.25,1,5,0.1,0.5,1,100,7.872165330063403e-05,6352,0.09999999999999999,0.07872165330063402,0.007872165330063402,0.5611475859366555,0,5,6.151231584568208e-07,1.0000000000000002,0.9999999999999979,1.0000000000000868,1.0000000000001235,0.00021801919907058626,0.0005368495793516559,1.2029156892883994,0,0.0,0.1591806411743164
1,lp,jitter,0.25,1,5,0.1,0.5,1,100,7.872165330063403e-05,6352,0.09999999999999999,0.07872165330063402,0.007872165330063402,0.5611475859366555,0,5,0.0,1.0000000000000002,1.000000000000003,1.0000000000000338,1.0000000000000357,0.0039524085273940305,0.008501263757036373,1.2036562084563656,0,0.0,0.06399989128112793
1,lprand,jitter,0.25,1,5,0.1,0.5,1,100,7.872165330063403e-05,6352,0.09999999999999999,0.07872165330063402,0.007872165330063402,0.5611475859366555,0,5,0.0,1.0,1.0000000000000004,1.0000000000000304,1.0000000000000357,0.0008889422366411964,0.0019390677984651994,1.2032632942335102,0,0.0,0.06356978416442871
1,maxentw,jitter,0.25,1,5,0.1,0.5,1,100,7.872165330063403e-05,6352,0.09999999999999999,0.07872165330063402,0.007872165330063402,0.5611475859366555,0,5,6.151231584568208e-07,1.0000000000000002,0.9999999999999979,1.0000000000000868,1.0000000000001235,0.00021801919907058626,0.0005368495793516559,1.2029156892883994,0,0.0,0.1575770378112793
1,minnorm,jitter,0.25,1,7,0.1,0.5,1,100,7.872165330063403e-05,6352,0.09999999999999999,0.07872165330063402,0.007872165330063402,0.5611475859366555,0,7,-0.12202065375085583,1.4168632880470544,1.0000000000000029,1.0000000000001972,1.4168632880470544,0.005874771605455922,0.0195175679518087,1.1983781318541025,0,0.0,0.024775981903076172
1,projgauss,jitter,0.25,1,7,0.1,0.5,1,100,7.872165330063403e-05,6352,0.09999999999999999,0.07872165330063402,0.007872165330063402,0.5611475859366555,0,7,-0.07221295853693635,1.2506766134283593,0.9999999999999997,1.0000000000000784,1.2506766134283593,0.003100132757093338,0.00978395761108175,1.2004025147726605,0,0.0,0.02150106430053711
1,spectral,jitter,0.25,1,7,0.1,0.5,1,100,7.872165330063403e-05,6352,0.09999999999999999,0.07872165330063402,0.007872165330063402,0.5611475859366555,0,7,-0.10151061579784276,1.244379375752784,0.9999999999999996,1.0000000000003486,1.244379375752784,0.0010027913027975826,0.001800120400670284,1.202934186981435,0,0.0,0.028564929962158203
1,spectralg,jitter,0.25,1,7,0.1,0.5,1,100,7.872165330063403e-05,6352,0.09999999999999999,0.07872165330063402,0.007872165330063402,0.5611475859366555,0,7,-0.10151061579784276,1.244379375752784,0.9999999999999996,1.0000000000003486,1.244379375752784,0.0010027913027975826,0.001800120400670284,1.202934186981435,0,0.0,0.04061269760131836
1,molfe,jitter,0.25,1,7,0.1,0.5,1,100,7.872165330063403e-05,6352,0.09999999999999999,0.07872165330063402,0.007872165330063402,0.5611475859366555,0,7,-0.0077766805618660235,1.0281052751650344,1.0173080005197734,6.0936175100357616e+47,9.805146659341759e+74,inf,5941487.601486905,5941487.709416519,1,0.0,0.011162757873535156
1,molrk3,jitter,0.25,1,7,0.1,0.5,1,100,7.872165330063403e-05,6352,0.09999999999999999,0.07872165330063402,0.007872165330063402,0.5611475859366555,0,7,-0.007690778983700594,1.028093288166772,1.0174586481113934,1.5649563680319453e+48,4.314442630171167e+75,inf,7349176.071050245,7349176.17897986,1,0.0,0.010888099670410156
1,maxent,jitter,0.25,1,7,0.1,0.5,1,100,7.872165330063403e-05,6352,0.09999999999999999,0.07872165330063402,0.007872165330063402,0.5611475859366555,0,7,1.4311423859108892e-13,1.0000000000000004,1.0000000000000009,1.0000000000001013,1.0000000000001383,0.0002180174216439429,0.000536850778661363,1.2029156896271544,0,0.0,0.2275409698486328
1,lp,jitter,0.25,1,7,0.1,0.5,1,100,7.872165330063403e-05,6352,0.09999999999999999,0.07872165330063402,0.007872165330063402,0.5611475859366555,0,7,0.0,1.0000000000000002,0.9999999999999999,1.0000000000000242,1.0000000000000242,0.007419405961483754,0.015399779172708381,1.2037237800473053,0,0.0,0.06828713417053223
1,lprand,jitter,0.25,1,7,0.1,0.5,1,100,7.872165330063403e-05,6352,0.09999999999999999,0.07872165330063402,0.007872165330063402,0.5611475859366555,0,7,0.0,1.0000000000000002,1.000000000000004,1.0000000000000704,1.0000000000000762,0.0023555507987446656,0.006833289807707366,1.2036272496601774,0,0.0,0.06850266456604004
1,maxentw,jitter,0.25,1,7,0.1,0.5,1,100,7.872165330063403e-05,6352,0.09999999999999999,0.07872165330063402,0.007872165330063402,0.5611475859366555,0,7,1.4311423859108892e-13,1.0000000000000004,1.0000000000000009,1.0000000000001013,1.0000000000001383,0.0002180174216439429,0.000536850778661363,1.2029156896271544,0,0.0,0.223923921585083
1,minnorm,jitter,0.25,2,3,0.1,0.5,1,100,9.428987167151443e-05,5303,0.09999999999999999,0.09428987167151444,0.009428987167151444,0.6141331180501974,0,3,0.050395649175586324,1.0000000000000007,1.0000000000000027,1.0000000000002356,1.0000000000002616,0.0001697426965462795,0.0004013292507212274,1.2029376652910262,0,0.0,0.02234792709350586
1,projgauss,jitter,0.25,2,3,0.1,0.5,1,100,9.428987167151443e-05,5303,0.09999999999999999,0.09428987167151444,0.009428987167151444,0.6141331180501974,0,3,0.050395649175586435,1.0000000000000004,1.0000000000000018,1.0000000000002085,1.0000000000002838,0.00016974269652159785,0.0004013292507357713,1.20293766529104,0,0.0,0.02264094352722168
1,spectral,jitter,0.25,2,3,0.1,0.5,1,100,9.428987167151443e-05,5303,0.09999999999999999,0.09428987167151444,0.009428987167151444,0.6141331180501974,0,3,0.050395649175586324,1.0000000000000007,1.0000000000000027,1.0000000000002356,1.0000000000002616,0.0001697426965462795,0.0004013292507212274,1.2029376652910262,0,0.0,0.021290063858032227
1,spectralg,jitter,0.25,2,3,0.1,0.5,1,100,9.428987167151443e-05,5303,0.09999999999999999,0.09428987167151444,0.009428987167151444,0.6141331180501974,0,3,0.050395649175586324,1.0000000000000007,1.0000000000000027,1.0000000000002356,1.0000000000002616,0.0001697426965462795,0.0004013292507212274,1.2029376652910262,0,0.0,0.019006967544555664
1,molfe,jitter,0.25,2,3,0.1,0.5,1,100,9.428987167151443e-05,5303,0.09999999999999999,0.09428987167151444,0.009428987167151444,0.6141331180501974,0,3,0.0,1.0000000000000002,1.0000000000000024,0.9999999999996243,1.0000000000000004,0.00024183090434283516,0.000508112949971995,1.2029799982672573,0,0.0,0.018291950225830078
1,molrk3,jitter,0.25,2,3,0.1,0.5,1,100,9.428987167151443e-05,5303,0.09999999999999999,0.09428987167151444,0.009428987167151444,0.6141331180501974,0,3,0.0,1.0000000000000002,0.9999999999999984,0.999999999999622,1.0000000000000007,0.00033796350473203063,0.0007936409900823338,1.202965457299508,0,0.0,0.017976999282836914
1,maxent,jitter,0.25,2,3,0.1,0.5,1,100,9.428987167151443e-05,5303,0.09999999999999999,0.09428987167151444,0.009428987167151444,0.6141331180501974,0,3,0.050395649175625765,1.0000000000000002,1.0000000000000056,1.0000000000001716,1.0000000000002958,0.00016974421329458977,0.0004013292650745792,1.2029376652912918,0,0.0,0.07599210739135742
1,lp,jitter,0.25,2,3,0.1,0.5,1,100,9.428987167151443e-05,5303,0.09999999999999999,0.09428987167151444,0.009428987167151444,0.6141331180501974,0,3,0.050395649175586525,1.0,1.0000000000000033,0.9999999999999852,1.0000000000000013,0.00016974269655566782,0.0004013292507277222,1.202937665291044,0,0.0,0.06288695335388184
1,lprand,jitter,0.25,2,3,0.1,0.5,1,100,9.428987167151443e-05,5303,0.09999999999999999,0.09428987167151444,0.009428987167151444,0.6141331180501974,0,3,0.050395649175586525,1.0,0.9999999999999982,0.9999999999999877,1.0000000000000013,0.00016974269655578578,0.0004013292507277222,1.202937665291044,0,0.0,0.058859825134277344
1,maxentw,jitter,0.25,2,3,0.1,0.5,1,100,9.428987167151443e-05,5303,0.09999999999999999,0.09428987167151444,0.009428987167151444,0.6141331180501974,0,3,0.050395649175625765,1.0000000000000002,1.0000000000000056,1.0000000000001716,1.0000000000002958,0.00016974421329458977,0.0004013292650745792,1.2029376652912918,0,0.0,0.07506465911865234
1,minnorm,jitter,0.25,2,5,0.1,0.5,1,100,9.428987167151443e-05,5303,0.09999999999999999,0.09428987167151444,0.009428987167151444,0.6141331180501974,0,5,-0.1230798781188656,1.3764913742045815,0.9999999999999964,0.9999999999985162,1.3764913742045817,0.0011111043766828255,0.0028262471716242743,1.2022387955187752,0,0.0,0.017503976821899414
1,projgauss,jitter,0.25,2,5,0.1,0.5,1,100,9.428987167151443e-05,5303,0.09999999999999999,0.09428987167151444,0.009428987167151444,0.6141331180501974,0,5,-0.08521279529972474,1.316132743033487,1.0000000000000018,0.9999999999998691,1.316132743033487,0.0009175314483366864,0.0023526227617653994,1.2022823180349644,0,0.0,0.0187227725982666
1,spectral,jitter,0.25,2,5,0.1,0.5,1,100,9.428987167151443e-05,5303,0.09999999999999999,0.09428987167151444,0.009428987167151444,0.6141331180501974,0,5,-0.05341771089757483,1.1068354217951488,1.0000000000000013,0.9999999999977617,1.1068354217951488,0.0004717773125546103,0.000736636756946768,1.2029147953085415,0,0.0,0.02790522575378418
1,spectralg,jitter,0.25,2,5,0.1,0.5,1,100,9.428987167151443e-05,5303,0.09999999999999999,0.09428987167151444,0.009428987167151444,0.6141331180501974,0,5,-0.05341771089757483,1.1068354217951488,1.0000000000000013,0.9999999999977617,1.1068354217951488,0.0004717773125546103,0.000736636756946768,1.2029147953085415,0,0.0,0.03770327568054199
1,molfe,jitter,0.25,2,5,0.1,0.5,1,100,9.428987167151443e-05,5303,0.09999999999999999,0.09428987167151444,0.009428987167151444,0.6141331180501974,0,5,-0.023891425180069373,1.0738328501728898,1.0536567764489817,5.459379955147672e+120,2.2929594606335376e+227,inf,21719389.60900776,21719389.845846392,1,0.0,0.010059833526611328
1,molrk3,jitter,0.25,2,5,0.1,0.5,1,100,9.428987167151443e-05,5303,0.09999999999999999,0.09428987167151444,0.009428987167151444,0.6141331180501974,0,5,-0.023420893504878384,1.0752862257722442,1.0551220480324206,8.686728141528955e+123,2.48728994526601e+233,inf,45455176.71345549,45455176.95029412,1,0.0,0.010093212127685547
1,maxent,jitter,0.25,2,5,0.1,0.5,1,100,9.428987167151443e-05,5303,0.09999999999999999,0.09428987167151444,0.009428987167151444,0.6141331180501974,0,5,1.649896170992112e-06,1.0000000000000004,1.0000000000000016,1.0000000000000855,1.0000000000001232,0.00017733687507284768,0.00043032866405287584,1.2029387799899536,0,0.0,0.1672828197479248
1,lp,jitter,0.25,2,5,0.1,0.5,1,100,9.428987167151443e-05,5303,0.09999999999999999,0.09428987167151444,0.009428987167151444,0.6141331180501974,0,5,0.0,1.0000000000000002,0.9999999999999998,0.999999999999997,1.000000000000011,0.004974175411367096,0.01057464888446101,1.203634902283905,0,0.0,0.06099510192871094
1,lprand,jitter,0.25,2,5,0.1,0.5,1,100,9.428987167151443e-05,5303,0.09999999999999999,0.09428987167151444,0.009428987167151444,0.6141331180501974,0,5,0.0,1.0000000000000002,0.9999999999999967,1.0000000000000209,1.0000000000000315,0.002794989460316158,0.004164873943469344,1.2027736853771263,0,0.0,0.06068992614746094
1,maxentw,jitter,0.25,2,5,0.1,0.5,1,100,9.428987167151443e-05,5303,0.09999999999999999,0.09428987167151444,0.009428987167151444,0.6141331180501974,0,5,1.649896170992112e-06,1.0000000000000004,1.0000000000000016,1.0000000000000855,1.0000000000001232,0.00017733687507284768,0.00043032866405287584,1.2029387799899536,0,0.0,0.16643786430358887
1,minnorm,jitter,0.25,2,7,0.1,0.5,1,100,9.428987167151443e-05,5303,0.09999999999999999,0.09428987167151444,0.009428987167151444,0.6141331180501974,0,7,-0.1265044431485694,1.420822628508411,0.9999999999999977,1.0000000000006812,1.420822628508411,0.0050457897934882145,0.014531765208468661,1.1992279545563258,0,0.0,0.021058082580566406
1,projgauss,jitter,0.25,2,7,0.1,0.5,1,100,9.428987167151443e-05,5303,0.09999999999999999,0.09428987167151444,0.009428987167151444,0.6141331180501974,0,7,-0.07577691976597499,1.2430083715263847,0.9999999999999996,1.000000000000003,1.2430083715263847,0.002562802664879321,0.00779043195460527,1.200759152197505,0,0.0,0.022269010543823242
1,spectral,jitter,0.25,2,7,0.1,0.5,1,100,9.428987167151443e-05,5303,0.09999999999999999,0.09428987167151444,0.009428987167151444,0.6141331180501974,0,7,-0.10376133924349348,1.280709216065309,0.9999999999999969,1.0000000000007951,1.280709216065309,0.0006511349749209853,0.001675625688851906,1.203151008504995,0,0.0,0.028437137603759766
1,spectralg,jitter,0.25,2,7,0.1,0.5,1,100,9.428987167151443e-05,5303,0.09999999999999999,0.09428987167151444,0.009428987167151444,0.6141331180501974,0,7,-0.10376133924349348,1.280709216065309,0.9999999999999969,1.0000000000007951,1.280709216065309,0.0006511349749209853,0.001675625688851906,1.203151008504995,0,0.0,0.040883779525756836
1,molfe,jitter,0.25,2,7,0.1,0.5,1,100,9.428987167151443e-05,5303,0.09999999999999999,0.09428987167151444,0.009428987167151444,0.6141331180501974,0,7,-0.010242159591661616,1.0344427859175638,1.0207109321457077,6.305527889793461e+47,4.70674140991807e+89,inf,7730784.495971672,7730784.9806379685,1,0.0,0.01144099235534668
1,molrk3,jitter,0.25,2,7,0.1,0.5,1,100,9.428987167151443e-05,5303,0.09999999999999999,0.09428987167151444,0.009428987167151444,0.6141331180501974,0,7,-0.010109307613562714,1.0345373754273188,1.0209268841347687,1.951239873667867e+48,3.9220194815806283e+90,inf,1107085.8338218778,1107086.3546087772,1,0.0,0.010357141494750977
1,maxent,jitter,0.25,2,7,0.1,0.5,1,100,9.428987167151443e-05,5303,0.09999999999999999,0.09428987167151444,0.009428987167151444,0.6141331180501974,0,7,3.0750923584629524e-12,1.0000000000000004,1.0000000000000022,1.000000000000029,1.000000000000029,0.0001773297610640004,0.0004303477413446499,1.2029387812951222,0,0.0,0.19170784950256348
1,lp,jitter,0.25,2,7,0.1,0.5,1,100,9.428987167151443e-05,5303,0.09999999999999999,0.09428987167151444,0.009428987167151444,0.6141331180501974,0,7,0.0,1.0000000000000002,0.999999999999997,1.0000000000000473,1.0000000000000473,0.009904395660279253,0.019288044030833937,1.2046708799161343,0,0.0,0.06228518486022949
1,lprand,jitter,0.25,2,7,0.1,0.5,1,100,9.428987167151443e-05,5303,0.09999999999999999,0.09428987167151444,0.009428987167151444,0.6141331180501974,0,7,0.0,1.0000000000000002,1.0000000000000016,1.0000000000000213,1.0000000000000253,0.004431332928556134,0.007636911587518017,1.2039902893184127,0,0.0,0.06579899787902832
1,maxentw,jitter,0.25,2,7,0.1,0.5,1,100,9.428987167151443e-05,5303,0.09999999999999999,0.09428987167151444,0.009428987167151444,0.6141331180501974,0,7,3.0750923584629524e-12,1.0000000000000004,1.0000000000000022,1.000000000000029,1.000000000000029,0.0001773297610640004,0.0004303477413446499,1.2029387812951222,0,0.0,0.18812990188598633
1,minnorm,jitter,0.45,0,3,0.1,0.5,1,100,5.048251957384874e-06,99045,0.09999999999999999,0.005048251957384874,0.0005048251957384874,0.14210210353664543,0,3,-0.07259353852306563,1.1451870770461314,1.0000145144186456,48329.76089883503,48329.76089883503,28.46231522802916,28.46231522802916,28.448627418223825,1,0.0,0.22190093994140625
1,projgauss,jitter,0.45,0,3,0.1,0.5,1,100,5.048251957384874e-06,99045,0.09999999999999999,0.005048251957384874,0.0005048251957384874,0.14210210353664543,0,3,-0.07259353852306588,1.1451870770461312,1.000014514418761,48329.74037492634,48329.74037492634,28.462315108456995,28.462315108456995,28.44862729865166,1,0.0,0.23455524444580078
1,spectral,jitter,0.45,0,3,0.1,0.5,1,100,5.048251957384874e-06,99045,0.09999999999999999,0.005048251957384874,0.0005048251957384874,0.14210210353664543,0,3,-0.07259353852306563,1.1451870770461314,1.0000145144186456,48329.76089883503,48329.76089883503,28.46231522802916,28.46231522802916,28.448627418223825,1,0.0,0.2192840576171875
1,spectralg,jitter,0.45,0,3,0.1,0.5,1,100,5.048251957384874e-06,99045,0.09999999999999999,0.005048251957384874,0.0005048251957384874,0.14210210353664543,0,3,-0.07259353852306563,1.1451870770461314,1.0000145144186456,48329.76089883503,48329.76089883503,28.46231522802916,28.46231522802916,28.448627418223825,1,0.0,0.23082995414733887
1,molfe,jitter,0.45,0,3,0.1,0.5,1,100,5.048251957384874e-06,99045,0.09999999999999999,0.005048251957384874,0.0005048251957384874,0.14210210353664543,0,3,-0.07259180817955262,1.1451836163591054,1.0000145149245439,48329.40567447968,48329.40567447968,28.462344979384447,28.462344979384447,28.448657169579114,1,0.0,0.22499299049377441
1,molrk3,jitter,0.45,0,3,0.1,0.5,1,100,5.048251957384874e-06,99045,0.09999999999999999,0.005048251957384874,0.0005048251957384874,0.14210210353664543,0,3,-0.07259353852306583,1.1451870770461319,1.0000145141298824,48329.76158372724,48329.76158372724,28.46218143146253,28.46218143146253,28.448493621657196,1,0.0,0.24264812469482422
1,maxent,jitter,0.45,0,3,0.1,0.5,1,100,5.048251957384874e-06,99045,0.09999999999999999,0.005048251957384874,0.0005048251957384874,0.14210210353664543,14,3,-0.07259353852306563,1.1451870770461314,1.0000145144141537,48329.74662647214,48329.74662647214,28.462314396647177,28.462314396647177,28.448626586841844,1,0.0,1.1284899711608887
1,lp,jitter,0.45,0,3,0.1,0.5,1,100,5.048251957384874e-06,99045,0.09999999999999999,0.005048251957384874,0.0005048251957384874,0.14210210353664543,14,3,-0.07259353852306563,1.1451870770461314,1.0000145144183736,48329.74808803682,48329.74808803682,28.46231458191531,28.46231458191531,28.44862677210998,1,0.0,0.2722649574279785
1,lprand,jitter,0.45,0,3,0.1,0.5,1,100,5.048251957384874e-06,99045,0.09999999999999999,0.005048251957384874,0.0005048251957384874,0.14210210353664543,14,3,-0.07259353852306563,1.1451870770461314,1.000014514418375,48329.74808803682,48329.74808803682,28.46231458191531,28.46231458191531,28.44862677210998,1,0.0,0.28777432441711426
1,maxentw,jitter,0.45,0,3,0.1,0.5,1,100,5.048251957384874e-06,99045,0.09999999999999999,0.005048251957384874,0.0005048251957384874,0.14210210353664543,0,5,7.348269909300065e-54,1.0000000000000002,1.0000000000000016,1.0000000000039482,1.0000000000039482,0.0005197715122233493,0.0011534038974829741,1.2029201922393737,0,0.0,1.1642677783966064
1,minnorm,jitter,0.45,0,5,0.1,0.5,1,100,5.048251957384874e-06,99045,0.09999999999999999,0.005048251957384874,0.0005048251957384874,0.14210210353664543,0,5,-0.19908255462111182,1.5623143051957256,1.0000000000000007,1.00584088288426,1.579764503873944,0.03183230308439468,0.07382280162264776,1.2061864716541169,0,0.0,0.22406792640686035
1,projgauss,jitter,0.45,0,5,0.1,0.5,1,100,5.048251957384874e-06,99045,0.09999999999999999,0.005048251957384874,0.0005048251957384874,0.14210210353664543,0,5,-0.15677448131311264,1.4874965306356103,1.0000000000000027,1.0025163030476885,1.5101272738455775,0.02975282346390576,0.07044500405517751,1.205791604443748,0,0.0,0.22042393684387207
1,spectral,jitter,0.45,0,5,0.1,0.5,1,100,5.048251957384874e-06,99045,0.09999999999999999,0.005048251957384874,0.0005048251957384874,0.14210210353664543,0,5,-0.0212989738208681,1.0502418578865687,1.0078379385911693,inf,inf,inf,1243977063.5219254,1243977064.383843,1,0.0,0.022314071655273438
1,spectralg,jitter,0.45,0,5,0.1,0.5,1,100,5.048251957384874e-06,99045,0.09999999999999999,0.005048251957384874,0.0005048251957384874,0.14210210353664543,0,5,-0.0212989738208681,1.0502418578865687,1.0078379385911693,inf,inf,inf,1243977063.5219254,1243977064.383843,1,0.0,0.03348088264465332
1,molfe,jitter,0.45,0,5,0.1,0.5,1,100,5.048251957384874e-06,99045,0.09999999999999999,0.005048251957384874,0.0005048251957384874,0.14210210353664543,0,5,-0.0026593791598475865,1.0062399935371837,1.0028457503960413,2.982678787653781e+122,2.982678787653781e+122,inf,7153229.482237429,7153228.662260827,1,0.0,0.028567790985107422
1,molrk3,jitter,0.45,0,5,0.1,0.5,1,100,5.048251957384874e-06,99045,0.09999999999999999,0.005048251957384874,0.0005048251957384874,0.14210210353664543,0,5,-0.0026501953608137384,1.0062237858225156,1.00284980338465,4.4509170076035566e+122,4.4509170076035566e+122,inf,7396708.186632251,7396707.366655649,1,0.0,0.03465771675109863
1,maxent,jitter,0.45,0,5,0.1,0.5,1,100,5.048251957384874e-06,99045,0.09999999999999999,0.005048251957384874,0.0005048251957384874,0.14210210353664543,0,5,7.348269909300065e-54,1.0000000000000002,0.9999999999999996,1.0000000000028075,1.0000000000028075,0.0005319440602194053,0.0011741076192093303,1.2029200861135114,0,0.0,0.7729079723358154
1,lp,jitter,0.45,0,5,0.1,0.5,1,100,5.048251957384874e-06,99045,0.09999999999999999,0.005048251957384874,0.0005048251957384874,0.14210210353664543,0,5,0.0,1.0000000000000002,0.9999999999999951,1.0000000000029838,1.0000000000029838,0.005434028994415493,0.01132804504674267,1.2035868929536293,0,0.0,0.28278398513793945
1,lprand,jitter,0.45,0,5,0.1,0.5,1,100,5.048251957384874e-06,99045,0.09999999999999999,0.005048251957384874,0.0005048251957384874,0.14210210353664543,0,5,0.0,1.0000000000000002,1.000000000000001,1.0000000000007385,1.0000000000007385,0.0037606370223370045,0.0066339665447023854,1.2028638513617749,0,0.0,0.2627370357513428
1,maxentw,jitter,0.45,0,5,0.1,0.5,1,100,5.048251957384874e-06,99045,0.09999999999999999,0.005048251957384874,0.0005048251957384874,0.14210210353664543,0,5,7.348269909300065e-54,1.0000000000000002,0.9999999999999996,1.0000000000028075,1.0000000000028075,0.0005319440602194053,0.0011741076192093303,1.2029200861135114,0,0.0,0.7850418090820312
1,minnorm,jitter,0.45,0,7,0.1,0.5,1,100,5.048251957384874e-06,99045,0.09999999999999999,0.005048251957384874,0.0005048251957384874,0.14210210353664543,0,7,-0.18863960244219155,1.5225669414041592,1.0,0.9999999999910607,1.5225669414041592,0.12463427341015275,0.2646611503106666,1.1455697092145467,0,0.0,0.22545909881591797
1,projgauss,jitter,0.45,0,7,0.1,0.5,1,100,5.048251957384874e-06,99045,0.09999999999999999,0.005048251957384874,0.0005048251957384874,0.14210210353664543,0,7,-0.10506126815166558,1.3396027841587814,1.0000000000000013,1.0000000000029001,1.3537438397352306,0.0774175056030956,0.18491617101290025,1.1607585163786263,0,0.0,0.23956513404846191
1,spectral,jitter,0.45,0,7,0.1,0.5,1,100,5.048251957384874e-06,99045,0.09999999999999999,0.005048251957384874,0.0005048251957384874,0.14210210353664543,0,7,-0.04387574189135285,1.0934214303853114,1.0000000000000007,1.3196135934954625,2.8929786880671595,0.0017432918181113921,0.009312105349277122,1.2052186104806901,0,0.0,0.23240876197814941
1,spectralg,jitter,0.45,0,7,0.1,0.5,1,100,5.048251957384874e-06,99045,0.09999999999999999,0.005048251957384874,0.0005048251957384874,0.14210210353664543,0,7,-0.04387574189135285,1.0934214303853114,1.0000000000000007,1.3196135934954625,2.8929786880671595,0.0017432918181113921,0.009312105349277122,1.2052186104806901,0,0.0,0.2537069320678711
1,molfe,jitter,0.45,0,7,0.1,0.5,1,100,5.048251957384874e-06,99045,0.09999999999999999,0.005048251957384874,0.0005048251957384874,0.14210210353664543,0,7,-0.0006909871717102846,1.0022309339336253,1.0011183638949872,2.256902339536194e+48,2.256902339536194e+48,inf,7805764.779460646,7805764.142087607,1,0.0,0.05309271812438965
1,molrk3,jitter,0.45,0,7,0.1,0.5,1,100,5.048251957384874e-06,99045,0.09999999999999999,0.005048251957384874,0.0005048251957384874,0.14210210353664543,0,7,-0.0006900946971001331,1.00222912689657,1.001118989497023,2.40102072053201e+48,2.40102072053201e+48,inf,7908472.836911676,7908472.199538637,1,0.0,0.04985690116882324
1,maxent,jitter,0.45,0,7,0.1,0.5,1,100,5.048251957384874e-06,99045,0.09999999999999999,0.005048251957384874,0.0005048251957384874,0.14210210353664543,0,7,1.2964688569635695e-103,1.0000000000000002,0.9999999999999982,1.0000000000057,1.0000000000057,0.0005318556167149754,0.001174062808774079,1.2029200935273432,0,0.0,0.7290012836456299
1,lp,jitter,0.45,0,7,0.1,0.5,1,100,5.048251957384874e-06,99045,0.09999999999999999,0.005048251957384874,0.0005048251957384874,0.14210210353664543,0,7,0.0,1.0000000000000002,1.0000000000000013,1.0000000000010976,1.0000000000010976,0.009377678344598,0.013005134672131546,1.2049081443523908,0,0.0,0.2695028781890869
1,lprand,jitter,0.45,0,7,0.1,0.5,1,100,5.048251957384874e-06,99045,0.09999999999999999,0.005048251957384874,0.0005048251957384874,0.14210210353664543,0,7,0.0,1.0000000000000002,0.9999999999999988,1.0000000000006066,1.0000000000006066,0.003053646209839972,0.004661958616023254,1.20387162240656,0,0.0,0.2848052978515625
1,maxentw,jitter,0.45,0,7,0.1,0.5,1,100,5.048251957384874e-06,99045,0.09999999999999999,0.005048251957384874,0.0005048251957384874,0.14210210353664543,0,7,1.2964688569635695e-103,1.0000000000000002,0.9999999999999982,1.0000000000057,1.0000000000057,0.0005318556167149754,0.001174062808774079,1.2029200935273432,0,0.0,0.7391741275787354
1,minnorm,jitter,0.45,1,3,0.1,0.5,1,100,1.1031894819661908e-05,45324,0.09999999999999999,0.011031894819661908,0.0011031894819661908,0.21006565468597582,0,3,-0.0618896860786602,1.1237793721573204,1.0000001825149967,18822.464194192715,18822.464194192715,21.03904445777174,21.03904445777174,21.07688498236834,1,0.0,0.09966373443603516
1,projgauss,jitter,0.45,1,3,0.1,0.5,1,100,1.1031894819661908e-05,45324,0.09999999999999999,0.011031894819661908,0.0011031894819661908,0.21006565468597582,0,3,-0.061889686078659856,1.1237793721573206,1.000000127211236,18822.464686019175,18822.464686019175,21.03904447698839,21.03904447698839,21.07688500158499,1,0.0,0.11477088928222656
1,spectral,jitter,0.45,1,3,0.1,0.5,1,100,1.1031894819661908e-05,45324,0.09999999999999999,0.011031894819661908,0.0011031894819661908,0.21006565468597582,0,3,-0.0618896860786602,1.1237793721573204,1.0000001825149967,18822.464194192715,18822.464194192715,21.03904445777174,21.03904445777174,21.07688498236834,1,0.0,0.11668801307678223
1,spectralg,jitter,0.45,1,3,0.1,0.5,1,100,1.1031894819661908e-05,45324,0.09999999999999999,0.011031894819661908,0.0011031894819661908,0.21006565468597582,0,3,-0.0618896860786602,1.1237793721573204,1.0000001825149967,18822.464194192715,18822.464194192715,21.03904445777174,21.03904445777174,21.07688498236834,1,0.0,0.11589574813842773
1,molfe,jitter,0.45,1,3,0.1,0.5,1,100,1.1031894819661908e-05,45324,0.09999999999999999,0.011031894819661908,0.0011031894819661908,0.21006565468597582,0,3,-0.06188647043219669,1.1237729408643935,1.0000001042725026,18822.17327925856,18822.17327925856,21.038939248399437,21.038939248399437,21.076779772996037,1,0.0,0.11229801177978516
1,molrk3,jitter,0.45,1,3,0.1,0.5,1,100,1.1031894819661908e-05,45324,0.09999999999999999,0.011031894819661908,0.0011031894819661908,0.21006565468597582,0,3,-0.06188968607866017,1.1237793721573204,1.0000001836984531,18822.464748421902,18822.464748421902,21.03917891515313,21.03917891515313,21.07701943974973,1,0.0,0.11212706565856934
1,maxent,jitter,0.45,1,3,0.1,0.5,1,100,1.1031894819661908e-05,45324,0.09999999999999999,0.011031894819661908,0.0011031894819661908,0.21006565468597582,11,3,-0.0618896860786602,1.1237793721573204,1.0000003192632954,18822.464208682974,18822.464208682974,21.039044939704556,21.039044939704556,21.076885464301157,1,0.0,0.7225260734558105
1,lp,jitter,0.45,1,3,0.1,0.5,1,100,1.1031894819661908e-05,45324,0.09999999999999999,0.011031894819661908,0.0011031894819661908,0.21006565468597582,11,3,-0.0618896860786602,1.1237793721573204,1.0000001032043124,18822.46438927276,18822.46438927276,21.039044449901805,21.039044449901805,21.076884974498405,1,0.0,0.15398812294006348
1,lprand,jitter,0.45,1,3,0.1,0.5,1,100,1.1031894819661908e-05,45324,0.09999999999999999,0.011031894819661908,0.0011031894819661908,0.21006565468597582,11,3,-0.0618896860786602,1.1237793721573204,1.0000001032043124,18822.46438927276,18822.46438927276,21.039044449901805,21.039044449901805,21.076884974498405,1,0.0,0.14938688278198242
1,maxentw,jitter,0.45,1,3,0.1,0.5,1,100,1.1031894819661908e-05,45324,0.09999999999999999,0.011031894819661908,0.0011031894819661908,0.21006565468597582,0,5,4.930196187458112e-16,1.0000000000000004,0.9999999999999997,1.0000000000028917,1.0000000000028917,0.00045384799529694236,0.0011253182259699235,1.202920302932562,0,0.0,0.8190948963165283
1,minnorm,jitter,0.45,1,5,0.1,0.5,1,100,1.1031894819661908e-05,45324,0.09999999999999999,0.011031894819661908,0.0011031894819661908,0.21006565468597582,0,5,-0.18569678011832785,1.5334700348520682,0.9999999999999992,1.0005104418312725,1.5334700348520682,0.019387549047516786,0.04361630744400391,1.1992424518005675,0,0.0,0.10161876678466797
1,projgauss,jitter,0.45,1,5,0.1,0.5,1,100,1.1031894819661908e-05,45324,0.09999999999999999,0.011031894819661908,0.0011031894819661908,0.21006565468597582,0,5,-0.15956129319124468,1.4707144287658889,1.0000000000000002,0.9999999999976645,1.5006194782405726,0.017624614428775026,0.03890405568769606,1.2001334550816065,0,0.0,0.1099083423614502
1,spectral,jitter,0.45,1,5,0.1,0.5,1,100,1.1031894819661908e-05,45324,0.09999999999999999,0.011031894819661908,0.0011031894819661908,0.21006565468597582,0,5,-0.039990644000004176,1.0799812880000086,1.008555641542946,1.458038241641969e+168,1.458038241641969e+168,inf,1571468.8494745237,1571469.8770933922,1,0.0,0.0202181339263916
1,spectralg,jitter,0.45,1,5,0.1,0.5,1,100,1.1031894819661908e-05,45324,0.09999999999999999,0.011031894819661908,0.0011031894819661908,0.21006565468597582,0,5,-0.039990644000004176,1.0799812880000086,1.008555641542946,1.458038241641969e+168,1.458038241641969e+168,inf,1571468.8494745237,1571469.8770933922,1,0.0,0.030595064163208008
1,molfe,jitter,0.45,1,5,0.1,0.5,1,100,1.1031894819661908e-05,45324,0.09999999999999999,0.011031894819661908,0.0011031894819661908,0.21006565468597582,0,5,-0.004913894918574016,1.01310702483503,1.0056327332556003,5.758456627480913e+110,5.758456627480913e+110,inf,3680373.8104447857,3680374.5550515437,1,0.0,0.016568899154663086
1,molrk3,jitter,0.45,1,5,0.1,0.5,1,100,1.1031894819661908e-05,45324,0.09999999999999999,0.011031894819661908,0.0011031894819661908,0.21006565468597582,0,5,-0.004888717367285459,1.0130636178421264,1.0056486268831604,1.1786935196157912e+111,1.1786935196157912e+111,inf,3940214.1142443833,3940214.8588511413,1,0.0,0.018100976943969727
1,maxent,jitter,0.45,1,5,0.1,0.5,1,100,1.1031894819661908e-05,45324,0.09999999999999999,0.011031894819661908,0.0011031894819661908,0.21006565468597582,0,5,4.277855850948725e-35,1.0000000000000004,1.0000000000000013,1.0000000000019627,1.0000000000019627,0.00044063413023336107,0.0011106882982748478,1.2029206744737637,0,0.0,0.8421769142150879
1,lp,jitter,0.45,1,5,0.1,0.5,1,100,1.1031894819661908e-05,45324,0.09999999999999999,0.011031894819661908,0.0011031894819661908,0.21006565468597582,0,5,0.0,1.0000000000000002,1.000000000000001,1.0000000000008178,1.0000000000008178,0.0048308184700524524,0.010653005710535166,1.2035214689374678,0,0.0,0.14696335792541504
1,lprand,jitter,0.45,1,5,0.1,0.5,1,100,1.1031894819661908e-05,45324,0.09999999999999999,0.011031894819661908,0.0011031894819661908,0.21006565468597582,0,5,0.0,1.0000000000000002,1.0000000000000009,1.0000000000000195,1.0000000000001013,0.0017883932783474277,0.0031997761694955718,1.2032657643128537,0,0.0,0.14976096153259277
1,maxentw,jitter,0.45,1,5,0.1,0.5,1,100,1.1031894819661908e-05,45324,0.09999999999999999,0.011031894819661908,0.0011031894819661908,0.21006565468597582,0,5,4.277855850948725e-35,1.0000000000000004,1.0000000000000013,1.0000000000019627,1.0000000000019627,0.00044063413023336107,0.0011106882982748478,1.2029206744737637,0,0.0,0.84834885597229
1,minnorm,jitter,0.45,1,7,0.1,0.5,1,100,1.1031894819661908e-05,45324,0.09999999999999999,0.011031894819661908,0.0011031894819661908,0.21006565468597582,0,7,-0.16369984984708033,1.5179192937710515,0.9999999999999998,1.0000000000009075,1.5179192937710517,0.13810895337627524,0.27144130907988906,1.1387250921162064,0,0.0,0.10164308547973633
1,projgauss,jitter,0.45,1,7,0.1,0.5,1,100,1.1031894819661908e-05,45324,0.09999999999999999,0.011031894819661908,0.0011031894819661908,0.21006565468597582,0,7,-0.10962702836773422,1.3399212337721806,1.0000000000000036,1.0000000000007976,1.3399212337721806,0.08823229615503163,0.1632131806180399,1.1731103023320295,0,0.0,0.11009097099304199
1,spectral,jitter,0.45,1,7,0.1,0.5,1,100,1.1031894819661908e-05,45324,0.09999999999999999,0.011031894819661908,0.0011031894819661908,0.21006565468597582,0,7,-0.054373549734138715,1.1120467496792903,1.0000000000000049,1.0548360703502915,1.6940718865171038,0.010417152136139717,0.01798892727218948,1.2074381967806211,0,0.0,0.1152200698852539
1,spectralg,jitter,0.45,1,7,0.1,0.5,1,100,1.1031894819661908e-05,45324,0.09999999999999999,0.011031894819661908,0.0011031894819661908,0.21006565468597582,0,7,-0.054373549734138715,1.1120467496792903,1.0000000000000049,1.0548360703502915,1.6940718865171038,0.010417152136139717,0.01798892727218948,1.2074381967806211,0,0.0,0.12349677085876465
1,molfe,jitter,0.45,1,7,0.1,0.5,1,100,1.1031894819661908e-05,45324,0.09999999999999999,0.011031894819661908,0.0011031894819661908,0.21006565468597582,0,7,-0.0014968526908225941,1.0049221401836186,1.0024961988040177,2.4757389125613845e+49,2.4757389125613845e+49,inf,2148522.8053468275,2148522.4875075035,1,0.0,0.0295259952545166
1,molrk3,jitter,0.45,1,7,0.1,0.5,1,100,1.1031894819661908e-05,45324,0.09999999999999999,0.011031894819661908,0.0011031894819661908,0.21006565468597582,0,7,-0.0014931544064052964,1.004916134101939,1.0024993169005691,2.85059839212714e+49,2.85059839212714e+49,inf,2215480.6473952313,2215480.3295559073,1,0.0,0.031928062438964844
1,maxent,jitter,0.45,1,7,0.1,0.5,1,100,1.1031894819661908e-05,45324,0.09999999999999999,0.011031894819661908,0.0011031894819661908,0.21006565468597582,0,7,8.531701560337618e-67,1.0000000000000004,0.9999999999999938,1.000000000001643,1.000000000001643,0.00044063878547884183,0.0011106756914446847,1.2029206742319738,0,0.0,0.6504008769989014
1,lp,jitter,0.45,1,7,0.1,0.5,1,100,1.1031894819661908e-05,45324,0.09999999999999999,0.011031894819661908,0.0011031894819661908,0.21006565468597582,0,7,0.0,1.0000000000000002,0.9999999999999999,1.0000000000008977,1.0000000000008977,0.008148617154106664,0.015283623317255749,1.2050507222241549,0,0.0,0.15475797653198242
1,lprand,jitter,0.45,1,7,0.1,0.5,1,100,1.1031894819661908e-05,45324,0.09999999999999999,0.011031894819661908,0.0011031894819661908,0.21006565468597582,0,7,0.0,1.0000000000000002,1.0000000000000018,1.0000000000009521,1.0000000000009521,0.001547048885764974,0.004855700538407892,1.2036522817370157,0,0.0,0.16002511978149414
1,maxentw,jitter,0.45,1,7,0.1,0.5,1,100,1.1031894819661908e-05,45324,0.09999999999999999,0.011031894819661908,0.0011031894819661908,0.21006565468597582,0,7,8.531701560337618e-67,1.0000000000000004,0.9999999999999938,1.000000000001643,1.000000000001643,0.00044063878547884183,0.0011106756914446847,1.2029206742319738,0,0.0,0.6520459651947021
1,minnorm,jitter,0.45,2,3,0.1,0.5,1,100,2.332333921956281e-05,21438,0.09999999999999999,0.023323339219562807,0.002332333921956281,0.30543961249034357,0,3,-0.18553824870958976,1.3710764974191796,1.0000683374802186,60167.12508289478,60167.12508289478,34.884284681668134,34.884284681668134,35.00311199716419,1,0.0,0.05098605155944824
1,projgauss,jitter,0.45,2,3,0.1,0.5,1,100,2.332333921956281e-05,21438,0.09999999999999999,0.023323339219562807,0.002332333921956281,0.30543961249034357,0,3,-0.18553824870959001,1.3710764974191791,1.0000683374802215,60167.125948738765,60167.125948738765,34.884284684116615,34.884284684116615,35.00311199961267,1,0.0,0.05994987487792969
1,spectral,jitter,0.45,2,3,0.1,0.5,1,100,2.332333921956281e-05,21438,0.09999999999999999,0.023323339219562807,0.002332333921956281,0.30543961249034357,0,3,-0.18553824870958976,1.3710764974191796,1.0000683374802186,60167.12508289478,60167.12508289478,34.884284681668134,34.884284681668134,35.00311199716419,1,0.0,0.05948686599731445
1,spectralg,jitter,0.45,2,3,0.1,0.5,1,100,2.332333921956281e-05,21438,0.09999999999999999,0.023323339219562807,0.002332333921956281,0.30543961249034357,0,3,-0.18553824870958976,1.3710764974191796,1.0000683374802186,60167.12508289478,60167.12508289478,34.884284681668134,34.884284681668134,35.00311199716419,1,0.0,0.05679917335510254
1,molfe,jitter,0.45,2,3,0.1,0.5,1,100,2.332333921956281e-05,21438,0.09999999999999999,0.023323339219562807,0.002332333921956281,0.30543961249034357,0,3,-0.1855178167551072,1.371035633510214,1.0000683449939463,60165.986569051354,60165.986569051354,34.883047937091,34.883047937091,35.001875252587055,1,0.0,0.05576014518737793
1,molrk3,jitter,0.45,2,3,0.1,0.5,1,100,2.332333921956281e-05,21438,0.09999999999999999,0.023323339219562807,0.002332333921956281,0.30543961249034357,0,3,-0.1855382487095898,1.3710764974191791,1.0000683337309957,60166.7176296793,60166.7176296793,34.88436128437531,34.88436128437531,35.003188599871365,1,0.0,0.0545201301574707
1,maxent,jitter,0.45,2,3,0.1,0.5,1,100,2.332333921956281e-05,21438,0.09999999999999999,0.023323339219562807,0.002332333921956281,0.30543961249034357,8,3,-0.18553824870958976,1.3710764974191796,1.0000683374798807,60167.12421337498,60167.12421337498,34.88428386331843,34.88428386331843,35.003111178814486,1,0.0,0.6403861045837402
1,lp,jitter,0.45,2,3,0.1,0.5,1,100,2.332333921956281e-05,21438,0.09999999999999999,0.023323339219562807,0.002332333921956281,0.30543961249034357,8,3,-0.18553824870958976,1.3710764974191796,1.0000683374800876,60167.1260832087,60167.1260832087,34.88428468982011,34.88428468982011,35.00311200531617,1,0.0,0.09430098533630371
1,lprand,jitter,0.45,2,3,0.1,0.5,1,100,2.332333921956281e-05,21438,0.09999999999999999,0.023323339219562807,0.002332333921956281,0.30543961249034357,8,3,-0.18553824870958976,1.3710764974191796,1.0000683374800876,60167.1260832087,60167.1260832087,34.88428468982011,34.88428468982011,35.00311200531617,1,0.0,0.09701895713806152
1,maxentw,jitter,0.45,2,3,0.1,0.5,1,100,2.332333921956281e-05,21438,0.09999999999999999,0.023323339219562807,0.002332333921956281,0.30543961249034357,0,5,1.5497457030688557e-12,1.0000000000000002,1.0000000000000013,1.000000000000663,1.000000000000663,0.0003750121976729831,0.0009005904964903555,1.2030028563728856,0,0.0,0.6721410751342773
1,minnorm,jitter,0.45,2,5,0.1,0.5,1,100,2.332333921956281e-05,21438,0.09999999999999999,0.023323339219562807,0.002332333921956281,0.30543961249034357,0,5,-0.17940990901301562,1.5309342900808414,0.9999999999999984,0.9999999999937151,1.5309342900808414,0.004425184762547649,0.030888501280612157,1.2053770415970113,0,0.0,0.05504107475280762
1,projgauss,jitter,0.45,2,5,0.1,0.5,1,100,2.332333921956281e-05,21438,0.09999999999999999,0.023323339219562807,0.002332333921956281,0.30543961249034357,0,5,-0.14693634218843932,1.4624307660912073,1.0000000000000016,0.9999999999988225,1.4624307660912073,0.008156883604371931,0.030170264804691538,1.204717969554188,0,0.0,0.058773040771484375
1,spectral,jitter,0.45,2,5,0.1,0.5,1,100,2.332333921956281e-05,21438,0.09999999999999999,0.023323339219562807,0.002332333921956281,0.30543961249034357,0,5,-0.07671868163691509,1.15343736327383,0.9999999999999991,1.0341808617378925,1.5932099788842469,0.0018242723999869342,0.005401442452189875,1.2041881775469854,0,0.0,0.059857845306396484
1,spectralg,jitter,0.45,2,5,0.1,0.5,1,100,2.332333921956281e-05,21438,0.09999999999999999,0.023323339219562807,0.002332333921956281,0.30543961249034357,0,5,-0.07671868163691509,1.15343736327383,0.9999999999999991,1.0341808617378925,1.5932099788842469,0.0018242723999869342,0.005401442452189875,1.2041881775469854,0,0.0,0.07459521293640137
1,molfe,jitter,0.45,2,5,0.1,0.5,1,100,2.332333921956281e-05,21438,0.09999999999999999,0.023323339219562807,0.002332333921956281,0.30543961249034357,0,5,-0.010436868507412779,1.0340688993433205,1.0133170269544043,3.313114780725844e+123,3.313114780725844e+123,inf,35673044.11278158,35673044.036594234,1,0.0,0.013303041458129883
1,molrk3,jitter,0.45,2,5,0.1,0.5,1,100,2.332333921956281e-05,21438,0.09999999999999999,0.023323339219562807,0.002332333921956281,0.30543961249034357,0,5,-0.010307431507625434,1.0336185572234111,1.0134060921719028,2.180427757434176e+124,2.180427757434176e+124,inf,43250273.68288744,43250273.6067001,1,0.0,0.01200103759765625
1,maxent,jitter,0.45,2,5,0.1,0.5,1,100,2.332333921956281e-05,21438,0.09999999999999999,0.023323339219562807,0.002332333921956281,0.30543961249034357,0,5,3.301277807925443e-23,1.0000000000000004,0.9999999999999997,1.0000000000016394,1.0000000000016394,0.0003900794408432731,0.0009179662852145665,1.2030035367683514,0,0.0,0.5873663425445557
1,lp,jitter,0.45,2,5,0.1,0.5,1,100,2.332333921956281e-05,21438,0.09999999999999999,0.023323339219562807,0.002332333921956281,0.30543961249034357,0,5,0.0,1.0000000000000002,0.9999999999999996,1.0000000000004416,1.0000000000004416,0.005245953593223,0.012317173972088827,1.2035035274388948,0,0.0,0.09750914573669434
1,lprand,jitter,0.45,2,5,0.1,0.5,1,100,2.332333921956281e-05,21438,0.09999999999999999,0.023323339219562807,0.002332333921956281,0.30543961249034357,0,5,0.0,1.0000000000000002,1.0000000000000002,1.0000000000002494,1.0000000000002494,0.003379068836588882,0.006273618207548223,1.203119273374428,0,0.0,0.09508895874023438
1,maxentw,jitter,0.45,2,5,0.1,0.5,1,100,2.332333921956281e-05,21438,0.09999999999999999,0.023323339219562807,0.002332333921956281,0.30543961249034357,0,5,3.301277807925443e-23,1.0000000000000004,0.9999999999999997,1.0000000000016394,1.0000000000016394,0.0003900794408432731,0.0009179662852145665,1.2030035367683514,0,0.0,0.5920789241790771
1,minnorm,jitter,0.45,2,7,0.1,0.5,1,100,2.332333921956281e-05,21438,0.09999999999999999,0.023323339219562807,0.002332333921956281,0.30543961249034357,0,7,-0.16713009538990772,1.5067113236602456,1.0000000000000022,1.000000000000062,1.5067113236602454,0.06672064034028749,0.09038177843296435,1.1963856261994992,0,0.0,0.058917999267578125
1,projgauss,jitter,0.45,2,7,0.1,0.5,1,100,2.332333921956281e-05,21438,0.09999999999999999,0.023323339219562807,0.002332333921956281,0.30543961249034357,0,7,-0.11587399702155701,1.3306698205824485,1.0000000000000004,1.0000000000003602,1.3306698205824485,0.028652110599743374,0.04253489481846828,1.1985235876967353,0,0.0,0.060365915298461914
1,spectral,jitter,0.45,2,7,0.1,0.5,1,100,2.332333921956281e-05,21438,0.09999999999999999,0.023323339219562807,0.002332333921956281,0.30543961249034357,0,7,-0.08084694859206568,1.2284029846272093,1.0000000000000009,1.0739738429036505,2.1707238375633158,0.006213213324059677,0.009184658290289027,1.202308010917319,0,0.0,0.0685272216796875
1,spectralg,jitter,0.45,2,7,0.1,0.5,1,100,2.332333921956281e-05,21438,0.09999999999999999,0.023323339219562807,0.002332333921956281,0.30543961249034357,0,7,-0.08084694859206568,1.2284029846272093,1.0000000000000009,1.0739738429036505,2.1707238375633158,0.006213213324059677,0.009184658290289027,1.202308010917319,0,0.0,0.08547735214233398
1,molfe,jitter,0.45,2,7,0.1,0.5,1,100,2.332333921956281e-05,21438,0.09999999999999999,0.023323339219562807,0.002332333921956281,0.30543961249034357,0,7,-0.003329466592593024,1.0099943087467984,1.0051551787115833,1.823774175866519e+48,1.823774175866519e+48,inf,5601776.754458438,5601776.762638668,1,0.0,0.01802802085876465
1,molrk3,jitter,0.45,2,7,0.1,0.5,1,100,2.332333921956281e-05,21438,0.09999999999999999,0.023323339219562807,0.002332333921956281,0.30543961249034357,0,7,-0.00331125599320653,1.009995026209126,1.0051684894792443,2.4221096924971452e+48,2.4221096924971452e+48,inf,5963842.93264056,5963842.94082079,1,0.0,0.01724696159362793
1,maxent,jitter,0.45,2,7,0.1,0.5,1,100,2.332333921956281e-05,21438,0.09999999999999999,0.023323339219562807,0.002332333921956281,0.30543961249034357,0,7,3.540593128155924e-42,1.0000000000000004,0.9999999999999996,1.0000000000014657,1.0000000000014657,0.0003900438840892459,0.0009180055268649678,1.2030035383077082,0,0.0,0.5876672267913818
1,lp,jitter,0.45,2,7,0.1,0.5,1,100,2.332333921956281e-05,21438,0.09999999999999999,0.023323339219562807,0.002332333921956281,0.30543961249034357,0,7,0.0,1.0000000000000002,0.9999999999999987,1.0000000000003608,1.0000000000003608,0.008395891870030796,0.016171665529934258,1.2051234272466746,0,0.0,0.10166120529174805
1,lprand,jitter,0.45,2,7,0.1,0.5,1,100,2.332333921956281e-05,21438,0.09999999999999999,0.023323339219562807,0.002332333921956281,0.30543961249034357,0,7,0.0,1.0000000000000002,1.0,1.0000000000000948,1.0000000000000948,0.004418542529968757,0.00851131657901305,1.203637277813938,0,0.0,0.10323596000671387
1,maxentw,jitter,0.45,2,7,0.1,0.5,1,100,2.332333921956281e-05,21438,0.09999999999999999,0.023323339219562807,0.002332333921956281,0.30543961249034357,0,7,3.540593128155924e-42,1.0000000000000004,0.9999999999999996,1.0000000000014657,1.0000000000014657,0.0003900438840892459,0.0009180055268649678,1.2030035383077082,0,0.0,0.5823769569396973
1,minnorm,random,0.0,0,3,0.1,0.5,1,100,1.783877195930259e-05,28029,0.09999999999999999,0.017838771959302592,0.0017838771959302591,0.267123731325411,0,3,-0.49136471882460525,1.9827294376492104,1.0619846861301214,nan,3.1715231054398306e+262,inf,52218801514.39514,52218801514.19712,1,0.0,0.008041143417358398
1,projgauss,random,0.0,0,3,0.1,0.5,1,100,1.783877195930259e-05,28029,0.09999999999999999,0.017838771959302592,0.0017838771959302591,0.267123731325411,0,3,-0.49136471882460586,1.9827294376492117,1.061984686130123,nan,3.171523105439577e+262,inf,52218801501.908714,52218801501.71069,1,0.0,0.008832693099975586
1,spectral,random,0.0,0,3,0.1,0.5,1,100,1.783877195930259e-05,28029,0.09999999999999999,0.017838771959302592,0.0017838771959302591,0.267123731325411,0,3,-0.49136471882460525,1.9827294376492104,1.0619846861301214,nan,3.1715231054398306e+262,inf,52218801514.39514,52218801514.19712,1,0.0,0.008653879165649414
1,spectralg,random,0.0,0,3,0.1,0.5,1,100,1.783877195930259e-05,28029,0.09999999999999999,0.017838771959302592,0.0017838771959302591,0.267123731325411,0,3,-0.49136471882460525,1.9827294376492104,1.0619846861301214,nan,3.1715231054398306e+262,inf,52218801514.39514,52218801514.19712,1,0.0,0.008558034896850586
1,molfe,random,0.0,0,3,0.1,0.5,1,100,1.783877195930259e-05,28029,0.09999999999999999,0.017838771959302592,0.0017838771959302591,0.267123731325411,0,3,-0.49132206124501815,1.9826441224900364,1.0619787148280972,nan,2.9981158134787562e+262,inf,52054635450.95911,52054635450.761086,1,0.0,0.008301019668579102
1,molrk3,random,0.0,0,3,0.1,0.5,1,100,1.783877195930259e-05,28029,0.09999999999999999,0.017838771959302592,0.0017838771959302591,0.267123731325411,0,3,-0.49136471882460764,1.9827294376492155,1.0639390758112466,nan,3.0642397169319827e+270,inf,146214341263.84766,146214341263.64963,1,0.0,0.008418798446655273
1,maxent,random,0.0,0,3,0.1,0.5,1,100,1.783877195930259e-05,28029,0.09999999999999999,0.017838771959302592,0.0017838771959302591,0.267123731325411,36,3,-0.49136471882460525,1.9827294376492104,1.0619846861301259,nan,3.171523105439755e+262,inf,52218801510.95584,52218801510.75782,1,0.0,0.9089210033416748
1,lp,random,0.0,0,3,0.1,0.5,1,100,1.783877195930259e-05,28029,0.09999999999999999,0.017838771959302592,0.0017838771959302591,0.267123731325411,36,3,-0.49136471882460525,1.9827294376492104,1.0619846861301236,nan,3.17152310543975e+262,inf,52218801510.76407,52218801510.56605,1,0.0,0.048319101333618164
1,lprand,random,0.0,0,3,0.1,0.5,1,100,1.783877195930259e-05,28029,0.09999999999999999,0.017838771959302592,0.0017838771959302591,0.267123731325411,36,3,-0.49136471882460525,1.9827294376492104,1.0619846861301232,nan,3.17152310543975e+262,inf,52218801510.76407,52218801510.56605,1,0.0,0.0486757755279541
1,maxentw,random,0.0,0,3,0.1,0.5,1,100,1.783877195930259e-05,28029,0.09999999999999999,0.017838771959302592,0.0017838771959302591,0.267123731325411,0,7,1.393007446783632e-41,1.0000000000000002,0.9999999999999986,1.0000000000014315,1.0000000000014315,0.001518013475188186,0.003919451207521296,1.2030367855864068,0,0.0,1.1983659267425537
1,minnorm,random,0.0,0,5,0.1,0.5,1,100,1.783877195930259e-05,28029,0.09999999999999999,0.017838771959302592,0.0017838771959302591,0.267123731325411,0,5,-0.2707006757533484,1.5541449801673302,1.0000000227302164,601.3565862745216,601.3565862745216,5.748379534956798,5.748379534956798,5.747021856889479,0,0.0,0.07182693481445312
1,projgauss,random,0.0,0,5,0.1,0.5,1,100,1.783877195930259e-05,28029,0.09999999999999999,0.017838771959302592,0.0017838771959302591,0.267123731325411,0,5,-0.21896317676674504,1.5218745603570114,1.0000000509587939,612.7789648714854,612.7789648714854,5.6951633226838885,5.6951633226838885,5.693805644616569,0,0.0,0.07299590110778809
1,spectral,random,0.0,0,5,0.1,0.5,1,100,1.783877195930259e-05,28029,0.09999999999999999,0.017838771959302592,0.0017838771959302591,0.267123731325411,0,5,-0.5331511668415533,2.4522586000832796,1.0000000430610299,3642.283171071215,3642.283171071215,5.613202887784808,5.613202887784808,5.6118452097174885,0,0.0,0.06741905212402344
1,spectralg,random,0.0,0,5,0.1,0.5,1,100,1.783877195930259e-05,28029,0.09999999999999999,0.017838771959302592,0.0017838771959302591,0.267123731325411,0,5,-0.5331511668415533,2.4522586000832796,1.0000000590228353,3642.283171071215,3642.283171071215,5.613202887784808,5.613202887784808,5.6118452097174885,0,0.0,0.08969306945800781
1,molfe,random,0.0,0,5,0.1,0.5,1,100,1.783877195930259e-05,28029,0.09999999999999999,0.017838771959302592,0.0017838771959302591,0.267123731325411,0,5,-0.020883070008960915,1.0877226476355495,1.0072347783085807,1.5537176347908038e+88,1.5537176347908038e+88,inf,12732183.881632792,12732183.123701839,1,0.0,0.016724109649658203
1,molrk3,random,0.0,0,5,0.1,0.5,1,100,1.783877195930259e-05,28029,0.09999999999999999,0.017838771959302592,0.0017838771959302591,0.267123731325411,0,5,-0.020578706119820017,1.0869432106529509,1.0072610124309793,3.224170167581241e+88,3.224170167581241e+88,inf,13896615.524009466,13896614.766078513,1,0.0,0.014142274856567383
1,maxent,random,0.0,0,5,0.1,0.5,1,100,1.783877195930259e-05,28029,0.09999999999999999,0.017838771959302592,0.0017838771959302591,0.267123731325411,2,5,-0.2057395132931198,1.5066790938819867,1.0000000138261733,647.0440731187308,647.0440731187308,5.753685995010002,5.753685995010002,5.752328316942683,0,0.0,0.7694559097290039
1,lp,random,0.0,0,5,0.1,0.5,1,100,1.783877195930259e-05,28029,0.09999999999999999,0.017838771959302592,0.0017838771959302591,0.267123731325411,2,5,-0.2057395132931198,1.5066790938819867,1.0000000430318035,721.2534722050303,721.2534722050303,5.77666886247102,5.77666886247102,5.775311184403701,0,0.0,0.11602091789245605
1,lprand,random,0.0,0,5,0.1,0.5,1,100,1.783877195930259e-05,28029,0.09999999999999999,0.017838771959302592,0.0017838771959302591,0.267123731325411,2,5,-0.2057395132931198,1.5066790938819867,1.0000000261058577,699.2759940654951,699.2759940654951,5.79345661795062,5.79345661795062,5.792098939883301,0,0.0,0.11834120750427246
1,maxentw,random,0.0,0,5,0.1,0.5,1,100,1.783877195930259e-05,28029,0.09999999999999999,0.017838771959302592,0.0017838771959302591,0.267123731325411,0,7,0.0,1.0000000000000004,0.9999999999999973,1.0000000000019433,1.0000000000019433,0.0014988978866421893,0.003911340885886794,1.2030337466938583,0,0.0,0.7598550319671631
1,minnorm,random,0.0,0,7,0.1,0.5,1,100,1.783877195930259e-05,28029,0.09999999999999999,0.017838771959302592,0.0017838771959302591,0.267123731325411,0,7,-0.2066192212832377,1.6230877673069268,0.9999999999999987,1.0058524394240191,2.120224102298042,0.09738151743637868,0.19535808738218607,1.1555297529638975,0,0.0,0.07769894599914551
1,projgauss,random,0.0,0,7,0.1,0.5,1,100,1.783877195930259e-05,28029,0.09999999999999999,0.017838771959302592,0.0017838771959302591,0.267123731325411,0,7,-0.1720681471535921,1.4547633351136344,0.999999999999997,1.0000000000003142,1.610750170882567,0.06073268468197757,0.1405188481973344,1.1818253626036839,0,0.0,0.07670187950134277
1,spectral,random,0.0,0,7,0.1,0.5,1,100,1.783877195930259e-05,28029,0.09999999999999999,0.017838771959302592,0.0017838771959302591,0.267123731325411,0,7,-0.5006831450276953,2.4197369733708483,1.0000000000000047,1.732140998859276,7.731615395099802,0.008928796055494351,0.02713104973230973,1.203758713431573,0,0.0,0.07589602470397949
1,spectralg,random,0.0,0,7,0.1,0.5,1,100,1.783877195930259e-05,28029,0.09999999999999999,0.017838771959302592,0.0017838771959302591,0.267123731325411,0,7,-0.5006831450276953,2.4197369733708483,0.9999999999999977,1.7354005119577893,7.731615395099802,0.008922823158888357,0.027130342351525005,1.2037496904446878,0,0.0,0.09821581840515137
1,molfe,random,0.0,0,7,0.1,0.5,1,100,1.783877195930259e-05,28029,0.09999999999999999,0.017838771959302592,0.0017838771959302591,0.267123731325411,0,7,-0.007518728210829859,1.0274940670243002,1.004022694585733,1.7575892836185289e+49,1.7575892836185289e+49,inf,8123931.887312491,8123932.547290099,1,0.0,0.020082950592041016
1,molrk3,random,0.0,0,7,0.1,0.5,1,100,1.783877195930259e-05,28029,0.09999999999999999,0.017838771959302592,0.0017838771959302591,0.267123731325411,0,7,-0.00742217058432553,1.0273086693031332,1.0040307964708506,2.2036611269061978e+49,2.2036611269061978e+49,inf,8537956.686711282,8537957.346688889,1,0.0,0.023049116134643555
1,maxent,random,0.0,0,7,0.1,0.5,1,100,1.783877195930259e-05,28029,0.09999999999999999,0.017838771959302592,0.0017838771959302591,0.267123731325411,0,7,1.2049406215502753e-63,1.0000000000000004,1.0000000000000009,1.0000000000004126,1.0000000000004126,0.0014617207216767389,0.0039113147465320575,1.2030395300219792,0,0.0,0.48589015007019043
1,lp,random,0.0,0,7,0.1,0.5,1,100,1.783877195930259e-05,28029,0.09999999999999999,0.017838771959302592,0.0017838771959302591,0.267123731325411,0,7,0.0,1.0000000000000002,0.9999999999999998,1.0000000000002074,1.0000000000002074,0.011099650018544696,0.02058886637731977,1.202873356727241,0,0.0,0.12075996398925781
1,lprand,random,0.0,0,7,0.1,0.5,1,100,1.783877195930259e-05,28029,0.09999999999999999,0.017838771959302592,0.0017838771959302591,0.267123731325411,0,7,0.0,1.0000000000000002,0.999999999999997,1.000000000000138,1.0000000000001883,0.0006831712734875206,0.004276826404158163,1.203805929508908,0,0.0,0.1179358959197998
1,maxentw,random,0.0,0,7,0.1,0.5,1,100,1.783877195930259e-05,28029,0.09999999999999999,0.017838771959302592,0.0017838771959302591,0.267123731325411,0,7,1.2049406215502753e-63,1.0000000000000004,1.0000000000000009,1.0000000000004126,1.0000000000004126,0.0014617207216767389,0.0039113147465320575,1.2030395300219792,0,0.0,0.47936415672302246
1,minnorm,random,0.0,1,3,0.1,0.5,1,100,2.2064246949604548e-05,22662,0.09999999999999999,0.02206424694960455,0.002206424694960455,0.29708077655482557,0,3,-0.3638143870133806,1.7276287740267613,1.051935587082332,nan,7.334471390915854e+220,inf,7010407258641336.0,7010407258641336.0,1,0.0,0.008685111999511719
1,projgauss,random,0.0,1,3,0.1,0.5,1,100,2.2064246949604548e-05,22662,0.09999999999999999,0.02206424694960455,0.002206424694960455,0.29708077655482557,0,3,-0.3638143870133804,1.7276287740267615,1.0519355870823315,nan,7.334471390885831e+220,inf,7010407258452552.0,7010407258452552.0,1,0.0,0.008942127227783203
1,spectral,random,0.0,1,3,0.1,0.5,1,100,2.2064246949604548e-05,22662,0.09999999999999999,0.02206424694960455,0.002206424694960455,0.29708077655482557,0,3,-0.3638143870133806,1.7276287740267613,1.051935587082332,nan,7.334471390915854e+220,inf,7010407258641336.0,7010407258641336.0,1,0.0,0.009865999221801758
1,spectralg,random,0.0,1,3,0.1,0.5,1,100,2.2064246949604548e-05,22662,0.09999999999999999,0.02206424694960455,0.002206424694960455,0.29708077655482557,0,3,-0.3638143870133806,1.7276287740267613,1.051935587082332,nan,7.334471390915854e+220,inf,7010407258641336.0,7010407258641336.0,1,0.0,0.009739875793457031
1,molfe,random,0.0,1,3,0.1,0.5,1,100,2.2064246949604548e-05,22662,0.09999999999999999,0.02206424694960455,0.002206424694960455,0.29708077655482557,0,3,-0.3637728258616105,1.7275456517232213,1.0519303746607165,nan,6.979912029741459e+220,inf,6978986984054309.0,6978986984054309.0,1,0.0,0.009673833847045898
1,molrk3,random,0.0,1,3,0.1,0.5,1,100,2.2064246949604548e-05,22662,0.09999999999999999,0.02206424694960455,0.002206424694960455,0.29708077655482557,0,3,-0.346879232703323,1.6937584654066462,1.0533020972261093,nan,3.187005996557892e+226,inf,1380575.675071194,1380575.8567608856,1,0.0,0.008552074432373047
1,maxent,random,0.0,1,3,0.1,0.5,1,100,2.2064246949604548e-05,22662,0.09999999999999999,0.02206424694960455,0.002206424694960455,0.29708077655482557,35,3,-0.3638143870133806,1.7276287740267613,1.051935587082332,nan,7.334471390915756e+220,inf,7010407259167523.0,7010407259167523.0,1,0.0,0.6850817203521729
1,lp,random,0.0,1,3,0.1,0.5,1,100,2.2064246949604548e-05,22662,0.09999999999999999,0.02206424694960455,0.002206424694960455,0.29708077655482557,35,3,-0.3638143870133806,1.7276287740267613,1.051935587082332,nan,7.334471390915759e+220,inf,7010407259167523.0,7010407259167523.0,1,0.0,0.04855489730834961
1,lprand,random,0.0,1,3,0.1,0.5,1,100,2.2064246949604548e-05,22662,0.09999999999999999,0.02206424694960455,0.002206424694960455,0.29708077655482557,35,3,-0.3638143870133806,1.7276287740267613,1.051935587082332,nan,7.334471390915759e+220,inf,7010407259181333.0,7010407259181333.0,1,0.0,0.04967379570007324
1,maxentw,random,0.0,1,3,0.1,0.5,1,100,2.2064246949604548e-05,22662,0.09999999999999999,0.02206424694960455,0.002206424694960455,0.29708077655482557,0,7,1.933513700165049e-52,1.0000000000000002,0.9999999999999993,1.0000000000004678,1.0000000000004678,0.0030540790626906802,0.010018904061573908,1.2031319221403731,0,0.0,1.0089211463928223
1,minnorm,random,0.0,1,5,0.1,0.5,1,100,2.2064246949604548e-05,22662,0.09999999999999999,0.02206424694960455,0.002206424694960455,0.29708077655482557,0,5,-0.2372380001763624,1.599682715872951,1.0000655211339144,1830.9148175617552,1830.9148175617552,21.06477934191163,21.06477934191163,21.111564082467336,1,0.0,0.05609488487243652
1,projgauss,random,0.0,1,5,0.1,0.5,1,100,2.2064246949604548e-05,22662,0.09999999999999999,0.02206424694960455,0.002206424694960455,0.29708077655482557,0,5,-0.260619022096459,1.6204868355304607,1.0000644457882464,1708.9486679056245,1708.9486679056245,21.049278126955084,21.049278126955084,21.09606286751079,1,0.0,0.06846213340759277
1,spectral,random,0.0,1,5,0.1,0.5,1,100,2.2064246949604548e-05,22662,0.09999999999999999,0.02206424694960455,0.002206424694960455,0.29708077655482557,0,5,-0.6514163260751383,3.477691431549889,1.0000601577870751,6933.453697621355,6933.453697621355,20.812577178791386,20.812577178791386,20.85936191934709,1,0.0,0.05920720100402832
1,spectralg,random,0.0,1,5,0.1,0.5,1,100,2.2064246949604548e-05,22662,0.09999999999999999,0.02206424694960455,0.002206424694960455,0.29708077655482557,0,5,-0.6514163260751383,3.477691431549889,1.0000600494863574,6871.308443037298,6871.308443037298,20.78614992854253,20.78614992854253,20.832934669098236,1,0.0,0.07920312881469727
1,molfe,random,0.0,1,5,0.1,0.5,1,100,2.2064246949604548e-05,22662,0.09999999999999999,0.02206424694960455,0.002206424694960455,0.29708077655482557,0,5,-0.04723533594790699,1.1732009365990352,1.0026573875380982,2.2408234075596382e+27,2.2408234075596382e+27,inf,1129459.121422002,1129459.306199712,1,0.0,0.026257991790771484
1,molrk3,random,0.0,1,5,0.1,0.5,1,100,2.2064246949604548e-05,22662,0.09999999999999999,0.02206424694960455,0.002206424694960455,0.29708077655482557,0,5,-0.04682162503747642,1.1712689982124505,1.002660921519976,2.427150873103454e+27,2.427150873103454e+27,inf,1160527.7412813625,1160527.9260590724,1,0.0,0.02839517593383789
1,maxent,random,0.0,1,5,0.1,0.5,1,100,2.2064246949604548e-05,22662,0.09999999999999999,0.02206424694960455,0.002206424694960455,0.29708077655482557,7,5,-0.23197155844440914,1.599682715872951,1.0000610298068222,1746.0218188922486,1746.0218188922486,20.84095491084972,20.84095491084972,20.887739651405425,1,0.0,0.7227962017059326
1,lp,random,0.0,1,5,0.1,0.5,1,100,2.2064246949604548e-05,22662,0.09999999999999999,0.02206424694960455,0.002206424694960455,0.29708077655482557,7,5,-0.23197155844440914,1.599682715872951,1.0000609545051258,1910.7044386214477,1910.7044386214477,20.86260082291008,20.86260082291008,20.909385563465783,1,0.0,0.1084299087524414
1,lprand,random,0.0,1,5,0.1,0.5,1,100,2.2064246949604548e-05,22662,0.09999999999999999,0.02206424694960455,0.002206424694960455,0.29708077655482557,7,5,-0.23197155844440914,1.599682715872951,1.0000608992248678,4650.821758271401,4650.821758271401,20.812156227340143,20.812156227340143,20.858940967895848,1,0.0,0.10515213012695312
1,maxentw,random,0.0,1,5,0.1,0.5,1,100,2.2064246949604548e-05,22662,0.09999999999999999,0.02206424694960455,0.002206424694960455,0.29708077655482557,0,7,1.933513700165049e-52,1.0000000000000002,1.0000000000000022,1.0000000000009974,1.0000000000009974,0.003053821447637571,0.010032646956089741,1.2031302347199067,0,0.0,0.7649459838867188
1,minnorm,random,0.0,1,7,0.1,0.5,1,100,2.2064246949604548e-05,22662,0.09999999999999999,0.02206424694960455,0.002206424694960455,0.29708077655482557,0,7,-0.22136549823649346,1.599286909124552,1.0000000000000033,0.9999999999997938,1.8615628674698081,0.03226840344018436,0.14351775236019793,1.2410368738018636,0,0.0,0.05517911911010742
1,projgauss,random,0.0,1,7,0.1,0.5,1,100,2.2064246949604548e-05,22662,0.09999999999999999,0.02206424694960455,0.002206424694960455,0.29708077655482557,0,7,-0.16749545117378378,1.4694670359126425,0.9999999999999983,1.000000000000291,1.5895569851148716,0.020291394367760993,0.08606078984933685,1.2192812654775513,0,0.0,0.0592198371887207
1,spectral,random,0.0,1,7,0.1,0.5,1,100,2.2064246949604548e-05,22662,0.09999999999999999,0.02206424694960455,0.002206424694960455,0.29708077655482557,0,7,-0.8638805187137081,3.945427456359143,0.9999999999999982,1.6823496559327318,13.060523359468842,0.01021167715482034,0.023107428285190745,1.2062818583433839,0,0.0,0.06751394271850586
1,spectralg,random,0.0,1,7,0.1,0.5,1,100,2.2064246949604548e-05,22662,0.09999999999999999,0.02206424694960455,0.002206424694960455,0.29708077655482557,0,7,-0.8638805187137081,3.945427456359143,0.9999999999999982,1.6823496559327318,13.060523359468842,0.01021167715482034,0.023107428285190745,1.2062818583433839,0,0.0,0.08275389671325684
1,molfe,random,0.0,1,7,0.1,0.5,1,100,2.2064246949604548e-05,22662,0.09999999999999999,0.02206424694960455,0.002206424694960455,0.29708077655482557,0,7,-0.007648383175126844,1.0343936863529914,1.0055617311060971,1.2107233664605217e+55,1.2107233664605217e+55,inf,4966578.51559943,4966578.615645401,1,0.0,0.017878055572509766
1,molrk3,random,0.0,1,7,0.1,0.5,1,100,2.2064246949604548e-05,22662,0.09999999999999999,0.02206424694960455,0.002206424694960455,0.29708077655482557,0,7,-0.007580194741879232,1.0340252954885045,1.0055772262059082,1.7167330006540965e+55,1.7167330006540965e+55,inf,5288606.570639713,5288606.670685684,1,0.0,0.018867969512939453
1,maxent,random,0.0,1,7,0.1,0.5,1,100,2.2064246949604548e-05,22662,0.09999999999999999,0.02206424694960455,0.002206424694960455,0.29708077655482557,0,7,1.1370383573430611e-117,1.0000000000000004,0.9999999999999987,1.00000000000065,1.00000000000065,0.003051851919123952,0.010032432632283705,1.2031295012942238,0,0.0,0.4865140914916992
1,lp,random,0.0,1,7,0.1,0.5,1,100,2.2064246949604548e-05,22662,0.09999999999999999,0.02206424694960455,0.002206424694960455,0.29708077655482557,0,7,0.0,1.0000000000000002,0.9999999999999979,1.0000000000002565,1.0000000000002565,0.009869812373601702,0.01871494207370583,1.2052829492358743,0,0.0,0.10326099395751953
1,lprand,random,0.0,1,7,0.1,0.5,1,100,2.2064246949604548e-05,22662,0.09999999999999999,0.02206424694960455,0.002206424694960455,0.29708077655482557,0,7,0.0,1.0000000000000002,1.0000000000000018,1.000000000000235,1.000000000000235,0.002219933452834652,0.00802150689967096,1.204036612519674,0,0.0,0.10606908798217773
1,maxentw,random,0.0,1,7,0.1,0.5,1,100,2.2064246949604548e-05,22662,0.09999999999999999,0.02206424694960455,0.002206424694960455,0.29708077655482557,0,7,1.1370383573430611e-117,1.0000000000000004,0.9999999999999987,1.00000000000065,1.00000000000065,0.003051851919123952,0.010032432632283705,1.2031295012942238,0,0.0,0.4762580394744873
1,minnorm,random,0.0,2,3,0.1,0.5,1,100,2.5656667971716876e-05,19489,0.09999999999999999,0.025656667971716875,0.0025656667971716875,0.3203539790401666,0,3,-0.35375202266363337,1.7075040453272672,1.0274091791537945,9.65411798319848e+229,9.65411798319848e+229,inf,1302381.289323332,1302381.6618093585,1,0.0,0.00935673713684082
1,projgauss,random,0.0,2,3,0.1,0.5,1,100,2.5656667971716876e-05,19489,0.09999999999999999,0.025656667971716875,0.0025656667971716875,0.3203539790401666,0,3,-0.35375202266363337,1.707504045327267,1.0274091791537945,9.654117983198206e+229,9.654117983198206e+229,inf,1302381.2893946816,1302381.661880708,1,0.0,0.009042978286743164
1,spectral,random,0.0,2,3,0.1,0.5,1,100,2.5656667971716876e-05,19489,0.09999999999999999,0.025656667971716875,0.0025656667971716875,0.3203539790401666,0,3,-0.35375202266363337,1.7075040453272672,1.0274091791537945,9.65411798319848e+229,9.65411798319848e+229,inf,1302381.289323332,1302381.6618093585,1,0.0,0.009268045425415039
1,spectralg,random,0.0,2,3,0.1,0.5,1,100,2.5656667971716876e-05,19489,0.09999999999999999,0.025656667971716875,0.0025656667971716875,0.3203539790401666,0,3,-0.35375202266363337,1.7075040453272672,1.0274091791537945,9.65411798319848e+229,9.65411798319848e+229,inf,1302381.289323332,1302381.6618093585,1,0.0,0.009026765823364258
1,molfe,random,0.0,2,3,0.1,0.5,1,100,2.5656667971716876e-05,19489,0.09999999999999999,0.025656667971716875,0.0025656667971716875,0.3203539790401666,0,3,-0.35370834504511256,1.7074166900902252,1.027406117540646,9.109454847157066e+229,9.109454847157066e+229,inf,1299361.8272868246,1299362.199772851,1,0.0,0.008598089218139648
1,molrk3,random,0.0,2,3,0.1,0.5,1,100,2.5656667971716876e-05,19489,0.09999999999999999,0.025656667971716875,0.0025656667971716875,0.3203539790401666,0,3,-0.3195577814000467,1.6391155628000935,1.0277850959475536,1.2050698524126667e+233,1.2050698524126667e+233,inf,1731175.264387771,1731175.6368737975,1,0.0,0.008766889572143555
1,maxent,random,0.0,2,3,0.1,0.5,1,100,2.5656667971716876e-05,19489,0.09999999999999999,0.025656667971716875,0.0025656667971716875,0.3203539790401666,34,3,-0.35375202266363337,1.7075040453272672,1.0274091791537945,9.65411798320495e+229,9.65411798320495e+229,inf,1302381.2897660648,1302381.6622520913,1,0.0,0.7702550888061523
1,lp,random,0.0,2,3,0.1,0.5,1,100,2.5656667971716876e-05,19489,0.09999999999999999,0.025656667971716875,0.0025656667971716875,0.3203539790401666,34,3,-0.35375202266363337,1.7075040453272672,1.0274091791537945,9.654117983198205e+229,9.654117983198205e+229,inf,1302381.2893778237,1302381.6618638502,1,0.0,0.048957109451293945
1,lprand,random,0.0,2,3,0.1,0.5,1,100,2.5656667971716876e-05,19489,0.09999999999999999,0.025656667971716875,0.0025656667971716875,0.3203539790401666,34,3,-0.35375202266363337,1.7075040453272672,1.0274091791537945,9.654117983198205e+229,9.654117983198205e+229,inf,1302381.2893778237,1302381.6618638502,1,0.0,0.048439979553222656
1,maxentw,random,0.0,2,3,0.1,0.5,1,100,2.5656667971716876e-05,19489,0.09999999999999999,0.025656667971716875,0.0025656667971716875,0.3203539790401666,0,7,5.3334687135615645e-33,1.0000000000000002,0.9999999999999993,1.0000000000007074,1.0000000000007074,0.0019108151538057422,0.004250057744524582,1.2034857925124274,0,0.0,1.0787420272827148
1,minnorm,random,0.0,2,5,0.1,0.5,1,100,2.5656667971716876e-05,19489,0.09999999999999999,0.025656667971716875,0.0025656667971716875,0.3203539790401666,0,5,-0.2533275880598492,1.5435811618460906,1.0000001208260534,4054.8367262934576,4054.8367262934576,13.669666611640311,13.669666611640311,13.763819545680278,1,0.0,0.05247616767883301
1,projgauss,random,0.0,2,5,0.1,0.5,1,100,2.5656667971716876e-05,19489,0.09999999999999999,0.025656667971716875,0.0025656667971716875,0.3203539790401666,0,5,-0.21932945321127761,1.5754071447910645,1.0000000857464177,4091.68970589628,4091.68970589628,13.673386736471796,13.673386736471796,13.767539670511763,1,0.0,0.05042099952697754
1,spectral,random,0.0,2,5,0.1,0.5,1,100,2.5656667971716876e-05,19489,0.09999999999999999,0.025656667971716875,0.0025656667971716875,0.3203539790401666,0,5,-0.7733052501051769,3.2771948808793048,1.0000001502663527,14656.080730982674,14656.080730982674,13.644644019138372,13.644644019138372,13.738796953178339,1,0.0,0.06425309181213379
1,spectralg,random,0.0,2,5,0.1,0.5,1,100,2.5656667971716876e-05,19489,0.09999999999999999,0.025656667971716875,0.0025656667971716875,0.3203539790401666,0,5,-0.7733052501051769,3.2771948808793048,1.0000001904617306,14656.080730982674,14656.080730982674,13.644644019138372,13.644644019138372,13.738796953178339,1,0.0,0.06876301765441895
1,molfe,random,0.0,2,5,0.1,0.5,1,100,2.5656667971716876e-05,19489,0.09999999999999999,0.025656667971716875,0.0025656667971716875,0.3203539790401666,0,5,-0.03484431021981086,1.1268170854248214,1.0061023710108001,2.662431292053742e+52,2.662431292053742e+52,inf,3017822.661175966,3017822.043356357,1,0.0,0.017245054244995117
1,molrk3,random,0.0,2,5,0.1,0.5,1,100,2.5656667971716876e-05,19489,0.09999999999999999,0.025656667971716875,0.0025656667971716875,0.3203539790401666,0,5,-0.03409196247174384,1.1251409729526773,1.0061210283510709,3.8215031351626037e+52,3.8215031351626037e+52,inf,3220247.296192549,3220246.6783729405,1,0.0,0.014407873153686523
1,maxent,random,0.0,2,5,0.1,0.5,1,100,2.5656667971716876e-05,19489,0.09999999999999999,0.025656667971716875,0.0025656667971716875,0.3203539790401666,4,5,-0.20692915870752773,1.5435811618460906,1.0000001135940142,4614.72556255241,4614.72556255241,13.698113433630189,13.698113433630189,13.792266367670155,1,0.0,0.724290132522583
1,lp,random,0.0,2,5,0.1,0.5,1,100,2.5656667971716876e-05,19489,0.09999999999999999,0.025656667971716875,0.0025656667971716875,0.3203539790401666,4,5,-0.20692915870752773,1.5435811618460906,1.0000001106368148,5693.014068326005,5693.014068326005,13.657817065641131,13.657817065641131,13.751969999681098,1,0.0,0.09696412086486816
1,lprand,random,0.0,2,5,0.1,0.5,1,100,2.5656667971716876e-05,19489,0.09999999999999999,0.025656667971716875,0.0025656667971716875,0.3203539790401666,4,5,-0.20692915870752773,1.5435811618460906,1.0000000628763683,5670.812563862164,5670.812563862164,13.698037897573105,13.698037897573105,13.792190831613071,1,0.0,0.09671616554260254
1,maxentw,random,0.0,2,5,0.1,0.5,1,100,2.5656667971716876e-05,19489,0.09999999999999999,0.025656667971716875,0.0025656667971716875,0.3203539790401666,0,7,5.3334687135615645e-33,1.0000000000000002,0.9999999999999998,1.0000000000010938,1.0000000000010938,0.0018979089057212517,0.004248356246486229,1.203477577960166,0,0.0,0.7444438934326172
1,minnorm,random,0.0,2,7,0.1,0.5,1,100,2.5656667971716876e-05,19489,0.09999999999999999,0.025656667971716875,0.0025656667971716875,0.3203539790401666,0,7,-0.2157834111276272,1.5341313856982592,1.0000000000000022,1.0003420019852953,1.7134138576105367,0.08087751599735532,0.14415255643859193,1.213971199469524,0,0.0,0.05559897422790527
1,projgauss,random,0.0,2,7,0.1,0.5,1,100,2.5656667971716876e-05,19489,0.09999999999999999,0.025656667971716875,0.0025656667971716875,0.3203539790401666,0,7,-0.1390321441173234,1.4250388006200243,1.0000000000000007,1.0053827331214598,1.5031990482063997,0.04720664037499524,0.08075993918918689,1.2064348446361102,0,0.0,0.049098968505859375
1,spectral,random,0.0,2,7,0.1,0.5,1,100,2.5656667971716876e-05,19489,0.09999999999999999,0.025656667971716875,0.0025656667971716875,0.3203539790401666,0,7,-0.6237485795930615,3.065673102504145,1.000000000000002,2.035710452436007,8.48563988164552,0.014844644066363731,0.046860572515788124,1.206923010238745,0,0.0,0.054292917251586914
1,spectralg,random,0.0,2,7,0.1,0.5,1,100,2.5656667971716876e-05,19489,0.09999999999999999,0.025656667971716875,0.0025656667971716875,0.3203539790401666,0,7,-0.6237485795930615,3.065673102504145,1.000000000000002,2.035710452436007,8.48563988164552,0.014844644066363731,0.046860572515788124,1.206923010238745,0,0.0,0.06976890563964844
1,molfe,random,0.0,2,7,0.1,0.5,1,100,2.5656667971716876e-05,19489,0.09999999999999999,0.025656667971716875,0.0025656667971716875,0.3203539790401666,0,7,-0.012329802828139539,1.0609628050501505,1.0083149362455999,3.0771736611228864e+70,3.0771736611228864e+70,inf,3923452.8613741193,3923452.4346569916,1,0.0,0.015252113342285156
1,molrk3,random,0.0,2,7,0.1,0.5,1,100,2.5656667971716876e-05,19489,0.09999999999999999,0.025656667971716875,0.0025656667971716875,0.3203539790401666,0,7,-0.012192406211364878,1.0602623990216573,1.0083496011412245,6.013536740291751e+70,6.013536740291751e+70,inf,4308432.6294210255,4308432.202703898,1,0.0,0.013723134994506836
1,maxent,random,0.0,2,7,0.1,0.5,1,100,2.5656667971716876e-05,19489,0.09999999999999999,0.025656667971716875,0.0025656667971716875,0.3203539790401666,0,7,1.318314789487226e-75,1.0000000000000004,1.0000000000000018,1.000000000001215,1.000000000001215,0.0018878003235564544,0.0042673736960515685,1.2034790851911403,0,0.0,0.44034814834594727
1,lp,random,0.0,2,7,0.1,0.5,1,100,2.5656667971716876e-05,19489,0.09999999999999999,0.025656667971716875,0.0025656667971716875,0.3203539790401666,0,7,0.0,1.0000000000000002,0.9999999999999971,0.9999999999995695,1.0000000000000195,0.01134181000124946,0.01886649882610958,1.206094596646754,0,0.0,0.09242677688598633
1,lprand,random,0.0,2,7,0.1,0.5,1,100,2.5656667971716876e-05,19489,0.09999999999999999,0.025656667971716875,0.0025656667971716875,0.3203539790401666,0,7,0.0,1.0000000000000002,0.9999999999999981,1.0000000000002505,1.0000000000002505,0.0033564746135638993,0.004871951098286531,1.203749585482527,0,0.0,0.0951380729675293
1,maxentw,random,0.0,2,7,0.1,0.5,1,100,2.5656667971716876e-05,19489,0.09999999999999999,0.025656667971716875,0.0025656667971716875,0.3203539790401666,0,7,1.318314789487226e-75,1.0000000000000004,1.0000000000000018,1.000000000001215,1.000000000001215,0.0018878003235564544,0.0042673736960515685,1.2034790851911403,0,0.0,0.45170092582702637
1,minnorm,jitter,0.0,0,3,0.03,0.5,1,100,0.0008333333333333164,601,0.33333333333333337,0.2499999999999949,0.08333333333333164,0.9999999999999898,0,3,0.21180555555555075,1.0000000000000004,0.9999999999999973,1.0000000000001523,1.0000000000024807,0.000980403035073546,0.00106011565816342,1.2686386794897286,0,0.0,0.009984016418457031
1,projgauss,jitter,0.0,0,3,0.03,0.5,1,100,0.0008333333333333164,601,0.33333333333333337,0.2499999999999949,0.08333333333333164,0.9999999999999898,0,3,0.21180555555555075,1.0,0.999999999999999,1.0000000000000078,1.000000000000102,0.0009804030350873405,0.0010601156581729748,1.2686386794897242,0,0.0,0.010396242141723633
1,spectral,jitter,0.0,0,3,0.03,0.5,1,100,0.0008333333333333164,601,0.33333333333333337,0.2499999999999949,0.08333333333333164,0.9999999999999898,0,3,0.21180555555555075,1.0000000000000004,0.9999999999999973,1.0000000000001523,1.0000000000024807,0.000980403035073546,0.00106011565816342,1.2686386794897286,0,0.0,0.009970903396606445
1,spectralg,jitter,0.0,0,3,0.03,0.5,1,100,0.0008333333333333164,601,0.33333333333333337,0.2499999999999949,0.08333333333333164,0.9999999999999898,0,3,0.21180555555555075,1.0000000000000004,0.9999999999999973,1.0000000000001523,1.0000000000024807,0.000980403035073546,0.00106011565816342,1.2686386794897286,0,0.0,0.009681224822998047
1,molfe,jitter,0.0,0,3,0.03,0.5,1,100,0.0008333333333333164,601,0.33333333333333337,0.2499999999999949,0.08333333333333164,0.9999999999999898,0,3,0.0,1.0,1.0000000000000024,0.999999999999987,1.0,0.0053140107033526895,0.0053140107033526895,1.2690455770022653,0,0.0,0.010249853134155273
1,molrk3,jitter,0.0,0,3,0.03,0.5,1,100,0.0008333333333333164,601,0.33333333333333337,0.2499999999999949,0.08333333333333164,0.9999999999999898,0,3,0.0,1.0,0.9999999999999998,0.9999999999999648,1.0,0.0019334925414540571,0.002090684346754579,1.2687132099687448,0,0.0,0.009120941162109375
1,maxent,jitter,0.0,0,3,0.03,0.5,1,100,0.0008333333333333164,601,0.33333333333333337,0.2499999999999949,0.08333333333333164,0.9999999999999898,0,3,0.2118055555555487,1.0,0.9999999999999998,1.0000000000000067,1.0000000000000542,0.0009804030353215976,0.001060115658380309,1.2686386794897246,0,0.0,0.017847776412963867
1,lp,jitter,0.0,0,3,0.03,0.5,1,100,0.0008333333333333164,601,0.33333333333333337,0.2499999999999949,0.08333333333333164,0.9999999999999898,0,3,0.2118055555555507,1.0,1.0000000000000004,1.0000000000000446,1.0000000000007174,0.0009804030350877568,0.00106011565817353,1.2686386794897253,0,0.0,0.05074572563171387
1,lprand,jitter,0.0,0,3,0.03,0.5,1,100,0.0008333333333333164,601,0.33333333333333337,0.2499999999999949,0.08333333333333164,0.9999999999999898,0,3,0.2118055555555507,1.0,0.9999999999999997,1.0000000000000422,1.0000000000006377,0.0009804030350874515,0.0010601156581730997,1.2686386794897253,0,0.0,0.050563812255859375
1,maxentw,jitter,0.0,0,3,0.03,0.5,1,100,0.0008333333333333164,601,0.33333333333333337,0.2499999999999949,0.08333333333333164,0.9999999999999898,0,3,0.2118055555555487,1.0,0.9999999999999998,1.0000000000000067,1.0000000000000542,0.0009804030353215976,0.001060115658380309,1.2686386794897246,0,0.0,0.01874685287475586
1,minnorm,jitter,0.0,0,5,0.03,0.5,1,100,0.0008333333333333164,601,0.33333333333333337,0.2499999999999949,0.08333333333333164,0.9999999999999898,0,5,-0.029960317460319102,1.0599206349206383,1.0000000000000007,0.9999999999999577,1.0599206349206383,0.0036380698387037044,0.003930146371630756,1.268706228816103,0,0.0,0.009408950805664062
1,projgauss,jitter,0.0,0,5,0.03,0.5,1,100,0.0008333333333333164,601,0.33333333333333337,0.2499999999999949,0.08333333333333164,0.9999999999999898,0,5,-0.015598628016154796,1.0311972560323095,0.9999999999999997,1.0000000000000546,1.0311972560323097,0.0018981602686235846,0.0020511209094895774,1.2686599641380347,0,0.0,0.00978398323059082
1,spectral,jitter,0.0,0,5,0.03,0.5,1,100,0.0008333333333333164,601,0.33333333333333337,0.2499999999999949,0.08333333333333164,0.9999999999999898,0,5,0.006056997193313207,1.0000000000000002,0.9999999999999989,0.9999999999999533,1.0000000000000007,0.00033802162008601117,0.00036518647465700466,1.268628058043531,0,0.0,0.014714956283569336
1,spectralg,jitter,0.0,0,5,0.03,0.5,1,100,0.0008333333333333164,601,0.33333333333333337,0.2499999999999949,0.08333333333333164,0.9999999999999898,0,5,0.006056997193313207,1.0000000000000002,0.9999999999999989,0.9999999999999533,1.0000000000000007,0.00033802162008601117,0.00036518647465700466,1.268628058043531,0,0.0,0.02644801139831543
1,molfe,jitter,0.0,0,5,0.03,0.5,1,100,0.0008333333333333164,601,0.33333333333333337,0.2499999999999949,0.08333333333333164,0.9999999999999898,0,5,-0.04404761904761869,1.142857142857141,1.1428571428571344,7.13115922626004e+34,inf,inf,1659881.3322243083,1659880.7236277028,1,0.0,0.009061813354492188
1,molrk3,jitter,0.0,0,5,0.03,0.5,1,100,0.0008333333333333164,601,0.33333333333333337,0.2499999999999949,0.08333333333333164,0.9999999999999898,0,5,-0.04264511712423029,1.1535471331389677,1.1535471331389686,1.9197375488042484e+37,inf,inf,2541140.368399343,2541141.101378569,1,0.0,0.008118867874145508
1,maxent,jitter,0.0,0,5,0.03,0.5,1,100,0.0008333333333333164,601,0.33333333333333337,0.2499999999999949,0.08333333333333164,0.9999999999999898,0,5,0.007466595914829729,1.0000000000000002,1.0000000000000007,0.9999999999999929,1.0000000000000004,5.138322125875037e-06,5.597974923966025e-06,1.2686201929628314,0,0.0,0.021785259246826172
1,lp,jitter,0.0,0,5,0.03,0.5,1,100,0.0008333333333333164,601,0.33333333333333337,0.2499999999999949,0.08333333333333164,0.9999999999999898,0,5,0.0,1.0,1.0000000000000075,0.9999999999999998,1.0000000000000004,0.012620874324827704,0.013622650617704296,1.2690876023772935,0,0.0,0.052796125411987305
1,lprand,jitter,0.0,0,5,0.03,0.5,1,100,0.0008333333333333164,601,0.33333333333333337,0.2499999999999949,0.08333333333333164,0.9999999999999898,0,5,0.0,1.0,0.9999999999999978,0.9999999999999974,1.0000000000000002,0.0016269491977978917,0.0022088978783659785,1.268712389157514,0,0.0,0.05099892616271973
1,maxentw,jitter,0.0,0,5,0.03,0.5,1,100,0.0008333333333333164,601,0.33333333333333337,0.2499999999999949,0.08333333333333164,0.9999999999999898,0,5,0.007466595914829729,1.0000000000000002,1.0000000000000007,0.9999999999999929,1.0000000000000004,5.138322125875037e-06,5.597974923966025e-06,1.2686201929628314,0,0.0,0.020998001098632812
1,minnorm,jitter,0.0,0,7,0.03,0.5,1,100,0.0008333333333333164,601,0.33333333333333337,0.2499999999999949,0.08333333333333164,0.9999999999999898,0,7,-0.07399140211640305,1.2602513227513263,0.9999999999999991,1.0000000000000406,1.2602513227513263,0.010903718195132445,0.011899225399510466,1.2686105717834104,0,0.0,0.009061098098754883
1,projgauss,jitter,0.0,0,7,0.03,0.5,1,100,0.0008333333333333164,601,0.33333333333333337,0.2499999999999949,0.08333333333333164,0.9999999999999898,0,7,-0.026102219981032695,1.099797102788125,1.0000000000000002,0.9999999999999911,1.099797102788125,0.003089064271351777,0.003410102299060691,1.268566455772845,0,0.0,0.010032892227172852
1,spectral,jitter,0.0,0,7,0.03,0.5,1,100,0.0008333333333333164,601,0.33333333333333337,0.2499999999999949,0.08333333333333164,0.9999999999999898,0,7,0.0007909937568040815,1.0000000000000007,1.0000000000000018,1.0000000000000728,1.0000000000007911,0.0007135648971098446,0.0007700254858295508,1.2686503298647844,0,0.0,0.016231298446655273
1,spectralg,jitter,0.0,0,7,0.03,0.5,1,100,0.0008333333333333164,601,0.33333333333333337,0.2499999999999949,0.08333333333333164,0.9999999999999898,0,7,0.0007909937568040815,1.0000000000000007,1.0000000000000018,1.0000000000000728,1.0000000000007911,0.0007135648971098446,0.0007700254858295508,1.2686503298647844,0,0.0,0.02925395965576172
1,molfe,jitter,0.0,0,7,0.03,0.5,1,100,0.0008333333333333164,601,0.33333333333333337,0.2499999999999949,0.08333333333333164,0.9999999999999898,0,7,-0.02083333333333304,1.0833333333333321,1.054387429261906,87186786825661.56,1.2799054823712218e+230,0.022928120254324308,0.022928120254324308,1.2696053836810253,0,0.0,0.009351015090942383
1,molrk3,jitter,0.0,0,7,0.03,0.5,1,100,0.0008333333333333164,601,0.33333333333333337,0.2499999999999949,0.08333333333333164,0.9999999999999898,0,7,-0.020151975100555823,1.0840798062776684,1.055887086059029,205330113824831.47,1.9050634439377195e+236,0.022229153487997033,0.022229153487997033,1.2693409104645217,0,0.0,0.009289026260375977
1,maxent,jitter,0.0,0,7,0.03,0.5,1,100,0.0008333333333333164,601,0.33333333333333337,0.2499999999999949,0.08333333333333164,0.9999999999999898,0,7,4.255680355941686e-05,1.0000000000000002,0.9999999999999973,1.0000000000000107,1.0000000000000928,3.68005591601106e-05,3.983312365156422e-05,1.2686217356416638,0,0.0,0.026344776153564453
1,lp,jitter,0.0,0,7,0.03,0.5,1,100,0.0008333333333333164,601,0.33333333333333337,0.2499999999999949,0.08333333333333164,0.9999999999999898,0,7,0.0,1.0,0.9999999999999967,0.9999999999999921,1.0,0.02624769785125153,0.028324610542772955,1.2696634442121497,0,0.0,0.051766157150268555
1,lprand,jitter,0.0,0,7,0.03,0.5,1,100,0.0008333333333333164,601,0.33333333333333337,0.2499999999999949,0.08333333333333164,0.9999999999999898,0,7,0.0,1.0,1.0000000000000009,1.0000000000000047,1.0000000000000173,0.006954024516969658,0.009942821219529954,1.2693654019892204,0,0.0,0.05205798149108887
1,maxentw,jitter,0.0,0,7,0.03,0.5,1,100,0.0008333333333333164,601,0.33333333333333337,0.2499999999999949,0.08333333333333164,0.9999999999999898,0,7,4.255680355941686e-05,1.0000000000000002,0.9999999999999973,1.0000000000000107,1.0000000000000928,3.68005591601106e-05,3.983312365156422e-05,1.2686217356416638,0,0.0,0.025452136993408203
1,minnorm,jitter,0.1,0,3,0.03,0.5,1,100,0.0005458809766496346,916,0.33333333333333337,0.16376429299489037,0.05458809766496346,0.8093560230081454,0,3,0.11057356054021618,1.0000000000000018,1.0000000000000036,1.0000000000000393,1.0000000000000713,7.919181896030858e-05,0.00010220704300420783,1.2692742856941917,0,0.0,0.010792732238769531
1,projgauss,jitter,0.1,0,3,0.03,0.5,1,100,0.0005458809766496346,916,0.33333333333333337,0.16376429299489037,0.05458809766496346,0.8093560230081454,0,3,0.11057356054021629,1.0000000000000002,1.000000000000003,1.0000000000000366,1.0000000000002325,7.919181895831018e-05,0.00010220704300159186,1.2692742856941925,0,0.0,0.010942935943603516
1,spectral,jitter,0.1,0,3,0.03,0.5,1,100,0.0005458809766496346,916,0.33333333333333337,0.16376429299489037,0.05458809766496346,0.8093560230081454,0,3,0.11057356054021618,1.0000000000000018,1.0000000000000036,1.0000000000000393,1.0000000000000713,7.919181896030858e-05,0.00010220704300420783,1.2692742856941917,0,0.0,0.01134490966796875
1,spectralg,jitter,0.1,0,3,0.03,0.5,1,100,0.0005458809766496346,916,0.33333333333333337,0.16376429299489037,0.05458809766496346,0.8093560230081454,0,3,0.11057356054021618,1.0000000000000018,1.0000000000000036,1.0000000000000393,1.0000000000000713,7.919181896030858e-05,0.00010220704300420783,1.2692742856941917,0,0.0,0.011385917663574219
1,molfe,jitter,0.1,0,3,0.03,0.5,1,100,0.0005458809766496346,916,0.33333333333333337,0.16376429299489037,0.05458809766496346,0.8093560230081454,0,3,0.0,1.0000000000000002,0.9999999999999991,0.9999999999999174,1.0000000000000004,0.003501473008190259,0.0035026451358024513,1.2695382684809675,0,0.0,0.011203765869140625
1,molrk3,jitter,0.1,0,3,0.03,0.5,1,100,0.0005458809766496346,916,0.33333333333333337,0.16376429299489037,0.05458809766496346,0.8093560230081454,0,3,0.0,1.0000000000000002,0.9999999999999967,0.9999999999999192,1.0000000000000009,0.001983974301382925,0.0021468999482347206,1.269363566366535,0,0.0,0.009821891784667969
1,maxent,jitter,0.1,0,3,0.03,0.5,1,100,0.0005458809766496346,916,0.33333333333333337,0.16376429299489037,0.05458809766496346,0.8093560230081454,0,3,0.11057356054021626,1.0000000000000002,1.000000000000001,1.0000000000000406,1.0000000000003704,7.919164984619698e-05,0.0001022069637766701,1.2692742856922523,0,0.0,0.17580199241638184
1,lp,jitter,0.1,0,3,0.03,0.5,1,100,0.0005458809766496346,916,0.33333333333333337,0.16376429299489037,0.05458809766496346,0.8093560230081454,0,3,0.11057356054021641,1.0,1.0000000000000016,1.0000000000000027,1.0000000000000062,7.919181895001126e-05,0.00010220704299756384,1.2692742856941939,0,0.0,0.050873756408691406
1,lprand,jitter,0.1,0,3,0.03,0.5,1,100,0.0005458809766496346,916,0.33333333333333337,0.16376429299489037,0.05458809766496346,0.8093560230081454,0,3,0.11057356054021641,1.0,0.9999999999999999,1.0000000000000024,1.0000000000000027,7.91918189501084e-05,0.00010220704299756384,1.2692742856941939,0,0.0,0.05175495147705078
1,maxentw,jitter,0.1,0,3,0.03,0.5,1,100,0.0005458809766496346,916,0.33333333333333337,0.16376429299489037,0.05458809766496346,0.8093560230081454,0,3,0.11057356054021626,1.0000000000000002,1.000000000000001,1.0000000000000406,1.0000000000003704,7.919164984619698e-05,0.0001022069637766701,1.2692742856922523,0,0.0,0.17616009712219238
1,minnorm,jitter,0.1,0,5,0.03,0.5,1,100,0.0005458809766496346,916,0.33333333333333337,0.16376429299489037,0.05458809766496346,0.8093560230081454,0,5,-0.06755518461496193,1.211828525640198,1.000000000000001,0.9999999999997272,1.211828525640198,0.004669468101767979,0.00506430382153536,1.269345963652439,0,0.0,0.010356903076171875
1,projgauss,jitter,0.1,0,5,0.03,0.5,1,100,0.0005458809766496346,916,0.33333333333333337,0.16376429299489037,0.05458809766496346,0.8093560230081454,0,5,-0.052327581217341435,1.1661956247393404,1.0000000000000027,0.9999999999999898,1.1661956247393404,0.0029622198202898797,0.0032250201655859567,1.2693074461027318,0,0.0,0.011311054229736328
1,spectral,jitter,0.1,0,5,0.03,0.5,1,100,0.0005458809766496346,916,0.33333333333333337,0.16376429299489037,0.05458809766496346,0.8093560230081454,0,5,-0.03982751989193057,1.079655039783861,0.9999999999999994,0.9999999999996401,1.079655039783861,0.00094466898132365,0.0010142543199022774,1.2692232357921878,0,0.0,0.015689849853515625
1,spectralg,jitter,0.1,0,5,0.03,0.5,1,100,0.0005458809766496346,916,0.33333333333333337,0.16376429299489037,0.05458809766496346,0.8093560230081454,0,5,-0.03982751989193057,1.079655039783861,0.9999999999999994,0.9999999999996401,1.079655039783861,0.00094466898132365,0.0010142543199022774,1.2692232357921878,0,0.0,0.027211904525756836
1,molfe,jitter,0.1,0,5,0.03,0.5,1,100,0.0005458809766496346,916,0.33333333333333337,0.16376429299489037,0.05458809766496346,0.8093560230081454,0,5,-0.03514767280625725,1.1045882717757667,1.0933257241520726,3.7569842963376e+35,inf,inf,1514486.1868991712,1514487.0531227938,1,0.0,0.009096145629882812
1,molrk3,jitter,0.1,0,5,0.03,0.5,1,100,0.0005458809766496346,916,0.33333333333333337,0.16376429299489037,0.05458809766496346,0.8093560230081454,0,5,-0.03416385897927494,1.1092794954888427,1.0978160425796575,1.6153980352716983e+37,inf,inf,4574088.798179118,4574089.664402741,1,0.0,0.008728981018066406
1,maxent,jitter,0.1,0,5,0.03,0.5,1,100,0.0005458809766496346,916,0.33333333333333337,0.16376429299489037,0.05458809766496346,0.8093560230081454,0,5,0.0005477957268179128,1.0000000000000004,1.0000000000000002,1.0000000000000677,1.0000000000006326,0.0003512975302327609,0.00039246530355637604,1.2692874769631377,0,0.0,0.4959831237792969
1,lp,jitter,0.1,0,5,0.03,0.5,1,100,0.0005458809766496346,916,0.33333333333333337,0.16376429299489037,0.05458809766496346,0.8093560230081454,0,5,0.0,1.0,1.0000000000000029,1.000000000000003,1.000000000000003,0.010010979465911014,0.010847721593339375,1.2696555221319066,0,0.0,0.05382180213928223
1,lprand,jitter,0.1,0,5,0.03,0.5,1,100,0.0005458809766496346,916,0.33333333333333337,0.16376429299489037,0.05458809766496346,0.8093560230081454,0,5,0.0,1.0,1.0000000000000013,1.0000000000000049,1.0000000000000253,0.004132927750248122,0.005837773299783092,1.2695073162281951,0,0.0,0.05215001106262207
1,maxentw,jitter,0.1,0,5,0.03,0.5,1,100,0.0005458809766496346,916,0.33333333333333337,0.16376429299489037,0.05458809766496346,0.8093560230081454,0,5,0.0005477957268179128,1.0000000000000004,1.0000000000000002,1.0000000000000677,1.0000000000006326,0.0003512975302327609,0.00039246530355637604,1.2692874769631377,0,0.0,0.4954838752746582
1,minnorm,jitter,0.1,0,7,0.03,0.5,1,100,0.0005458809766496346,916,0.33333333333333337,0.16376429299489037,0.05458809766496346,0.8093560230081454,0,7,-0.09641241769617637,1.3385334538855067,1.0,1.000000000000125,1.3385334538855067,0.012838371546002925,0.014494949386982536,1.2690479557648144,0,0.0,0.010156869888305664
1,projgauss,jitter,0.1,0,7,0.03,0.5,1,100,0.0005458809766496346,916,0.33333333333333337,0.16376429299489037,0.05458809766496346,0.8093560230081454,0,7,-0.04578486542572625,1.1726181976268681,0.9999999999999977,1.0000000000000229,1.1726181976268681,0.004853747580147949,0.005540827746571664,1.2690873780628267,0,0.0,0.010051250457763672
1,spectral,jitter,0.1,0,7,0.03,0.5,1,100,0.0005458809766496346,916,0.33333333333333337,0.16376429299489037,0.05458809766496346,0.8093560230081454,0,7,-0.07635494495202941,1.1865655843644465,1.0000000000000033,1.000000000000146,1.1865655843644463,0.0019286941718745024,0.0020978835588846834,1.2693563154635301,0,0.0,0.016065120697021484
1,spectralg,jitter,0.1,0,7,0.03,0.5,1,100,0.0005458809766496346,916,0.33333333333333337,0.16376429299489037,0.05458809766496346,0.8093560230081454,0,7,-0.07635494495202941,1.1865655843644465,1.0000000000000033,1.000000000000146,1.1865655843644463,0.0019286941718745024,0.0020978835588846834,1.2693563154635301,0,0.0,0.030224084854125977
1,molfe,jitter,0.1,0,7,0.03,0.5,1,100,0.0005458809766496346,916,0.33333333333333337,0.16376429299489037,0.05458809766496346,0.8093560230081454,0,7,-0.015255795179372455,1.0602355815981963,1.0356670236391106,179216226846364.3,2.880607742996648e+152,inf,1104828.8629344713,1104828.6370403657,1,0.0,0.00996708869934082
1,molrk3,jitter,0.1,0,7,0.03,0.5,1,100,0.0005458809766496346,916,0.33333333333333337,0.16376429299489037,0.05458809766496346,0.8093560230081454,0,7,-0.014906511385209145,1.0604789581561276,1.0363080884193248,318915896116509.25,1.389263461938332e+155,inf,1736437.5702133626,1736437.344319257,1,0.0,0.009701967239379883
1,maxent,jitter,0.1,0,7,0.03,0.5,1,100,0.0005458809766496346,916,0.33333333333333337,0.16376429299489037,0.05458809766496346,0.8093560230081454,0,7,1.6127656553348833e-07,1.0000000000000004,1.000000000000001,1.0000000000000642,1.0000000000005995,0.00035243405553382623,0.00039369354299181175,1.269287532443312,0,0.0,0.4624361991882324
1,lp,jitter,0.1,0,7,0.03,0.5,1,100,0.0005458809766496346,916,0.33333333333333337,0.16376429299489037,0.05458809766496346,0.8093560230081454,0,7,0.0,1.0,0.999999999999996,1.0,1.0000000000000013,0.019654332787297953,0.0202820358712009,1.2703124197875815,0,0.0,0.05257391929626465
1,lprand,jitter,0.1,0,7,0.03,0.5,1,100,0.0005458809766496346,916,0.33333333333333337,0.16376429299489037,0.05458809766496346,0.8093560230081454,0,7,0.0,1.0,1.0000000000000018,1.0000000000000029,1.000000000000003,0.0076383747344137415,0.009029704507392683,1.269752628488573,0,0.0,0.05334877967834473
1,maxentw,jitter,0.1,0,7,0.03,0.5,1,100,0.0005458809766496346,916,0.33333333333333337,0.16376429299489037,0.05458809766496346,0.8093560230081454,0,7,1.6127656553348833e-07,1.0000000000000004,1.000000000000001,1.0000000000000642,1.0000000000005995,0.00035243405553382623,0.00039369354299181175,1.269287532443312,0,0.0,0.4644038677215576
1,minnorm,jitter,0.1,1,3,0.03,0.5,1,100,0.0005664439161349949,883,0.33333333333333337,0.16993317484049847,0.05664439161349949,0.8244590343746583,0,3,0.11580535749978449,1.0000000000000009,0.9999999999999986,1.0000000000000528,1.000000000000268,7.498043004899868e-06,4.3193889344778774e-05,1.269664961132321,0,0.0,0.010967016220092773
1,projgauss,jitter,0.1,1,3,0.03,0.5,1,100,0.0005664439161349949,883,0.33333333333333337,0.16993317484049847,0.05664439161349949,0.8244590343746583,0,3,0.1158053574997843,1.0000000000000002,1.0000000000000002,1.000000000000034,1.000000000000272,7.4980430050664015e-06,4.319388934388366e-05,1.2696649611323196,0,0.0,0.01166081428527832
1,spectral,jitter,0.1,1,3,0.03,0.5,1,100,0.0005664439161349949,883,0.33333333333333337,0.16993317484049847,0.05664439161349949,0.8244590343746583,0,3,0.11580535749978449,1.0000000000000009,0.9999999999999986,1.0000000000000528,1.000000000000268,7.498043004899868e-06,4.3193889344778774e-05,1.269664961132321,0,0.0,0.011450052261352539
1,spectralg,jitter,0.1,1,3,0.03,0.5,1,100,0.0005664439161349949,883,0.33333333333333337,0.16993317484049847,0.05664439161349949,0.8244590343746583,0,3,0.11580535749978449,1.0000000000000009,0.9999999999999986,1.0000000000000528,1.000000000000268,7.498043004899868e-06,4.3193889344778774e-05,1.269664961132321,0,0.0,0.01012110710144043
1,molfe,jitter,0.1,1,3,0.03,0.5,1,100,0.0005664439161349949,883,0.33333333333333337,0.16993317484049847,0.05664439161349949,0.8244590343746583,0,3,0.0,1.0000000000000002,0.9999999999999981,0.9999999999999128,1.0000000000000004,0.0036211755356870823,0.0036211755356870823,1.2699314365938545,0,0.0,0.01118016242980957
1,molrk3,jitter,0.1,1,3,0.03,0.5,1,100,0.0005664439161349949,883,0.33333333333333337,0.16993317484049847,0.05664439161349949,0.8244590343746583,0,3,0.0,1.0000000000000002,0.9999999999999991,0.9999999999999116,1.0000000000000009,0.0019799643355203414,0.0021470900787205344,1.2697411475769274,0,0.0,0.00997614860534668
1,maxent,jitter,0.1,1,3,0.03,0.5,1,100,0.0005664439161349949,883,0.33333333333333337,0.16993317484049847,0.05664439161349949,0.8244590343746583,0,3,0.11580535749978428,1.0000000000000002,1.0000000000000018,1.0000000000000293,1.000000000000254,7.498038236991578e-06,4.3193889343772635e-05,1.2696649611323179,0,0.0,0.05577802658081055
1,lp,jitter,0.1,1,3,0.03,0.5,1,100,0.0005664439161349949,883,0.33333333333333337,0.16993317484049847,0.05664439161349949,0.8244590343746583,0,3,0.11580535749978424,1.0,0.9999999999999996,1.0000000000000016,1.0000000000000027,7.498043004539046e-06,4.319388934369284e-05,1.2696649611323183,0,0.0,0.050959110260009766
1,lprand,jitter,0.1,1,3,0.03,0.5,1,100,0.0005664439161349949,883,0.33333333333333337,0.16993317484049847,0.05664439161349949,0.8244590343746583,0,3,0.11580535749978424,1.0,1.0000000000000007,1.0000000000000016,1.0000000000000029,7.498043004539046e-06,4.319388934369284e-05,1.2696649611323183,0,0.0,0.052308082580566406
1,maxentw,jitter,0.1,1,3,0.03,0.5,1,100,0.0005664439161349949,883,0.33333333333333337,0.16993317484049847,0.05664439161349949,0.8244590343746583,0,3,0.11580535749978428,1.0000000000000002,1.0000000000000018,1.0000000000000293,1.000000000000254,7.498038236991578e-06,4.3193889343772635e-05,1.2696649611323179,0,0.0,0.05569887161254883
1,minnorm,jitter,0.1,1,5,0.03,0.5,1,100,0.0005664439161349949,883,0.33333333333333337,0.16993317484049847,0.05664439161349949,0.8244590343746583,0,5,-0.06918936978771868,1.1991456991611098,0.9999999999999978,0.9999999999998129,1.1991456991611098,0.004599569780518509,0.004996139641419137,1.2697256681127707,0,0.0,0.008725166320800781
1,projgauss,jitter,0.1,1,5,0.03,0.5,1,100,0.0005664439161349949,883,0.33333333333333337,0.16993317484049847,0.05664439161349949,0.8244590343746583,0,5,-0.04801130663345051,1.1555270021459407,0.9999999999999999,0.9999999999999653,1.155527002145941,0.0028818613766840168,0.003125709233134058,1.2696867542977783,0,0.0,0.009511709213256836
1,spectral,jitter,0.1,1,5,0.03,0.5,1,100,0.0005664439161349949,883,0.33333333333333337,0.16993317484049847,0.05664439161349949,0.8244590343746583,0,5,-0.036322237174325915,1.0726444743486514,0.9999999999999976,0.9999999999997408,1.0726444743486514,0.0008917002119796513,0.0009783512358482183,1.2696882487174812,0,0.0,0.01644301414489746
1,spectralg,jitter,0.1,1,5,0.03,0.5,1,100,0.0005664439161349949,883,0.33333333333333337,0.16993317484049847,0.05664439161349949,0.8244590343746583,0,5,-0.036322237174325915,1.0726444743486514,0.9999999999999976,0.9999999999997408,1.0726444743486514,0.0008917002119796513,0.0009783512358482183,1.2696882487174812,0,0.0,0.028128862380981445
1,molfe,jitter,0.1,1,5,0.03,0.5,1,100,0.0005664439161349949,883,0.33333333333333337,0.16993317484049847,0.05664439161349949,0.8244590343746583,0,5,-0.03659868619991171,1.107259358807066,1.096812423394154,3.130659035686891e+35,inf,inf,2294456.499796892,2294456.2294233255,1,0.0,0.008944988250732422
1,molrk3,jitter,0.1,1,5,0.03,0.5,1,100,0.0005664439161349949,883,0.33333333333333337,0.16993317484049847,0.05664439161349949,0.8244590343746583,0,5,-0.03547970314871481,1.112344966248275,1.1016499774737813,1.5293127216399565e+37,inf,inf,1555897.8915566215,1555897.6914751,1,0.0,0.008888959884643555
1,maxent,jitter,0.1,1,5,0.03,0.5,1,100,0.0005664439161349949,883,0.33333333333333337,0.16993317484049847,0.05664439161349949,0.8244590343746583,0,5,0.0007448078295572568,1.0000000000000002,1.0000000000000022,1.0000000000000446,1.0000000000004658,0.00031189080569135694,0.0003443460884323679,1.2696624112789157,0,0.0,0.10128116607666016
1,lp,jitter,0.1,1,5,0.03,0.5,1,100,0.0005664439161349949,883,0.33333333333333337,0.16993317484049847,0.05664439161349949,0.8244590343746583,0,5,0.0,1.0,1.0000000000000007,0.999999999999996,1.0000000000000004,0.00968223251420263,0.010487321048252661,1.2700993850518671,0,0.0,0.052947998046875
1,lprand,jitter,0.1,1,5,0.03,0.5,1,100,0.0005664439161349949,883,0.33333333333333337,0.16993317484049847,0.05664439161349949,0.8244590343746583,0,5,0.0,1.0,1.000000000000002,1.0000000000000004,1.000000000000001,0.0026464196804655282,0.003617965376256138,1.2698339482212417,0,0.0,0.053256988525390625
1,maxentw,jitter,0.1,1,5,0.03,0.5,1,100,0.0005664439161349949,883,0.33333333333333337,0.16993317484049847,0.05664439161349949,0.8244590343746583,0,5,0.0007448078295572568,1.0000000000000002,1.0000000000000022,1.0000000000000446,1.0000000000004658,0.00031189080569135694,0.0003443460884323679,1.2696624112789157,0,0.0,0.10256695747375488
1,minnorm,jitter,0.1,1,7,0.03,0.5,1,100,0.0005664439161349949,883,0.33333333333333337,0.16993317484049847,0.05664439161349949,0.8244590343746583,0,7,-0.09371689504635575,1.3298676904127529,1.0000000000000002,1.0000000000001021,1.3298676904127529,0.012618044278432133,0.014073328551372666,1.2695141200802516,0,0.0,0.008959054946899414
1,projgauss,jitter,0.1,1,7,0.03,0.5,1,100,0.0005664439161349949,883,0.33333333333333337,0.16993317484049847,0.05664439161349949,0.8244590343746583,0,7,-0.0444666279371721,1.1636262300887492,1.000000000000002,1.0000000000000235,1.163626230088749,0.004651029405581708,0.005287192677825847,1.2695051307256484,0,0.0,0.01080012321472168
1,spectral,jitter,0.1,1,7,0.03,0.5,1,100,0.0005664439161349949,883,0.33333333333333337,0.16993317484049847,0.05664439161349949,0.8244590343746583,0,7,-0.06560674584417434,1.1546609413591948,1.000000000000004,1.0000000000001137,1.1546609413591948,0.0018618005469671697,0.0020103298428723014,1.269700914240503,0,0.0,0.016186952590942383
1,spectralg,jitter,0.1,1,7,0.03,0.5,1,100,0.0005664439161349949,883,0.33333333333333337,0.16993317484049847,0.05664439161349949,0.8244590343746583,0,7,-0.06560674584417434,1.1546609413591948,1.000000000000004,1.0000000000001137,1.1546609413591948,0.0018618005469671697,0.0020103298428723014,1.269700914240503,0,0.0,0.030539989471435547
1,molfe,jitter,0.1,1,7,0.03,0.5,1,100,0.0005664439161349949,883,0.33333333333333337,0.16993317484049847,0.05664439161349949,0.8244590343746583,0,7,-0.015955283354295285,1.0617166203103958,1.0369251672899913,144140544436710.16,4.700331725102243e+157,inf,1053198.3692512321,1053197.8412898283,1,0.0,0.009961843490600586
1,molrk3,jitter,0.1,1,7,0.03,0.5,1,100,0.0005664439161349949,883,0.33333333333333337,0.16993317484049847,0.05664439161349949,0.8244590343746583,0,7,-0.015571000290910969,1.0619902701099369,1.037612561456849,258937364321055.47,3.7306900856789174e+160,inf,1616618.0258871817,1616617.497925778,1,0.0,0.010085821151733398
1,maxent,jitter,0.1,1,7,0.03,0.5,1,100,0.0005664439161349949,883,0.33333333333333337,0.16993317484049847,0.05664439161349949,0.8244590343746583,0,7,0.0,1.0000000000000004,1.0000000000000007,1.0000000000000653,1.0000000000006588,0.001116878593225179,0.0031540402105627585,1.2696627006972176,0,0.0,0.5882108211517334
1,lp,jitter,0.1,1,7,0.03,0.5,1,100,0.0005664439161349949,883,0.33333333333333337,0.16993317484049847,0.05664439161349949,0.8244590343746583,0,7,0.0,1.0,0.9999999999999925,1.0000000000000022,1.0000000000000022,0.01847399181186031,0.019771597066692532,1.2705295620811898,0,0.0,0.05452895164489746
1,lprand,jitter,0.1,1,7,0.03,0.5,1,100,0.0005664439161349949,883,0.33333333333333337,0.16993317484049847,0.05664439161349949,0.8244590343746583,0,7,0.0,1.0,1.0000000000000007,0.9999999999999992,1.000000000000002,0.008235343444316381,0.011721223064564232,1.2699794784835305,0,0.0,0.05299186706542969
1,maxentw,jitter,0.1,1,7,0.03,0.5,1,100,0.0005664439161349949,883,0.33333333333333337,0.16993317484049847,0.05664439161349949,0.8244590343746583,0,7,0.0,1.0000000000000004,1.0000000000000007,1.0000000000000653,1.0000000000006588,0.001116878593225179,0.0031540402105627585,1.2696627006972176,0,0.0,0.5877869129180908
1,minnorm,jitter,0.1,2,3,0.03,0.5,1,100,0.0005959411787782209,840,0.33333333333333337,0.17878235363346623,0.05959411787782209,0.8456532472200795,0,3,0.11728161931014669,1.0000000000000013,1.000000000000002,1.0000000000000615,1.0000000000006057,0.00012590454006575907,0.00013554611898300428,1.2701698381943691,0,0.0,0.010453224182128906
1,projgauss,jitter,0.1,2,3,0.03,0.5,1,100,0.0005959411787782209,840,0.33333333333333337,0.17878235363346623,0.05959411787782209,0.8456532472200795,0,3,0.11728161931014675,1.0000000000000002,0.9999999999999989,1.000000000000018,1.0000000000001312,0.00012590454006176227,0.00013554611898057567,1.2701698381943718,0,0.0,0.011339187622070312
1,spectral,jitter,0.1,2,3,0.03,0.5,1,100,0.0005959411787782209,840,0.33333333333333337,0.17878235363346623,0.05959411787782209,0.8456532472200795,0,3,0.11728161931014669,1.0000000000000013,1.000000000000002,1.0000000000000615,1.0000000000006057,0.00012590454006575907,0.00013554611898300428,1.2701698381943691,0,0.0,0.009946107864379883
1,spectralg,jitter,0.1,2,3,0.03,0.5,1,100,0.0005959411787782209,840,0.33333333333333337,0.17878235363346623,0.05959411787782209,0.8456532472200795,0,3,0.11728161931014669,1.0000000000000013,1.000000000000002,1.0000000000000615,1.0000000000006057,0.00012590454006575907,0.00013554611898300428,1.2701698381943691,0,0.0,0.011521100997924805
1,molfe,jitter,0.1,2,3,0.03,0.5,1,100,0.0005959411787782209,840,0.33333333333333337,0.17878235363346623,0.05959411787782209,0.8456532472200795,0,3,0.0,1.0000000000000002,1.0000000000000018,0.9999999999999103,1.0000000000000002,0.0038021667606976672,0.0038024425489256997,1.2704501662641583,0,0.0,0.010461091995239258
1,molrk3,jitter,0.1,2,3,0.03,0.5,1,100,0.0005959411787782209,840,0.33333333333333337,0.17878235363346623,0.05959411787782209,0.8456532472200795,0,3,0.0,1.0000000000000002,0.9999999999999968,0.9999999999999173,1.0000000000000002,0.001965488162031258,0.0021386558016442264,1.2702638473274879,0,0.0,0.010370731353759766
1,maxent,jitter,0.1,2,3,0.03,0.5,1,100,0.0005959411787782209,840,0.33333333333333337,0.17878235363346623,0.05959411787782209,0.8456532472200795,0,3,0.11728161931014675,1.0000000000000002,1.0000000000000027,1.0000000000000249,1.0000000000001845,0.00012590461367309978,0.00013554620811956353,1.2701698381934534,0,0.0,0.14691901206970215
1,lp,jitter,0.1,2,3,0.03,0.5,1,100,0.0005959411787782209,840,0.33333333333333337,0.17878235363346623,0.05959411787782209,0.8456532472200795,0,3,0.11728161931014691,1.0,1.000000000000001,1.0000000000000022,1.0000000000000022,0.00012590454006281178,0.00013554611898167201,1.2701698381943725,0,0.0,0.051583051681518555
1,lprand,jitter,0.1,2,3,0.03,0.5,1,100,0.0005959411787782209,840,0.33333333333333337,0.17878235363346623,0.05959411787782209,0.8456532472200795,0,3,0.11728161931014691,1.0,0.9999999999999991,1.000000000000002,1.000000000000002,0.0001259045400628482,0.0001355461189817414,1.2701698381943725,0,0.0,0.05081677436828613
1,maxentw,jitter,0.1,2,3,0.03,0.5,1,100,0.0005959411787782209,840,0.33333333333333337,0.17878235363346623,0.05959411787782209,0.8456532472200795,0,3,0.11728161931014675,1.0000000000000002,1.0000000000000027,1.0000000000000249,1.0000000000001845,0.00012590461367309978,0.00013554620811956353,1.2701698381934534,0,0.0,0.1492600440979004
1,minnorm,jitter,0.1,2,5,0.03,0.5,1,100,0.0005959411787782209,840,0.33333333333333337,0.17878235363346623,0.05959411787782209,0.8456532472200795,0,5,-0.06976798612530428,1.1858941336741728,0.999999999999998,0.9999999999998456,1.1858941336741728,0.00452259952538317,0.004932164507255241,1.2701930620573376,0,0.0,0.01004791259765625
1,projgauss,jitter,0.1,2,5,0.03,0.5,1,100,0.0005959411787782209,840,0.33333333333333337,0.17878235363346623,0.05959411787782209,0.8456532472200795,0,5,-0.044983328022999154,1.14409205292766,0.9999999999999993,0.9999999999999755,1.1440920529276597,0.0027713221368700428,0.0030253212256341477,1.2701816707743523,0,0.0,0.010791301727294922
1,spectral,jitter,0.1,2,5,0.03,0.5,1,100,0.0005959411787782209,840,0.33333333333333337,0.17878235363346623,0.05959411787782209,0.8456532472200795,0,5,-0.030991714549464214,1.0619834290989276,1.0000000000000029,0.9999999999997833,1.0619834290989276,0.0007961358629692411,0.0008727096766713641,1.2701131743550826,0,0.0,0.016262292861938477
1,spectralg,jitter,0.1,2,5,0.03,0.5,1,100,0.0005959411787782209,840,0.33333333333333337,0.17878235363346623,0.05959411787782209,0.8456532472200795,0,5,-0.030991714549464214,1.0619834290989276,1.0000000000000029,0.9999999999997833,1.0619834290989276,0.0007961358629692411,0.0008727096766713641,1.2701131743550826,0,0.0,0.028039932250976562
1,molfe,jitter,0.1,2,5,0.03,0.5,1,100,0.0005959411787782209,840,0.33333333333333337,0.17878235363346623,0.05959411787782209,0.8456532472200795,0,5,-0.039303331374355814,1.117550800739047,1.102005131175233,3.5041592579375146e+35,inf,inf,2332064.3292160206,2332064.987334756,1,0.0,0.008599042892456055
1,molrk3,jitter,0.1,2,5,0.03,0.5,1,100,0.0005959411787782209,840,0.33333333333333337,0.17878235363346623,0.05959411787782209,0.8456532472200795,0,5,-0.03797796904034497,1.1229845978434476,1.1073845492619907,2.0954090913902004e+37,inf,inf,1713078.9371435903,1713079.5590352155,1,0.0,0.007880926132202148
1,maxent,jitter,0.1,2,5,0.03,0.5,1,100,0.0005959411787782209,840,0.33333333333333337,0.17878235363346623,0.05959411787782209,0.8456532472200795,0,5,0.000761253171224681,1.0000000000000002,0.9999999999999996,1.0000000000000426,1.000000000000417,0.0002511676718914141,0.0002847180176191316,1.2701842580370628,0,0.0,0.1627812385559082
1,lp,jitter,0.1,2,5,0.03,0.5,1,100,0.0005959411787782209,840,0.33333333333333337,0.17878235363346623,0.05959411787782209,0.8456532472200795,0,5,0.0,1.0,1.0000000000000004,1.0000000000000007,1.0000000000000009,0.00982993813269566,0.010599845287076547,1.2705185049490437,0,0.0,0.0537409782409668
1,lprand,jitter,0.1,2,5,0.03,0.5,1,100,0.0005959411787782209,840,0.33333333333333337,0.17878235363346623,0.05959411787782209,0.8456532472200795,0,5,0.0,1.0,1.000000000000001,0.9999999999999984,1.0000000000000009,0.005727573225571145,0.005957836747758717,1.2700535082743298,0,0.0,0.05169677734375
1,maxentw,jitter,0.1,2,5,0.03,0.5,1,100,0.0005959411787782209,840,0.33333333333333337,0.17878235363346623,0.05959411787782209,0.8456532472200795,0,5,0.000761253171224681,1.0000000000000002,0.9999999999999996,1.0000000000000426,1.000000000000417,0.0002511676718914141,0.0002847180176191316,1.2701842580370628,0,0.0,0.16218018531799316
1,minnorm,jitter,0.1,2,7,0.03,0.5,1,100,0.0005959411787782209,840,0.33333333333333337,0.17878235363346623,0.05959411787782209,0.8456532472200795,0,7,-0.0956327408707688,1.326877135592115,0.9999999999999977,1.000000000000038,1.326877135592115,0.012320101439748404,0.013787455863536635,1.2698766692141832,0,0.0,0.00888514518737793
1,projgauss,jitter,0.1,2,7,0.03,0.5,1,100,0.0005959411787782209,840,0.33333333333333337,0.17878235363346623,0.05959411787782209,0.8456532472200795,0,7,-0.04585178685818565,1.1589070132079287,0.9999999999999987,1.0000000000000095,1.1589070132079287,0.004408565341094239,0.005004116378184709,1.2700190226033226,0,0.0,0.009765148162841797
1,spectral,jitter,0.1,2,7,0.03,0.5,1,100,0.0005959411787782209,840,0.33333333333333337,0.17878235363346623,0.05959411787782209,0.8456532472200795,0,7,-0.06614988353999826,1.1684810150229445,0.9999999999999991,1.0000000000000526,1.1684810150229443,0.001642805691729879,0.0018287985708393718,1.270272266769303,0,0.0,0.01614093780517578
1,spectralg,jitter,0.1,2,7,0.03,0.5,1,100,0.0005959411787782209,840,0.33333333333333337,0.17878235363346623,0.05959411787782209,0.8456532472200795,0,7,-0.06614988353999826,1.1684810150229445,0.9999999999999991,1.0000000000000526,1.1684810150229443,0.001642805691729879,0.0018287985708393718,1.270272266769303,0,0.0,0.030657052993774414
1,molfe,jitter,0.1,2,7,0.03,0.5,1,100,0.0005959411787782209,840,0.33333333333333337,0.17878235363346623,0.05959411787782209,0.8456532472200795,0,7,-0.017234815128734603,1.0656364922591481,1.0388901183747046,149622988586659.9,8.246507136890071e+165,inf,1264346.119079391,1264346.6465631158,1,0.0,0.008930206298828125
1,molrk3,jitter,0.1,2,7,0.03,0.5,1,100,0.0005959411787782209,840,0.33333333333333337,0.17878235363346623,0.05959411787782209,0.8456532472200795,0,7,-0.016805670539691633,1.0659016307136056,1.0396530522351632,277456665244768.94,1.2265370066840272e+169,inf,1095930.5197975035,1095931.0721429456,1,0.0,0.008884191513061523
1,maxent,jitter,0.1,2,7,0.03,0.5,1,100,0.0005959411787782209,840,0.33333333333333337,0.17878235363346623,0.05959411787782209,0.8456532472200795,0,7,3.216152863324518e-07,1.0000000000000004,0.9999999999999999,1.000000000000068,1.0000000000005909,0.00025350038683557424,0.0002872571841689431,1.2701843375151993,0,0.0,0.5613400936126709
1,lp,jitter,0.1,2,7,0.03,0.5,1,100,0.0005959411787782209,840,0.33333333333333337,0.17878235363346623,0.05959411787782209,0.8456532472200795,0,7,0.0,1.0,0.9999999999999986,1.0000000000000027,1.0000000000000027,0.021499923438810006,0.023483931426538096,1.2711067045977886,0,0.0,0.05164003372192383
1,lprand,jitter,0.1,2,7,0.03,0.5,1,100,0.0005959411787782209,840,0.33333333333333337,0.17878235363346623,0.05959411787782209,0.8456532472200795,0,7,0.0,1.0,0.999999999999999,1.0000000000000004,1.000000000000001,0.011040850031359517,0.013551468599558338,1.2707654190405604,0,0.0,0.05315709114074707
1,maxentw,jitter,0.1,2,7,0.03,0.5,1,100,0.0005959411787782209,840,0.33333333333333337,0.17878235363346623,0.05959411787782209,0.8456532472200795,0,7,3.216152863324518e-07,1.0000000000000004,0.9999999999999999,1.000000000000068,1.0000000000005909,0.00025350038683557424,0.0002872571841689431,1.2701843375151993,0,0.0,0.5568239688873291
1,minnorm,jitter,0.25,0,3,0.03,0.5,1,100,0.00022828096025931144,2191,0.33333333333333337,0.06848428807779343,0.022828096025931145,0.5233900575203676,0,3,0.034447175946552264,1.0000000000000013,1.0000000000000036,1.0000000000001876,1.000000000000412,0.0014417775695034774,0.0016162323395683617,1.269453601545272,0,0.0,0.013606071472167969
1,projgauss,jitter,0.25,0,3,0.03,0.5,1,100,0.00022828096025931144,2191,0.33333333333333337,0.06848428807779343,0.022828096025931145,0.5233900575203676,0,3,0.03444717594655228,1.0000000000000004,1.0000000000000007,1.0000000000001592,1.000000000000587,0.0014417775695579962,0.0016162323396058664,1.2694536015452584,0,0.0,0.01268911361694336
1,spectral,jitter,0.25,0,3,0.03,0.5,1,100,0.00022828096025931144,2191,0.33333333333333337,0.06848428807779343,0.022828096025931145,0.5233900575203676,0,3,0.034447175946552264,1.0000000000000013,1.0000000000000036,1.0000000000001876,1.000000000000412,0.0014417775695034774,0.0016162323395683617,1.269453601545272,0,0.0,0.013383865356445312
1,spectralg,jitter,0.25,0,3,0.03,0.5,1,100,0.00022828096025931144,2191,0.33333333333333337,0.06848428807779343,0.022828096025931145,0.5233900575203676,0,3,0.034447175946552264,1.0000000000000013,1.0000000000000036,1.0000000000001876,1.000000000000412,0.0014417775695034774,0.0016162323395683617,1.269453601545272,0,0.0,0.013011932373046875
1,molfe,jitter,0.25,0,3,0.03,0.5,1,100,0.00022828096025931144,2191,0.33333333333333337,0.06848428807779343,0.022828096025931145,0.5233900575203676,0,3,0.0,1.0000000000000002,1.0000000000000018,0.999999999999897,1.0000000000000004,0.002170932438974593,0.0022560132971539693,1.2695639943425212,0,0.0,0.01409006118774414
1,molrk3,jitter,0.25,0,3,0.03,0.5,1,100,0.00022828096025931144,2191,0.33333333333333337,0.06848428807779343,0.022828096025931145,0.5233900575203676,0,3,0.0,1.0000000000000002,0.9999999999999987,0.9999999999998928,1.0000000000000033,0.0022377443371796382,0.002466580323818267,1.2694903533064297,0,0.0,0.013262271881103516
1,maxent,jitter,0.25,0,3,0.03,0.5,1,100,0.00022828096025931144,2191,0.33333333333333337,0.06848428807779343,0.022828096025931145,0.5233900575203676,0,3,0.03444717602225402,1.0000000000000002,1.0000000000000036,1.000000000000093,1.000000000000372,0.0014417780123164442,0.0016162326202391677,1.269453601555403,0,0.0,0.19764304161071777
1,lp,jitter,0.25,0,3,0.03,0.5,1,100,0.00022828096025931144,2191,0.33333333333333337,0.06848428807779343,0.022828096025931145,0.5233900575203676,0,3,0.034447175946552305,1.0,1.0000000000000002,1.0000000000000202,1.0000000000000577,0.0014417775695458324,0.0016162323396015782,1.269453601545259,0,0.0,0.0551762580871582
1,lprand,jitter,0.25,0,3,0.03,0.5,1,100,0.00022828096025931144,2191,0.33333333333333337,0.06848428807779343,0.022828096025931145,0.5233900575203676,0,3,0.034447175946552305,1.0,1.0000000000000002,1.0000000000000202,1.0000000000000577,0.0014417775695458324,0.0016162323396015782,1.269453601545259,0,0.0,0.054322242736816406
1,maxentw,jitter,0.25,0,3,0.03,0.5,1,100,0.00022828096025931144,2191,0.33333333333333337,0.06848428807779343,0.022828096025931145,0.5233900575203676,0,3,0.03444717602225402,1.0000000000000002,1.0000000000000036,1.000000000000093,1.000000000000372,0.0014417780123164442,0.0016162326202391677,1.269453601555403,0,0.0,0.18212413787841797
1,minnorm,jitter,0.25,0,5,0.03,0.5,1,100,0.00022828096025931144,2191,0.33333333333333337,0.06848428807779343,0.022828096025931145,0.5233900575203676,0,5,-0.1192056059731913,1.405050494451142,1.0000000000000009,0.9999999999994326,1.405050494451142,0.0061270995734987455,0.007599058047046137,1.2693450696535773,0,0.0,0.011400938034057617
1,projgauss,jitter,0.25,0,5,0.03,0.5,1,100,0.00022828096025931144,2191,0.33333333333333337,0.06848428807779343,0.022828096025931145,0.5233900575203676,0,5,-0.10319456246143742,1.3434466145607524,0.9999999999999966,0.9999999999999486,1.3434466145607524,0.004575098969429314,0.005645864454247029,1.269317754764093,0,0.0,0.012098073959350586
1,spectral,jitter,0.25,0,5,0.03,0.5,1,100,0.00022828096025931144,2191,0.33333333333333337,0.06848428807779343,0.022828096025931145,0.5233900575203676,0,5,-0.0710384530376894,1.1420769060753786,0.9999999999999989,0.9999999999991566,1.2004199518268346,0.002380419096230983,0.002440303234957829,1.269270067609696,0,0.0,0.017915964126586914
1,spectralg,jitter,0.25,0,5,0.03,0.5,1,100,0.00022828096025931144,2191,0.33333333333333337,0.06848428807779343,0.022828096025931145,0.5233900575203676,0,5,-0.0710384530376894,1.1420769060753786,0.9999999999999989,0.9999999999991566,1.2004199518268346,0.002380419096230983,0.002440303234957829,1.269270067609696,0,0.0,0.030020952224731445
1,molfe,jitter,0.25,0,5,0.03,0.5,1,100,0.00022828096025931144,2191,0.33333333333333337,0.06848428807779343,0.022828096025931145,0.5233900575203676,0,5,-0.019222838773480817,1.0522133713600432,1.0385174465168678,1.7614345419357095e+36,2.635911329078762e+164,inf,1806324.6142822236,1806325.4694342224,1,0.0,0.009754180908203125
1,molrk3,jitter,0.25,0,5,0.03,0.5,1,100,0.00022828096025931144,2191,0.33333333333333337,0.06848428807779343,0.022828096025931145,0.5233900575203676,0,5,-0.018870229168847227,1.0528509638725738,1.0392687674000318,8.654701255715343e+36,3.6535464301014055e+167,inf,2820520.015831938,2820520.870983937,1,0.0,0.010543107986450195
1,maxent,jitter,0.25,0,5,0.03,0.5,1,100,0.00022828096025931144,2191,0.33333333333333337,0.06848428807779343,0.022828096025931145,0.5233900575203676,0,5,1.0665074487914658e-07,1.0000000000000002,1.0000000000000013,1.0000000000001674,1.0000000000005156,0.0014674122198317582,0.0016502532953495755,1.269454628511809,0,0.0,0.46451902389526367
1,lp,jitter,0.25,0,5,0.03,0.5,1,100,0.00022828096025931144,2191,0.33333333333333337,0.06848428807779343,0.022828096025931145,0.5233900575203676,0,5,0.0,1.0,1.000000000000003,1.00000000000001,1.0000000000000258,0.010903591996946864,0.011599888760198324,1.2699242570333196,0,0.0,0.057348012924194336
1,lprand,jitter,0.25,0,5,0.03,0.5,1,100,0.00022828096025931144,2191,0.33333333333333337,0.06848428807779343,0.022828096025931145,0.5233900575203676,0,5,0.0,1.0,0.9999999999999999,1.0000000000000069,1.0000000000000102,0.005939130699402833,0.007474393321761877,1.2696853285375995,0,0.0,0.05714893341064453
1,maxentw,jitter,0.25,0,5,0.03,0.5,1,100,0.00022828096025931144,2191,0.33333333333333337,0.06848428807779343,0.022828096025931145,0.5233900575203676,0,5,1.0665074487914658e-07,1.0000000000000002,1.0000000000000013,1.0000000000001674,1.0000000000005156,0.0014674122198317582,0.0016502532953495755,1.269454628511809,0,0.0,0.4452700614929199
1,minnorm,jitter,0.25,0,7,0.03,0.5,1,100,0.00022828096025931144,2191,0.33333333333333337,0.06848428807779343,0.022828096025931145,0.5233900575203676,0,7,-0.13563305524954036,1.4429070985642594,1.0000000000000018,1.0000000000000357,1.4429070985642594,0.020429062887976857,0.024970709090628596,1.268177698318591,0,0.0,0.013551950454711914
1,projgauss,jitter,0.25,0,7,0.03,0.5,1,100,0.00022828096025931144,2191,0.33333333333333337,0.06848428807779343,0.022828096025931145,0.5233900575203676,0,7,-0.0738148692165364,1.2669922854473938,0.9999999999999977,1.0000000000000528,1.2669922854473936,0.010762978224631181,0.013250062666035956,1.268580043857049,0,0.0,0.012707233428955078
1,spectral,jitter,0.25,0,7,0.03,0.5,1,100,0.00022828096025931144,2191,0.33333333333333337,0.06848428807779343,0.022828096025931145,0.5233900575203676,0,7,-0.12771227414486283,1.3180246551361423,0.9999999999999979,1.000000000000087,1.371392692845209,0.004966516499908882,0.005408403675441029,1.2696088151170433,0,0.0,0.01848006248474121
1,spectralg,jitter,0.25,0,7,0.03,0.5,1,100,0.00022828096025931144,2191,0.33333333333333337,0.06848428807779343,0.022828096025931145,0.5233900575203676,0,7,-0.12771227414486283,1.3180246551361423,0.9999999999999979,1.000000000000087,1.371392692845209,0.004966516499908882,0.005408403675441029,1.2696088151170433,0,0.0,0.03363823890686035
1,molfe,jitter,0.25,0,7,0.03,0.5,1,100,0.00022828096025931144,2191,0.33333333333333337,0.06848428807779343,0.022828096025931145,0.5233900575203676,0,7,-0.007480797138742177,1.0284199104051899,1.014963940506121,613402316874090.5,3.019147261920784e+65,inf,1243752.3309696442,1243752.7651388994,1,0.0,0.011101961135864258
1,molrk3,jitter,0.25,0,7,0.03,0.5,1,100,0.00022828096025931144,2191,0.33333333333333337,0.06848428807779343,0.022828096025931145,0.5233900575203676,0,7,-0.007401441599008362,1.0284528296151465,1.0150764587169092,790078295651662.0,9.178231215634754e+65,inf,1505980.9284253672,1505981.3625946224,1,0.0,0.012530088424682617
1,maxent,jitter,0.25,0,7,0.03,0.5,1,100,0.00022828096025931144,2191,0.33333333333333337,0.06848428807779343,0.022828096025931145,0.5233900575203676,0,7,2.0967738271431025e-16,1.0000000000000004,1.0000000000000013,1.0000000000001128,1.0000000000004579,0.0014674182396334917,0.001650260012704123,1.2694546285597266,0,0.0,0.6098818778991699
1,lp,jitter,0.25,0,7,0.03,0.5,1,100,0.00022828096025931144,2191,0.33333333333333337,0.06848428807779343,0.022828096025931145,0.5233900575203676,0,7,0.0,1.0,0.9999999999999979,1.0000000000000102,1.0000000000000102,0.02158376187109684,0.023336283383056877,1.2702446090820054,0,0.0,0.05570816993713379
1,lprand,jitter,0.25,0,7,0.03,0.5,1,100,0.00022828096025931144,2191,0.33333333333333337,0.06848428807779343,0.022828096025931145,0.5233900575203676,0,7,0.0,1.0000000000000002,1.0000000000000004,1.000000000000004,1.0000000000000087,0.009175983027828682,0.011014828258156834,1.2699181727075357,0,0.0,0.0575408935546875
1,maxentw,jitter,0.25,0,7,0.03,0.5,1,100,0.00022828096025931144,2191,0.33333333333333337,0.06848428807779343,0.022828096025931145,0.5233900575203676,0,7,2.0967738271431025e-16,1.0000000000000004,1.0000000000000013,1.0000000000001128,1.0000000000004579,0.0014674182396334917,0.001650260012704123,1.2694546285597266,0,0.0,0.6184666156768799
1,minnorm,jitter,0.25,1,3,0.03,0.5,1,100,0.00026240551100211346,1906,0.33333333333333337,0.07872165330063402,0.026240551100211347,0.5611475859366555,0,3,0.040478230721960086,1.0000000000000009,1.0000000000000009,1.0000000000001443,1.0000000000004114,0.0012851307655740258,0.0014111451182604873,1.2687695897892888,0,0.0,0.011452198028564453
1,projgauss,jitter,0.25,1,3,0.03,0.5,1,100,0.00026240551100211346,1906,0.33333333333333337,0.07872165330063402,0.026240551100211347,0.5611475859366555,0,3,0.04047823072196022,1.0000000000000004,1.0000000000000022,1.0000000000000415,1.0000000000000822,0.0012851307655399428,0.001411145118222018,1.2687695897892741,0,0.0,0.014332056045532227
1,spectral,jitter,0.25,1,3,0.03,0.5,1,100,0.00026240551100211346,1906,0.33333333333333337,0.07872165330063402,0.026240551100211347,0.5611475859366555,0,3,0.040478230721960086,1.0000000000000009,1.0000000000000009,1.0000000000001443,1.0000000000004114,0.0012851307655740258,0.0014111451182604873,1.2687695897892888,0,0.0,0.014150857925415039
1,spectralg,jitter,0.25,1,3,0.03,0.5,1,100,0.00026240551100211346,1906,0.33333333333333337,0.07872165330063402,0.026240551100211347,0.5611475859366555,0,3,0.040478230721960086,1.0000000000000009,1.0000000000000009,1.0000000000001443,1.0000000000004114,0.0012851307655740258,0.0014111451182604873,1.2687695897892888,0,0.0,0.012130022048950195
1,molfe,jitter,0.25,1,3,0.03,0.5,1,100,0.00026240551100211346,1906,0.33333333333333337,0.07872165330063402,0.026240551100211347,0.5611475859366555,0,3,0.0,1.0,1.0000000000000002,0.9999999999999115,1.0000000000000004,0.0022149877847552624,0.002285090911242571,1.2688975692694886,0,0.0,0.013484954833984375
1,molrk3,jitter,0.25,1,3,0.03,0.5,1,100,0.00026240551100211346,1906,0.33333333333333337,0.07872165330063402,0.026240551100211347,0.5611475859366555,0,3,0.0,1.0000000000000002,1.0,0.9999999999999315,1.0000000000000007,0.0021990524267504613,0.0023984975526613606,1.26875312684232,0,0.0,0.012139081954956055
1,maxent,jitter,0.25,1,3,0.03,0.5,1,100,0.00026240551100211346,1906,0.33333333333333337,0.07872165330063402,0.026240551100211347,0.5611475859366555,0,3,0.04047823072196031,1.0000000000000002,1.0000000000000016,1.000000000000074,1.0000000000002256,0.0012851319222011584,0.0014111450703869072,1.2687695897892834,0,0.0,0.230942964553833
1,lp,jitter,0.25,1,3,0.03,0.5,1,100,0.00026240551100211346,1906,0.33333333333333337,0.07872165330063402,0.026240551100211347,0.5611475859366555,0,3,0.04047823072196023,1.0,1.0000000000000002,1.0000000000000053,1.0000000000000053,0.001285130765536678,0.0014111451182257095,1.268769589789278,0,0.0,0.05302786827087402
1,lprand,jitter,0.25,1,3,0.03,0.5,1,100,0.00026240551100211346,1906,0.33333333333333337,0.07872165330063402,0.026240551100211347,0.5611475859366555,0,3,0.04047823072196023,1.0,1.0000000000000002,1.0000000000000053,1.0000000000000053,0.001285130765536678,0.0014111451182257095,1.268769589789278,0,0.0,0.05243325233459473
1,maxentw,jitter,0.25,1,3,0.03,0.5,1,100,0.00026240551100211346,1906,0.33333333333333337,0.07872165330063402,0.026240551100211347,0.5611475859366555,0,3,0.04047823072196031,1.0000000000000002,1.0000000000000016,1.000000000000074,1.0000000000002256,0.0012851319222011584,0.0014111450703869072,1.2687695897892834,0,0.0,0.2304530143737793
1,minnorm,jitter,0.25,1,5,0.03,0.5,1,100,0.00026240551100211346,1906,0.33333333333333337,0.07872165330063402,0.026240551100211347,0.5611475859366555,0,5,-0.1207121753387765,1.3972479912858018,0.9999999999999993,0.9999999999995197,1.3972479912858018,0.006137061490775919,0.007126196424757758,1.2682016181275655,0,0.0,0.010612964630126953
1,projgauss,jitter,0.25,1,5,0.03,0.5,1,100,0.00026240551100211346,1906,0.33333333333333337,0.07872165330063402,0.026240551100211347,0.5611475859366555,0,5,-0.09770049555449506,1.3370536095925252,1.0000000000000024,0.9999999999999402,1.337053609592525,0.00445918470687906,0.005157095398065914,1.2683485178882385,0,0.0,0.011600971221923828
1,spectral,jitter,0.25,1,5,0.03,0.5,1,100,0.00026240551100211346,1906,0.33333333333333337,0.07872165330063402,0.026240551100211347,0.5611475859366555,0,5,-0.0731031427225471,1.1462062854450938,1.0000000000000018,0.9999999999992322,1.146206285445094,0.0023464476524359193,0.002715155622342886,1.268854521322754,0,0.0,0.017915964126586914
1,spectralg,jitter,0.25,1,5,0.03,0.5,1,100,0.00026240551100211346,1906,0.33333333333333337,0.07872165330063402,0.026240551100211347,0.5611475859366555,0,5,-0.0731031427225471,1.1462062854450938,1.0000000000000018,0.9999999999992322,1.146206285445094,0.0023464476524359193,0.002715155622342886,1.268854521322754,0,0.0,0.027831077575683594
1,molfe,jitter,0.25,1,5,0.03,0.5,1,100,0.00026240551100211346,1906,0.33333333333333337,0.07872165330063402,0.026240551100211347,0.5611475859366555,0,5,-0.021677462905867348,1.0579629292204515,1.0441283733860085,8.639425624613941e+35,5.4290058751238154e+187,inf,3830422.208520431,3830422.122836937,1,0.0,0.010133981704711914
1,molrk3,jitter,0.25,1,5,0.03,0.5,1,100,0.00026240551100211346,1906,0.33333333333333337,0.07872165330063402,0.026240551100211347,0.5611475859366555,0,5,-0.021266513377857642,1.0591010457424126,1.0451163520165334,5.2790080569390685e+36,6.953761192215794e+191,inf,1281557.6696371292,1281557.664997815,1,0.0,0.008875131607055664
1,maxent,jitter,0.25,1,5,0.03,0.5,1,100,0.00026240551100211346,1906,0.33333333333333337,0.07872165330063402,0.026240551100211347,0.5611475859366555,0,5,4.3466509216515956e-07,1.0000000000000004,1.0000000000000002,1.0000000000001,1.0000000000004345,0.0013244692248177608,0.0014492994592221475,1.2687687167987165,0,0.0,0.26730895042419434
1,lp,jitter,0.25,1,5,0.03,0.5,1,100,0.00026240551100211346,1906,0.33333333333333337,0.07872165330063402,0.026240551100211347,0.5611475859366555,0,5,0.0,1.0,1.0000000000000024,0.9999999999999953,1.000000000000002,0.011196906493279542,0.01268266991312477,1.2686655066862331,0,0.0,0.0543978214263916
1,lprand,jitter,0.25,1,5,0.03,0.5,1,100,0.00026240551100211346,1906,0.33333333333333337,0.07872165330063402,0.026240551100211347,0.5611475859366555,0,5,0.0,1.0000000000000002,0.9999999999999979,1.0000000000000093,1.000000000000011,0.004623663508740536,0.005150365339431251,1.2687907959548617,0,0.0,0.05709218978881836
1,maxentw,jitter,0.25,1,5,0.03,0.5,1,100,0.00026240551100211346,1906,0.33333333333333337,0.07872165330063402,0.026240551100211347,0.5611475859366555,0,5,4.3466509216515956e-07,1.0000000000000004,1.0000000000000002,1.0000000000001,1.0000000000004345,0.0013244692248177608,0.0014492994592221475,1.2687687167987165,0,0.0,0.26854586601257324
1,minnorm,jitter,0.25,1,7,0.03,0.5,1,100,0.00026240551100211346,1906,0.33333333333333337,0.07872165330063402,0.026240551100211347,0.5611475859366555,0,7,-0.12116309654844891,1.4176381511378506,0.9999999999999997,0.9999999999999718,1.4176381511378504,0.018812219428346988,0.022849680441499653,1.2673378912108144,0,0.0,0.012919902801513672
1,projgauss,jitter,0.25,1,7,0.03,0.5,1,100,0.00026240551100211346,1906,0.33333333333333337,0.07872165330063402,0.026240551100211347,0.5611475859366555,0,7,-0.07175137696509816,1.2505148671890807,1.0000000000000024,1.0000000000000393,1.2505148671890804,0.009138518581422117,0.011237495708815715,1.2676799286513778,0,0.0,0.013844013214111328
1,spectral,jitter,0.25,1,7,0.03,0.5,1,100,0.00026240551100211346,1906,0.33333333333333337,0.07872165330063402,0.026240551100211347,0.5611475859366555,0,7,-0.10947429026423974,1.2545171938755635,0.9999999999999996,1.0000000000000204,1.2545171938755635,0.005425307231418896,0.005890188489221095,1.2687230110181065,0,0.0,0.018535852432250977
1,spectralg,jitter,0.25,1,7,0.03,0.5,1,100,0.00026240551100211346,1906,0.33333333333333337,0.07872165330063402,0.026240551100211347,0.5611475859366555,0,7,-0.10947429026423974,1.2545171938755635,0.9999999999999996,1.0000000000000204,1.2545171938755635,0.005425307231418896,0.005890188489221095,1.2687230110181065,0,0.0,0.034055233001708984
1,molfe,jitter,0.25,1,7,0.03,0.5,1,100,0.00026240551100211346,1906,0.33333333333333337,0.07872165330063402,0.026240551100211347,0.5611475859366555,0,7,-0.008782803273954134,1.0323057305889547,1.0169879349119324,249516751693082.34,4.266150264921147e+73,inf,1469438.7920335752,1469438.1261951125,1,0.0,0.010637044906616211
1,molrk3,jitter,0.25,1,7,0.03,0.5,1,100,0.00026240551100211346,1906,0.33333333333333337,0.07872165330063402,0.026240551100211347,0.5611475859366555,0,7,-0.008673085402871353,1.0323294663888545,1.0171325600344654,328327171768905.8,1.7888086506495623e+74,inf,1777180.8129563543,1777180.1471178916,1,0.0,0.012145042419433594
1,maxent,jitter,0.25,1,7,0.03,0.5,1,100,0.00026240551100211346,1906,0.33333333333333337,0.07872165330063402,0.026240551100211347,0.5611475859366555,0,7,4.577062009214823e-14,1.0000000000000004,1.000000000000001,1.0000000000000577,1.0000000000001437,0.0013244776153520377,0.0014493036102493362,1.2687687167344248,0,0.0,0.35814809799194336
1,lp,jitter,0.25,1,7,0.03,0.5,1,100,0.00026240551100211346,1906,0.33333333333333337,0.07872165330063402,0.026240551100211347,0.5611475859366555,0,7,0.0,1.0,0.9999999999999993,1.0000000000000075,1.0000000000000075,0.023389625460742483,0.025865885393893673,1.2686434224547327,0,0.0,0.055855751037597656
1,lprand,jitter,0.25,1,7,0.03,0.5,1,100,0.00026240551100211346,1906,0.33333333333333337,0.07872165330063402,0.026240551100211347,0.5611475859366555,0,7,0.0,1.0,1.0000000000000013,0.9999999999999993,1.0000000000000033,0.010870939132196562,0.014829807084504806,1.2687180636252438,0,0.0,0.05456733703613281
1,maxentw,jitter,0.25,1,7,0.03,0.5,1,100,0.00026240551100211346,1906,0.33333333333333337,0.07872165330063402,0.026240551100211347,0.5611475859366555,0,7,4.577062009214823e-14,1.0000000000000004,1.000000000000001,1.0000000000000577,1.0000000000001437,0.0013244776153520377,0.0014493036102493362,1.2687687167344248,0,0.0,0.35774898529052734
1,minnorm,jitter,0.25,2,3,0.03,0.5,1,100,0.0003142995722383815,1591,0.33333333333333337,0.09428987167151444,0.03142995722383815,0.6141331180501974,0,3,0.0446342008078795,1.0000000000000016,0.9999999999999978,1.0000000000001958,1.0000000000007288,0.0010076433599954734,0.0011375781388897263,1.269678324720154,0,0.0,0.011193037033081055
1,projgauss,jitter,0.25,2,3,0.03,0.5,1,100,0.0003142995722383815,1591,0.33333333333333337,0.09428987167151444,0.03142995722383815,0.6141331180501974,0,3,0.044634200807879554,1.0000000000000004,1.0000000000000024,1.000000000000004,1.0000000000000056,0.0010076433599679538,0.0011375781388940284,1.2696783247201555,0,0.0,0.01225900650024414
1,spectral,jitter,0.25,2,3,0.03,0.5,1,100,0.0003142995722383815,1591,0.33333333333333337,0.09428987167151444,0.03142995722383815,0.6141331180501974,0,3,0.0446342008078795,1.0000000000000016,0.9999999999999978,1.0000000000001958,1.0000000000007288,0.0010076433599954734,0.0011375781388897263,1.269678324720154,0,0.0,0.012485980987548828
1,spectralg,jitter,0.25,2,3,0.03,0.5,1,100,0.0003142995722383815,1591,0.33333333333333337,0.09428987167151444,0.03142995722383815,0.6141331180501974,0,3,0.0446342008078795,1.0000000000000016,0.9999999999999978,1.0000000000001958,1.0000000000007288,0.0010076433599954734,0.0011375781388897263,1.269678324720154,0,0.0,0.011322259902954102
1,molfe,jitter,0.25,2,3,0.03,0.5,1,100,0.0003142995722383815,1591,0.33333333333333337,0.09428987167151444,0.03142995722383815,0.6141331180501974,0,3,0.0,1.0000000000000002,1.0000000000000007,0.9999999999999004,1.0000000000000004,0.0023374020511755522,0.0023709414992663103,1.2698293187339877,0,0.0,0.012928009033203125
1,molrk3,jitter,0.25,2,3,0.03,0.5,1,100,0.0003142995722383815,1591,0.33333333333333337,0.09428987167151444,0.03142995722383815,0.6141331180501974,0,3,0.0,1.0000000000000002,0.9999999999999986,0.9999999999998959,1.000000000000001,0.002104058941418595,0.002321628607336264,1.2697282387116289,0,0.0,0.011314153671264648
1,maxent,jitter,0.25,2,3,0.03,0.5,1,100,0.0003142995722383815,1591,0.33333333333333337,0.09428987167151444,0.03142995722383815,0.6141331180501974,0,3,0.044634200807940394,1.0000000000000002,1.000000000000003,1.0000000000000444,1.000000000000205,0.001007643296772845,0.0011375780531128477,1.269678324724748,0,0.0,0.36774587631225586
1,lp,jitter,0.25,2,3,0.03,0.5,1,100,0.0003142995722383815,1591,0.33333333333333337,0.09428987167151444,0.03142995722383815,0.6141331180501974,0,3,0.04463420080787969,1.0,1.0000000000000047,0.9999999999999931,1.0000000000000009,0.0010076433599609871,0.0011375781388861042,1.2696783247201537,0,0.0,0.05316591262817383
1,lprand,jitter,0.25,2,3,0.03,0.5,1,100,0.0003142995722383815,1591,0.33333333333333337,0.09428987167151444,0.03142995722383815,0.6141331180501974,0,3,0.04463420080787969,1.0,0.999999999999998,0.9999999999999931,1.0000000000000009,0.0010076433599609524,0.0011375781388861042,1.2696783247201537,0,0.0,0.0518491268157959
1,maxentw,jitter,0.25,2,3,0.03,0.5,1,100,0.0003142995722383815,1591,0.33333333333333337,0.09428987167151444,0.03142995722383815,0.6141331180501974,0,3,0.044634200807940394,1.0000000000000002,1.000000000000003,1.0000000000000444,1.000000000000205,0.001007643296772845,0.0011375780531128477,1.269678324724748,0,0.0,0.36835193634033203
1,minnorm,jitter,0.25,2,5,0.03,0.5,1,100,0.0003142995722383815,1591,0.33333333333333337,0.09428987167151444,0.03142995722383815,0.6141331180501974,0,5,-0.12504673850107914,1.3759877855772502,0.9999999999999959,0.999999999999652,1.3759877855772502,0.00567418347996284,0.006501173327065735,1.2693944321065957,0,0.0,0.010347127914428711
1,projgauss,jitter,0.25,2,5,0.03,0.5,1,100,0.0003142995722383815,1591,0.33333333333333337,0.09428987167151444,0.03142995722383815,0.6141331180501974,0,5,-0.0883444690126036,1.3177466722691715,0.9999999999999997,0.9999999999999337,1.3177466722691715,0.004053449133393727,0.004647701361952056,1.2694243535879113,0,0.0,0.013225078582763672
1,spectral,jitter,0.25,2,5,0.03,0.5,1,100,0.0003142995722383815,1591,0.33333333333333337,0.09428987167151444,0.03142995722383815,0.6141331180501974,0,5,-0.05459698611455868,1.1091939722291162,0.9999999999999984,0.9999999999994196,1.1091939722291162,0.0019283197070470784,0.0021893104904231186,1.26946347497382,0,0.0,0.01805281639099121
1,spectralg,jitter,0.25,2,5,0.03,0.5,1,100,0.0003142995722383815,1591,0.33333333333333337,0.09428987167151444,0.03142995722383815,0.6141331180501974,0,5,-0.05459698611455868,1.1091939722291162,0.9999999999999984,0.9999999999994196,1.1091939722291162,0.0019283197070470784,0.0021893104904231186,1.26946347497382,0,0.0,0.027883052825927734
1,molfe,jitter,0.25,2,5,0.03,0.5,1,100,0.0003142995722383815,1591,0.33333333333333337,0.09428987167151444,0.03142995722383815,0.6141331180501974,0,5,-0.02693030493904585,1.0788219200586693,1.0533950812496529,2.1996652956236534e+36,2.0115379493069627e+226,inf,4033252.4449753123,4033253.081867437,1,0.0,0.008909940719604492
1,molrk3,jitter,0.25,2,5,0.03,0.5,1,100,0.0003142995722383815,1591,0.33333333333333337,0.09428987167151444,0.03142995722383815,0.6141331180501974,0,5,-0.026259581133914536,1.0801885274655845,1.0548459704720754,1.991200782698769e+37,1.9078284964096886e+232,inf,1522216.2812867204,1522216.8790928598,1,0.0,0.009990930557250977
1,maxent,jitter,0.25,2,5,0.03,0.5,1,100,0.0003142995722383815,1591,0.33333333333333337,0.09428987167151444,0.03142995722383815,0.6141331180501974,0,5,1.619418937407193e-06,1.0000000000000002,1.0000000000000018,1.0000000000000338,1.0000000000001323,0.00106179792855432,0.0012030249658772502,1.26968043002384,0,0.0,0.13262224197387695
1,lp,jitter,0.25,2,5,0.03,0.5,1,100,0.0003142995722383815,1591,0.33333333333333337,0.09428987167151444,0.03142995722383815,0.6141331180501974,0,5,0.0,1.0,0.9999999999999988,1.0000000000000044,1.0000000000000064,0.010812738829420798,0.011838524493409268,1.2700641111679285,0,0.0,0.05491185188293457
1,lprand,jitter,0.25,2,5,0.03,0.5,1,100,0.0003142995722383815,1591,0.33333333333333337,0.09428987167151444,0.03142995722383815,0.6141331180501974,0,5,0.0,1.0,1.0000000000000013,1.0000000000000056,1.0000000000000056,0.007208395422015977,0.007706780588181958,1.2695892838764162,0,0.0,0.05551004409790039
1,maxentw,jitter,0.25,2,5,0.03,0.5,1,100,0.0003142995722383815,1591,0.33333333333333337,0.09428987167151444,0.03142995722383815,0.6141331180501974,0,5,1.619418937407193e-06,1.0000000000000002,1.0000000000000018,1.0000000000000338,1.0000000000001323,0.00106179792855432,0.0012030249658772502,1.26968043002384,0,0.0,0.1322333812713623
1,minnorm,jitter,0.25,2,7,0.03,0.5,1,100,0.0003142995722383815,1591,0.33333333333333337,0.09428987167151444,0.03142995722383815,0.6141331180501974,0,7,-0.12830662210845004,1.419433944627827,0.9999999999999989,1.000000000000194,1.4194339446278272,0.01643868856084363,0.019558498923324785,1.26852196869114,0,0.0,0.012222051620483398
1,projgauss,jitter,0.25,2,7,0.03,0.5,1,100,0.0003142995722383815,1591,0.33333333333333337,0.09428987167151444,0.03142995722383815,0.6141331180501974,0,7,-0.07640775688665623,1.2426660921231845,1.000000000000002,1.00000000000003,1.2426660921231845,0.007820997654350126,0.009322891913895681,1.2690359891428749,0,0.0,0.011909008026123047
1,spectral,jitter,0.25,2,7,0.03,0.5,1,100,0.0003142995722383815,1591,0.33333333333333337,0.09428987167151444,0.03142995722383815,0.6141331180501974,0,7,-0.10653643089037522,1.3047270204966095,1.0000000000000024,1.0000000000002256,1.3047270204966095,0.003861438667237538,0.0046235214698896465,1.2699315629204542,0,0.0,0.018126249313354492
1,spectralg,jitter,0.25,2,7,0.03,0.5,1,100,0.0003142995722383815,1591,0.33333333333333337,0.09428987167151444,0.03142995722383815,0.6141331180501974,0,7,-0.10653643089037522,1.3047270204966095,1.0000000000000024,1.0000000000002256,1.3047270204966095,0.003861438667237538,0.0046235214698896465,1.2699315629204542,0,0.0,0.03262901306152344
1,molfe,jitter,0.25,2,7,0.03,0.5,1,100,0.0003142995722383815,1591,0.33333333333333337,0.09428987167151444,0.03142995722383815,0.6141331180501974,0,7,-0.011309128009456,1.0400092398837837,1.0204972127567864,299443552865620.5,3.002387913103698e+88,inf,1319904.835734528,1319904.683524226,1,0.0,0.011977910995483398
1,molrk3,jitter,0.25,2,7,0.03,0.5,1,100,0.0003142995722383815,1591,0.33333333333333337,0.09428987167151444,0.03142995722383815,0.6141331180501974,0,7,-0.011145014740245063,1.040027720636354,1.0207079368788137,418084206367509.9,2.3451997900389271e+89,inf,1689274.4974843888,1689274.3452740868,1,0.0,0.011576175689697266
1,maxent,jitter,0.25,2,7,0.03,0.5,1,100,0.0003142995722383815,1591,0.33333333333333337,0.09428987167151444,0.03142995722383815,0.6141331180501974,0,7,1.0511889031254004e-12,1.0000000000000004,1.0000000000000007,1.0000000000000655,1.0000000000002904,0.0010618353107760478,0.0012030736784623824,1.269680431300228,0,0.0,0.14519190788269043
1,lp,jitter,0.25,2,7,0.03,0.5,1,100,0.0003142995722383815,1591,0.33333333333333337,0.09428987167151444,0.03142995722383815,0.6141331180501974,0,7,0.0,1.0,1.0000000000000029,1.0000000000000044,1.000000000000006,0.023183914774239228,0.025307996715328383,1.2706956333163542,0,0.0,0.05566000938415527
1,lprand,jitter,0.25,2,7,0.03,0.5,1,100,0.0003142995722383815,1591,0.33333333333333337,0.09428987167151444,0.03142995722383815,0.6141331180501974,0,7,0.0,1.0,0.9999999999999978,1.0000000000000153,1.0000000000000153,0.013111833986247712,0.016060501516211415,1.2704107446768456,0,0.0,0.0561068058013916
1,maxentw,jitter,0.25,2,7,0.03,0.5,1,100,0.0003142995722383815,1591,0.33333333333333337,0.09428987167151444,0.03142995722383815,0.6141331180501974,0,7,1.0511889031254004e-12,1.0000000000000004,1.0000000000000007,1.0000000000000655,1.0000000000002904,0.0010618353107760478,0.0012030736784623824,1.269680431300228,0,0.0,0.14589309692382812
1,minnorm,jitter,0.45,0,3,0.03,0.5,1,100,1.6827506524616247e-05,29714,0.33333333333333337,0.005048251957384874,0.0016827506524616247,0.14210210353664543,0,3,-0.08203682139054302,1.164073642781086,1.000086690951871,61155.98667681255,61155.98667681255,31.34438616164752,31.34438616164752,31.298915593776613,1,0.0,0.07377314567565918
1,projgauss,jitter,0.45,0,3,0.03,0.5,1,100,1.6827506524616247e-05,29714,0.33333333333333337,0.005048251957384874,0.0016827506524616247,0.14210210353664543,0,3,-0.08203682139054219,1.1640736427810838,1.000086690951886,61155.9865881574,61155.9865881574,31.3443861752312,31.3443861752312,31.298915607360293,1,0.0,0.06981301307678223
1,spectral,jitter,0.45,0,3,0.03,0.5,1,100,1.6827506524616247e-05,29714,0.33333333333333337,0.005048251957384874,0.0016827506524616247,0.14210210353664543,0,3,-0.08203682139054302,1.164073642781086,1.000086690951871,61155.98667681255,61155.98667681255,31.34438616164752,31.34438616164752,31.298915593776613,1,0.0,0.0739738941192627
1,spectralg,jitter,0.45,0,3,0.03,0.5,1,100,1.6827506524616247e-05,29714,0.33333333333333337,0.005048251957384874,0.0016827506524616247,0.14210210353664543,0,3,-0.08203682139054302,1.164073642781086,1.000086690951871,61155.98667681255,61155.98667681255,31.34438616164752,31.34438616164752,31.298915593776613,1,0.0,0.0756380558013916
1,molfe,jitter,0.45,0,3,0.03,0.5,1,100,1.6827506524616247e-05,29714,0.33333333333333337,0.005048251957384874,0.0016827506524616247,0.14210210353664543,0,3,-0.08201759535150745,1.164035190703015,1.0000866827888022,61128.780702001306,61128.780702001306,31.33307163395396,31.33307163395396,31.287601066083052,1,0.0,0.07757091522216797
1,molrk3,jitter,0.45,0,3,0.03,0.5,1,100,1.6827506524616247e-05,29714,0.33333333333333337,0.005048251957384874,0.0016827506524616247,0.14210210353664543,0,3,-0.0820368213905432,1.1640736427810865,1.0000866800743387,61137.171008127094,61137.171008127094,31.33730857739795,31.33730857739795,31.29183800952704,1,0.0,0.08060097694396973
1,maxent,jitter,0.45,0,3,0.03,0.5,1,100,1.6827506524616247e-05,29714,0.33333333333333337,0.005048251957384874,0.0016827506524616247,0.14210210353664543,14,3,-0.08203682139054302,1.164073642781086,1.00008669095013,61155.98443776144,61155.98443776144,31.344384672231,31.344384672231,31.298914104360094,1,0.0,0.6512680053710938
1,lp,jitter,0.45,0,3,0.03,0.5,1,100,1.6827506524616247e-05,29714,0.33333333333333337,0.005048251957384874,0.0016827506524616247,0.14210210353664543,14,3,-0.08203682139054302,1.164073642781086,1.0000866909518746,61155.98660005481,61155.98660005481,31.34438615693645,31.34438615693645,31.298915589065544,1,0.0,0.11429190635681152
1,lprand,jitter,0.45,0,3,0.03,0.5,1,100,1.6827506524616247e-05,29714,0.33333333333333337,0.005048251957384874,0.0016827506524616247,0.14210210353664543,14,3,-0.08203682139054302,1.164073642781086,1.0000866909518829,61155.98660005708,61155.98660005708,31.344386156925058,31.344386156925058,31.29891558905415,1,0.0,0.11738896369934082
1,maxentw,jitter,0.45,0,3,0.03,0.5,1,100,1.6827506524616247e-05,29714,0.33333333333333337,0.005048251957384874,0.0016827506524616247,0.14210210353664543,0,5,4.814847312551333e-51,1.0000000000000002,1.0000000000000038,1.0000000000016558,1.0000000000016558,0.0028682576638082054,0.003268814081219054,1.268983532607227,0,0.0,0.7725269794464111
1,minnorm,jitter,0.45,0,5,0.03,0.5,1,100,1.6827506524616247e-05,29714,0.33333333333333337,0.005048251957384874,0.0016827506524616247,0.14210210353664543,0,5,-0.19899103904035567,1.5629414280651037,0.9999999999999999,1.0490411560368784,1.5798104836029438,0.03385728830228507,0.06306184426502504,1.2689695355177093,0,0.0,0.07706475257873535
1,projgauss,jitter,0.45,0,5,0.03,0.5,1,100,1.6827506524616247e-05,29714,0.33333333333333337,0.005048251957384874,0.0016827506524616247,0.14210210353664543,0,5,-0.1570767741367445,1.4880649854212538,1.0000000000000002,1.0229172244099323,1.511753860677797,0.030786856324371725,0.05907149931740896,1.2691561922608567,0,0.0,0.08039307594299316
1,spectral,jitter,0.45,0,5,0.03,0.5,1,100,1.6827506524616247e-05,29714,0.33333333333333337,0.005048251957384874,0.0016827506524616247,0.14210210353664543,0,5,-0.0224347788474967,1.0478817086449808,1.0074684266056362,3.4849408559649514e+96,3.4849408559649514e+96,inf,10302134.194015836,10302134.754453434,1,0.0,0.020063161849975586
1,spectralg,jitter,0.45,0,5,0.03,0.5,1,100,1.6827506524616247e-05,29714,0.33333333333333337,0.005048251957384874,0.0016827506524616247,0.14210210353664543,0,5,-0.0224347788474967,1.0478817086449808,1.0074684266056362,3.4849408559649514e+96,3.4849408559649514e+96,inf,10302134.194015836,10302134.754453434,1,0.0,0.0325009822845459
1,molfe,jitter,0.45,0,5,0.03,0.5,1,100,1.6827506524616247e-05,29714,0.33333333333333337,0.005048251957384874,0.0016827506524616247,0.14210210353664543,0,5,-0.0030737649677649846,1.0075537496729476,1.0028013747752218,2.1105495806584948e+36,2.1105495806584948e+36,inf,3271877.219540034,3271876.8133283267,1,0.0,0.02642202377319336
1,molrk3,jitter,0.45,0,5,0.03,0.5,1,100,1.6827506524616247e-05,29714,0.33333333333333337,0.005048251957384874,0.0016827506524616247,0.14210210353664543,0,5,-0.0030630332608569707,1.0075335104624894,1.0028053022895953,2.3710296021442695e+36,2.3710296021442695e+36,inf,3375464.149359114,3375463.7431474067,1,0.0,0.028633832931518555
1,maxent,jitter,0.45,0,5,0.03,0.5,1,100,1.6827506524616247e-05,29714,0.33333333333333337,0.005048251957384874,0.0016827506524616247,0.14210210353664543,0,5,4.814847312551333e-51,1.0000000000000002,0.9999999999999987,1.0000000000010836,1.0000000000010836,0.002873716724754191,0.0032837227623169207,1.2689836172822961,0,0.0,0.8663361072540283
1,lp,jitter,0.45,0,5,0.03,0.5,1,100,1.6827506524616247e-05,29714,0.33333333333333337,0.005048251957384874,0.0016827506524616247,0.14210210353664543,0,5,0.0,1.0000000000000002,1.0000000000000004,1.000000000000769,1.000000000000769,0.013943136481103466,0.016277740577744736,1.269381074393555,0,0.0,0.11442804336547852
1,lprand,jitter,0.45,0,5,0.03,0.5,1,100,1.6827506524616247e-05,29714,0.33333333333333337,0.005048251957384874,0.0016827506524616247,0.14210210353664543,0,5,0.0,1.0000000000000002,1.0000000000000013,1.0000000000004932,1.0000000000004932,0.00763326228024295,0.00953788466812941,1.269207356143273,0,0.0,0.1207120418548584
1,maxentw,jitter,0.45,0,5,0.03,0.5,1,100,1.6827506524616247e-05,29714,0.33333333333333337,0.005048251957384874,0.0016827506524616247,0.14210210353664543,0,5,4.814847312551333e-51,1.0000000000000002,0.9999999999999987,1.0000000000010836,1.0000000000010836,0.002873716724754191,0.0032837227623169207,1.2689836172822961,0,0.0,0.854362964630127
1,minnorm,jitter,0.45,0,7,0.03,0.5,1,100,1.6827506524616247e-05,29714,0.33333333333333337,0.005048251957384874,0.0016827506524616247,0.14210210353664543,0,7,-0.18855396862783366,1.522676809464984,0.9999999999999999,1.0690958030481108,1.522676809464984,0.1351935318873474,0.20739309836063646,1.249836089311434,0,0.0,0.07601213455200195
1,projgauss,jitter,0.45,0,7,0.03,0.5,1,100,1.6827506524616247e-05,29714,0.33333333333333337,0.005048251957384874,0.0016827506524616247,0.14210210353664543,0,7,-0.10510434810733861,1.3399244425535284,1.0000000000000044,1.0190303835527024,1.356376864853072,0.09356501422255686,0.12871483976839315,1.2560766307333084,0,0.0,0.08214473724365234
1,spectral,jitter,0.45,0,7,0.03,0.5,1,100,1.6827506524616247e-05,29714,0.33333333333333337,0.005048251957384874,0.0016827506524616247,0.14210210353664543,0,7,-0.04790774096380465,1.106190433264301,1.0000000000000002,1.4502182435489164,3.1024765965513397,0.010074882623359427,0.016369414329914872,1.2696368959147455,0,0.0,0.08308792114257812
1,spectralg,jitter,0.45,0,7,0.03,0.5,1,100,1.6827506524616247e-05,29714,0.33333333333333337,0.005048251957384874,0.0016827506524616247,0.14210210353664543,0,7,-0.04790774096380465,1.106190433264301,1.0000000000000002,1.4502182435489164,3.1024765965513397,0.010074882623359427,0.016369414329914872,1.2696368959147455,0,0.0,0.0974130630493164
1,molfe,jitter,0.45,0,7,0.03,0.5,1,100,1.6827506524616247e-05,29714,0.33333333333333337,0.005048251957384874,0.0016827506524616247,0.14210210353664543,0,7,-0.0007911110149678173,1.002783817001643,1.0010678272655291,239738199982168.1,239738199982168.1,inf,1449098.0836286074,1449098.4830053141,1,0.0,0.058183908462524414
1,molrk3,jitter,0.45,0,7,0.03,0.5,1,100,1.6827506524616247e-05,29714,0.33333333333333337,0.005048251957384874,0.0016827506524616247,0.14210210353664543,0,7,-0.0007901320451924155,1.0027813398569385,1.0010683975959953,243938658211066.6,243938658211066.6,inf,1466690.6688515116,1466691.0682282182,1,0.0,0.057752132415771484
1,maxent,jitter,0.45,0,7,0.03,0.5,1,100,1.6827506524616247e-05,29714,0.33333333333333337,0.005048251957384874,0.0016827506524616247,0.14210210353664543,0,7,3.973925971761027e-108,1.0000000000000004,1.000000000000002,1.0000000000019613,1.0000000000019613,0.0028736921728012305,0.003283695793040456,1.2689836196372526,0,0.0,0.44777822494506836
1,lp,jitter,0.45,0,7,0.03,0.5,1,100,1.6827506524616247e-05,29714,0.33333333333333337,0.005048251957384874,0.0016827506524616247,0.14210210353664543,0,7,0.0,1.0000000000000002,0.9999999999999986,1.0000000000002527,1.000000000000367,0.021629353510473986,0.02358496182059607,1.2699267111010344,0,0.0,0.11539196968078613
1,lprand,jitter,0.45,0,7,0.03,0.5,1,100,1.6827506524616247e-05,29714,0.33333333333333337,0.005048251957384874,0.0016827506524616247,0.14210210353664543,0,7,0.0,1.0000000000000002,0.999999999999997,1.0000000000007532,1.0000000000007532,0.008964428717833832,0.009828760622249667,1.269440642806167,0,0.0,0.11782026290893555
1,maxentw,jitter,0.45,0,7,0.03,0.5,1,100,1.6827506524616247e-05,29714,0.33333333333333337,0.005048251957384874,0.0016827506524616247,0.14210210353664543,0,7,3.973925971761027e-108,1.0000000000000004,1.000000000000002,1.0000000000019613,1.0000000000019613,0.0028736921728012305,0.003283695793040456,1.2689836196372526,0,0.0,0.4575197696685791
1,minnorm,jitter,0.45,1,3,0.03,0.5,1,100,3.677298273220637e-05,13597,0.33333333333333337,0.011031894819661908,0.003677298273220637,0.21006565468597582,0,3,-0.07029701315859382,1.140594026317188,1.0003256700421135,15122.876530569927,15122.876530569927,15.956433822097665,15.956433822097665,16.268869862063234,1,0.0,0.045153141021728516
1,projgauss,jitter,0.45,1,3,0.03,0.5,1,100,3.677298273220637e-05,13597,0.33333333333333337,0.011031894819661908,0.003677298273220637,0.21006565468597582,0,3,-0.0702970131585931,1.1405940263171865,1.0003256700421168,15122.876510700713,15122.876510700713,15.956433818213238,15.956433818213238,16.268869858178807,1,0.0,0.04466891288757324
1,spectral,jitter,0.45,1,3,0.03,0.5,1,100,3.677298273220637e-05,13597,0.33333333333333337,0.011031894819661908,0.003677298273220637,0.21006565468597582,0,3,-0.07029701315859382,1.140594026317188,1.0003256700421135,15122.876530569927,15122.876530569927,15.956433822097665,15.956433822097665,16.268869862063234,1,0.0,0.03951215744018555
1,spectralg,jitter,0.45,1,3,0.03,0.5,1,100,3.677298273220637e-05,13597,0.33333333333333337,0.011031894819661908,0.003677298273220637,0.21006565468597582,0,3,-0.07029701315859382,1.140594026317188,1.0003256700421135,15122.876530569927,15122.876530569927,15.956433822097665,15.956433822097665,16.268869862063234,1,0.0,0.0354769229888916
1,molfe,jitter,0.45,1,3,0.03,0.5,1,100,3.677298273220637e-05,13597,0.33333333333333337,0.011031894819661908,0.003677298273220637,0.21006565468597582,0,3,-0.07026128375344394,1.140522567506888,1.0003257507580823,15121.90488079965,15121.90488079965,15.956120278484175,15.956120278484175,16.268556318449743,1,0.0,0.03451108932495117
1,molrk3,jitter,0.45,1,3,0.03,0.5,1,100,3.677298273220637e-05,13597,0.33333333333333337,0.011031894819661908,0.003677298273220637,0.21006565468597582,0,3,-0.07029701315859388,1.1405940263171876,1.0003256253134158,15122.876495776276,15122.876495776276,15.95706608070882,15.95706608070882,16.26950212067439,1,0.0,0.03488302230834961
1,maxent,jitter,0.45,1,3,0.03,0.5,1,100,3.677298273220637e-05,13597,0.33333333333333337,0.011031894819661908,0.003677298273220637,0.21006565468597582,11,3,-0.07029701315859382,1.140594026317188,1.0003256700419703,15122.876553995373,15122.876553995373,15.956437538788418,15.956437538788418,16.268873578753986,1,0.0,0.7580506801605225
1,lp,jitter,0.45,1,3,0.03,0.5,1,100,3.677298273220637e-05,13597,0.33333333333333337,0.011031894819661908,0.003677298273220637,0.21006565468597582,11,3,-0.07029701315859382,1.140594026317188,1.0003256700421175,15122.876526197862,15122.876526197862,15.956433822294073,15.956433822294073,16.268869862259642,1,0.0,0.07958006858825684
1,lprand,jitter,0.45,1,3,0.03,0.5,1,100,3.677298273220637e-05,13597,0.33333333333333337,0.011031894819661908,0.003677298273220637,0.21006565468597582,11,3,-0.07029701315859382,1.140594026317188,1.0003256700421186,15122.876556044,15122.876556044,15.956433822293086,15.956433822293086,16.268869862258654,1,0.0,0.08505988121032715
1,maxentw,jitter,0.45,1,3,0.03,0.5,1,100,3.677298273220637e-05,13597,0.33333333333333337,0.011031894819661908,0.003677298273220637,0.21006565468597582,0,5,3.04625612415022e-15,1.0000000000000002,1.0000000000000004,1.0000000000003935,1.0000000000003935,0.0026644211982694947,0.0029135942675178467,1.2688268212016427,0,0.0,0.8950972557067871
1,minnorm,jitter,0.45,1,5,0.03,0.5,1,100,3.677298273220637e-05,13597,0.33333333333333337,0.011031894819661908,0.003677298273220637,0.21006565468597582,0,5,-0.1857635085787089,1.532698076618155,1.000000000000001,1.0139553273861492,1.5326980766181548,0.018712719139078293,0.031092974266754836,1.2658578834590548,0,0.0,0.042900800704956055
1,projgauss,jitter,0.45,1,5,0.03,0.5,1,100,3.677298273220637e-05,13597,0.33333333333333337,0.011031894819661908,0.003677298273220637,0.21006565468597582,0,5,-0.1601291115130727,1.4700240871105255,1.000000000000001,1.0111920325421693,1.5024246869893227,0.0183515671009421,0.02848400035927523,1.2663873032799828,0,0.0,0.041567087173461914
1,spectral,jitter,0.45,1,5,0.03,0.5,1,100,3.677298273220637e-05,13597,0.33333333333333337,0.011031894819661908,0.003677298273220637,0.21006565468597582,0,5,-0.04472351706913507,1.0899779052977474,1.007422237380654,1.5146455691873182e+44,1.5146455691873182e+44,inf,6243414.180474208,6243415.060142385,1,0.0,0.019568920135498047
1,spectralg,jitter,0.45,1,5,0.03,0.5,1,100,3.677298273220637e-05,13597,0.33333333333333337,0.011031894819661908,0.003677298273220637,0.21006565468597582,0,5,-0.04472351706913507,1.0899779052977474,1.007422237380654,1.5146455691873182e+44,1.5146455691873182e+44,inf,6243414.180474208,6243415.060142385,1,0.0,0.030537128448486328
1,molfe,jitter,0.45,1,5,0.03,0.5,1,100,3.677298273220637e-05,13597,0.33333333333333337,0.011031894819661908,0.003677298273220637,0.21006565468597582,0,5,-0.005643637911554194,1.0157189842163281,1.0055646460376346,1.1147945329024743e+33,1.1147945329024743e+33,inf,1774590.6720219047,1774589.7795280498,1,0.0,0.016083955764770508
1,molrk3,jitter,0.45,1,5,0.03,0.5,1,100,3.677298273220637e-05,13597,0.33333333333333337,0.011031894819661908,0.003677298273220637,0.21006565468597582,0,5,-0.0056140109295768886,1.0156557074852777,1.0055801573988676,1.3749392019082558e+33,1.3749392019082558e+33,inf,1899334.032636076,1899333.140142221,1,0.0,0.016232967376708984
1,maxent,jitter,0.45,1,5,0.03,0.5,1,100,3.677298273220637e-05,13597,0.33333333333333337,0.011031894819661908,0.003677298273220637,0.21006565468597582,0,5,1.109575457258506e-33,1.0000000000000004,0.9999999999999999,1.000000000000615,1.000000000000615,0.0026710559824330554,0.0029114162618265743,1.2688269035477808,0,0.0,0.7504148483276367
1,lp,jitter,0.45,1,5,0.03,0.5,1,100,3.677298273220637e-05,13597,0.33333333333333337,0.011031894819661908,0.003677298273220637,0.21006565468597582,0,5,0.0,1.0000000000000002,1.0000000000000016,1.0000000000000304,1.000000000000081,0.011916633971409935,0.013591610342395005,1.2686575870370285,0,0.0,0.07652711868286133
1,lprand,jitter,0.45,1,5,0.03,0.5,1,100,3.677298273220637e-05,13597,0.33333333333333337,0.011031894819661908,0.003677298273220637,0.21006565468597582,0,5,0.0,1.0000000000000002,1.0000000000000004,0.9999999999999531,1.000000000000049,0.006457288645597765,0.007160321123992008,1.268858567763781,0,0.0,0.08254504203796387
1,maxentw,jitter,0.45,1,5,0.03,0.5,1,100,3.677298273220637e-05,13597,0.33333333333333337,0.011031894819661908,0.003677298273220637,0.21006565468597582,0,5,1.109575457258506e-33,1.0000000000000004,0.9999999999999999,1.000000000000615,1.000000000000615,0.0026710559824330554,0.0029114162618265743,1.2688269035477808,0,0.0,0.7492129802703857
1,minnorm,jitter,0.45,1,7,0.03,0.5,1,100,3.677298273220637e-05,13597,0.33333333333333337,0.011031894819661908,0.003677298273220637,0.21006565468597582,0,7,-0.1636847373961983,1.5181625596677473,0.9999999999999981,1.0529972313525562,1.5181625596677475,0.20154560552646916,0.23287859682472378,1.2486991374357328,0,0.0,0.03800487518310547
1,projgauss,jitter,0.45,1,7,0.03,0.5,1,100,3.677298273220637e-05,13597,0.33333333333333337,0.011031894819661908,0.003677298273220637,0.21006565468597582,0,7,-0.10949622631405805,1.3398786464319352,1.0000000000000016,1.0136949772013146,1.3398786464319352,0.1149178422571932,0.12671502670629908,1.2591808276600251,0,0.0,0.0402529239654541
1,spectral,jitter,0.45,1,7,0.03,0.5,1,100,3.677298273220637e-05,13597,0.33333333333333337,0.011031894819661908,0.003677298273220637,0.21006565468597582,0,7,-0.06028895084417438,1.1235270704101512,1.0000000000000016,1.0853429033039341,1.769074527768796,0.011548684810292142,0.02192571294781498,1.2700727413852873,0,0.0,0.0478062629699707
1,spectralg,jitter,0.45,1,7,0.03,0.5,1,100,3.677298273220637e-05,13597,0.33333333333333337,0.011031894819661908,0.003677298273220637,0.21006565468597582,0,7,-0.06028895084417438,1.1235270704101512,1.0000000000000016,1.0853429033039341,1.769074527768796,0.011548684810292142,0.02192571294781498,1.2700727413852873,0,0.0,0.05748462677001953
1,molfe,jitter,0.45,1,7,0.03,0.5,1,100,3.677298273220637e-05,13597,0.33333333333333337,0.011031894819661908,0.003677298273220637,0.21006565468597582,0,7,-0.001697946324256461,1.0062498821235322,1.0024239693219033,851934692519071.0,851934692519071.0,inf,1173083.821011554,1173084.4814506266,1,0.0,0.03419685363769531
1,molrk3,jitter,0.45,1,7,0.03,0.5,1,100,3.677298273220637e-05,13597,0.33333333333333337,0.011031894819661908,0.003677298273220637,0.21006565468597582,0,7,-0.0016939177688774852,1.0062399109451998,1.002426909509257,887615766994749.6,887615766994749.6,inf,1208227.2243127103,1208227.884751783,1,0.0,0.03444099426269531
1,maxent,jitter,0.45,1,7,0.03,0.5,1,100,3.677298273220637e-05,13597,0.33333333333333337,0.011031894819661908,0.003677298273220637,0.21006565468597582,0,7,1.0222336278904601e-69,1.0000000000000004,0.9999999999999984,1.000000000000521,1.000000000000521,0.00267106201331559,0.0029114224250621767,1.2688269035517834,0,0.0,0.5065572261810303
1,lp,jitter,0.45,1,7,0.03,0.5,1,100,3.677298273220637e-05,13597,0.33333333333333337,0.011031894819661908,0.003677298273220637,0.21006565468597582,0,7,0.0,1.0000000000000002,1.0000000000000004,1.0000000000003337,1.0000000000003337,0.023534104319241706,0.024744810043970344,1.2690670717761592,0,0.0,0.08781194686889648
1,lprand,jitter,0.45,1,7,0.03,0.5,1,100,3.677298273220637e-05,13597,0.33333333333333337,0.011031894819661908,0.003677298273220637,0.21006565468597582,0,7,0.0,1.0000000000000002,0.9999999999999986,1.0000000000001807,1.0000000000001872,0.010015992404749458,0.013039342375102875,1.2684135039164801,0,0.0,0.07858800888061523
1,maxentw,jitter,0.45,1,7,0.03,0.5,1,100,3.677298273220637e-05,13597,0.33333333333333337,0.011031894819661908,0.003677298273220637,0.21006565468597582,0,7,1.0222336278904601e-69,1.0000000000000004,0.9999999999999984,1.000000000000521,1.000000000000521,0.00267106201331559,0.0029114224250621767,1.2688269035517834,0,0.0,0.5076100826263428
1,minnorm,jitter,0.45,2,3,0.03,0.5,1,100,7.774446406520936e-05,6432,0.33333333333333337,0.023323339219562807,0.007774446406520936,0.30543961249034357,0,3,-0.20980555162867237,1.4196111032573446,1.0002156953556383,21481.078368810526,58688.47494051166,12.93261715889079,12.93261715889079,13.370151260217627,1,0.0,0.025273799896240234
1,projgauss,jitter,0.45,2,3,0.03,0.5,1,100,7.774446406520936e-05,6432,0.33333333333333337,0.023323339219562807,0.007774446406520936,0.30543961249034357,0,3,-0.20980555162867248,1.4196111032573446,1.00021569535571,21481.07839801645,58688.47501107708,12.932617164505995,12.932617164505995,13.370151265832831,1,0.0,0.026086807250976562
1,spectral,jitter,0.45,2,3,0.03,0.5,1,100,7.774446406520936e-05,6432,0.33333333333333337,0.023323339219562807,0.007774446406520936,0.30543961249034357,0,3,-0.20980555162867237,1.4196111032573446,1.0002156953556383,21481.078368810526,58688.47494051166,12.93261715889079,12.93261715889079,13.370151260217627,1,0.0,0.02553725242614746
1,spectralg,jitter,0.45,2,3,0.03,0.5,1,100,7.774446406520936e-05,6432,0.33333333333333337,0.023323339219562807,0.007774446406520936,0.30543961249034357,0,3,-0.20980555162867237,1.4196111032573446,1.0002156953556383,21481.078368810526,58688.47494051166,12.93261715889079,12.93261715889079,13.370151260217627,1,0.0,0.02573108673095703
1,molfe,jitter,0.45,2,3,0.03,0.5,1,100,7.774446406520936e-05,6432,0.33333333333333337,0.023323339219562807,0.007774446406520936,0.30543961249034357,0,3,-0.2095785299121991,1.4191570598243979,1.0002154385187951,21478.15787649803,58458.8486120864,12.930577556629336,12.930577556629336,13.368111657956172,1,0.0,0.026435136795043945
1,molrk3,jitter,0.45,2,3,0.03,0.5,1,100,7.774446406520936e-05,6432,0.33333333333333337,0.023323339219562807,0.007774446406520936,0.30543961249034357,0,3,-0.20980555162867273,1.4196111032573453,1.000215427540868,21481.07838914959,58499.84525107914,12.932617163746013,12.932617163746013,13.370151265072849,1,0.0,0.025974035263061523
1,maxent,jitter,0.45,2,3,0.03,0.5,1,100,7.774446406520936e-05,6432,0.33333333333333337,0.023323339219562807,0.007774446406520936,0.30543961249034357,8,3,-0.20980555162867237,1.4196111032573446,1.0002156953542922,21481.078304821796,58688.4743300752,12.932617161638156,12.932617161638156,13.370151262964992,1,0.0,0.5704708099365234
1,lp,jitter,0.45,2,3,0.03,0.5,1,100,7.774446406520936e-05,6432,0.33333333333333337,0.023323339219562807,0.007774446406520936,0.30543961249034357,8,3,-0.20980555162867237,1.4196111032573446,1.0002156953556405,21481.078393806303,58688.4750047115,12.932617162256399,12.932617162256399,13.370151263583235,1,0.0,0.06566786766052246
1,lprand,jitter,0.45,2,3,0.03,0.5,1,100,7.774446406520936e-05,6432,0.33333333333333337,0.023323339219562807,0.007774446406520936,0.30543961249034357,8,3,-0.20980555162867237,1.4196111032573446,1.0002156953557568,21481.078393806303,58688.4750207384,12.932617162256399,12.932617162256399,13.370151263583235,1,0.0,0.06477999687194824
1,maxentw,jitter,0.45,2,3,0.03,0.5,1,100,7.774446406520936e-05,6432,0.33333333333333337,0.023323339219562807,0.007774446406520936,0.30543961249034357,0,5,2.3277266737935304e-13,1.0000000000000002,1.000000000000003,1.0000000000003626,1.0000000000005154,0.0021826231758593564,0.0024903121208982304,1.2691396164243027,0,0.0,0.6086111068725586
1,minnorm,jitter,0.45,2,5,0.03,0.5,1,100,7.774446406520936e-05,6432,0.33333333333333337,0.023323339219562807,0.007774446406520936,0.30543961249034357,0,5,-0.17940670805769993,1.5319484164606507,1.0000000000000016,1.0025321372069333,1.5319484164606505,0.013062635982550086,0.025333287649536906,1.2711423259367978,0,0.0,0.019636869430541992
1,projgauss,jitter,0.45,2,5,0.03,0.5,1,100,7.774446406520936e-05,6432,0.33333333333333337,0.023323339219562807,0.007774446406520936,0.30543961249034357,0,5,-0.14798444889534917,1.4644762965038294,0.9999999999999998,1.0000037494905722,1.4644762965038294,0.010690416596158436,0.02233218259747205,1.2707193617402028,0,0.0,0.02055811882019043
1,spectral,jitter,0.45,2,5,0.03,0.5,1,100,7.774446406520936e-05,6432,0.33333333333333337,0.023323339219562807,0.007774446406520936,0.30543961249034357,0,5,-0.08719715233424369,1.1743943046684875,0.9999999999999986,1.0601652574807632,1.7597929898250484,0.0036676536896806944,0.004772643804844878,1.2695271967444783,0,0.0,0.025141000747680664
1,spectralg,jitter,0.45,2,5,0.03,0.5,1,100,7.774446406520936e-05,6432,0.33333333333333337,0.023323339219562807,0.007774446406520936,0.30543961249034357,0,5,-0.08719715233424369,1.1743943046684875,1.0000000000000013,1.0601650655724981,1.7597929898250484,0.003669009106139598,0.004772653003669025,1.2695271967462645,0,0.0,0.03716611862182617
1,molfe,jitter,0.45,2,5,0.03,0.5,1,100,7.774446406520936e-05,6432,0.33333333333333337,0.023323339219562807,0.007774446406520936,0.30543961249034357,0,5,-0.011871053632180224,1.0405246062763474,1.0131470604095265,1.133448317776991e+37,2.0865288310301315e+57,inf,2273117.7481693327,2273117.8672470497,1,0.0,0.011417150497436523
1,molrk3,jitter,0.45,2,5,0.03,0.5,1,100,7.774446406520936e-05,6432,0.33333333333333337,0.023323339219562807,0.007774446406520936,0.30543961249034357,0,5,-0.011726765380165491,1.039984000454968,1.01323386174261,1.9714069317344846e+37,4.919640038522755e+57,inf,2692327.8803999284,2692327.9994776454,1,0.0,0.011207103729248047
1,maxent,jitter,0.45,2,5,0.03,0.5,1,100,7.774446406520936e-05,6432,0.33333333333333337,0.023323339219562807,0.007774446406520936,0.30543961249034357,0,5,2.930827135381208e-24,1.0000000000000004,0.9999999999999972,1.0000000000005012,1.000000000000706,0.0021964094408184545,0.00251352851362778,1.2691428793349497,0,0.0,0.7372763156890869
1,lp,jitter,0.45,2,5,0.03,0.5,1,100,7.774446406520936e-05,6432,0.33333333333333337,0.023323339219562807,0.007774446406520936,0.30543961249034357,0,5,0.0,1.0000000000000002,0.9999999999999991,1.0000000000001024,1.0000000000001024,0.013527782997712665,0.015270548574397979,1.2692587942558782,0,0.0,0.06830096244812012
1,lprand,jitter,0.45,2,5,0.03,0.5,1,100,7.774446406520936e-05,6432,0.33333333333333337,0.023323339219562807,0.007774446406520936,0.30543961249034357,0,5,0.0,1.0000000000000002,1.0000000000000036,1.0000000000000815,1.0000000000001035,0.007727517645066344,0.008725738456512588,1.2690282731388118,0,0.0,0.06526803970336914
1,maxentw,jitter,0.45,2,5,0.03,0.5,1,100,7.774446406520936e-05,6432,0.33333333333333337,0.023323339219562807,0.007774446406520936,0.30543961249034357,0,5,2.930827135381208e-24,1.0000000000000004,0.9999999999999972,1.0000000000005012,1.000000000000706,0.0021964094408184545,0.00251352851362778,1.2691428793349497,0,0.0,0.7289338111877441
1,minnorm,jitter,0.45,2,7,0.03,0.5,1,100,7.774446406520936e-05,6432,0.33333333333333337,0.023323339219562807,0.007774446406520936,0.30543961249034357,0,7,-0.1669626023551302,1.506118717432756,1.000000000000004,1.0109610280165593,1.506118717432756,0.05914513052361203,0.09659455073029422,1.2672736302415282,0,0.0,0.025793790817260742
1,projgauss,jitter,0.45,2,7,0.03,0.5,1,100,7.774446406520936e-05,6432,0.33333333333333337,0.023323339219562807,0.007774446406520936,0.30543961249034357,0,7,-0.11583076643824587,1.3306089235996859,0.9999999999999974,1.0000000000000149,1.330608923599686,0.030638317895166578,0.04541265926213933,1.2675353808860095,0,0.0,0.02732110023498535
1,spectral,jitter,0.45,2,7,0.03,0.5,1,100,7.774446406520936e-05,6432,0.33333333333333337,0.023323339219562807,0.007774446406520936,0.30543961249034357,0,7,-0.09122291409036518,1.2134118399775276,0.9999999999999992,1.1185727612922474,2.0861220862592487,0.008992547856741542,0.010512756235290993,1.268517985346834,0,0.0,0.031174898147583008
1,spectralg,jitter,0.45,2,7,0.03,0.5,1,100,7.774446406520936e-05,6432,0.33333333333333337,0.023323339219562807,0.007774446406520936,0.30543961249034357,0,7,-0.09122291409036518,1.2134118399775276,1.0000000000000009,1.1185727599041717,2.0861220862592487,0.008992542275971259,0.01051275625475423,1.2685179853464925,0,0.0,0.04709482192993164
1,molfe,jitter,0.45,2,7,0.03,0.5,1,100,7.774446406520936e-05,6432,0.33333333333333337,0.023323339219562807,0.007774446406520936,0.30543961249034357,0,7,-0.003699641100771494,1.0119937549416875,1.0050624177540004,459210239197412.8,3.700651619083898e+22,inf,1114407.3979782155,1114406.837547256,1,0.0,0.01968216896057129
1,molrk3,jitter,0.45,2,7,0.03,0.5,1,100,7.774446406520936e-05,6432,0.33333333333333337,0.023323339219562807,0.007774446406520936,0.30543961249034357,0,7,-0.003678999633107487,1.011987174898774,1.0050752534140865,499774379424105.0,4.212459836586422e+22,inf,1179409.9097457868,1179409.3493148272,1,0.0,0.019932270050048828
1,maxent,jitter,0.45,2,7,0.03,0.5,1,100,7.774446406520936e-05,6432,0.33333333333333337,0.023323339219562807,0.007774446406520936,0.30543961249034357,0,7,1.4006644780265872e-43,1.0000000000000004,0.9999999999999994,1.000000000000456,1.0000000000005875,0.0021964069093349525,0.0025135314780242307,1.269142877400207,0,0.0,0.5860850811004639
1,lp,jitter,0.45,2,7,0.03,0.5,1,100,7.774446406520936e-05,6432,0.33333333333333337,0.023323339219562807,0.007774446406520936,0.30543961249034357,0,7,0.0,1.0000000000000002,1.000000000000002,1.0000000000001334,1.0000000000001334,0.02318962970517975,0.02380388954203103,1.27026280525073,0,0.0,0.06358194351196289
1,lprand,jitter,0.45,2,7,0.03,0.5,1,100,7.774446406520936e-05,6432,0.33333333333333337,0.023323339219562807,0.007774446406520936,0.30543961249034357,0,7,0.0,1.0000000000000002,1.0000000000000042,1.0000000000000753,1.0000000000001026,0.01332397656600258,0.015702768446682325,1.2696245601751237,0,0.0,0.06840705871582031
1,maxentw,jitter,0.45,2,7,0.03,0.5,1,100,7.774446406520936e-05,6432,0.33333333333333337,0.023323339219562807,0.007774446406520936,0.30543961249034357,0,7,1.4006644780265872e-43,1.0000000000000004,0.9999999999999994,1.000000000000456,1.0000000000005875,0.0021964069093349525,0.0025135314780242307,1.269142877400207,0,0.0,0.5889551639556885
1,minnorm,random,0.0,0,3,0.03,0.5,1,100,5.9462573197675306e-05,8409,0.33333333333333337,0.017838771959302592,0.00594625731976753,0.267123731325411,0,3,-0.5222813922355718,2.0445627844711436,1.0504513328067793,1.1721276812394482e+181,1.1969879809642403e+215,inf,7329536.097842281,7329536.127026711,1,0.0,0.007616996765136719
1,projgauss,random,0.0,0,3,0.03,0.5,1,100,5.9462573197675306e-05,8409,0.33333333333333337,0.017838771959302592,0.00594625731976753,0.267123731325411,0,3,-0.5222813922355727,2.0445627844711454,1.050451332806771,1.1721276812393002e+181,1.1969879809640895e+215,inf,7329536.096686021,7329536.125870451,1,0.0,0.00850987434387207
1,spectral,random,0.0,0,3,0.03,0.5,1,100,5.9462573197675306e-05,8409,0.33333333333333337,0.017838771959302592,0.00594625731976753,0.267123731325411,0,3,-0.5222813922355718,2.0445627844711436,1.0504513328067793,1.1721276812394482e+181,1.1969879809642403e+215,inf,7329536.097842281,7329536.127026711,1,0.0,0.008791923522949219
1,spectralg,random,0.0,0,3,0.03,0.5,1,100,5.9462573197675306e-05,8409,0.33333333333333337,0.017838771959302592,0.00594625731976753,0.267123731325411,0,3,-0.5222813922355718,2.0445627844711436,1.0504513328067793,1.1721276812394482e+181,1.1969879809642403e+215,inf,7329536.097842281,7329536.127026711,1,0.0,0.008475780487060547
1,molfe,random,0.0,0,3,0.03,0.5,1,100,5.9462573197675306e-05,8409,0.33333333333333337,0.017838771959302592,0.00594625731976753,0.267123731325411,0,3,-0.5218074191290497,2.0436148382580996,1.0503849850065532,6.891344117432485e+180,6.364662536954032e+214,inf,7099880.547613991,7099880.576798421,1,0.0,0.008934974670410156
1,molrk3,random,0.0,0,3,0.03,0.5,1,100,5.9462573197675306e-05,8409,0.33333333333333337,0.017838771959302592,0.00594625731976753,0.267123731325411,0,3,-0.5222813922355739,2.044562784471148,1.05167562664305,2.103085036049475e+185,1.3702974798454966e+220,inf,13183667.183722993,13183667.212907422,1,0.0,0.00823974609375
1,maxent,random,0.0,0,3,0.03,0.5,1,100,5.9462573197675306e-05,8409,0.33333333333333337,0.017838771959302592,0.00594625731976753,0.267123731325411,36,3,-0.5222813922355718,2.0445627844711436,1.0504513328067828,1.1721276812393336e+181,1.1969879809641233e+215,inf,7329536.096986442,7329536.126170872,1,0.0,0.7983100414276123
1,lp,random,0.0,0,3,0.03,0.5,1,100,5.9462573197675306e-05,8409,0.33333333333333337,0.017838771959302592,0.00594625731976753,0.267123731325411,36,3,-0.5222813922355718,2.0445627844711436,1.0504513328067775,1.1721276812393178e+181,1.196987980964107e+215,inf,7329536.096747118,7329536.125931548,1,0.0,0.048506975173950195
1,lprand,random,0.0,0,3,0.03,0.5,1,100,5.9462573197675306e-05,8409,0.33333333333333337,0.017838771959302592,0.00594625731976753,0.267123731325411,36,3,-0.5222813922355718,2.0445627844711436,1.050451332806777,1.1721276812393178e+181,1.196987980964107e+215,inf,7329536.096747118,7329536.125931548,1,0.0,0.04737997055053711
1,maxentw,random,0.0,0,3,0.03,0.5,1,100,5.9462573197675306e-05,8409,0.33333333333333337,0.017838771959302592,0.00594625731976753,0.267123731325411,0,7,2.5319840890795874e-38,1.0000000000000002,1.0000000000000007,1.0000000000003137,1.000000000000363,0.00707700992177503,0.010339301545968418,1.2690005714404327,0,0.0,1.0332410335540771
1,minnorm,random,0.0,0,5,0.03,0.5,1,100,5.9462573197675306e-05,8409,0.33333333333333337,0.017838771959302592,0.00594625731976753,0.267123731325411,0,5,-0.270836071218122,1.554464025291969,1.0000001186045286,1153.981607472706,1563.0303727479727,3.2120211737400153,3.2120211737400153,3.2057898448349844,0,0.0,0.0300750732421875
1,projgauss,random,0.0,0,5,0.03,0.5,1,100,5.9462573197675306e-05,8409,0.33333333333333337,0.017838771959302592,0.00594625731976753,0.267123731325411,0,5,-0.22389933208934207,1.5402460244455027,1.000000128192811,1151.3164099191986,1557.9288522679146,3.1716369716097184,3.1716369716097184,3.1654056427046875,0,0.0,0.029938936233520508
1,spectral,random,0.0,0,5,0.03,0.5,1,100,5.9462573197675306e-05,8409,0.33333333333333337,0.017838771959302592,0.00594625731976753,0.267123731325411,0,5,-0.5661284394601638,2.533025487524854,1.000000269408692,7011.348485999846,9479.445295038553,3.136436058348746,3.136436058348746,3.130204729443715,0,0.0,0.03364300727844238
1,spectralg,random,0.0,0,5,0.03,0.5,1,100,5.9462573197675306e-05,8409,0.33333333333333337,0.017838771959302592,0.00594625731976753,0.267123731325411,0,5,-0.5661284394601638,2.533025487524854,1.0000004260885753,7011.348485999846,9479.445295038553,3.136436058348746,3.136436058348746,3.130204729443715,0,0.0,0.04979085922241211
1,molfe,random,0.0,0,5,0.03,0.5,1,100,5.9462573197675306e-05,8409,0.33333333333333337,0.017838771959302592,0.00594625731976753,0.267123731325411,0,5,-0.02559062124214794,1.1053707892175408,1.007020899050963,1.0389940790725255e+26,7.093174678290727e+30,inf,2741654.34039107,2741654.0373966303,1,0.0,0.01644277572631836
1,molrk3,random,0.0,0,5,0.03,0.5,1,100,5.9462573197675306e-05,8409,0.33333333333333337,0.017838771959302592,0.00594625731976753,0.267123731325411,0,5,-0.025480811962809897,1.1047561508636805,1.0070456032429316,1.2770333563938566e+26,9.065260272127874e+30,inf,2964968.9444915885,2964968.6414971487,1,0.0,0.01641106605529785
1,maxent,random,0.0,0,5,0.03,0.5,1,100,5.9462573197675306e-05,8409,0.33333333333333337,0.017838771959302592,0.00594625731976753,0.267123731325411,2,5,-0.21068044601126762,1.5250253278736903,1.0000000086029714,1327.7825539225562,1794.826898156662,3.2655070776313133,3.2655070776313133,3.2592757487262825,0,0.0,0.5864601135253906
1,lp,random,0.0,0,5,0.03,0.5,1,100,5.9462573197675306e-05,8409,0.33333333333333337,0.017838771959302592,0.00594625731976753,0.267123731325411,2,5,-0.21068044601126762,1.5250253278736903,1.0000001168244983,1492.464519159218,2017.974536327488,3.213851275801641,3.213851275801641,3.2076199468966102,0,0.0,0.07475972175598145
1,lprand,random,0.0,0,5,0.03,0.5,1,100,5.9462573197675306e-05,8409,0.33333333333333337,0.017838771959302592,0.00594625731976753,0.267123731325411,2,5,-0.21068044601126762,1.5250253278736903,1.000000057876285,1383.3118366156227,1869.6851705099548,3.2857325195560767,3.2857325195560767,3.279501190651046,0,0.0,0.07444524765014648
1,maxentw,random,0.0,0,5,0.03,0.5,1,100,5.9462573197675306e-05,8409,0.33333333333333337,0.017838771959302592,0.00594625731976753,0.267123731325411,0,7,2.5319840890795874e-38,1.0000000000000002,1.0000000000000029,1.0000000000004017,1.000000000000451,0.007066227842946783,0.010341573052801718,1.268998926905657,0,0.0,0.5882260799407959
1,minnorm,random,0.0,0,7,0.03,0.5,1,100,5.9462573197675306e-05,8409,0.33333333333333337,0.017838771959302592,0.00594625731976753,0.267123731325411,0,7,-0.20670441686114824,1.6234035781377771,0.9999999999999999,1.1844287981723798,2.1123185025310685,0.19901992811734578,0.26853504157436037,1.2507756145814286,0,0.0,0.024754047393798828
1,projgauss,random,0.0,0,7,0.03,0.5,1,100,5.9462573197675306e-05,8409,0.33333333333333337,0.017838771959302592,0.00594625731976753,0.267123731325411,0,7,-0.1719557559996913,1.454882191005627,0.999999999999998,1.0900694880887165,1.6457706459751706,0.11869122090216833,0.15495199010348853,1.2621611559943986,0,0.0,0.02649688720703125
1,spectral,random,0.0,0,7,0.03,0.5,1,100,5.9462573197675306e-05,8409,0.33333333333333337,0.017838771959302592,0.00594625731976753,0.267123731325411,0,7,-0.532368292292007,2.4990950788635975,1.0000000000000004,2.606706483885418,8.569551935985352,0.0312571791331234,0.045103770757094264,1.2698142784399016,0,0.0,0.030491113662719727
1,spectralg,random,0.0,0,7,0.03,0.5,1,100,5.9462573197675306e-05,8409,0.33333333333333337,0.017838771959302592,0.00594625731976753,0.267123731325411,0,7,-0.532368292292007,2.4990950788635975,0.9999999999999999,2.6260029363463753,8.569551935985352,0.031276715150164655,0.04480201072429907,1.269814591814492,0,0.0,0.05060386657714844
1,molfe,random,0.0,0,7,0.03,0.5,1,100,5.9462573197675306e-05,8409,0.33333333333333337,0.017838771959302592,0.00594625731976753,0.267123731325411,0,7,-0.008604502579461331,1.033469749962637,1.0038298673302253,238090266765946.88,1.0422818195737963e+17,inf,1606257.6024243997,1606258.1213267304,1,0.0,0.020093917846679688
1,molrk3,random,0.0,0,7,0.03,0.5,1,100,5.9462573197675306e-05,8409,0.33333333333333337,0.017838771959302592,0.00594625731976753,0.267123731325411,0,7,-0.008493911102779928,1.0332260600558916,1.0038372106347873,253196054775067.16,1.1213856357947808e+17,inf,1666106.1884354677,1666106.7073377983,1,0.0,0.01938796043395996
1,maxent,random,0.0,0,7,0.03,0.5,1,100,5.9462573197675306e-05,8409,0.33333333333333337,0.017838771959302592,0.00594625731976753,0.267123731325411,0,7,1.3208786242859428e-61,1.0000000000000004,1.0000000000000009,1.0000000000003753,1.0000000000003781,0.007054482813997745,0.010334048499938516,1.2690016762345449,0,0.0,0.46112704277038574
1,lp,random,0.0,0,7,0.03,0.5,1,100,5.9462573197675306e-05,8409,0.33333333333333337,0.017838771959302592,0.00594625731976753,0.267123731325411,0,7,0.0,1.0000000000000002,0.9999999999999959,1.0000000000002838,1.0000000000002838,0.022718836162124504,0.031022614252999542,1.2688710235050245,0,0.0,0.07583498954772949
1,lprand,random,0.0,0,7,0.03,0.5,1,100,5.9462573197675306e-05,8409,0.33333333333333337,0.017838771959302592,0.00594625731976753,0.267123731325411,0,7,0.0,1.0000000000000002,1.0000000000000024,1.0000000000001734,1.000000000000194,0.007885968813226618,0.011138424558832318,1.2691903171156105,0,0.0,0.07395195960998535
1,maxentw,random,0.0,0,7,0.03,0.5,1,100,5.9462573197675306e-05,8409,0.33333333333333337,0.017838771959302592,0.00594625731976753,0.267123731325411,0,7,1.3208786242859428e-61,1.0000000000000004,1.0000000000000009,1.0000000000003753,1.0000000000003781,0.007054482813997745,0.010334048499938516,1.2690016762345449,0,0.0,0.45510387420654297
1,minnorm,random,0.0,1,3,0.03,0.5,1,100,7.354748983201516e-05,6799,0.33333333333333337,0.02206424694960455,0.007354748983201516,0.29708077655482557,0,3,-0.3798796602238357,1.7597593204476707,1.062914594525259,1.4534179788694177e+181,9.631051083261157e+265,inf,4280285.098273284,4280285.2143319165,1,0.0,0.007827997207641602
1,projgauss,random,0.0,1,3,0.03,0.5,1,100,7.354748983201516e-05,6799,0.33333333333333337,0.02206424694960455,0.007354748983201516,0.29708077655482557,0,3,-0.37987966022383657,1.7597593204476734,1.0629145945252598,1.4534179788771973e+181,9.631051083336859e+265,inf,4280285.097629142,4280285.213687775,1,0.0,0.008683204650878906
1,spectral,random,0.0,1,3,0.03,0.5,1,100,7.354748983201516e-05,6799,0.33333333333333337,0.02206424694960455,0.007354748983201516,0.29708077655482557,0,3,-0.3798796602238357,1.7597593204476707,1.062914594525259,1.4534179788694177e+181,9.631051083261157e+265,inf,4280285.098273284,4280285.2143319165,1,0.0,0.008493900299072266
1,spectralg,random,0.0,1,3,0.03,0.5,1,100,7.354748983201516e-05,6799,0.33333333333333337,0.02206424694960455,0.007354748983201516,0.29708077655482557,0,3,-0.3798796602238357,1.7597593204476707,1.062914594525259,1.4534179788694177e+181,9.631051083261157e+265,inf,4280285.098273284,4280285.2143319165,1,0.0,0.008424043655395508
1,molfe,random,0.0,1,3,0.03,0.5,1,100,7.354748983201516e-05,6799,0.33333333333333337,0.02206424694960455,0.007354748983201516,0.29708077655482557,0,3,-0.3794653741249054,1.7589307482498109,1.0628566787295357,1.0035586911795673e+181,5.585683346241306e+265,inf,4186472.531792768,4186472.6478514005,1,0.0,0.008661985397338867
1,molrk3,random,0.0,1,3,0.03,0.5,1,100,7.354748983201516e-05,6799,0.33333333333333337,0.02206424694960455,0.007354748983201516,0.29708077655482557,0,3,-0.3756622491464274,1.7513244982928549,1.064873550485479,3.9755024487679236e+186,9.559129512886697e+273,inf,9021912.243186306,9021912.359244939,1,0.0,0.008654117584228516
1,maxent,random,0.0,1,3,0.03,0.5,1,100,7.354748983201516e-05,6799,0.33333333333333337,0.02206424694960455,0.007354748983201516,0.29708077655482557,35,3,-0.3798796602238357,1.7597593204476707,1.062914594525259,1.4534179788694186e+181,9.631051083261162e+265,inf,4280285.098233668,4280285.214292301,1,0.0,0.8496561050415039
1,lp,random,0.0,1,3,0.03,0.5,1,100,7.354748983201516e-05,6799,0.33333333333333337,0.02206424694960455,0.007354748983201516,0.29708077655482557,35,3,-0.3798796602238357,1.7597593204476707,1.062914594525259,1.4534179788694256e+181,9.631051083261208e+265,inf,4280285.098171717,4280285.214230349,1,0.0,0.05708193778991699
1,lprand,random,0.0,1,3,0.03,0.5,1,100,7.354748983201516e-05,6799,0.33333333333333337,0.02206424694960455,0.007354748983201516,0.29708077655482557,35,3,-0.3798796602238357,1.7597593204476707,1.062914594525259,1.4534179788694256e+181,9.631051083261208e+265,inf,4280285.098171717,4280285.214230349,1,0.0,0.04896092414855957
1,maxentw,random,0.0,1,3,0.03,0.5,1,100,7.354748983201516e-05,6799,0.33333333333333337,0.02206424694960455,0.007354748983201516,0.29708077655482557,1,7,-0.06914052963343759,1.1382810592668755,1.0000002286168106,2579.0087541447942,5110.363068906401,10.390302321102412,10.390302321102412,9.888137395973608,0,0.0,1.2467041015625
1,minnorm,random,0.0,1,5,0.03,0.5,1,100,7.354748983201516e-05,6799,0.33333333333333337,0.02206424694960455,0.007354748983201516,0.29708077655482557,0,5,-0.23664231059622803,1.6240176727814954,1.0003383084302258,1329.2392284377747,6150.606978706134,18.324963115973304,18.324963115973304,18.131641728189507,1,0.0,0.020871400833129883
1,projgauss,random,0.0,1,5,0.03,0.5,1,100,7.354748983201516e-05,6799,0.33333333333333337,0.02206424694960455,0.007354748983201516,0.29708077655482557,0,5,-0.264226079399497,1.644875868528723,1.0002974787204182,984.5544705989714,4057.4794937486936,18.000181194172193,18.000181194172193,18.15711916321178,1,0.0,0.021213054656982422
1,spectral,random,0.0,1,5,0.03,0.5,1,100,7.354748983201516e-05,6799,0.33333333333333337,0.02206424694960455,0.007354748983201516,0.29708077655482557,0,5,-0.6797954172465674,3.6128869902859013,1.000113945262923,6054.08436508,11966.77048481431,17.551306386934634,17.551306386934634,17.708244355974223,1,0.0,0.025961875915527344
1,spectralg,random,0.0,1,5,0.03,0.5,1,100,7.354748983201516e-05,6799,0.33333333333333337,0.02206424694960455,0.007354748983201516,0.29708077655482557,0,5,-0.6797954172465674,3.6128869902859013,1.0001113363581888,6056.425383494865,11972.469956672694,17.51525477285802,17.51525477285802,17.67219274189761,1,0.0,0.04564094543457031
1,molfe,random,0.0,1,5,0.03,0.5,1,100,7.354748983201516e-05,6799,0.33333333333333337,0.02206424694960455,0.007354748983201516,0.29708077655482557,0,5,-0.05561049028385172,1.2035745766792298,1.003319364201059,83658615493.41962,3056520508023986.0,inf,1163759.0528243396,1163759.3918482934,1,0.0,0.02073192596435547
1,molrk3,random,0.0,1,5,0.03,0.5,1,100,7.354748983201516e-05,6799,0.33333333333333337,0.02206424694960455,0.007354748983201516,0.29708077655482557,0,5,-0.05534191929860596,1.2021554127662062,1.003324879385971,86636657686.18263,3229238705743685.0,inf,1203277.7328427508,1203278.0718667046,1,0.0,0.024419069290161133
1,maxent,random,0.0,1,5,0.03,0.5,1,100,7.354748983201516e-05,6799,0.33333333333333337,0.02206424694960455,0.007354748983201516,0.29708077655482557,7,5,-0.2358934789301969,1.6240176727814954,1.0001346129507134,1391.022598740995,2754.4097443548335,17.58747360256668,17.58747360256668,17.744411571606268,1,0.0,0.6387507915496826
1,lp,random,0.0,1,5,0.03,0.5,1,100,7.354748983201516e-05,6799,0.33333333333333337,0.02206424694960455,0.007354748983201516,0.29708077655482557,7,5,-0.2358934789301969,1.6240176727814954,1.000115305917284,1612.3551564213026,3194.245119507441,17.531625849511745,17.531625849511745,17.688563818551334,1,0.0,0.06767797470092773
1,lprand,random,0.0,1,5,0.03,0.5,1,100,7.354748983201516e-05,6799,0.33333333333333337,0.02206424694960455,0.007354748983201516,0.29708077655482557,7,5,-0.2358934789301969,1.6240176727814954,1.000125993700943,3936.9501414423266,7822.776229770094,17.5695168540348,17.5695168540348,17.726454823074388,1,0.0,0.0681300163269043
1,maxentw,random,0.0,1,5,0.03,0.5,1,100,7.354748983201516e-05,6799,0.33333333333333337,0.02206424694960455,0.007354748983201516,0.29708077655482557,1,7,-0.1517354916822508,1.4124040162280966,1.000000125340677,539.0360884656637,1057.240158572613,10.61681810012791,10.61681810012791,10.114653174999106,1,0.0,0.7210829257965088
1,minnorm,random,0.0,1,7,0.03,0.5,1,100,7.354748983201516e-05,6799,0.33333333333333337,0.02206424694960455,0.007354748983201516,0.29708077655482557,0,7,-0.22095259790376082,1.5983705222343236,0.9999999999999987,1.2897156815079636,1.8540675690707826,0.11776139743857805,0.19928918036414278,1.2745841073811561,0,0.0,0.0202789306640625
1,projgauss,random,0.0,1,7,0.03,0.5,1,100,7.354748983201516e-05,6799,0.33333333333333337,0.02206424694960455,0.007354748983201516,0.29708077655482557,0,7,-0.167133897808131,1.469262564839718,1.000000000000003,1.1906782484174012,1.5588319528875152,0.07775074434237372,0.13043899699716255,1.2699921429893213,0,0.0,0.023082971572875977
1,spectral,random,0.0,1,7,0.03,0.5,1,100,7.354748983201516e-05,6799,0.33333333333333337,0.02206424694960455,0.007354748983201516,0.29708077655482557,0,7,-0.9012661653189044,4.100346983585475,0.9999999999999926,1.924142454716079,14.732633819375472,0.02362593079412878,0.050133280605412,1.2707317331573342,0,0.0,0.026966094970703125
1,spectralg,random,0.0,1,7,0.03,0.5,1,100,7.354748983201516e-05,6799,0.33333333333333337,0.02206424694960455,0.007354748983201516,0.29708077655482557,0,7,-0.9012661653189044,4.100346983585475,0.9999999999999926,1.924142454716079,14.732633819375472,0.02362593079412878,0.050133280605412,1.2707317331573342,0,0.0,0.0437932014465332
1,molfe,random,0.0,1,7,0.03,0.5,1,100,7.354748983201516e-05,6799,0.33333333333333337,0.02206424694960455,0.007354748983201516,0.29708077655482557,0,7,-0.010056269185086415,1.0408398286530682,1.0054228663519087,2.8376095439841588e+16,9.361114247427364e+23,inf,1353779.189830436,1353778.694439806,1,0.0,0.015289068222045898
1,molrk3,random,0.0,1,7,0.03,0.5,1,100,7.354748983201516e-05,6799,0.33333333333333337,0.02206424694960455,0.007354748983201516,0.29708077655482557,0,7,-0.009965377315444206,1.0404771369830688,1.0054375966704518,3.1348223800707784e+16,1.0838145933873207e+24,inf,1433698.9945830577,1433698.4991924278,1,0.0,0.019054889678955078
1,maxent,random,0.0,1,7,0.03,0.5,1,100,7.354748983201516e-05,6799,0.33333333333333337,0.02206424694960455,0.007354748983201516,0.29708077655482557,1,7,-0.16939029351718388,1.3387805870343672,1.0000000000000016,1.036906644111725,1.5690772735932075,0.026550606416560152,0.05532117996915942,1.2691892284528945,0,0.0,0.5694458484649658
1,lp,random,0.0,1,7,0.03,0.5,1,100,7.354748983201516e-05,6799,0.33333333333333337,0.02206424694960455,0.007354748983201516,0.29708077655482557,1,7,-0.16939029351718388,1.3387805870343672,1.000000000000002,1.030636202365887,1.5777166377114564,0.04366413499245121,0.06362005674882809,1.2701818225736203,0,0.0,0.07052803039550781
1,lprand,random,0.0,1,7,0.03,0.5,1,100,7.354748983201516e-05,6799,0.33333333333333337,0.02206424694960455,0.007354748983201516,0.29708077655482557,1,7,-0.16939029351718388,1.3387805870343672,0.9999999999999992,1.0271947864969948,1.502693840529059,0.03129320016461462,0.05191101949411758,1.2695993891824742,0,0.0,0.07340216636657715
1,maxentw,random,0.0,1,7,0.03,0.5,1,100,7.354748983201516e-05,6799,0.33333333333333337,0.02206424694960455,0.007354748983201516,0.29708077655482557,1,7,-0.16939029351718388,1.3387805870343672,1.0000000000000016,1.036906644111725,1.5690772735932075,0.026550606416560152,0.05532117996915942,1.2691892284528945,0,0.0,0.6154329776763916
1,minnorm,random,0.0,2,3,0.03,0.5,1,100,8.552222657238959e-05,5847,0.33333333333333337,0.025656667971716875,0.00855222265723896,0.3203539790401666,0,3,-0.38506512033360396,1.7701302406672084,1.035700355873423,1.667677079644473e+90,3.086278048950303e+153,inf,36352390.53912542,36352390.74326784,1,0.0,0.009215831756591797
1,projgauss,random,0.0,2,3,0.03,0.5,1,100,8.552222657238959e-05,5847,0.33333333333333337,0.025656667971716875,0.00855222265723896,0.3203539790401666,0,3,-0.3850651203336045,1.7701302406672093,1.0357003558734224,1.6676770796384569e+90,3.0862780489310796e+153,inf,36352390.53722003,36352390.74136245,1,0.0,0.00927281379699707
1,spectral,random,0.0,2,3,0.03,0.5,1,100,8.552222657238959e-05,5847,0.33333333333333337,0.025656667971716875,0.00855222265723896,0.3203539790401666,0,3,-0.38506512033360396,1.7701302406672084,1.035700355873423,1.667677079644473e+90,3.086278048950303e+153,inf,36352390.53912542,36352390.74326784,1,0.0,0.009113073348999023
1,spectralg,random,0.0,2,3,0.03,0.5,1,100,8.552222657238959e-05,5847,0.33333333333333337,0.025656667971716875,0.00855222265723896,0.3203539790401666,0,3,-0.38506512033360396,1.7701302406672084,1.035700355873423,1.667677079644473e+90,3.086278048950303e+153,inf,36352390.53912542,36352390.74326784,1,0.0,0.009036779403686523
1,molfe,random,0.0,2,3,0.03,0.5,1,100,8.552222657238959e-05,5847,0.33333333333333337,0.025656667971716875,0.00855222265723896,0.3203539790401666,0,3,-0.3845798134611542,1.7691596269223084,1.0356663379495366,1.376461976150085e+90,2.222519966963367e+153,inf,35527419.40113888,35527419.6052813,1,0.0,0.00979304313659668
1,molrk3,random,0.0,2,3,0.03,0.5,1,100,8.552222657238959e-05,5847,0.33333333333333337,0.025656667971716875,0.00855222265723896,0.3203539790401666,0,3,-0.35108548222968083,1.7021709644593614,1.0363099435656487,5.20369429932165e+91,1.1088984445731756e+156,inf,54745404.88149638,54745405.0856388,1,0.0,0.009997129440307617
1,maxent,random,0.0,2,3,0.03,0.5,1,100,8.552222657238959e-05,5847,0.33333333333333337,0.025656667971716875,0.00855222265723896,0.3203539790401666,34,3,-0.38506512033360396,1.7701302406672084,1.035700355873423,1.6676770796465243e+90,3.0862780489540995e+153,inf,36352390.557583556,36352390.76172598,1,0.0,0.8371708393096924
1,lp,random,0.0,2,3,0.03,0.5,1,100,8.552222657238959e-05,5847,0.33333333333333337,0.025656667971716875,0.00855222265723896,0.3203539790401666,34,3,-0.38506512033360396,1.7701302406672084,1.035700355873423,1.6676770796444428e+90,3.086278048950246e+153,inf,36352390.54060437,36352390.74474679,1,0.0,0.04822516441345215
1,lprand,random,0.0,2,3,0.03,0.5,1,100,8.552222657238959e-05,5847,0.33333333333333337,0.025656667971716875,0.00855222265723896,0.3203539790401666,34,3,-0.38506512033360396,1.7701302406672084,1.035700355873423,1.6676770796444448e+90,3.086278048950251e+153,inf,36352390.54063246,36352390.74477488,1,0.0,0.04751467704772949
1,maxentw,random,0.0,2,3,0.03,0.5,1,100,8.552222657238959e-05,5847,0.33333333333333337,0.025656667971716875,0.00855222265723896,0.3203539790401666,0,7,1.5489199853241666e-36,1.0000000000000004,1.0000000000000027,1.0000000000004385,1.000000000000635,0.00411247727955294,0.006562581697041603,1.269108628857635,0,0.0,1.1589910984039307
1,minnorm,random,0.0,2,5,0.03,0.5,1,100,8.552222657238959e-05,5847,0.33333333333333337,0.025656667971716875,0.00855222265723896,0.3203539790401666,0,5,-0.25192907343063453,1.5665671379571664,1.0000214024640401,4740.415435907332,21621.02768752881,12.105369693049198,12.105369693049198,11.605643987279233,1,0.0,0.018804073333740234
1,projgauss,random,0.0,2,5,0.03,0.5,1,100,8.552222657238959e-05,5847,0.33333333333333337,0.025656667971716875,0.00855222265723896,0.3203539790401666,0,5,-0.2262436846145782,1.5835355463094902,1.000000453875952,3322.772589880391,12330.365919167245,10.163230530980647,10.163230530980647,10.638142687570486,1,0.0,0.01978588104248047
1,spectral,random,0.0,2,5,0.03,0.5,1,100,8.552222657238959e-05,5847,0.33333333333333337,0.025656667971716875,0.00855222265723896,0.3203539790401666,0,5,-0.8232958222267351,3.4098414487972697,1.0000002708977296,11871.241859992628,32517.249490144965,9.942707237580022,9.942707237580022,10.271774921190207,1,0.0,0.024429798126220703
1,spectralg,random,0.0,2,5,0.03,0.5,1,100,8.552222657238959e-05,5847,0.33333333333333337,0.025656667971716875,0.00855222265723896,0.3203539790401666,0,5,-0.8232958222267351,3.4098414487972697,1.0000003075596893,11871.241859992628,32517.249490144965,9.942707237580022,9.942707237580022,10.271774921190207,1,0.0,0.03737497329711914
1,molfe,random,0.0,2,5,0.03,0.5,1,100,8.552222657238959e-05,5847,0.33333333333333337,0.025656667971716875,0.00855222265723896,0.3203539790401666,0,5,-0.03605894512459345,1.1523058528769436,1.0056001462957636,1509924466797804.0,1.7837821884571016e+25,inf,1251427.1302705877,1251426.6578873983,1,0.0,0.01439523696899414
1,molrk3,random,0.0,2,5,0.03,0.5,1,100,8.552222657238959e-05,5847,0.33333333333333337,0.025656667971716875,0.00855222265723896,0.3203539790401666,0,5,-0.03590017500531166,1.1509392600924715,1.005615856386654,1654343524460739.5,2.0854001078479163e+25,inf,1323742.555522752,1323742.0831395625,1,0.0,0.01441812515258789
1,maxent,random,0.0,2,5,0.03,0.5,1,100,8.552222657238959e-05,5847,0.33333333333333337,0.025656667971716875,0.00855222265723896,0.3203539790401666,4,5,-0.21384534162856575,1.5665671379571664,1.000000195160668,3721.863019879483,10198.431212843558,9.983999746981482,9.983999746981482,10.313067430591667,1,0.0,0.6170320510864258
1,lp,random,0.0,2,5,0.03,0.5,1,100,8.552222657238959e-05,5847,0.33333333333333337,0.025656667971716875,0.00855222265723896,0.3203539790401666,4,5,-0.21384534162856575,1.5665671379571664,1.0000001252076118,4477.50383795274,12302.640679754393,9.954624247351676,9.954624247351676,10.283691930961862,1,0.0,0.07086992263793945
1,lprand,random,0.0,2,5,0.03,0.5,1,100,8.552222657238959e-05,5847,0.33333333333333337,0.025656667971716875,0.00855222265723896,0.3203539790401666,4,5,-0.21384534162856575,1.5665671379571664,1.000000250462253,4077.9923489767934,11220.243506171759,9.982288659016392,9.982288659016392,10.311356342626578,1,0.0,0.0685720443725586
1,maxentw,random,0.0,2,5,0.03,0.5,1,100,8.552222657238959e-05,5847,0.33333333333333337,0.025656667971716875,0.00855222265723896,0.3203539790401666,0,7,1.5489199853241666e-36,1.0000000000000004,0.9999999999999994,1.0000000000005154,1.0000000000007074,0.004103924112866808,0.006542335587634285,1.269108072557623,0,0.0,0.618955135345459
1,minnorm,random,0.0,2,7,0.03,0.5,1,100,8.552222657238959e-05,5847,0.33333333333333337,0.025656667971716875,0.00855222265723896,0.3203539790401666,0,7,-0.2156130111506289,1.5334236151794556,0.9999999999999977,1.2137265499032965,1.7357688030898974,0.07843090898564631,0.15693114127883617,1.2681423420546403,0,0.0,0.023777008056640625
1,projgauss,random,0.0,2,7,0.03,0.5,1,100,8.552222657238959e-05,5847,0.33333333333333337,0.025656667971716875,0.00855222265723896,0.3203539790401666,0,7,-0.13926425600960432,1.4253443123697824,1.000000000000005,1.0737635424943408,1.5291266477932155,0.04450828763302245,0.09717217501073666,1.2675954517939392,0,0.0,0.02487015724182129
1,spectral,random,0.0,2,7,0.03,0.5,1,100,8.552222657238959e-05,5847,0.33333333333333337,0.025656667971716875,0.00855222265723896,0.3203539790401666,0,7,-0.6668276513074496,3.1856999966392303,1.0000000000000022,2.633939234656699,9.437249676306063,0.03408082475685942,0.05458655234293651,1.2694838617746012,0,0.0,0.02567315101623535
1,spectralg,random,0.0,2,7,0.03,0.5,1,100,8.552222657238959e-05,5847,0.33333333333333337,0.025656667971716875,0.00855222265723896,0.3203539790401666,0,7,-0.6668276513074496,3.1856999966392303,1.0000000000000022,2.633939234656699,9.437249676306063,0.03408082475685942,0.05458655234293651,1.2694838617746012,0,0.0,0.039240121841430664
1,molfe,random,0.0,2,7,0.03,0.5,1,100,8.552222657238959e-05,5847,0.33333333333333337,0.025656667971716875,0.00855222265723896,0.3203539790401666,0,7,-0.015152125882829418,1.0769970741979527,1.0085872792940538,1.233884036940334e+22,3.261243355456444e+37,inf,1647598.9180292094,1647598.0878952171,1,0.0,0.013983964920043945
1,molrk3,random,0.0,2,7,0.03,0.5,1,100,8.552222657238959e-05,5847,0.33333333333333337,0.025656667971716875,0.00855222265723896,0.3203539790401666,0,7,-0.01499273539540279,1.0761512761015495,1.00862425551651,1.5288597999425788e+22,4.7054236316025695e+37,inf,1809174.3948011834,1809173.5646671911,1,0.0,0.014508724212646484
1,maxent,random,0.0,2,7,0.03,0.5,1,100,8.552222657238959e-05,5847,0.33333333333333337,0.025656667971716875,0.00855222265723896,0.3203539790401666,0,7,9.446958638987687e-76,1.0000000000000004,1.0000000000000002,1.0000000000003808,1.000000000000609,0.004091257598502818,0.006509784943987684,1.2691084467510074,0,0.0,0.6370022296905518
1,lp,random,0.0,2,7,0.03,0.5,1,100,8.552222657238959e-05,5847,0.33333333333333337,0.025656667971716875,0.00855222265723896,0.3203539790401666,0,7,0.0,1.0000000000000002,1.0000000000000013,1.000000000000049,1.000000000000049,0.025772963587922873,0.02943235924999399,1.270053899972664,0,0.0,0.07174396514892578
1,lprand,random,0.0,2,7,0.03,0.5,1,100,8.552222657238959e-05,5847,0.33333333333333337,0.025656667971716875,0.00855222265723896,0.3203539790401666,0,7,0.0,1.0,1.0000000000000002,0.9999999999999618,1.0000000000000193,0.015829962919569063,0.017352788759741118,1.269738746767247,0,0.0,0.0687570571899414
1,maxentw,random,0.0,2,7,0.03,0.5,1,100,8.552222657238959e-05,5847,0.33333333333333337,0.025656667971716875,0.00855222265723896,0.3203539790401666,0,7,9.446958638987687e-76,1.0000000000000004,1.0000000000000002,1.0000000000003808,1.000000000000609,0.004091257598502818,0.006509784943987684,1.2691084467510074,0,0.0,0.62851881980896
1,minnorm,jitter,0.0,0,3,0.01,0.5,1,100,0.002499999999999949,201,1.0,0.2499999999999949,0.2499999999999949,0.9999999999999898,0,3,0.15624999999999578,1.0000000000000007,0.9999999999999978,1.0000000000001148,1.0000000000053915,0.0030776419034854244,0.0030776419034854244,1.2884370764132513,0,0.0,0.008267641067504883
1,projgauss,jitter,0.0,0,3,0.01,0.5,1,100,0.002499999999999949,201,1.0,0.2499999999999949,0.2499999999999949,0.9999999999999898,0,3,0.15624999999999578,1.0,1.0000000000000024,0.9999999999999882,1.0,0.003077641903492405,0.003077641903492405,1.2884370764132478,0,0.0,0.009057760238647461
1,spectral,jitter,0.0,0,3,0.01,0.5,1,100,0.002499999999999949,201,1.0,0.2499999999999949,0.2499999999999949,0.9999999999999898,0,3,0.15624999999999578,1.0000000000000007,0.9999999999999978,1.0000000000001148,1.0000000000053915,0.0030776419034854244,0.0030776419034854244,1.2884370764132513,0,0.0,0.00885772705078125
1,spectralg,jitter,0.0,0,3,0.01,0.5,1,100,0.002499999999999949,201,1.0,0.2499999999999949,0.2499999999999949,0.9999999999999898,0,3,0.15624999999999578,1.0000000000000007,0.9999999999999978,1.0000000000001148,1.0000000000053915,0.0030776419034854244,0.0030776419034854244,1.2884370764132513,0,0.0,0.00880575180053711
1,molfe,jitter,0.0,0,3,0.01,0.5,1,100,0.002499999999999949,201,1.0,0.2499999999999949,0.2499999999999949,0.9999999999999898,0,3,0.0,1.0,1.0000000000000033,0.9999999999999695,1.0,0.03905719491938231,0.03905719491938231,1.2896781214127409,0,0.0,0.008662700653076172
1,molrk3,jitter,0.0,0,3,0.01,0.5,1,100,0.002499999999999949,201,1.0,0.2499999999999949,0.2499999999999949,0.9999999999999898,0,3,0.0,1.0,0.9999999999999996,0.999999999999965,1.0,0.005466134666257998,0.005466134666257998,1.2884807657252642,0,0.0,0.0076329708099365234
1,maxent,jitter,0.0,0,3,0.01,0.5,1,100,0.002499999999999949,201,1.0,0.2499999999999949,0.2499999999999949,0.9999999999999898,0,3,0.15624999999999575,1.0,1.0000000000000013,1.000000000000012,1.0000000000005722,0.0030776419034907534,0.0030776419034907534,1.2884370764132484,0,0.0,0.018980741500854492
1,lp,jitter,0.0,0,3,0.01,0.5,1,100,0.002499999999999949,201,1.0,0.2499999999999949,0.2499999999999949,0.9999999999999898,0,3,0.15624999999999578,1.0,1.0000000000000018,1.000000000000001,1.0000000000000335,0.0030776419034905106,0.0030776419034905106,1.288437076413248,0,0.0,0.048712968826293945
1,lprand,jitter,0.0,0,3,0.01,0.5,1,100,0.002499999999999949,201,1.0,0.2499999999999949,0.2499999999999949,0.9999999999999898,0,3,0.15624999999999578,1.0,1.0000000000000018,1.000000000000001,1.0000000000000335,0.0030776419034905106,0.0030776419034905106,1.288437076413248,0,0.0,0.05158495903015137
1,maxentw,jitter,0.0,0,3,0.01,0.5,1,100,0.002499999999999949,201,1.0,0.2499999999999949,0.2499999999999949,0.9999999999999898,0,3,0.15624999999999575,1.0,1.0000000000000013,1.000000000000012,1.0000000000005722,0.0030776419034907534,0.0030776419034907534,1.2884370764132484,0,0.0,0.019095897674560547
1,minnorm,jitter,0.0,0,5,0.01,0.5,1,100,0.002499999999999949,201,1.0,0.2499999999999949,0.2499999999999949,0.9999999999999898,0,5,-0.055357142857144,1.1107142857142873,1.0000000000000009,0.9999999999998616,1.1107142857142873,0.010024727775715524,0.010024727775715524,1.2885083881557575,0,0.0,0.007124900817871094
1,projgauss,jitter,0.0,0,5,0.01,0.5,1,100,0.002499999999999949,201,1.0,0.2499999999999949,0.2499999999999949,0.9999999999999898,0,5,-0.02963268417814479,1.0592653683562894,0.9999999999999978,0.9999999999999909,1.0592653683562898,0.005194452241383787,0.005194452241383787,1.28845656981164,0,0.0,0.008085012435913086
1,spectral,jitter,0.0,0,5,0.01,0.5,1,100,0.002499999999999949,201,1.0,0.2499999999999949,0.2499999999999949,0.9999999999999898,0,5,0.0051287039876242585,0.9999999999999996,0.9999999999999977,0.9999999999998503,0.9999999999999996,0.0008752002913495274,0.0008752002913495274,1.288414273120111,0,0.0,0.012757062911987305
1,spectralg,jitter,0.0,0,5,0.01,0.5,1,100,0.002499999999999949,201,1.0,0.2499999999999949,0.2499999999999949,0.9999999999999898,0,5,0.0051287039876242585,0.9999999999999996,0.9999999999999977,0.9999999999998503,0.9999999999999996,0.0008752002913495274,0.0008752002913495274,1.288414273120111,0,0.0,0.024042844772338867
1,molfe,jitter,0.0,0,5,0.01,0.5,1,100,0.002499999999999949,201,1.0,0.2499999999999949,0.2499999999999949,0.9999999999999898,0,5,-0.06071428571428518,1.1428571428571417,1.1428571428571392,453295431953.6093,inf,0.04117017893509478,0.04117017893509478,1.2898116340802797,0,0.0,0.007841110229492188
1,molrk3,jitter,0.0,0,5,0.01,0.5,1,100,0.002499999999999949,201,1.0,0.2499999999999949,0.2499999999999949,0.9999999999999898,0,5,-0.056923355502915,1.1535471331389682,1.153547133138961,2945128053936.1167,inf,0.018613483439889063,0.018613483439889063,1.2886748984060818,0,0.0,0.007809638977050781
1,maxent,jitter,0.0,0,5,0.01,0.5,1,100,0.002499999999999949,201,1.0,0.2499999999999949,0.2499999999999949,0.9999999999999898,0,5,0.0036298427909105748,1.0000000000000002,0.9999999999999993,0.9999999999999958,1.0000000000000004,3.3812303603580895e-05,3.3812303603580895e-05,1.2884039246394412,0,0.0,0.022936105728149414
1,lp,jitter,0.0,0,5,0.01,0.5,1,100,0.002499999999999949,201,1.0,0.2499999999999949,0.2499999999999949,0.9999999999999898,0,5,0.0,1.0,0.9999999999999994,0.9999999999999983,1.0,0.01469543753798385,0.01469543753798385,1.288596274509548,0,0.0,0.050862789154052734
1,lprand,jitter,0.0,0,5,0.01,0.5,1,100,0.002499999999999949,201,1.0,0.2499999999999949,0.2499999999999949,0.9999999999999898,0,5,0.0,1.0,1.0,1.0000000000000007,1.0000000000000013,0.00726877307824899,0.00726877307824899,1.288428186644444,0,0.0,0.05306601524353027
1,maxentw,jitter,0.0,0,5,0.01,0.5,1,100,0.002499999999999949,201,1.0,0.2499999999999949,0.2499999999999949,0.9999999999999898,0,5,0.0036298427909105748,1.0000000000000002,0.9999999999999993,0.9999999999999958,1.0000000000000004,3.3812303603580895e-05,3.3812303603580895e-05,1.2884039246394412,0,0.0,0.02408313751220703
1,minnorm,jitter,0.0,0,7,0.01,0.5,1,100,0.002499999999999949,201,1.0,0.2499999999999949,0.2499999999999949,0.9999999999999898,0,7,-0.08854166666666731,1.2470238095238135,0.9999999999999998,1.002247158066891,1.2470238095238138,0.029627294201763008,0.029627294201763008,1.2886254820433902,0,0.0,0.008056879043579102
1,projgauss,jitter,0.0,0,7,0.01,0.5,1,100,0.002499999999999949,201,1.0,0.2499999999999949,0.2499999999999949,0.9999999999999898,0,7,-0.02749047278112482,1.0953377866541618,0.9999999999999997,1.0000026210390072,1.0953377866541618,0.008032257060130304,0.008032257060130304,1.2884468231754016,0,0.0,0.008723974227905273
1,spectral,jitter,0.0,0,7,0.01,0.5,1,100,0.002499999999999949,201,1.0,0.2499999999999949,0.2499999999999949,0.9999999999999898,0,7,-0.0019223412497903214,1.0038446824995808,1.000000000000001,1.0000000000001001,1.0038446824995808,0.0018132856232610656,0.0018132856232610656,1.2884263381940773,0,0.0,0.014770984649658203
1,spectralg,jitter,0.0,0,7,0.01,0.5,1,100,0.002499999999999949,201,1.0,0.2499999999999949,0.2499999999999949,0.9999999999999898,0,7,-0.0019223412497903214,1.0038446824995808,1.000000000000001,1.0000000000001001,1.0038446824995808,0.0018132856232610656,0.0018132856232610656,1.2884263381940773,0,0.0,0.028525114059448242
1,molfe,jitter,0.0,0,7,0.01,0.5,1,100,0.002499999999999949,201,1.0,0.2499999999999949,0.2499999999999949,0.9999999999999898,0,7,-0.026785714285713927,1.1071428571428557,1.0544341106223054,54447.587755055756,1.9928909200609807e+230,0.05131707940789687,0.05131707940789687,1.2900858465354956,0,0.0,0.008713006973266602
1,molrk3,jitter,0.0,0,7,0.01,0.5,1,100,0.002499999999999949,201,1.0,0.2499999999999949,0.2499999999999949,0.9999999999999898,0,7,-0.025938063097262383,1.107318825037454,1.055887157097659,71995.59861824085,1.9038950441906025e+236,0.03821425212067179,0.03821425212067179,1.288963796831483,0,0.0,0.008244991302490234
1,maxent,jitter,0.0,0,7,0.01,0.5,1,100,0.002499999999999949,201,1.0,0.2499999999999949,0.2499999999999949,0.9999999999999898,0,7,1.4564788020780773e-05,1.0000000000000002,1.0000000000000004,1.0000000000000018,1.0000000000000036,7.002399102992718e-05,7.002399102992718e-05,1.2884046229915036,0,0.0,0.03415703773498535
1,lp,jitter,0.0,0,7,0.01,0.5,1,100,0.002499999999999949,201,1.0,0.2499999999999949,0.2499999999999949,0.9999999999999898,0,7,0.0,1.0,1.000000000000002,1.0000000000000033,1.0000000000001472,0.024239760494314443,0.024239760494314443,1.2887459089700952,0,0.0,0.05037808418273926
1,lprand,jitter,0.0,0,7,0.01,0.5,1,100,0.002499999999999949,201,1.0,0.2499999999999949,0.2499999999999949,0.9999999999999898,0,7,0.0,1.0000000000000002,0.9999999999999984,1.0000000000000024,1.0000000000000429,0.011649590081747957,0.012077405993545771,1.2886956646155334,0,0.0,0.050343990325927734
1,maxentw,jitter,0.0,0,7,0.01,0.5,1,100,0.002499999999999949,201,1.0,0.2499999999999949,0.2499999999999949,0.9999999999999898,0,7,1.4564788020780773e-05,1.0000000000000002,1.0000000000000004,1.0000000000000018,1.0000000000000036,7.002399102992718e-05,7.002399102992718e-05,1.2884046229915036,0,0.0,0.033827781677246094
1,minnorm,jitter,0.1,0,3,0.01,0.5,1,100,0.0016376429299489038,306,1.0,0.16376429299489037,0.16376429299489037,0.8093560230081454,0,3,0.07251129830908742,1.0000000000000013,1.0000000000000022,1.000000000000038,1.0000000000008644,8.208529374737839e-05,9.498844451349964e-05,1.2887772584674835,0,0.0,0.00866389274597168
1,projgauss,jitter,0.1,0,3,0.01,0.5,1,100,0.0016376429299489038,306,1.0,0.16376429299489037,0.16376429299489037,0.8093560230081454,0,3,0.07251129830908731,1.0000000000000007,1.0000000000000013,1.0000000000000182,1.000000000000341,8.208529375097274e-05,9.498844451644173e-05,1.2887772584674813,0,0.0,0.009651899337768555
1,spectral,jitter,0.1,0,3,0.01,0.5,1,100,0.0016376429299489038,306,1.0,0.16376429299489037,0.16376429299489037,0.8093560230081454,0,3,0.07251129830908742,1.0000000000000013,1.0000000000000022,1.000000000000038,1.0000000000008644,8.208529374737839e-05,9.498844451349964e-05,1.2887772584674835,0,0.0,0.009397029876708984
1,spectralg,jitter,0.1,0,3,0.01,0.5,1,100,0.0016376429299489038,306,1.0,0.16376429299489037,0.16376429299489037,0.8093560230081454,0,3,0.07251129830908742,1.0000000000000013,1.0000000000000022,1.000000000000038,1.0000000000008644,8.208529374737839e-05,9.498844451349964e-05,1.2887772584674835,0,0.0,0.009479045867919922
1,molfe,jitter,0.1,0,3,0.01,0.5,1,100,0.0016376429299489038,306,1.0,0.16376429299489037,0.16376429299489037,0.8093560230081454,0,3,0.0,1.0000000000000002,1.0,0.9999999999999758,1.0000000000000009,0.02528197500782081,0.02528197500782081,1.2895911894176006,0,0.0,0.009148359298706055
1,molrk3,jitter,0.1,0,3,0.01,0.5,1,100,0.0016376429299489038,306,1.0,0.16376429299489037,0.16376429299489037,0.8093560230081454,0,3,0.0,1.0000000000000002,1.0000000000000009,0.9999999999999762,1.0000000000000004,0.005586294849424153,0.005586294849424153,1.2888525450098771,0,0.0,0.008064031600952148
1,maxent,jitter,0.1,0,3,0.01,0.5,1,100,0.0016376429299489038,306,1.0,0.16376429299489037,0.16376429299489037,0.8093560230081454,0,3,0.07251129830909157,1.0000000000000002,0.999999999999999,1.0000000000000067,1.0000000000001383,8.208568357432949e-05,9.498891498060935e-05,1.2887772584674813,0,0.0,0.31675124168395996
1,lp,jitter,0.1,0,3,0.01,0.5,1,100,0.0016376429299489038,306,1.0,0.16376429299489037,0.16376429299489037,0.8093560230081454,0,3,0.0725112983090873,1.0,1.0000000000000049,1.0000000000000016,1.0000000000000127,8.208529375100136e-05,9.498844451746868e-05,1.2887772584674813,0,0.0,0.05109715461730957
1,lprand,jitter,0.1,0,3,0.01,0.5,1,100,0.0016376429299489038,306,1.0,0.16376429299489037,0.16376429299489037,0.8093560230081454,0,3,0.0725112983090873,1.0,1.0000000000000049,1.0000000000000016,1.0000000000000127,8.208529375100136e-05,9.498844451746868e-05,1.2887772584674813,0,0.0,0.05239605903625488
1,maxentw,jitter,0.1,0,3,0.01,0.5,1,100,0.0016376429299489038,306,1.0,0.16376429299489037,0.16376429299489037,0.8093560230081454,0,3,0.07251129830909157,1.0000000000000002,0.999999999999999,1.0000000000000067,1.0000000000001383,8.208568357432949e-05,9.498891498060935e-05,1.2887772584674813,0,0.0,0.31656503677368164
1,minnorm,jitter,0.1,0,5,0.01,0.5,1,100,0.0016376429299489038,306,1.0,0.16376429299489037,0.16376429299489037,0.8093560230081454,0,5,-0.08314723776848783,1.2040953647301578,1.0000000000000033,1.0000057822431552,1.2040953647301575,0.013002888562209214,0.013002888562209214,1.2888961248469604,0,0.0,0.009087085723876953
1,projgauss,jitter,0.1,0,5,0.01,0.5,1,100,0.0016376429299489038,306,1.0,0.16376429299489037,0.16376429299489037,0.8093560230081454,0,5,-0.06256428086262081,1.1628799489961732,1.0000000000000016,0.9999999999999911,1.1628799489961734,0.008182671579204465,0.008182671579204465,1.288849467660913,0,0.0,0.010001182556152344
1,spectral,jitter,0.1,0,5,0.01,0.5,1,100,0.0016376429299489038,306,1.0,0.16376429299489037,0.16376429299489037,0.8093560230081454,0,5,-0.04735777004638071,1.0947155400927597,1.0000000000000004,0.999999999999896,1.0947155400927597,0.0025632572488109716,0.0025632572488109716,1.2887339274286491,0,0.0,0.014569997787475586
1,spectralg,jitter,0.1,0,5,0.01,0.5,1,100,0.0016376429299489038,306,1.0,0.16376429299489037,0.16376429299489037,0.8093560230081454,0,5,-0.04735777004638071,1.0947155400927597,1.0000000000000004,0.999999999999896,1.0947155400927597,0.0025632572488109716,0.0025632572488109716,1.2887339274286491,0,0.0,0.02558112144470215
1,molfe,jitter,0.1,0,5,0.01,0.5,1,100,0.0016376429299489038,306,1.0,0.16376429299489037,0.16376429299489037,0.8093560230081454,0,5,-0.04887832842297221,1.1174224956555665,1.0930837124294963,786203564252.0138,inf,inf,1645298.56955551,1645297.7794280876,1,0.0,0.00916910171508789
1,molrk3,jitter,0.1,0,5,0.01,0.5,1,100,0.0016376429299489038,306,1.0,0.16376429299489037,0.16376429299489037,0.8093560230081454,0,5,-0.04656736004316523,1.1214520004900017,1.0975504230296804,2743873534608.69,inf,inf,1658494.0155220735,1658493.1580501737,1,0.0,0.00915384292602539
1,maxent,jitter,0.1,0,5,0.01,0.5,1,100,0.0016376429299489038,306,1.0,0.16376429299489037,0.16376429299489037,0.8093560230081454,0,5,0.00011249366380412085,1.0000000000000002,1.0000000000000033,1.0000000000000058,1.0000000000000189,0.0008912160857256451,0.0008912160857256451,1.288787595192632,0,0.0,0.13570880889892578
1,lp,jitter,0.1,0,5,0.01,0.5,1,100,0.0016376429299489038,306,1.0,0.16376429299489037,0.16376429299489037,0.8093560230081454,0,5,0.0,1.0,1.0000000000000007,1.000000000000002,1.0000000000000309,0.01694132207587032,0.01694132207587032,1.2890077936726112,0,0.0,0.05140495300292969
1,lprand,jitter,0.1,0,5,0.01,0.5,1,100,0.0016376429299489038,306,1.0,0.16376429299489037,0.16376429299489037,0.8093560230081454,0,5,0.0,1.0,1.0000000000000029,1.0000000000000018,1.0000000000000018,0.01116903925616149,0.01116903925616149,1.2889502636579055,0,0.0,0.05160689353942871
1,maxentw,jitter,0.1,0,5,0.01,0.5,1,100,0.0016376429299489038,306,1.0,0.16376429299489037,0.16376429299489037,0.8093560230081454,0,5,0.00011249366380412085,1.0000000000000002,1.0000000000000033,1.0000000000000058,1.0000000000000189,0.0008912160857256451,0.0008912160857256451,1.288787595192632,0,0.0,0.13470101356506348
1,minnorm,jitter,0.1,0,7,0.01,0.5,1,100,0.0016376429299489038,306,1.0,0.16376429299489037,0.16376429299489037,0.8093560230081454,0,7,-0.10514671209493727,1.3344795406636898,1.0000000000000009,1.0050365841655202,1.3344795406636898,0.03292322124240776,0.03292322124240776,1.2889503034552983,0,0.0,0.008687019348144531
1,projgauss,jitter,0.1,0,7,0.01,0.5,1,100,0.0016376429299489038,306,1.0,0.16376429299489037,0.16376429299489037,0.8093560230081454,0,7,-0.04657860546779853,1.1732835208714258,0.9999999999999987,1.0001391626134108,1.1732835208714258,0.011385292627289434,0.011385292627289434,1.2888007153705747,0,0.0,0.009458780288696289
1,spectral,jitter,0.1,0,7,0.01,0.5,1,100,0.0016376429299489038,306,1.0,0.16376429299489037,0.16376429299489037,0.8093560230081454,0,7,-0.0924957386439384,1.2287438137840727,1.000000000000001,1.0000000000000089,1.228743813784073,0.005273710044053571,0.005273710044053571,1.2888501534213734,0,0.0,0.01480412483215332
1,spectralg,jitter,0.1,0,7,0.01,0.5,1,100,0.0016376429299489038,306,1.0,0.16376429299489037,0.16376429299489037,0.8093560230081454,0,7,-0.0924957386439384,1.2287438137840727,1.000000000000001,1.0000000000000089,1.228743813784073,0.005273710044053571,0.005273710044053571,1.2888501534213734,0,0.0,0.02846217155456543
1,molfe,jitter,0.1,0,7,0.01,0.5,1,100,0.0016376429299489038,306,1.0,0.16376429299489037,0.16376429299489037,0.8093560230081454,0,7,-0.01990390971560162,1.0804737024870528,1.035605472029125,76063.8830781473,1.479668122312775e+152,1.7223599872133544,1.7223599872133544,1.7970958010980125,0,0.0,0.008447885513305664
1,molrk3,jitter,0.1,0,7,0.01,0.5,1,100,0.0016376429299489038,306,1.0,0.16376429299489037,0.16376429299489037,0.8093560230081454,0,7,-0.01946272753578361,1.080430653634181,1.0362230458105945,92114.05375472334,5.741568257657367e+154,2.0239674695726975,2.0239674695726975,2.0987032834573554,0,0.0,0.008399724960327148
1,maxent,jitter,0.1,0,7,0.01,0.5,1,100,0.0016376429299489038,306,1.0,0.16376429299489037,0.16376429299489037,0.8093560230081454,0,7,1.951462231087523e-08,1.0000000000000002,0.9999999999999994,1.000000000000005,1.0000000000000402,0.0008952058642386486,0.0008952058642386486,1.2887876379810086,0,0.0,0.10719585418701172
1,lp,jitter,0.1,0,7,0.01,0.5,1,100,0.0016376429299489038,306,1.0,0.16376429299489037,0.16376429299489037,0.8093560230081454,0,7,0.0,1.0,1.0000000000000022,1.0000000000000002,1.0000000000000009,0.023139179717336686,0.023139179717336686,1.289121863361788,0,0.0,0.05081486701965332
1,lprand,jitter,0.1,0,7,0.01,0.5,1,100,0.0016376429299489038,306,1.0,0.16376429299489037,0.16376429299489037,0.8093560230081454,0,7,0.0,1.0,0.9999999999999982,1.0000000000000013,1.0000000000000178,0.011865350994736165,0.01218587551587716,1.2890375845910405,0,0.0,0.05333709716796875
1,maxentw,jitter,0.1,0,7,0.01,0.5,1,100,0.0016376429299489038,306,1.0,0.16376429299489037,0.16376429299489037,0.8093560230081454,0,7,1.951462231087523e-08,1.0000000000000002,0.9999999999999994,1.000000000000005,1.0000000000000402,0.0008952058642386486,0.0008952058642386486,1.2887876379810086,0,0.0,0.11248207092285156
1,minnorm,jitter,0.1,1,3,0.01,0.5,1,100,0.0016993317484049848,295,1.0,0.16993317484049847,0.16993317484049847,0.8244590343746583,0,3,0.07732161964775747,1.0000000000000018,1.0000000000000018,1.0000000000000484,1.0000000000008207,0.00016100623059667196,0.000163191760901793,1.2901398609536103,0,0.0,0.009600162506103516
1,projgauss,jitter,0.1,1,3,0.01,0.5,1,100,0.0016993317484049848,295,1.0,0.16993317484049847,0.16993317484049847,0.8244590343746583,0,3,0.0773216196477575,1.0000000000000007,1.0,1.0000000000000209,1.0000000000005056,0.00016100623059311925,0.00016319176089737986,1.2901398609536066,0,0.0,0.010505914688110352
1,spectral,jitter,0.1,1,3,0.01,0.5,1,100,0.0016993317484049848,295,1.0,0.16993317484049847,0.16993317484049847,0.8244590343746583,0,3,0.07732161964775747,1.0000000000000018,1.0000000000000018,1.0000000000000484,1.0000000000008207,0.00016100623059667196,0.000163191760901793,1.2901398609536103,0,0.0,0.010265111923217773
1,spectralg,jitter,0.1,1,3,0.01,0.5,1,100,0.0016993317484049848,295,1.0,0.16993317484049847,0.16993317484049847,0.8244590343746583,0,3,0.07732161964775747,1.0000000000000018,1.0000000000000018,1.0000000000000484,1.0000000000008207,0.00016100623059667196,0.000163191760901793,1.2901398609536103,0,0.0,0.01031494140625
1,molfe,jitter,0.1,1,3,0.01,0.5,1,100,0.0016993317484049848,295,1.0,0.16993317484049847,0.16993317484049847,0.8244590343746583,0,3,0.0,1.0000000000000002,1.0000000000000029,0.9999999999999727,1.0000000000000009,0.026242141071934566,0.026242141071934566,1.2908721035915345,0,0.0,0.01021718978881836
1,molrk3,jitter,0.1,1,3,0.01,0.5,1,100,0.0016993317484049848,295,1.0,0.16993317484049847,0.16993317484049847,0.8244590343746583,0,3,0.0,1.0000000000000002,0.9999999999999988,0.9999999999999748,1.0000000000000009,0.0055875424209188935,0.0055875424209188935,1.2902073694432525,0,0.0,0.009003877639770508
1,maxent,jitter,0.1,1,3,0.01,0.5,1,100,0.0016993317484049848,295,1.0,0.16993317484049847,0.16993317484049847,0.8244590343746583,0,3,0.07732161964775995,1.0000000000000002,1.0000000000000024,1.0000000000000038,1.0000000000000562,0.0001610062802597234,0.00016319181095715563,1.2901398609536048,0,0.0,0.07805633544921875
1,lp,jitter,0.1,1,3,0.01,0.5,1,100,0.0016993317484049848,295,1.0,0.16993317484049847,0.16993317484049847,0.8244590343746583,0,3,0.07732161964775758,1.0,1.0000000000000033,1.0000000000000009,1.000000000000001,0.00016100623059592256,0.00016319176089833742,1.290139860953604,0,0.0,0.04866504669189453
1,lprand,jitter,0.1,1,3,0.01,0.5,1,100,0.0016993317484049848,295,1.0,0.16993317484049847,0.16993317484049847,0.8244590343746583,0,3,0.07732161964775758,1.0,1.0000000000000033,1.0000000000000009,1.000000000000001,0.00016100623059592256,0.00016319176089833742,1.290139860953604,0,0.0,0.04879403114318848
1,maxentw,jitter,0.1,1,3,0.01,0.5,1,100,0.0016993317484049848,295,1.0,0.16993317484049847,0.16993317484049847,0.8244590343746583,0,3,0.07732161964775995,1.0000000000000002,1.0000000000000024,1.0000000000000038,1.0000000000000562,0.0001610062802597234,0.00016319181095715563,1.2901398609536048,0,0.0,0.07694602012634277
1,minnorm,jitter,0.1,1,5,0.01,0.5,1,100,0.0016993317484049848,295,1.0,0.16993317484049847,0.16993317484049847,0.8244590343746583,0,5,-0.0830976574614534,1.1853877852585168,0.9999999999999981,1.0000044034406028,1.1853877852585168,0.01281467447906895,0.01281467447906895,1.2902446201687627,0,0.0,0.00896000862121582
1,projgauss,jitter,0.1,1,5,0.01,0.5,1,100,0.0016993317484049848,295,1.0,0.16993317484049847,0.16993317484049847,0.8244590343746583,0,5,-0.05758433391506206,1.1441891705953346,0.9999999999999978,0.9999999999999941,1.1441891705953349,0.007984083344676332,0.007984083344676332,1.2902026494404792,0,0.0,0.010129928588867188
1,spectral,jitter,0.1,1,5,0.01,0.5,1,100,0.0016993317484049848,295,1.0,0.16993317484049847,0.16993317484049847,0.8244590343746583,0,5,-0.043514628878163424,1.0870292577563267,1.000000000000001,0.9999999999999222,1.087029257756327,0.00239018464271814,0.00239018464271814,1.2901343919955006,0,0.0,0.014826774597167969
1,spectralg,jitter,0.1,1,5,0.01,0.5,1,100,0.0016993317484049848,295,1.0,0.16993317484049847,0.16993317484049847,0.8244590343746583,0,5,-0.043514628878163424,1.0870292577563267,1.000000000000001,0.9999999999999222,1.087029257756327,0.00239018464271814,0.00239018464271814,1.2901343919955006,0,0.0,0.026335954666137695
1,molfe,jitter,0.1,1,5,0.01,0.5,1,100,0.0016993317484049848,295,1.0,0.16993317484049847,0.16993317484049847,0.8244590343746583,0,5,-0.049951654468068,1.1161261819926347,1.0966060789095358,750950212077.539,inf,inf,1137937.064701264,1137937.994095562,1,0.0,0.00842905044555664
1,molrk3,jitter,0.1,1,5,0.01,0.5,1,100,0.0016993317484049848,295,1.0,0.16993317484049847,0.16993317484049847,0.8244590343746583,0,5,-0.047509305581140866,1.1208374986502223,1.10142271263131,2732738811961.0947,inf,inf,1376424.7765648945,1376425.6562569859,1,0.0,0.009229183197021484
1,maxent,jitter,0.1,1,5,0.01,0.5,1,100,0.0016993317484049848,295,1.0,0.16993317484049847,0.16993317484049847,0.8244590343746583,0,5,0.0,1.0000000000000002,1.0000000000000016,1.0000000000000098,1.0000000000001839,0.001561721159111914,0.001609134572639337,1.2901507082587647,0,0.0,0.21534419059753418
1,lp,jitter,0.1,1,5,0.01,0.5,1,100,0.0016993317484049848,295,1.0,0.16993317484049847,0.16993317484049847,0.8244590343746583,0,5,0.0,1.0,1.000000000000002,1.0000000000000009,1.0000000000000009,0.016623504631704977,0.016623504631704977,1.2903052190131123,0,0.0,0.051702022552490234
1,lprand,jitter,0.1,1,5,0.01,0.5,1,100,0.0016993317484049848,295,1.0,0.16993317484049847,0.16993317484049847,0.8244590343746583,0,5,0.0,1.0,1.0,1.0000000000000002,1.0000000000000009,0.009182190428642184,0.00948271623942086,1.2902288019352623,0,0.0,0.05110669136047363
1,maxentw,jitter,0.1,1,5,0.01,0.5,1,100,0.0016993317484049848,295,1.0,0.16993317484049847,0.16993317484049847,0.8244590343746583,0,5,0.0,1.0000000000000002,1.0000000000000016,1.0000000000000098,1.0000000000001839,0.001561721159111914,0.001609134572639337,1.2901507082587647,0,0.0,0.2167680263519287
1,minnorm,jitter,0.1,1,7,0.01,0.5,1,100,0.0016993317484049848,295,1.0,0.16993317484049847,0.16993317484049847,0.8244590343746583,0,7,-0.10319735429107242,1.3266799959157025,0.9999999999999977,1.0046930578067927,1.3266799959157023,0.032722870780270946,0.032722870780270946,1.2903537383639587,0,0.0,0.007829904556274414
1,projgauss,jitter,0.1,1,7,0.01,0.5,1,100,0.0016993317484049848,295,1.0,0.16993317484049847,0.16993317484049847,0.8244590343746583,0,7,-0.04586937819037717,1.1612377399282754,1.0000000000000002,1.0001035911611629,1.1612377399282752,0.011110037834890313,0.011110037834890313,1.290179468816683,0,0.0,0.010558843612670898
1,spectral,jitter,0.1,1,7,0.01,0.5,1,100,0.0016993317484049848,295,1.0,0.16993317484049847,0.16993317484049847,0.8244590343746583,0,7,-0.07981845582451583,1.1918408531885751,0.9999999999999998,1.0000000000000113,1.191840853188575,0.004994827836975827,0.004994827836975827,1.2901816660534067,0,0.0,0.015081167221069336
1,spectralg,jitter,0.1,1,7,0.01,0.5,1,100,0.0016993317484049848,295,1.0,0.16993317484049847,0.16993317484049847,0.8244590343746583,0,7,-0.07981845582451583,1.1918408531885751,0.9999999999999998,1.0000000000000113,1.191840853188575,0.004994827836975827,0.004994827836975827,1.2901816660534067,0,0.0,0.03186821937561035
1,molfe,jitter,0.1,1,7,0.01,0.5,1,100,0.0016993317484049848,295,1.0,0.16993317484049847,0.16993317484049847,0.8244590343746583,0,7,-0.021201730495918565,1.0831366877982584,1.0368639932814894,66262.21332181523,2.4669410227662943e+157,1.9942541649343686,1.9942541649343686,2.861965707258191,0,0.0,0.010094165802001953
1,molrk3,jitter,0.1,1,7,0.01,0.5,1,100,0.0016993317484049848,295,1.0,0.16993317484049847,0.16993317484049847,0.8244590343746583,0,7,-0.020696146284631425,1.08299447401354,1.037526287969824,80117.28111748684,1.4885288127382147e+160,2.307672243596154,2.307672243596154,3.1753837859199767,0,0.0,0.009792089462280273
1,maxent,jitter,0.1,1,7,0.01,0.5,1,100,0.0016993317484049848,295,1.0,0.16993317484049847,0.16993317484049847,0.8244590343746583,0,7,0.0,1.0000000000000004,0.9999999999999989,1.0000000000000053,1.0000000000000386,0.0012987295206494665,0.0013270311329141027,1.2901508202316871,0,0.0,0.21355986595153809
1,lp,jitter,0.1,1,7,0.01,0.5,1,100,0.0016993317484049848,295,1.0,0.16993317484049847,0.16993317484049847,0.8244590343746583,0,7,0.0,1.0,1.0000000000000029,1.0000000000000027,1.0000000000000357,0.02351830558394069,0.02352317926529491,1.2904070918408919,0,0.0,0.05230998992919922
1,lprand,jitter,0.1,1,7,0.01,0.5,1,100,0.0016993317484049848,295,1.0,0.16993317484049847,0.16993317484049847,0.8244590343746583,0,7,0.0,1.0,1.0000000000000018,1.000000000000003,1.0000000000000373,0.013320480407340532,0.013371661346958764,1.290209932476262,0,0.0,0.05214405059814453
1,maxentw,jitter,0.1,1,7,0.01,0.5,1,100,0.0016993317484049848,295,1.0,0.16993317484049847,0.16993317484049847,0.8244590343746583,0,7,0.0,1.0000000000000004,0.9999999999999989,1.0000000000000053,1.0000000000000386,0.0012987295206494665,0.0013270311329141027,1.2901508202316871,0,0.0,0.21083498001098633
1,minnorm,jitter,0.1,2,3,0.01,0.5,1,100,0.0017878235363346625,280,1.0,0.17878235363346623,0.17878235363346623,0.8456532472200795,0,3,0.08224980268282317,1.000000000000001,1.0000000000000022,1.000000000000044,1.0000000000009017,0.0005129196830890095,0.0005129196830890095,1.2898275722988508,0,0.0,0.00943899154663086
1,projgauss,jitter,0.1,2,3,0.01,0.5,1,100,0.0017878235363346625,280,1.0,0.17878235363346623,0.17878235363346623,0.8456532472200795,0,3,0.08224980268282307,1.0000000000000004,1.0000000000000022,1.0000000000000078,1.0000000000001268,0.000512919683083906,0.000512919683083906,1.28982757229885,0,0.0,0.010686874389648438
1,spectral,jitter,0.1,2,3,0.01,0.5,1,100,0.0017878235363346625,280,1.0,0.17878235363346623,0.17878235363346623,0.8456532472200795,0,3,0.08224980268282317,1.000000000000001,1.0000000000000022,1.000000000000044,1.0000000000009017,0.0005129196830890095,0.0005129196830890095,1.2898275722988508,0,0.0,0.009945154190063477
1,spectralg,jitter,0.1,2,3,0.01,0.5,1,100,0.0017878235363346625,280,1.0,0.17878235363346623,0.17878235363346623,0.8456532472200795,0,3,0.08224980268282317,1.000000000000001,1.0000000000000022,1.000000000000044,1.0000000000009017,0.0005129196830890095,0.0005129196830890095,1.2898275722988508,0,0.0,0.010755062103271484
1,molfe,jitter,0.1,2,3,0.01,0.5,1,100,0.0017878235363346625,280,1.0,0.17878235363346623,0.17878235363346623,0.8456532472200795,0,3,0.0,1.0000000000000002,1.0000000000000024,0.9999999999999676,1.0000000000000002,0.027624215486639958,0.027624215486639958,1.2906394939923267,0,0.0,0.010119915008544922
1,molrk3,jitter,0.1,2,3,0.01,0.5,1,100,0.0017878235363346625,280,1.0,0.17878235363346623,0.17878235363346623,0.8456532472200795,0,3,0.0,1.0000000000000002,1.0000000000000027,0.999999999999966,1.0000000000000007,0.005538850578673926,0.005538850578673926,1.2899001546931141,0,0.0,0.00796198844909668
1,maxent,jitter,0.1,2,3,0.01,0.5,1,100,0.0017878235363346625,280,1.0,0.17878235363346623,0.17878235363346623,0.8456532472200795,0,3,0.08224980268283048,1.0000000000000002,1.0000000000000053,1.00000000000001,1.0000000000002391,0.0005129195189641621,0.0005129195189641621,1.2898275722988504,0,0.0,0.22181224822998047
1,lp,jitter,0.1,2,3,0.01,0.5,1,100,0.0017878235363346625,280,1.0,0.17878235363346623,0.17878235363346623,0.8456532472200795,0,3,0.08224980268282306,1.0,0.9999999999999991,1.0000000000000002,1.0000000000000004,0.0005129196830830803,0.0005129196830830803,1.2898275722988495,0,0.0,0.05024886131286621
1,lprand,jitter,0.1,2,3,0.01,0.5,1,100,0.0017878235363346625,280,1.0,0.17878235363346623,0.17878235363346623,0.8456532472200795,0,3,0.08224980268282306,1.0,0.9999999999999991,1.0000000000000002,1.0000000000000004,0.0005129196830830803,0.0005129196830830803,1.2898275722988495,0,0.0,0.05084490776062012
1,maxentw,jitter,0.1,2,3,0.01,0.5,1,100,0.0017878235363346625,280,1.0,0.17878235363346623,0.17878235363346623,0.8456532472200795,0,3,0.08224980268283048,1.0000000000000002,1.0000000000000053,1.00000000000001,1.0000000000002391,0.0005129195189641621,0.0005129195189641621,1.2898275722988504,0,0.0,0.2082839012145996
1,minnorm,jitter,0.1,2,5,0.01,0.5,1,100,0.0017878235363346625,280,1.0,0.17878235363346623,0.17878235363346623,0.8456532472200795,0,5,-0.08472045170002972,1.1736948645521523,0.9999999999999989,1.0000027457236955,1.1736948645521523,0.012512678714810696,0.012512678714810696,1.2899052274753824,0,0.0,0.008524179458618164
1,projgauss,jitter,0.1,2,5,0.01,0.5,1,100,0.0017878235363346625,280,1.0,0.17878235363346623,0.17878235363346623,0.8456532472200795,0,5,-0.055523542141867006,1.134692137046668,0.9999999999999998,0.9999999999999992,1.134692137046668,0.007662650638241161,0.007662650638241161,1.2898794032306,0,0.0,0.009299993515014648
1,spectral,jitter,0.1,2,5,0.01,0.5,1,100,0.0017878235363346625,280,1.0,0.17878235363346623,0.17878235363346623,0.8456532472200795,0,5,-0.03605289398111082,1.0721057879622213,1.000000000000004,0.9999999999999214,1.0721057879622211,0.002123160659286444,0.002123160659286444,1.2897904567338636,0,0.0,0.014739751815795898
1,spectralg,jitter,0.1,2,5,0.01,0.5,1,100,0.0017878235363346625,280,1.0,0.17878235363346623,0.17878235363346623,0.8456532472200795,0,5,-0.03605289398111082,1.0721057879622213,1.000000000000004,0.9999999999999214,1.0721057879622211,0.002123160659286444,0.002123160659286444,1.2897904567338636,0,0.0,0.026546239852905273
1,molfe,jitter,0.1,2,5,0.01,0.5,1,100,0.0017878235363346625,280,1.0,0.17878235363346623,0.17878235363346623,0.8456532472200795,0,5,-0.05240881728518608,1.1266156122874442,1.1017598476355845,725871623956.1398,inf,inf,1312444.003633157,1312444.8290058137,1,0.0,0.00919198989868164
1,molrk3,jitter,0.1,2,5,0.01,0.5,1,100,0.0017878235363346625,280,1.0,0.17878235363346623,0.17878235363346623,0.8456532472200795,0,5,-0.04979340745626659,1.1316546504142715,1.1071130025974083,2825319706693.8667,inf,inf,1015337.4714956768,1015338.418976389,1,0.0,0.008738994598388672
1,maxent,jitter,0.1,2,5,0.01,0.5,1,100,0.0017878235363346625,280,1.0,0.17878235363346623,0.17878235363346623,0.8456532472200795,0,5,0.00024165793574050022,1.0000000000000002,1.0000000000000009,1.0000000000000044,1.0000000000000642,0.0006189181199389021,0.0006189181199389021,1.2898382022262402,0,0.0,0.23752284049987793
1,lp,jitter,0.1,2,5,0.01,0.5,1,100,0.0017878235363346625,280,1.0,0.17878235363346623,0.17878235363346623,0.8456532472200795,0,5,0.0,1.0,1.0000000000000036,1.0000000000000004,1.0000000000000013,0.016570918185261144,0.016570918185261144,1.290031338051964,0,0.0,0.05285501480102539
1,lprand,jitter,0.1,2,5,0.01,0.5,1,100,0.0017878235363346625,280,1.0,0.17878235363346623,0.17878235363346623,0.8456532472200795,0,5,0.0,1.0,0.9999999999999994,1.0000000000000022,1.0000000000000209,0.011674166659597973,0.011674166659597973,1.2897891656690605,0,0.0,0.05208396911621094
1,maxentw,jitter,0.1,2,5,0.01,0.5,1,100,0.0017878235363346625,280,1.0,0.17878235363346623,0.17878235363346623,0.8456532472200795,0,5,0.00024165793574050022,1.0000000000000002,1.0000000000000009,1.0000000000000044,1.0000000000000642,0.0006189181199389021,0.0006189181199389021,1.2898382022262402,0,0.0,0.23781871795654297
1,minnorm,jitter,0.1,2,7,0.01,0.5,1,100,0.0017878235363346625,280,1.0,0.17878235363346623,0.17878235363346623,0.8456532472200795,0,7,-0.10563852897978915,1.3175551663282592,1.000000000000002,1.004521387823219,1.3175551663282592,0.032449691452017565,0.032449691452017565,1.2899098598283492,0,0.0,0.008637189865112305
1,projgauss,jitter,0.1,2,7,0.01,0.5,1,100,0.0017878235363346625,280,1.0,0.17878235363346623,0.17878235363346623,0.8456532472200795,0,7,-0.04690392884452203,1.1567997368733585,0.9999999999999968,1.0000807618483492,1.1567997368733585,0.010714343585178948,0.010714343585178948,1.2898580614031792,0,0.0,0.008883953094482422
1,spectral,jitter,0.1,2,7,0.01,0.5,1,100,0.0017878235363346625,280,1.0,0.17878235363346623,0.17878235363346623,0.8456532472200795,0,7,-0.08011961439288795,1.2098529495601476,0.9999999999999997,1.0000000000000309,1.2098529495601478,0.004411661843508205,0.004411661843508205,1.289899407284317,0,0.0,0.015136957168579102
1,spectralg,jitter,0.1,2,7,0.01,0.5,1,100,0.0017878235363346625,280,1.0,0.17878235363346623,0.17878235363346623,0.8456532472200795,0,7,-0.08011961439288795,1.2098529495601476,0.9999999999999997,1.0000000000000309,1.2098529495601478,0.004411661843508205,0.004411661843508205,1.289899407284317,0,0.0,0.029788732528686523
1,molfe,jitter,0.1,2,7,0.01,0.5,1,100,0.0017878235363346625,280,1.0,0.17878235363346623,0.17878235363346623,0.8456532472200795,0,7,-0.022194370586534957,1.0874257428511112,1.0388478624174078,69182.93835822165,4.935363664686909e+165,1.5121069509928158,1.5121069509928158,1.888024627320861,0,0.0,0.008354902267456055
1,molrk3,jitter,0.1,2,7,0.01,0.5,1,100,0.0017878235363346625,280,1.0,0.17878235363346623,0.17878235363346623,0.8456532472200795,0,7,-0.021649187550247844,1.087237750947913,1.0395837862909927,84473.44620369747,5.915951840509305e+168,1.8444906851383784,1.8444906851383784,1.9003345421443105,0,0.0,0.008072137832641602
1,maxent,jitter,0.1,2,7,0.01,0.5,1,100,0.0017878235363346625,280,1.0,0.17878235363346623,0.17878235363346623,0.8456532472200795,0,7,2.097071934882183e-08,1.0000000000000002,1.0000000000000036,1.0000000000000075,1.000000000000138,0.0006269134045819025,0.0006269134045819025,1.289838262755905,0,0.0,0.17772698402404785
1,lp,jitter,0.1,2,7,0.01,0.5,1,100,0.0017878235363346625,280,1.0,0.17878235363346623,0.17878235363346623,0.8456532472200795,0,7,0.0,1.0,0.9999999999999974,0.9999999999999997,1.0000000000000004,0.022366397916233793,0.022366397916233793,1.290053315075068,0,0.0,0.05217289924621582
1,lprand,jitter,0.1,2,7,0.01,0.5,1,100,0.0017878235363346625,280,1.0,0.17878235363346623,0.17878235363346623,0.8456532472200795,0,7,0.0,1.0,0.9999999999999972,1.000000000000001,1.000000000000001,0.012577875994275206,0.012646205639968308,1.2900583965855883,0,0.0,0.0531008243560791
1,maxentw,jitter,0.1,2,7,0.01,0.5,1,100,0.0017878235363346625,280,1.0,0.17878235363346623,0.17878235363346623,0.8456532472200795,0,7,2.097071934882183e-08,1.0000000000000002,1.0000000000000036,1.0000000000000075,1.000000000000138,0.0006269134045819025,0.0006269134045819025,1.289838262755905,0,0.0,0.17762207984924316
1,minnorm,jitter,0.25,0,3,0.01,0.5,1,100,0.0006848428807779343,731,1.0,0.06848428807779343,0.06848428807779343,0.5233900575203676,0,3,0.01677507193756468,1.0000000000000018,1.0000000000000002,1.0000000000001183,1.000000000000566,0.003981800060288931,0.003981800060288931,1.2892522415118555,0,0.0,0.010401010513305664
1,projgauss,jitter,0.25,0,3,0.01,0.5,1,100,0.0006848428807779343,731,1.0,0.06848428807779343,0.06848428807779343,0.5233900575203676,0,3,0.016775071937564445,1.0000000000000004,0.9999999999999984,1.000000000000076,1.00000000000069,0.003981800060302406,0.003981800060302406,1.289252241511854,0,0.0,0.011383056640625
1,spectral,jitter,0.25,0,3,0.01,0.5,1,100,0.0006848428807779343,731,1.0,0.06848428807779343,0.06848428807779343,0.5233900575203676,0,3,0.01677507193756468,1.0000000000000018,1.0000000000000002,1.0000000000001183,1.000000000000566,0.003981800060288931,0.003981800060288931,1.2892522415118555,0,0.0,0.010562896728515625
1,spectralg,jitter,0.25,0,3,0.01,0.5,1,100,0.0006848428807779343,731,1.0,0.06848428807779343,0.06848428807779343,0.5233900575203676,0,3,0.01677507193756468,1.0000000000000018,1.0000000000000002,1.0000000000001183,1.000000000000566,0.003981800060288931,0.003981800060288931,1.2892522415118555,0,0.0,0.010130167007446289
1,molfe,jitter,0.25,0,3,0.01,0.5,1,100,0.0006848428807779343,731,1.0,0.06848428807779343,0.06848428807779343,0.5233900575203676,0,3,0.0,1.0000000000000002,1.000000000000003,0.9999999999999668,1.0000000000000007,0.011324564892607802,0.011324564892607802,1.2895841837328181,0,0.0,0.011094093322753906
1,molrk3,jitter,0.25,0,3,0.01,0.5,1,100,0.0006848428807779343,731,1.0,0.06848428807779343,0.06848428807779343,0.5233900575203676,0,3,0.0,1.0000000000000002,0.9999999999999978,0.9999999999999619,1.0000000000000009,0.00624641018677179,0.00624641018677179,1.2892819743048165,0,0.0,0.009768962860107422
1,maxent,jitter,0.25,0,3,0.01,0.5,1,100,0.0006848428807779343,731,1.0,0.06848428807779343,0.06848428807779343,0.5233900575203676,0,3,0.016775071939770094,1.0000000000000002,1.0000000000000004,1.0000000000000193,1.0000000000000924,0.0039818003435795335,0.0039818003435795335,1.2892522415114693,0,0.0,0.19547390937805176
1,lp,jitter,0.25,0,3,0.01,0.5,1,100,0.0006848428807779343,731,1.0,0.06848428807779343,0.06848428807779343,0.5233900575203676,0,3,0.01677507193756438,1.0,0.9999999999999984,0.9999999999999984,1.0000000000000013,0.003981800060311111,0.003981800060311111,1.289252241511851,0,0.0,0.05312490463256836
1,lprand,jitter,0.25,0,3,0.01,0.5,1,100,0.0006848428807779343,731,1.0,0.06848428807779343,0.06848428807779343,0.5233900575203676,0,3,0.01677507193756438,1.0,1.0000000000000044,0.9999999999999993,1.0000000000000013,0.003981800060310665,0.003981800060310665,1.289252241511851,0,0.0,0.05169391632080078
1,maxentw,jitter,0.25,0,3,0.01,0.5,1,100,0.0006848428807779343,731,1.0,0.06848428807779343,0.06848428807779343,0.5233900575203676,0,3,0.016775071939770094,1.0000000000000002,1.0000000000000004,1.0000000000000193,1.0000000000000924,0.0039818003435795335,0.0039818003435795335,1.2892522415114693,0,0.0,0.1953599452972412
1,minnorm,jitter,0.25,0,5,0.01,0.5,1,100,0.0006848428807779343,731,1.0,0.06848428807779343,0.06848428807779343,0.5233900575203676,0,5,-0.12713267639584674,1.4124631191799861,0.9999999999999978,1.0005900014570155,1.4124631191799861,0.016486427038056695,0.016486427038056695,1.2892908452060683,0,0.0,0.008644819259643555
1,projgauss,jitter,0.25,0,5,0.01,0.5,1,100,0.0006848428807779343,731,1.0,0.06848428807779343,0.06848428807779343,0.5233900575203676,0,5,-0.10837372763221115,1.352692777574733,1.000000000000001,1.0001146245961758,1.352692777574733,0.01188114927992251,0.01188114927992251,1.2892542319918001,0,0.0,0.009612798690795898
1,spectral,jitter,0.25,0,5,0.01,0.5,1,100,0.0006848428807779343,731,1.0,0.06848428807779343,0.06848428807779343,0.5233900575203676,0,5,-0.08482969291147086,1.1966035336230976,1.0000000000000016,1.0000021648357995,1.205075298746236,0.006994904492017631,0.006994904492017631,1.2890862215618781,0,0.0,0.014457225799560547
1,spectralg,jitter,0.25,0,5,0.01,0.5,1,100,0.0006848428807779343,731,1.0,0.06848428807779343,0.06848428807779343,0.5233900575203676,0,5,-0.08482969291147086,1.1966035336230976,1.0000000000000016,1.0000021648357995,1.205075298746236,0.006994904492017631,0.006994904492017631,1.2890862215618781,0,0.0,0.027009010314941406
1,molfe,jitter,0.25,0,5,0.01,0.5,1,100,0.0006848428807779343,731,1.0,0.06848428807779343,0.06848428807779343,0.5233900575203676,0,5,-0.027916087293272034,1.0686608625047285,1.0378646458012106,960630153487.7854,3.657786679729825e+161,inf,1070608.202955514,1070607.31571258,1,0.0,0.010493755340576172
1,molrk3,jitter,0.25,0,5,0.01,0.5,1,100,0.0006848428807779343,731,1.0,0.06848428807779343,0.06848428807779343,0.5233900575203676,0,5,-0.027258932606272806,1.0690512158996777,1.0385905594573184,1606980491381.573,3.977463711140756e+164,inf,1645844.5335665666,1645843.6463236327,1,0.0,0.010187864303588867
1,maxent,jitter,0.25,0,5,0.01,0.5,1,100,0.0006848428807779343,731,1.0,0.06848428807779343,0.06848428807779343,0.5233900575203676,0,5,1.881253301903481e-09,1.0000000000000004,1.000000000000001,1.000000000000025,1.0000000000001497,0.004043309054900709,0.004043309054900709,1.289252785552133,0,0.0,0.40362095832824707
1,lp,jitter,0.25,0,5,0.01,0.5,1,100,0.0006848428807779343,731,1.0,0.06848428807779343,0.06848428807779343,0.5233900575203676,0,5,0.0,1.0,1.0000000000000007,1.000000000000004,1.0000000000000233,0.019093883830619166,0.019093883830619166,1.289461841076986,0,0.0,0.05395102500915527
1,lprand,jitter,0.25,0,5,0.01,0.5,1,100,0.0006848428807779343,731,1.0,0.06848428807779343,0.06848428807779343,0.5233900575203676,0,5,0.0,1.0,1.000000000000001,1.000000000000004,1.000000000000004,0.014187694545887069,0.014187694545887069,1.289409820485801,0,0.0,0.052637338638305664
1,maxentw,jitter,0.25,0,5,0.01,0.5,1,100,0.0006848428807779343,731,1.0,0.06848428807779343,0.06848428807779343,0.5233900575203676,0,5,1.881253301903481e-09,1.0000000000000004,1.000000000000001,1.000000000000025,1.0000000000001497,0.004043309054900709,0.004043309054900709,1.289252785552133,0,0.0,0.4073169231414795
1,minnorm,jitter,0.25,0,7,0.01,0.5,1,100,0.0006848428807779343,731,1.0,0.06848428807779343,0.06848428807779343,0.5233900575203676,0,7,-0.13116978489705705,1.4439981693382562,0.999999999999999,1.0158658074168723,1.4439981693382562,0.04069557929837253,0.04069557929837253,1.289123650875823,0,0.0,0.009353160858154297
1,projgauss,jitter,0.25,0,7,0.01,0.5,1,100,0.0006848428807779343,731,1.0,0.06848428807779343,0.06848428807779343,0.5233900575203676,0,7,-0.07416738430876509,1.2695846396919641,1.000000000000002,1.0031350476779508,1.2695846396919641,0.01858094842817548,0.01858094842817548,1.2890582552089473,0,0.0,0.009624958038330078
1,spectral,jitter,0.25,0,7,0.01,0.5,1,100,0.0006848428807779343,731,1.0,0.06848428807779343,0.06848428807779343,0.5233900575203676,0,7,-0.1540327762718906,1.3798104859888218,1.0000000000000018,1.0002077961248852,1.3798104859888218,0.014935656438104836,0.014935656438104836,1.2894060982324043,0,0.0,0.01668095588684082
1,spectralg,jitter,0.25,0,7,0.01,0.5,1,100,0.0006848428807779343,731,1.0,0.06848428807779343,0.06848428807779343,0.5233900575203676,0,7,-0.1540327762718906,1.3798104859888218,1.0000000000000018,1.0002077961248852,1.3798104859888218,0.014935656438104836,0.014935656438104836,1.2894060982324043,0,0.0,0.029911041259765625
1,molfe,jitter,0.25,0,7,0.01,0.5,1,100,0.0006848428807779343,731,1.0,0.06848428807779343,0.06848428807779343,0.5233900575203676,0,7,-0.009976643677113829,1.0400425271569522,1.0147745042498582,113529.56898354401,1.1782780276003354e+64,6.130285508419587,6.130285508419587,6.206333175960174,0,0.0,0.01005411148071289
1,molrk3,jitter,0.25,0,7,0.01,0.5,1,100,0.0006848428807779343,731,1.0,0.06848428807779343,0.06848428807779343,0.5233900575203676,0,7,-0.009876712910109279,1.0400039458727888,1.0148798861979025,123460.84812431423,3.435777722952013e+64,6.573433602320746,6.573433602320746,6.649481269861333,0,0.0,0.00959920883178711
1,maxent,jitter,0.25,0,7,0.01,0.5,1,100,0.0006848428807779343,731,1.0,0.06848428807779343,0.06848428807779343,0.5233900575203676,0,7,3.809919960858706e-19,1.0000000000000004,0.9999999999999966,1.00000000000003,1.0000000000001787,0.004043321970812631,0.004043321970812631,1.2892527855294384,0,0.0,0.284682035446167
1,lp,jitter,0.25,0,7,0.01,0.5,1,100,0.0006848428807779343,731,1.0,0.06848428807779343,0.06848428807779343,0.5233900575203676,0,7,0.0,1.0,1.0,1.0000000000000027,1.0000000000000027,0.02539052916277952,0.02539052916277952,1.2893471507248426,0,0.0,0.053614139556884766
1,lprand,jitter,0.25,0,7,0.01,0.5,1,100,0.0006848428807779343,731,1.0,0.06848428807779343,0.06848428807779343,0.5233900575203676,0,7,0.0,1.0,1.0000000000000009,1.0000000000000013,1.000000000000002,0.014050105794220266,0.014267716933164722,1.289462160818624,0,0.0,0.05430102348327637
1,maxentw,jitter,0.25,0,7,0.01,0.5,1,100,0.0006848428807779343,731,1.0,0.06848428807779343,0.06848428807779343,0.5233900575203676,0,7,3.809919960858706e-19,1.0000000000000004,0.9999999999999966,1.00000000000003,1.0000000000001787,0.004043321970812631,0.004043321970812631,1.2892527855294384,0,0.0,0.2834792137145996
1,minnorm,jitter,0.25,1,3,0.01,0.5,1,100,0.0007872165330063403,636,1.0,0.07872165330063402,0.07872165330063403,0.5611475859366555,0,3,0.02160762726062955,1.0000000000000018,1.0000000000000024,1.0000000000001343,1.0000000000011162,0.0036145186665883355,0.0036145186665883355,1.2888970109305005,0,0.0,0.01052713394165039
1,projgauss,jitter,0.25,1,3,0.01,0.5,1,100,0.0007872165330063403,636,1.0,0.07872165330063402,0.07872165330063403,0.5611475859366555,0,3,0.02160762726062937,1.0000000000000004,1.000000000000003,1.0000000000000353,1.000000000000279,0.0036145186665755454,0.0036145186665755454,1.288897010930492,0,0.0,0.011327981948852539
1,spectral,jitter,0.25,1,3,0.01,0.5,1,100,0.0007872165330063403,636,1.0,0.07872165330063402,0.07872165330063403,0.5611475859366555,0,3,0.02160762726062955,1.0000000000000018,1.0000000000000024,1.0000000000001343,1.0000000000011162,0.0036145186665883355,0.0036145186665883355,1.2888970109305005,0,0.0,0.010988712310791016
1,spectralg,jitter,0.25,1,3,0.01,0.5,1,100,0.0007872165330063403,636,1.0,0.07872165330063402,0.07872165330063403,0.5611475859366555,0,3,0.02160762726062955,1.0000000000000018,1.0000000000000024,1.0000000000001343,1.0000000000011162,0.0036145186665883355,0.0036145186665883355,1.2888970109305005,0,0.0,0.010028839111328125
1,molfe,jitter,0.25,1,3,0.01,0.5,1,100,0.0007872165330063403,636,1.0,0.07872165330063402,0.07872165330063403,0.5611475859366555,0,3,0.0,1.0000000000000002,1.0000000000000047,0.9999999999999692,1.0000000000000004,0.012635607139267369,0.012635607139267369,1.2892680851038825,0,0.0,0.011113882064819336
1,molrk3,jitter,0.25,1,3,0.01,0.5,1,100,0.0007872165330063403,636,1.0,0.07872165330063402,0.07872165330063403,0.5611475859366555,0,3,0.0,1.0,1.0000000000000016,0.9999999999999702,1.0000000000000009,0.006222338754272427,0.006222338754272427,1.288871855367563,0,0.0,0.008999109268188477
1,maxent,jitter,0.25,1,3,0.01,0.5,1,100,0.0007872165330063403,636,1.0,0.07872165330063402,0.07872165330063403,0.5611475859366555,0,3,0.021607627260674184,1.0000000000000002,1.0000000000000024,1.0000000000000193,1.0000000000002465,0.003614520199800705,0.003614520199800705,1.2888970109291975,0,0.0,0.23104405403137207
1,lp,jitter,0.25,1,3,0.01,0.5,1,100,0.0007872165330063403,636,1.0,0.07872165330063402,0.07872165330063403,0.5611475859366555,0,3,0.021607627260629373,1.0,1.0000000000000049,1.0000000000000036,1.0000000000000133,0.003614518666577582,0.003614518666577582,1.2888970109304914,0,0.0,0.05158877372741699
1,lprand,jitter,0.25,1,3,0.01,0.5,1,100,0.0007872165330063403,636,1.0,0.07872165330063402,0.07872165330063403,0.5611475859366555,0,3,0.021607627260629373,1.0,1.0000000000000024,1.0000000000000029,1.0000000000000029,0.003614518666577582,0.003614518666577582,1.2888970109304914,0,0.0,0.05138111114501953
1,maxentw,jitter,0.25,1,3,0.01,0.5,1,100,0.0007872165330063403,636,1.0,0.07872165330063402,0.07872165330063403,0.5611475859366555,0,3,0.021607627260674184,1.0000000000000002,1.0000000000000024,1.0000000000000193,1.0000000000002465,0.003614520199800705,0.003614520199800705,1.2888970109291975,0,0.0,0.23253893852233887
1,minnorm,jitter,0.25,1,5,0.01,0.5,1,100,0.0007872165330063403,636,1.0,0.07872165330063402,0.07872165330063403,0.5611475859366555,0,5,-0.12834445754167112,1.3879826502504131,0.9999999999999974,1.0004280196159938,1.3879826502504133,0.01616826364696443,0.01616826364696443,1.288727162353973,0,0.0,0.008383989334106445
1,projgauss,jitter,0.25,1,5,0.01,0.5,1,100,0.0007872165330063403,636,1.0,0.07872165330063402,0.07872165330063403,0.5611475859366555,0,5,-0.10329429805992764,1.3297487461054769,1.0000000000000009,1.0000845472433681,1.3297487461054769,0.011593724703365588,0.011593724703365588,1.288700213976085,0,0.0,0.009338140487670898
1,spectral,jitter,0.25,1,5,0.01,0.5,1,100,0.0007872165330063403,636,1.0,0.07872165330063402,0.07872165330063403,0.5611475859366555,0,5,-0.0894580978009069,1.2068335847431175,1.0000000000000002,0.9999999999997076,1.2068335847431175,0.006461099338007202,0.006461099338007202,1.2890174689715945,0,0.0,0.015387773513793945
1,spectralg,jitter,0.25,1,5,0.01,0.5,1,100,0.0007872165330063403,636,1.0,0.07872165330063402,0.07872165330063403,0.5611475859366555,0,5,-0.0894580978009069,1.2068335847431175,1.0000000000000002,0.9999999999997076,1.2068335847431175,0.006461099338007202,0.006461099338007202,1.2890174689715945,0,0.0,0.026658058166503906
1,molfe,jitter,0.25,1,5,0.01,0.5,1,100,0.0007872165330063403,636,1.0,0.07872165330063402,0.07872165330063403,0.5611475859366555,0,5,-0.03126373092439751,1.0692540314829535,1.0435154990234192,822333330712.9406,1.3516452375026092e+185,inf,1035207.1071433766,1035208.0495231148,1,0.0,0.00900411605834961
1,molrk3,jitter,0.25,1,5,0.01,0.5,1,100,0.0007872165330063403,636,1.0,0.07872165330063402,0.07872165330063403,0.5611475859366555,0,5,-0.030418109992227414,1.0700656741467014,1.0444760318327841,1476623568689.2231,1.3378939283469047e+189,inf,1019776.9076748982,1019777.8474896906,1,0.0,0.008978128433227539
1,maxent,jitter,0.25,1,5,0.01,0.5,1,100,0.0007872165330063403,636,1.0,0.07872165330063402,0.07872165330063403,0.5611475859366555,0,5,9.342226655752782e-09,1.0000000000000004,1.0000000000000027,1.000000000000037,1.000000000000481,0.003716221072584092,0.003716221072584092,1.2888961780997181,0,0.0,0.36936283111572266
1,lp,jitter,0.25,1,5,0.01,0.5,1,100,0.0007872165330063403,636,1.0,0.07872165330063402,0.07872165330063403,0.5611475859366555,0,5,0.0,1.0,0.9999999999999991,1.0000000000000016,1.0000000000000027,0.018912535428876866,0.018912535428876866,1.2888893579077374,0,0.0,0.05355691909790039
1,lprand,jitter,0.25,1,5,0.01,0.5,1,100,0.0007872165330063403,636,1.0,0.07872165330063402,0.07872165330063403,0.5611475859366555,0,5,0.0,1.0,0.9999999999999998,1.0000000000000047,1.0000000000000313,0.012569362116330031,0.01288836771686954,1.288854295927868,0,0.0,0.05361175537109375
1,maxentw,jitter,0.25,1,5,0.01,0.5,1,100,0.0007872165330063403,636,1.0,0.07872165330063402,0.07872165330063403,0.5611475859366555,0,5,9.342226655752782e-09,1.0000000000000004,1.0000000000000027,1.000000000000037,1.000000000000481,0.003716221072584092,0.003716221072584092,1.2888961780997181,0,0.0,0.3717350959777832
1,minnorm,jitter,0.25,1,7,0.01,0.5,1,100,0.0007872165330063403,636,1.0,0.07872165330063402,0.07872165330063403,0.5611475859366555,0,7,-0.125109601046609,1.4189061590813168,0.9999999999999996,1.0130732277214283,1.4189061590813168,0.0387740677353649,0.0387740677353649,1.2888011922065516,0,0.0,0.008495092391967773
1,projgauss,jitter,0.25,1,7,0.01,0.5,1,100,0.0007872165330063403,636,1.0,0.07872165330063402,0.07872165330063403,0.5611475859366555,0,7,-0.07066471722005707,1.2497166376157793,1.0,1.002096262239036,1.2497166376157796,0.017119557397047735,0.017119557397047735,1.2886193740407763,0,0.0,0.00930929183959961
1,spectral,jitter,0.25,1,7,0.01,0.5,1,100,0.0007872165330063403,636,1.0,0.07872165330063402,0.07872165330063403,0.5611475859366555,0,7,-0.13347709127417767,1.31151418939103,1.0000000000000038,1.000043733511844,1.31151418939103,0.014391466799305497,0.014391466799305497,1.2887968351133585,0,0.0,0.015126228332519531
1,spectralg,jitter,0.25,1,7,0.01,0.5,1,100,0.0007872165330063403,636,1.0,0.07872165330063402,0.07872165330063403,0.5611475859366555,0,7,-0.13347709127417767,1.31151418939103,1.0000000000000038,1.000043733511844,1.31151418939103,0.014391466799305497,0.014391466799305497,1.2887968351133585,0,0.0,0.03046870231628418
1,molfe,jitter,0.25,1,7,0.01,0.5,1,100,0.0007872165330063403,636,1.0,0.07872165330063402,0.07872165330063403,0.5611475859366555,0,7,-0.012224279410693612,1.0463869874948641,1.0167654603833538,78398.76584457234,3.103544297673305e+72,6.148869389842705,6.148869389842705,7.018463591774597,0,0.0,0.009154081344604492
1,molrk3,jitter,0.25,1,7,0.01,0.5,1,100,0.0007872165330063403,636,1.0,0.07872165330063402,0.07872165330063403,0.5611475859366555,0,7,-0.012072986431578878,1.0462791103764926,1.0169013334938706,85698.09025232117,1.218710205884534e+73,6.608607847006179,6.608607847006179,7.478202048938071,0,0.0,0.00993490219116211
1,maxent,jitter,0.25,1,7,0.01,0.5,1,100,0.0007872165330063403,636,1.0,0.07872165330063402,0.07872165330063403,0.5611475859366555,0,7,2.979890399970314e-16,1.0000000000000004,1.0000000000000036,1.0000000000000284,1.0000000000002804,0.003716242751638588,0.003716242751638588,1.288896177993973,0,0.0,0.5893440246582031
1,lp,jitter,0.25,1,7,0.01,0.5,1,100,0.0007872165330063403,636,1.0,0.07872165330063402,0.07872165330063403,0.5611475859366555,0,7,0.0,1.0,1.0000000000000013,1.000000000000003,1.0000000000000258,0.025706560122431013,0.025706560122431013,1.2888624612901773,0,0.0,0.052634239196777344
1,lprand,jitter,0.25,1,7,0.01,0.5,1,100,0.0007872165330063403,636,1.0,0.07872165330063402,0.07872165330063403,0.5611475859366555,0,7,0.0,1.0,0.9999999999999969,1.0,1.0000000000000013,0.016061824090602,0.016061824090602,1.2887621549186996,0,0.0,0.05280280113220215
1,maxentw,jitter,0.25,1,7,0.01,0.5,1,100,0.0007872165330063403,636,1.0,0.07872165330063402,0.07872165330063403,0.5611475859366555,0,7,2.979890399970314e-16,1.0000000000000004,1.0000000000000036,1.0000000000000284,1.0000000000002804,0.003716242751638588,0.003716242751638588,1.288896177993973,0,0.0,0.5882220268249512
1,minnorm,jitter,0.25,2,3,0.01,0.5,1,100,0.0009428987167151443,531,1.0,0.09428987167151444,0.09428987167151442,0.6141331180501974,0,3,0.02838236911323099,1.0000000000000009,0.9999999999999998,1.0000000000000406,1.0000000000000844,0.002811252037902931,0.002811252037902931,1.2894256191147122,0,0.0,0.009413003921508789
1,projgauss,jitter,0.25,2,3,0.01,0.5,1,100,0.0009428987167151443,531,1.0,0.09428987167151444,0.09428987167151442,0.6141331180501974,0,3,0.028382369113231082,1.0000000000000004,1.0000000000000024,0.9999999999999999,1.0000000000000067,0.002811252037900336,0.002811252037900336,1.2894256191147169,0,0.0,0.010779857635498047
1,spectral,jitter,0.25,2,3,0.01,0.5,1,100,0.0009428987167151443,531,1.0,0.09428987167151444,0.09428987167151442,0.6141331180501974,0,3,0.02838236911323099,1.0000000000000009,0.9999999999999998,1.0000000000000406,1.0000000000000844,0.002811252037902931,0.002811252037902931,1.2894256191147122,0,0.0,0.01045083999633789
1,spectralg,jitter,0.25,2,3,0.01,0.5,1,100,0.0009428987167151443,531,1.0,0.09428987167151444,0.09428987167151442,0.6141331180501974,0,3,0.02838236911323099,1.0000000000000009,0.9999999999999998,1.0000000000000406,1.0000000000000844,0.002811252037902931,0.002811252037902931,1.2894256191147122,0,0.0,0.01006627082824707
1,molfe,jitter,0.25,2,3,0.01,0.5,1,100,0.0009428987167151443,531,1.0,0.09428987167151444,0.09428987167151442,0.6141331180501974,0,3,0.0,1.0000000000000002,0.9999999999999996,0.9999999999999678,1.0000000000000002,0.014854624162561114,0.014854624162561114,1.2898754298075537,0,0.0,0.010313034057617188
1,molrk3,jitter,0.25,2,3,0.01,0.5,1,100,0.0009428987167151443,531,1.0,0.09428987167151444,0.09428987167151442,0.6141331180501974,0,3,0.0,1.0000000000000002,0.9999999999999989,0.9999999999999679,1.0000000000000007,0.005940361754389001,0.005940361754389001,1.2894652502236092,0,0.0,0.00966501235961914
1,maxent,jitter,0.25,2,3,0.01,0.5,1,100,0.0009428987167151443,531,1.0,0.09428987167151444,0.09428987167151442,0.6141331180501974,0,3,0.028382369113231956,1.0000000000000002,0.9999999999999998,1.000000000000018,1.0000000000002465,0.0028112532003783802,0.0028112532003783802,1.2894256191147182,0,0.0,0.11628007888793945
1,lp,jitter,0.25,2,3,0.01,0.5,1,100,0.0009428987167151443,531,1.0,0.09428987167151444,0.09428987167151442,0.6141331180501974,0,3,0.02838236911323111,1.0,1.0000000000000022,0.9999999999999993,1.0000000000000009,0.002811252037897685,0.002811252037897685,1.2894256191147184,0,0.0,0.05184316635131836
1,lprand,jitter,0.25,2,3,0.01,0.5,1,100,0.0009428987167151443,531,1.0,0.09428987167151444,0.09428987167151442,0.6141331180501974,0,3,0.02838236911323111,1.0,1.0000000000000022,0.9999999999999993,1.0000000000000009,0.0028112520378983097,0.0028112520378983097,1.2894256191147184,0,0.0,0.05094194412231445
1,maxentw,jitter,0.25,2,3,0.01,0.5,1,100,0.0009428987167151443,531,1.0,0.09428987167151444,0.09428987167151442,0.6141331180501974,0,3,0.028382369113231956,1.0000000000000002,0.9999999999999998,1.000000000000018,1.0000000000002465,0.0028112532003783802,0.0028112532003783802,1.2894256191147182,0,0.0,0.1162879467010498
1,minnorm,jitter,0.25,2,5,0.01,0.5,1,100,0.0009428987167151443,531,1.0,0.09428987167151444,0.09428987167151442,0.6141331180501974,0,5,-0.1298250629326722,1.376364266752061,0.9999999999999997,1.0002334733660776,1.376364266752061,0.015535590852555625,0.015535590852555625,1.289307591735445,0,0.0,0.008706092834472656
1,projgauss,jitter,0.25,2,5,0.01,0.5,1,100,0.0009428987167151443,531,1.0,0.09428987167151444,0.09428987167151442,0.6141331180501974,0,5,-0.09645711822806897,1.319266489672997,1.0,1.0000209645598113,1.319266489672997,0.010855993801813763,0.010855993801813763,1.2893327040643934,0,0.0,0.009538888931274414
1,spectral,jitter,0.25,2,5,0.01,0.5,1,100,0.0009428987167151443,531,1.0,0.09428987167151444,0.09428987167151442,0.6141331180501974,0,5,-0.07270236822172434,1.196461817737573,1.0000000000000013,0.9999999999998026,1.196461817737573,0.005428016757292389,0.005428016757292389,1.289258518266975,0,0.0,0.013597965240478516
1,spectralg,jitter,0.25,2,5,0.01,0.5,1,100,0.0009428987167151443,531,1.0,0.09428987167151444,0.09428987167151442,0.6141331180501974,0,5,-0.07270236822172434,1.196461817737573,1.0000000000000013,0.9999999999998026,1.196461817737573,0.005428016757292389,0.005428016757292389,1.289258518266975,0,0.0,0.02478933334350586
1,molfe,jitter,0.25,2,5,0.01,0.5,1,100,0.0009428987167151443,531,1.0,0.09428987167151444,0.09428987167151442,0.6141331180501974,0,5,-0.03577992649781339,1.093076405446611,1.0525515929581282,1289027565402.264,4.90400380916e+222,inf,1024289.1469769555,1024290.0727825218,1,0.0,0.008600950241088867
1,molrk3,jitter,0.25,2,5,0.01,0.5,1,100,0.0009428987167151443,531,1.0,0.09428987167151444,0.09428987167151442,0.6141331180501974,0,5,-0.03469246775343619,1.0939757597241981,1.0539566162782925,2648941427258.519,3.050296345459751e+228,inf,1136500.0328762177,1136500.978748781,1,0.0,0.008640766143798828
1,maxent,jitter,0.25,2,5,0.01,0.5,1,100,0.0009428987167151443,531,1.0,0.09428987167151444,0.09428987167151442,0.6141331180501974,0,5,1.787407138103428e-07,1.0000000000000002,0.9999999999999993,1.0000000000000329,1.0000000000003715,0.0029536340674585493,0.0029536340674585493,1.2894271605834637,0,0.0,0.31188416481018066
1,lp,jitter,0.25,2,5,0.01,0.5,1,100,0.0009428987167151443,531,1.0,0.09428987167151444,0.09428987167151442,0.6141331180501974,0,5,0.0,1.0,1.000000000000002,1.0000000000000007,1.0000000000000013,0.018000576701423392,0.018000576701423392,1.2896348705735698,0,0.0,0.052278995513916016
1,lprand,jitter,0.25,2,5,0.01,0.5,1,100,0.0009428987167151443,531,1.0,0.09428987167151444,0.09428987167151442,0.6141331180501974,0,5,0.0,1.0,0.9999999999999978,1.000000000000003,1.0000000000000129,0.014157382312977168,0.014157382312977168,1.289396529779454,0,0.0,0.05388784408569336
1,maxentw,jitter,0.25,2,5,0.01,0.5,1,100,0.0009428987167151443,531,1.0,0.09428987167151444,0.09428987167151442,0.6141331180501974,0,5,1.787407138103428e-07,1.0000000000000002,0.9999999999999993,1.0000000000000329,1.0000000000003715,0.0029536340674585493,0.0029536340674585493,1.2894271605834637,0,0.0,0.3125131130218506
1,minnorm,jitter,0.25,2,7,0.01,0.5,1,100,0.0009428987167151443,531,1.0,0.09428987167151444,0.09428987167151442,0.6141331180501974,0,7,-0.13308139732810312,1.414047315761294,1.0000000000000029,1.0116509965572555,1.4140473157612938,0.037118581276421286,0.037118581276421286,1.2891165875221537,0,0.0,0.009344100952148438
1,projgauss,jitter,0.25,2,7,0.01,0.5,1,100,0.0009428987167151443,531,1.0,0.09428987167151444,0.09428987167151442,0.6141331180501974,0,7,-0.07788047460696342,1.2413145983943932,0.9999999999999968,1.0013610639957982,1.2413145983943934,0.015276425133141702,0.015276425133141702,1.2892896071639068,0,0.0,0.010167837142944336
1,spectral,jitter,0.25,2,7,0.01,0.5,1,100,0.0009428987167151443,531,1.0,0.09428987167151444,0.09428987167151442,0.6141331180501974,0,7,-0.1308052013153813,1.3998853082487683,1.0000000000000018,1.000008461448376,1.3998853082487681,0.011133767057342286,0.011133767057342286,1.2896109844031822,0,0.0,0.016016244888305664
1,spectralg,jitter,0.25,2,7,0.01,0.5,1,100,0.0009428987167151443,531,1.0,0.09428987167151444,0.09428987167151442,0.6141331180501974,0,7,-0.1308052013153813,1.3998853082487683,1.0000000000000018,1.000008461448376,1.3998853082487681,0.011133767057342286,0.011133767057342286,1.2896109844031822,0,0.0,0.030740976333618164
1,molfe,jitter,0.25,2,7,0.01,0.5,1,100,0.0009428987167151443,531,1.0,0.09428987167151444,0.09428987167151442,0.6141331180501974,0,7,-0.01453228684243205,1.0559133940729835,1.0202877067941152,95017.05199498734,3.4728288585125036e+87,3.8057842177377164,3.8057842177377164,4.182286041077053,0,0.0,0.009732961654663086
1,molrk3,jitter,0.25,2,7,0.01,0.5,1,100,0.0009428987167151443,531,1.0,0.09428987167151444,0.09428987167151442,0.6141331180501974,0,7,-0.014323952420892537,1.055709217622818,1.0204868351849457,106118.24464323069,2.488120945102018e+88,4.182997820856711,4.182997820856711,4.597660444759177,0,0.0,0.009897947311401367
1,maxent,jitter,0.25,2,7,0.01,0.5,1,100,0.0009428987167151443,531,1.0,0.09428987167151444,0.09428987167151442,0.6141331180501974,0,7,2.0417024520221964e-16,1.0000000000000004,0.9999999999999998,1.000000000000036,1.0000000000005247,0.002953736177701949,0.002953736177701949,1.2894271622472133,0,0.0,0.4804680347442627
1,lp,jitter,0.25,2,7,0.01,0.5,1,100,0.0009428987167151443,531,1.0,0.09428987167151444,0.09428987167151442,0.6141331180501974,0,7,0.0,1.0,0.9999999999999984,1.0000000000000016,1.000000000000003,0.025293295249993852,0.025293295249993852,1.289747279370024,0,0.0,0.05394411087036133
1,lprand,jitter,0.25,2,7,0.01,0.5,1,100,0.0009428987167151443,531,1.0,0.09428987167151444,0.09428987167151442,0.6141331180501974,0,7,0.0,1.0,1.0,1.000000000000006,1.00000000000006,0.014627083840021454,0.014627083840021454,1.2896360490785124,0,0.0,0.05456399917602539
1,maxentw,jitter,0.25,2,7,0.01,0.5,1,100,0.0009428987167151443,531,1.0,0.09428987167151444,0.09428987167151442,0.6141331180501974,0,7,2.0417024520221964e-16,1.0000000000000004,0.9999999999999998,1.000000000000036,1.0000000000005247,0.002953736177701949,0.002953736177701949,1.2894271622472133,0,0.0,0.47779011726379395
1,minnorm,jitter,0.45,0,3,0.01,0.5,1,100,5.048251957384874e-05,9905,1.0,0.005048251957384874,0.005048251957384874,0.14210210353664543,0,3,-0.1091214501941289,1.2182429003882578,1.0000388586926836,36111.73165377733,36786.83916018195,15.339083687605177,15.339083687605177,15.618576804396072,1,0.0,0.0332791805267334
1,projgauss,jitter,0.45,0,3,0.01,0.5,1,100,5.048251957384874e-05,9905,1.0,0.005048251957384874,0.005048251957384874,0.14210210353664543,0,3,-0.10912145019412922,1.2182429003882587,1.00003885869239,36111.73053863639,36786.837956802134,15.339083697835513,15.339083697835513,15.618576814626408,1,0.0,0.03026604652404785
1,spectral,jitter,0.45,0,3,0.01,0.5,1,100,5.048251957384874e-05,9905,1.0,0.005048251957384874,0.005048251957384874,0.14210210353664543,0,3,-0.1091214501941289,1.2182429003882578,1.0000388586926836,36111.73165377733,36786.83916018195,15.339083687605177,15.339083687605177,15.618576804396072,1,0.0,0.03101801872253418
1,spectralg,jitter,0.45,0,3,0.01,0.5,1,100,5.048251957384874e-05,9905,1.0,0.005048251957384874,0.005048251957384874,0.14210210353664543,0,3,-0.1091214501941289,1.2182429003882578,1.0000388586926836,36111.73165377733,36786.83916018195,15.339083687605177,15.339083687605177,15.618576804396072,1,0.0,0.0331728458404541
1,molfe,jitter,0.45,0,3,0.01,0.5,1,100,5.048251957384874e-05,9905,1.0,0.005048251957384874,0.005048251957384874,0.14210210353664543,0,3,-0.10894841584280701,1.217896831685614,1.000038352427272,36108.30364976336,36783.3782618236,15.33778413508108,15.33778413508108,15.617277251871975,1,0.0,0.03292512893676758
1,molrk3,jitter,0.45,0,3,0.01,0.5,1,100,5.048251957384874e-05,9905,1.0,0.005048251957384874,0.005048251957384874,0.14210210353664543,0,3,-0.10912145019412883,1.2182429003882578,1.0000383515038973,36111.73125651418,36786.83873621641,15.339083694114096,15.339083694114096,15.618576810904992,1,0.0,0.03172898292541504
1,maxent,jitter,0.45,0,3,0.01,0.5,1,100,5.048251957384874e-05,9905,1.0,0.005048251957384874,0.005048251957384874,0.14210210353664543,14,3,-0.1091214501941289,1.2182429003882578,1.0000388583623434,36111.73074557191,36786.8381828391,15.339083693794418,15.339083693794418,15.618576810585314,1,0.0,0.721121072769165
1,lp,jitter,0.45,0,3,0.01,0.5,1,100,5.048251957384874e-05,9905,1.0,0.005048251957384874,0.005048251957384874,0.14210210353664543,14,3,-0.1091214501941289,1.2182429003882578,1.0000388586935487,36111.73148000128,36786.83897208055,15.33908369776164,15.33908369776164,15.618576814552535,1,0.0,0.07447004318237305
1,lprand,jitter,0.45,0,3,0.01,0.5,1,100,5.048251957384874e-05,9905,1.0,0.005048251957384874,0.005048251957384874,0.14210210353664543,14,3,-0.1091214501941289,1.2182429003882578,1.0000388586929696,36111.73148000128,36786.83897208055,15.33908369776164,15.33908369776164,15.618576814552535,1,0.0,0.0718379020690918
1,maxentw,jitter,0.45,0,3,0.01,0.5,1,100,5.048251957384874e-05,9905,1.0,0.005048251957384874,0.005048251957384874,0.14210210353664543,0,5,7.436652648064202e-45,1.0000000000000004,0.9999999999999984,1.0000000000007172,1.000000000000721,0.007842183836984266,0.007842183836984266,1.2889373523764787,0,0.0,0.8625011444091797
1,minnorm,jitter,0.45,0,5,0.01,0.5,1,100,5.048251957384874e-05,9905,1.0,0.005048251957384874,0.005048251957384874,0.14210210353664543,0,5,-0.19872752810296565,1.564722286547571,0.9999999999999992,1.1897944512412335,1.572326453653515,0.05854564537589246,0.05854564537589246,1.2882505580007237,0,0.0,0.031453847885131836
1,projgauss,jitter,0.45,0,5,0.01,0.5,1,100,5.048251957384874e-05,9905,1.0,0.005048251957384874,0.005048251957384874,0.14210210353664543,0,5,-0.15793733220185668,1.4896799819896027,0.9999999999999977,1.116687429520819,1.508512273711488,0.04809083750987597,0.04809083750987597,1.2883245649416302,0,0.0,0.030448198318481445
1,spectral,jitter,0.45,0,5,0.01,0.5,1,100,5.048251957384874e-05,9905,1.0,0.005048251957384874,0.005048251957384874,0.14210210353664543,0,5,-0.025710972199359118,1.0748364669529349,1.003353511274535,3044476328422733.5,4184467620072316.0,inf,1025260.8587830738,1025261.8868743017,1,0.0,0.02541971206665039
1,spectralg,jitter,0.45,0,5,0.01,0.5,1,100,5.048251957384874e-05,9905,1.0,0.005048251957384874,0.005048251957384874,0.14210210353664543,0,5,-0.025710972199359118,1.0748364669529349,1.003353511274535,3044476328422733.5,4184467620072316.0,inf,1025260.8587830738,1025261.8868743017,1,0.0,0.03756403923034668
1,molfe,jitter,0.45,0,5,0.01,0.5,1,100,5.048251957384874e-05,9905,1.0,0.005048251957384874,0.005048251957384874,0.14210210353664543,0,5,-0.004257724418957548,1.0113073386322733,1.0023577614871733,150011269260.1431,188425362703.67868,inf,1436781.1335962967,1436780.7230622221,1,0.0,0.0292360782623291
1,molrk3,jitter,0.45,0,5,0.01,0.5,1,100,5.048251957384874e-05,9905,1.0,0.005048251957384874,0.005048251957384874,0.14210210353664543,0,5,-0.004243539876120467,1.0112760801217295,1.002360543191273,154345752907.52368,193916582743.77155,inf,1470350.2581734858,1470349.8476394112,1,0.0,0.02696394920349121
1,maxent,jitter,0.45,0,5,0.01,0.5,1,100,5.048251957384874e-05,9905,1.0,0.005048251957384874,0.005048251957384874,0.14210210353664543,0,5,3.526622418413649e-57,1.0000000000000004,1.0000000000000056,1.0000000000009732,1.0000000000009803,0.007849276053223744,0.007849276053223744,1.2889373605594712,0,0.0,0.8570418357849121
1,lp,jitter,0.45,0,5,0.01,0.5,1,100,5.048251957384874e-05,9905,1.0,0.005048251957384874,0.005048251957384874,0.14210210353664543,0,5,0.0,1.0000000000000002,1.0000000000000018,1.0000000000001052,1.000000000000106,0.020415562456987137,0.020415562456987137,1.2891359956893178,0,0.0,0.07021117210388184
1,lprand,jitter,0.45,0,5,0.01,0.5,1,100,5.048251957384874e-05,9905,1.0,0.005048251957384874,0.005048251957384874,0.14210210353664543,0,5,0.0,1.0000000000000002,0.9999999999999998,0.9999999999998876,1.0000000000000508,0.015237190351537134,0.015237190351537134,1.2890748307847664,0,0.0,0.07518482208251953
1,maxentw,jitter,0.45,0,5,0.01,0.5,1,100,5.048251957384874e-05,9905,1.0,0.005048251957384874,0.005048251957384874,0.14210210353664543,0,5,3.526622418413649e-57,1.0000000000000004,1.0000000000000056,1.0000000000009732,1.0000000000009803,0.007849276053223744,0.007849276053223744,1.2889373605594712,0,0.0,0.8571000099182129
1,minnorm,jitter,0.45,0,7,0.01,0.5,1,100,5.048251957384874e-05,9905,1.0,0.005048251957384874,0.005048251957384874,0.14210210353664543,0,7,-0.1883080038342366,1.5229862340361717,1.0000000000000038,1.2223204865230228,1.5229862340361717,0.2264841804509321,0.22650892773831766,1.283649271352624,0,0.0,0.029497861862182617
1,projgauss,jitter,0.45,0,7,0.01,0.5,1,100,5.048251957384874e-05,9905,1.0,0.005048251957384874,0.005048251957384874,0.14210210353664543,0,7,-0.10522638957185862,1.3408404933561973,1.0000000000000036,1.126544175341146,1.3602035372076906,0.13994114711776606,0.13994114711776606,1.284772298171613,0,0.0,0.031077861785888672
1,spectral,jitter,0.45,0,7,0.01,0.5,1,100,5.048251957384874e-05,9905,1.0,0.005048251957384874,0.005048251957384874,0.14210210353664543,0,7,-0.05949004088132298,1.1428030541533938,0.9999999999999993,1.540601344169998,3.6741510779433275,0.023615283398070397,0.024582392451660454,1.2892368655477877,0,0.0,0.03984212875366211
1,spectralg,jitter,0.45,0,7,0.01,0.5,1,100,5.048251957384874e-05,9905,1.0,0.005048251957384874,0.005048251957384874,0.14210210353664543,0,7,-0.05949004088132298,1.1428030541533938,0.9999999999999993,1.540601344169998,3.6741510779433275,0.023615283398070397,0.024582392451660454,1.2892368655477877,0,0.0,0.05103302001953125
1,molfe,jitter,0.45,0,7,0.01,0.5,1,100,5.048251957384874e-05,9905,1.0,0.005048251957384874,0.005048251957384874,0.14210210353664543,0,7,-0.0010895867565120032,1.0045278824779773,1.0008604044120766,67686.89607407941,74708.70610554483,6.986357724611228,6.986357724611228,7.07028697961645,0,0.0,0.02777695655822754
1,molrk3,jitter,0.45,0,7,0.01,0.5,1,100,5.048251957384874e-05,9905,1.0,0.005048251957384874,0.005048251957384874,0.14210210353664543,0,7,-0.0010888357719350092,1.0045233711422659,1.0008607682949517,68041.38736749014,75101.94143760807,7.0322369112022916,7.0322369112022916,7.116166166207513,0,0.0,0.0288388729095459
1,maxent,jitter,0.45,0,7,0.01,0.5,1,100,5.048251957384874e-05,9905,1.0,0.005048251957384874,0.005048251957384874,0.14210210353664543,0,7,1.1854656029636277e-125,1.0000000000000002,1.0000000000000027,1.000000000000502,1.0000000000005043,0.007849273108595217,0.007849273108595217,1.2889373608809982,0,0.0,0.5124897956848145
1,lp,jitter,0.45,0,7,0.01,0.5,1,100,5.048251957384874e-05,9905,1.0,0.005048251957384874,0.005048251957384874,0.14210210353664543,0,7,0.0,1.0000000000000002,1.0000000000000038,1.0000000000002018,1.0000000000002023,0.024894664630741067,0.024894664630741067,1.289206887214005,0,0.0,0.0726008415222168
1,lprand,jitter,0.45,0,7,0.01,0.5,1,100,5.048251957384874e-05,9905,1.0,0.005048251957384874,0.005048251957384874,0.14210210353664543,0,7,0.0,1.0000000000000002,1.0000000000000024,1.0000000000001485,1.0000000000001488,0.017877664186338186,0.017877664186338186,1.2891265597951755,0,0.0,0.07277369499206543
1,maxentw,jitter,0.45,0,7,0.01,0.5,1,100,5.048251957384874e-05,9905,1.0,0.005048251957384874,0.005048251957384874,0.14210210353664543,0,7,1.1854656029636277e-125,1.0000000000000002,1.0000000000000027,1.000000000000502,1.0000000000005043,0.007849273108595217,0.007849273108595217,1.2889373608809982,0,0.0,0.514350175857544
1,minnorm,jitter,0.45,1,3,0.01,0.5,1,100,0.00011031894819661909,4533,1.0,0.011031894819661908,0.011031894819661908,0.21006565468597582,0,3,-0.09451088646049985,1.1890217729209995,1.0006116134613863,14069.998334368194,319926.305960735,21.746897452546456,21.746897452546456,21.851641224478076,1,0.0,0.01913309097290039
1,projgauss,jitter,0.45,1,3,0.01,0.5,1,100,0.00011031894819661909,4533,1.0,0.011031894819661908,0.011031894819661908,0.21006565468597582,0,3,-0.0945108864605001,1.1890217729210002,1.000611613461375,14069.998331552246,319926.30609217077,21.746897447983038,21.746897447983038,21.851641219914658,1,0.0,0.017274856567382812
1,spectral,jitter,0.45,1,3,0.01,0.5,1,100,0.00011031894819661909,4533,1.0,0.011031894819661908,0.011031894819661908,0.21006565468597582,0,3,-0.09451088646049985,1.1890217729209995,1.0006116134613863,14069.998334368194,319926.305960735,21.746897452546456,21.746897452546456,21.851641224478076,1,0.0,0.01678299903869629
1,spectralg,jitter,0.45,1,3,0.01,0.5,1,100,0.00011031894819661909,4533,1.0,0.011031894819661908,0.011031894819661908,0.21006565468597582,0,3,-0.09451088646049985,1.1890217729209995,1.0006116134613863,14069.998334368194,319926.305960735,21.746897452546456,21.746897452546456,21.851641224478076,1,0.0,0.01903820037841797
1,molfe,jitter,0.45,1,3,0.01,0.5,1,100,0.00011031894819661909,4533,1.0,0.011031894819661908,0.011031894819661908,0.21006565468597582,0,3,-0.09418932181415034,1.1883786436283006,1.0006057857445632,14067.083026074473,302048.753142186,21.512534039520038,21.512534039520038,21.617277811451657,1,0.0,0.01863884925842285
1,molrk3,jitter,0.45,1,3,0.01,0.5,1,100,0.00011031894819661909,4533,1.0,0.011031894819661908,0.011031894819661908,0.21006565468597582,0,3,-0.0945108864604999,1.189021772921,1.0006056815763127,14069.998334668478,302090.8722854331,21.527953916026306,21.527953916026306,21.632697687957926,1,0.0,0.0186159610748291
1,maxent,jitter,0.45,1,3,0.01,0.5,1,100,0.00011031894819661909,4533,1.0,0.011031894819661908,0.011031894819661908,0.21006565468597582,11,3,-0.09451088646049985,1.1890217729209995,1.0006116134635972,14069.998353768435,319926.31314698036,21.746897465880743,21.746897465880743,21.851641237812363,1,0.0,0.6861071586608887
1,lp,jitter,0.45,1,3,0.01,0.5,1,100,0.00011031894819661909,4533,1.0,0.011031894819661908,0.011031894819661908,0.21006565468597582,11,3,-0.09451088646049985,1.1890217729209995,1.0006116134613814,14069.998337756684,319926.3057003224,21.746897453240596,21.746897453240596,21.851641225172216,1,0.0,0.05962014198303223
1,lprand,jitter,0.45,1,3,0.01,0.5,1,100,0.00011031894819661909,4533,1.0,0.011031894819661908,0.011031894819661908,0.21006565468597582,11,3,-0.09451088646049985,1.1890217729209995,1.0006116134613587,14069.998337756684,319926.305690727,21.746897453240596,21.746897453240596,21.851641225172216,1,0.0,0.060092926025390625
1,maxentw,jitter,0.45,1,3,0.01,0.5,1,100,0.00011031894819661909,4533,1.0,0.011031894819661908,0.011031894819661908,0.21006565468597582,0,5,1.6407999248172096e-16,1.0000000000000002,0.9999999999999973,1.0000000000002538,1.0000000000004325,0.007526082801592202,0.007526082801592202,1.288608684560116,0,0.0,0.7299108505249023
1,minnorm,jitter,0.45,1,5,0.01,0.5,1,100,0.00011031894819661909,4533,1.0,0.011031894819661908,0.011031894819661908,0.21006565468597582,0,5,-0.1859438036037829,1.530438097797468,1.0000000000000002,1.1204193107488247,1.5304380977974683,0.04589335235282921,0.048743780178554574,1.2883100524369502,0,0.0,0.017071962356567383
1,projgauss,jitter,0.45,1,5,0.01,0.5,1,100,0.00011031894819661909,4533,1.0,0.011031894819661908,0.011031894819661908,0.21006565468597582,0,5,-0.1617347823676073,1.468005574700333,1.0000000000000036,1.097874657970657,1.5063495286147415,0.042016260083521995,0.04387249713194907,1.2880541134822838,0,0.0,0.018220901489257812
1,spectral,jitter,0.45,1,5,0.01,0.5,1,100,0.00011031894819661909,4533,1.0,0.011031894819661908,0.011031894819661908,0.21006565468597582,0,5,-0.05836339408891356,1.1378805021062661,1.0000000000000056,1.0542136542968763,4.1422158009384065,0.006571904611183899,0.006732722701189853,1.288834343438869,0,0.0,0.02520608901977539
1,spectralg,jitter,0.45,1,5,0.01,0.5,1,100,0.00011031894819661909,4533,1.0,0.011031894819661908,0.011031894819661908,0.21006565468597582,0,5,-0.05836339408891356,1.1378805021062661,1.0000000000000004,1.054117774202097,4.1422158009384065,0.006518075005632951,0.0067327227009847945,1.2888343434467315,0,0.0,0.03484320640563965
1,molfe,jitter,0.45,1,5,0.01,0.5,1,100,0.00011031894819661909,4533,1.0,0.011031894819661908,0.011031894819661908,0.21006565468597582,0,5,-0.007728617891497557,1.0231817253057516,1.004799814016212,26790998540.29107,7.138808807973241e+21,inf,1417719.0145138411,1417719.0423158447,1,0.0,0.017073869705200195
1,molrk3,jitter,0.45,1,5,0.01,0.5,1,100,0.00011031894819661909,4533,1.0,0.011031894819661908,0.011031894819661908,0.21006565468597582,0,5,-0.007689917829874524,1.02307995001979,1.0048113515533694,28283374694.548492,8.0078170518786e+21,inf,1495747.6375768678,1495747.6653788714,1,0.0,0.019118785858154297
1,maxent,jitter,0.45,1,5,0.01,0.5,1,100,0.00011031894819661909,4533,1.0,0.011031894819661908,0.011031894819661908,0.21006565468597582,0,5,1.5423023150514569e-30,1.0000000000000004,0.9999999999999993,1.0000000000002665,1.0000000000004687,0.0075549839245725135,0.0075549839245725135,1.288608661481751,0,0.0,0.539409875869751
1,lp,jitter,0.45,1,5,0.01,0.5,1,100,0.00011031894819661909,4533,1.0,0.011031894819661908,0.011031894819661908,0.21006565468597582,0,5,0.0,1.0000000000000002,1.0000000000000056,1.0000000000000724,1.0000000000000724,0.019704806853118387,0.019704806853118387,1.2884760033874914,0,0.0,0.06395816802978516
1,lprand,jitter,0.45,1,5,0.01,0.5,1,100,0.00011031894819661909,4533,1.0,0.011031894819661908,0.011031894819661908,0.21006565468597582,0,5,0.0,1.0000000000000002,1.000000000000002,1.0000000000000397,1.0000000000000397,0.014395061552145254,0.01446278613616371,1.2885715582246924,0,0.0,0.06460809707641602
1,maxentw,jitter,0.45,1,5,0.01,0.5,1,100,0.00011031894819661909,4533,1.0,0.011031894819661908,0.011031894819661908,0.21006565468597582,0,5,1.5423023150514569e-30,1.0000000000000004,0.9999999999999993,1.0000000000002665,1.0000000000004687,0.0075549839245725135,0.0075549839245725135,1.288608661481751,0,0.0,0.5445289611816406
1,minnorm,jitter,0.45,1,7,0.01,0.5,1,100,0.00011031894819661909,4533,1.0,0.011031894819661908,0.011031894819661908,0.21006565468597582,0,7,-0.16363606190889296,1.5188380094238731,1.0000000000000044,1.1443263294907668,1.5188380094238734,0.2146196963034397,0.21687546106246347,1.2814056906280307,0,0.0,0.02006077766418457
1,projgauss,jitter,0.45,1,7,0.01,0.5,1,100,0.00011031894819661909,4533,1.0,0.011031894819661908,0.011031894819661908,0.21006565468597582,0,7,-0.1091172262235877,1.3397495679476317,0.9999999999999983,1.0753261448573244,1.3415909563705344,0.11024413586195181,0.11100411148267963,1.2850805729918091,0,0.0,0.019270896911621094
1,spectral,jitter,0.45,1,7,0.01,0.5,1,100,0.00011031894819661909,4533,1.0,0.011031894819661908,0.011031894819661908,0.21006565468597582,0,7,-0.07734939126651966,1.1598977565808506,1.000000000000001,1.2285034331968445,2.048601921679079,0.031969574020342104,0.031969574020342104,1.2884337546684592,0,0.0,0.022909879684448242
1,spectralg,jitter,0.45,1,7,0.01,0.5,1,100,0.00011031894819661909,4533,1.0,0.011031894819661908,0.011031894819661908,0.21006565468597582,0,7,-0.07734939126651966,1.1598977565808506,1.000000000000001,1.2285034331968445,2.048601921679079,0.031969574020342104,0.031969574020342104,1.2884337546684592,0,0.0,0.03656506538391113
1,molfe,jitter,0.45,1,7,0.01,0.5,1,100,0.00011031894819661909,4533,1.0,0.011031894819661908,0.011031894819661908,0.21006565468597582,0,7,-0.0022724995626389357,1.0100434305232862,1.0022190920387093,79698.4769359252,23338591214.52465,12.780647856517316,12.780647856517316,11.894391228683123,1,0.0,0.017241716384887695
1,molrk3,jitter,0.45,1,7,0.01,0.5,1,100,0.00011031894819661909,4533,1.0,0.011031894819661908,0.011031894819661908,0.21006565468597582,0,7,-0.002269021801519792,1.0100238556888885,1.0022215399064902,80647.91130895074,23947712731.434586,12.934531863178584,12.934531863178584,12.048275235344391,1,0.0,0.019755125045776367
1,maxent,jitter,0.45,1,7,0.01,0.5,1,100,0.00011031894819661909,4533,1.0,0.011031894819661908,0.011031894819661908,0.21006565468597582,0,7,1.6389510971579665e-83,1.0000000000000004,1.0000000000000027,1.0000000000001434,1.000000000000256,0.007554993403645498,0.007554993403645498,1.2886086614812986,0,0.0,0.7156028747558594
1,lp,jitter,0.45,1,7,0.01,0.5,1,100,0.00011031894819661909,4533,1.0,0.011031894819661908,0.011031894819661908,0.21006565468597582,0,7,0.0,1.0000000000000002,1.0000000000000024,1.000000000000085,1.000000000000085,0.02514604296732157,0.02514604296732157,1.2884409309111233,0,0.0,0.061432838439941406
1,lprand,jitter,0.45,1,7,0.01,0.5,1,100,0.00011031894819661909,4533,1.0,0.011031894819661908,0.011031894819661908,0.21006565468597582,0,7,0.0,1.0000000000000002,0.999999999999999,1.0000000000000429,1.0000000000000724,0.016796623250038938,0.016796623250038938,1.2884657944616367,0,0.0,0.0639491081237793
1,maxentw,jitter,0.45,1,7,0.01,0.5,1,100,0.00011031894819661909,4533,1.0,0.011031894819661908,0.011031894819661908,0.21006565468597582,0,7,1.6389510971579665e-83,1.0000000000000004,1.0000000000000027,1.0000000000001434,1.000000000000256,0.007554993403645498,0.007554993403645498,1.2886086614812986,0,0.0,0.7007400989532471
1,minnorm,jitter,0.45,2,3,0.01,0.5,1,100,0.0002332333921956281,2144,1.0,0.023323339219562807,0.023323339219562807,0.30543961249034357,0,3,-0.28036662009501034,1.5607332401900202,1.000024801375549,19978.51097413606,414208.99718012795,11.808309229882276,11.808309229882276,12.32076143274687,1,0.0,0.012481927871704102
1,projgauss,jitter,0.45,2,3,0.01,0.5,1,100,0.0002332333921956281,2144,1.0,0.023323339219562807,0.023323339219562807,0.30543961249034357,0,3,-0.28036662009500946,1.5607332401900187,1.0000248012753379,19978.51101048682,414200.590437694,11.80830923127209,11.80830923127209,12.320761434136685,1,0.0,0.01383519172668457
1,spectral,jitter,0.45,2,3,0.01,0.5,1,100,0.0002332333921956281,2144,1.0,0.023323339219562807,0.023323339219562807,0.30543961249034357,0,3,-0.28036662009501034,1.5607332401900202,1.000024801375549,19978.51097413606,414208.99718012795,11.808309229882276,11.808309229882276,12.32076143274687,1,0.0,0.012495994567871094
1,spectralg,jitter,0.45,2,3,0.01,0.5,1,100,0.0002332333921956281,2144,1.0,0.023323339219562807,0.023323339219562807,0.30543961249034357,0,3,-0.28036662009501034,1.5607332401900202,1.000024801375549,19978.51097413606,414208.99718012795,11.808309229882276,11.808309229882276,12.32076143274687,1,0.0,0.012797117233276367
1,molfe,jitter,0.45,2,3,0.01,0.5,1,100,0.0002332333921956281,2144,1.0,0.023323339219562807,0.023323339219562807,0.30543961249034357,0,3,-0.2783234246467474,1.5566468492934944,1.000022821254747,19969.74977005959,414166.6064877383,11.802190412541842,11.802190412541842,12.314642615406436,1,0.0,0.011939764022827148
1,molrk3,jitter,0.45,2,3,0.01,0.5,1,100,0.0002332333921956281,2144,1.0,0.023323339219562807,0.023323339219562807,0.30543961249034357,0,3,-0.28036662009501034,1.5607332401900202,1.0000228208998987,19978.511011914405,414206.43835540157,11.808309231334452,11.808309231334452,12.320761434199046,1,0.0,0.011730194091796875
1,maxent,jitter,0.45,2,3,0.01,0.5,1,100,0.0002332333921956281,2144,1.0,0.023323339219562807,0.023323339219562807,0.30543961249034357,8,3,-0.28036662009501034,1.5607332401900202,1.0000248064113677,19978.51100541058,414202.89070226776,11.808309228760859,11.808309228760859,12.320761431625453,1,0.0,0.46433377265930176
1,lp,jitter,0.45,2,3,0.01,0.5,1,100,0.0002332333921956281,2144,1.0,0.023323339219562807,0.023323339219562807,0.30543961249034357,8,3,-0.28036662009501034,1.5607332401900202,1.0000248012759485,19978.511003325024,414207.6499576559,11.808309231134082,11.808309231134082,12.320761433998676,1,0.0,0.053349971771240234
1,lprand,jitter,0.45,2,3,0.01,0.5,1,100,0.0002332333921956281,2144,1.0,0.023323339219562807,0.023323339219562807,0.30543961249034357,8,3,-0.28036662009501034,1.5607332401900202,1.0000248012759485,19978.511003325024,414207.6499576559,11.808309231134082,11.808309231134082,12.320761433998676,1,0.0,0.05250835418701172
1,maxentw,jitter,0.45,2,3,0.01,0.5,1,100,0.0002332333921956281,2144,1.0,0.023323339219562807,0.023323339219562807,0.30543961249034357,0,5,1.7592277295971947e-19,1.0000000000000002,1.0000000000000013,1.0000000000000617,1.0000000000001938,0.006208995580578303,0.006208995580578303,1.2891516734674635,0,0.0,0.511106014251709
1,minnorm,jitter,0.45,2,5,0.01,0.5,1,100,0.0002332333921956281,2144,1.0,0.023323339219562807,0.023323339219562807,0.30543961249034357,0,5,-0.17934262962874384,1.5346025070925167,0.9999999999999988,1.0489620295973765,1.5346025070925167,0.033271942009822864,0.033271942009822864,1.2903007791961376,0,0.0,0.012183189392089844
1,projgauss,jitter,0.45,2,5,0.01,0.5,1,100,0.0002332333921956281,2144,1.0,0.023323339219562807,0.023323339219562807,0.30543961249034357,0,5,-0.15090471746819234,1.4700546046548075,0.9999999999999988,1.0351485362216646,1.4700546046548075,0.02580684273846745,0.025985527354982163,1.2900459884295619,0,0.0,0.01238703727722168
1,spectral,jitter,0.45,2,5,0.01,0.5,1,100,0.0002332333921956281,2144,1.0,0.023323339219562807,0.023323339219562807,0.30543961249034357,0,5,-0.11756066776033466,1.235121335520669,0.9999999999999982,1.0964835215152042,2.24016350681564,0.007693070652013412,0.007693070652013412,1.2892838846878456,0,0.0,0.018546104431152344
1,spectralg,jitter,0.45,2,5,0.01,0.5,1,100,0.0002332333921956281,2144,1.0,0.023323339219562807,0.023323339219562807,0.30543961249034357,0,5,-0.11756066776033466,1.235121335520669,1.0000000000000022,1.0949414425225228,2.2198918667861727,0.007645989727794511,0.00768153200548119,1.2892839890985452,0,0.0,0.03142571449279785
1,molfe,jitter,0.45,2,5,0.01,0.5,1,100,0.0002332333921956281,2144,1.0,0.023323339219562807,0.023323339219562807,0.30543961249034357,0,5,-0.015968725417230073,1.0589694832278531,1.0114749169105997,1206868574603.0454,7.069747750398325e+51,inf,1532605.095432613,1532604.8737297799,1,0.0,0.011754989624023438
1,molrk3,jitter,0.45,2,5,0.01,0.5,1,100,0.0002332333921956281,2144,1.0,0.023323339219562807,0.023323339219562807,0.30543961249034357,0,5,-0.015802143708056847,1.058213838481675,1.0115410055938208,1417328476392.7515,1.3698972737613836e+52,inf,1063038.9647974551,1063038.6623412662,1,0.0,0.013091087341308594
1,maxent,jitter,0.45,2,5,0.01,0.5,1,100,0.0002332333921956281,2144,1.0,0.023323339219562807,0.023323339219562807,0.30543961249034357,0,5,6.111366974839728e-28,1.0000000000000004,1.0000000000000053,1.0000000000001226,1.000000000000355,0.006241338969795951,0.006241338969795951,1.2891524404699861,0,0.0,0.7149889469146729
1,lp,jitter,0.45,2,5,0.01,0.5,1,100,0.0002332333921956281,2144,1.0,0.023323339219562807,0.023323339219562807,0.30543961249034357,0,5,0.0,1.0,1.0000000000000016,0.9999999999999972,1.0000000000000033,0.019633461574792413,0.01969357488645875,1.2891914275871046,0,0.0,0.05556511878967285
1,lprand,jitter,0.45,2,5,0.01,0.5,1,100,0.0002332333921956281,2144,1.0,0.023323339219562807,0.023323339219562807,0.30543961249034357,0,5,0.0,1.0,1.0000000000000053,1.000000000000001,1.0000000000000047,0.014713043052041866,0.014713043052041866,1.2891150606951103,0,0.0,0.055117130279541016
1,maxentw,jitter,0.45,2,5,0.01,0.5,1,100,0.0002332333921956281,2144,1.0,0.023323339219562807,0.023323339219562807,0.30543961249034357,0,5,6.111366974839728e-28,1.0000000000000004,1.0000000000000053,1.0000000000001226,1.000000000000355,0.006241338969795951,0.006241338969795951,1.2891524404699861,0,0.0,0.7186963558197021
1,minnorm,jitter,0.45,2,7,0.01,0.5,1,100,0.0002332333921956281,2144,1.0,0.023323339219562807,0.023323339219562807,0.30543961249034357,0,7,-0.16749471060395846,1.5043337443191265,1.0000000000000007,1.0775471218538704,1.5043337443191265,0.07311309383254805,0.0782715378676534,1.2884768465137362,0,0.0,0.013393878936767578
1,projgauss,jitter,0.45,2,7,0.01,0.5,1,100,0.0002332333921956281,2144,1.0,0.023323339219562807,0.023323339219562807,0.30543961249034357,0,7,-0.11569386656632659,1.3304126033771277,0.9999999999999998,1.0311339643499384,1.3304126033771277,0.03727457024617087,0.038960581298035646,1.2885279874420004,0,0.0,0.01430511474609375
1,spectral,jitter,0.45,2,7,0.01,0.5,1,100,0.0002332333921956281,2144,1.0,0.023323339219562807,0.023323339219562807,0.30543961249034357,0,7,-0.12131449606548014,1.310019070639738,1.0000000000000018,1.2477070900592044,2.3996097722987413,0.019688760114209572,0.019771579570369437,1.2889387257210947,0,0.0,0.01822209358215332
1,spectralg,jitter,0.45,2,7,0.01,0.5,1,100,0.0002332333921956281,2144,1.0,0.023323339219562807,0.023323339219562807,0.30543961249034357,0,7,-0.12131449606548014,1.310019070639738,0.9999999999999978,1.24770709203709,2.3996097722987413,0.019688757765777196,0.019771577321434544,1.2889387257212845,0,0.0,0.03259396553039551
1,molfe,jitter,0.45,2,7,0.01,0.5,1,100,0.0002332333921956281,2144,1.0,0.023323339219562807,0.023323339219562807,0.30543961249034357,0,7,-0.004757282552709983,1.0177064583556583,1.004862381335341,92683.29543606452,3.11872572871864e+21,11.41406312122831,11.41406312122831,10.734614230654431,1,0.0,0.01306295394897461
1,molrk3,jitter,0.45,2,7,0.01,0.5,1,100,0.0002332333921956281,2144,1.0,0.023323339219562807,0.023323339219562807,0.30543961249034357,0,7,-0.00473551872947472,1.0176769305584465,1.0048741699160624,95287.22625982089,3.5073828112266366e+21,11.723962452504784,11.723962452504784,11.044513561930906,1,0.0,0.01330423355102539
1,maxent,jitter,0.45,2,7,0.01,0.5,1,100,0.0002332333921956281,2144,1.0,0.023323339219562807,0.023323339219562807,0.30543961249034357,0,7,8.112746666626728e-61,1.0000000000000002,0.9999999999999959,1.0000000000000846,1.0000000000002018,0.0062413429249233016,0.0062413429249233016,1.2891524405709778,0,0.0,0.40760326385498047
1,lp,jitter,0.45,2,7,0.01,0.5,1,100,0.0002332333921956281,2144,1.0,0.023323339219562807,0.023323339219562807,0.30543961249034357,0,7,0.0,1.0000000000000002,0.999999999999998,1.0000000000000142,1.000000000000036,0.025680316234414018,0.02568190951563653,1.289458959147634,0,0.0,0.0576777458190918
1,lprand,jitter,0.45,2,7,0.01,0.5,1,100,0.0002332333921956281,2144,1.0,0.023323339219562807,0.023323339219562807,0.30543961249034357,0,7,0.0,1.0000000000000002,1.0000000000000002,1.0000000000000209,1.000000000000028,0.015633251768120054,0.015633251768120054,1.2893551999587125,0,0.0,0.05555105209350586
1,maxentw,jitter,0.45,2,7,0.01,0.5,1,100,0.0002332333921956281,2144,1.0,0.023323339219562807,0.023323339219562807,0.30543961249034357,0,7,8.112746666626728e-61,1.0000000000000002,0.9999999999999959,1.0000000000000846,1.0000000000002018,0.0062413429249233016,0.0062413429249233016,1.2891524405709778,0,0.0,0.4074971675872803
1,minnorm,random,0.0,0,3,0.01,0.5,1,100,0.0001783877195930259,2803,1.0,0.017838771959302592,0.017838771959302592,0.267123731325411,0,3,-0.6131741996135472,2.2263483992270947,1.0207064969744144,6.581878300844999e+26,7.550522673995346e+90,inf,1037607.4393549835,1037608.0828766566,1,0.0,0.008948802947998047
1,projgauss,random,0.0,0,3,0.01,0.5,1,100,0.0001783877195930259,2803,1.0,0.017838771959302592,0.017838771959302592,0.267123731325411,0,3,-0.6131741996135469,2.2263483992270943,1.0207064969744148,6.581878300853421e+26,7.550522674029542e+90,inf,1037607.4392330707,1037608.0827547438,1,0.0,0.010510921478271484
1,spectral,random,0.0,0,3,0.01,0.5,1,100,0.0001783877195930259,2803,1.0,0.017838771959302592,0.017838771959302592,0.267123731325411,0,3,-0.6131741996135472,2.2263483992270947,1.0207064969744144,6.581878300844999e+26,7.550522673995346e+90,inf,1037607.4393549835,1037608.0828766566,1,0.0,0.01085209846496582
1,spectralg,random,0.0,0,3,0.01,0.5,1,100,0.0001783877195930259,2803,1.0,0.017838771959302592,0.017838771959302592,0.267123731325411,0,3,-0.6131741996135472,2.2263483992270947,1.0207064969744144,6.581878300844999e+26,7.550522673995346e+90,inf,1037607.4393549835,1037608.0828766566,1,0.0,0.009508848190307617
1,molfe,random,0.0,0,3,0.01,0.5,1,100,0.0001783877195930259,2803,1.0,0.017838771959302592,0.017838771959302592,0.267123731325411,0,3,-0.6089084416548541,2.2178168833097085,1.0206529803338478,5.702705968280343e+26,4.485642658647819e+90,inf,3094163.2974232193,3094164.0175730116,1,0.0,0.009350299835205078
1,molrk3,random,0.0,0,3,0.01,0.5,1,100,0.0001783877195930259,2803,1.0,0.017838771959302592,0.017838771959302592,0.267123731325411,0,3,-0.6131741996135504,2.226348399227101,1.0208677213718194,1.0284295459723544e+27,3.676763094626767e+91,inf,1217487.2913165968,1217487.9348382698,1,0.0,0.009210824966430664
1,maxent,random,0.0,0,3,0.01,0.5,1,100,0.0001783877195930259,2803,1.0,0.017838771959302592,0.017838771959302592,0.267123731325411,37,3,-0.6131741996135472,2.2263483992270947,1.0207064969744144,6.581878300869754e+26,7.550522674023743e+90,inf,1037607.4384051558,1037608.0819268288,1,0.0,0.832165002822876
1,lp,random,0.0,0,3,0.01,0.5,1,100,0.0001783877195930259,2803,1.0,0.017838771959302592,0.017838771959302592,0.267123731325411,37,3,-0.6131741996135472,2.2263483992270947,1.0207064969744144,6.581878300844775e+26,7.550522673995088e+90,inf,1037607.4391537844,1037608.0826754575,1,0.0,0.052358150482177734
1,lprand,random,0.0,0,3,0.01,0.5,1,100,0.0001783877195930259,2803,1.0,0.017838771959302592,0.017838771959302592,0.267123731325411,37,3,-0.6131741996135472,2.2263483992270947,1.0207064969744144,6.581878300844775e+26,7.550522673995088e+90,inf,1037607.4391537844,1037608.0826754575,1,0.0,0.04867196083068848
1,maxentw,random,0.0,0,3,0.01,0.5,1,100,0.0001783877195930259,2803,1.0,0.017838771959302592,0.017838771959302592,0.267123731325411,11,5,-0.3395331063898138,1.6790662127796279,1.0207064969744144,3.9462579369729935e+26,4.527022328371425e+90,inf,2590406.054901241,2590406.9583979817,1,0.0,1.5512819290161133
1,minnorm,random,0.0,0,5,0.01,0.5,1,100,0.0001783877195930259,2803,1.0,0.017838771959302592,0.017838771959302592,0.267123731325411,0,5,-0.27119754219204695,1.5778440772905544,1.0000006231602565,2460.8304625809637,28921.496463656942,1.7389886624366762,1.7956520489010392,1.564562470441047,0,0.0,0.01239919662475586
1,projgauss,random,0.0,0,5,0.01,0.5,1,100,0.0001783877195930259,2803,1.0,0.017838771959302592,0.017838771959302592,0.267123731325411,0,5,-0.23809852364754794,1.5931330545264908,1.0000001460329222,2470.0955473914037,29111.20495833811,1.7617357074236626,1.8158260924259626,1.6006808602081124,0,0.0,0.014629125595092773
1,spectral,random,0.0,0,5,0.01,0.5,1,100,0.0001783877195930259,2803,1.0,0.017838771959302592,0.017838771959302592,0.267123731325411,0,5,-0.6630247325037374,2.77113920249246,1.0000007486721947,15910.11477764675,184489.2999266521,1.7930841885440278,1.8412197194383277,1.6629490723744624,0,0.0,0.02113032341003418
1,spectralg,random,0.0,0,5,0.01,0.5,1,100,0.0001783877195930259,2803,1.0,0.017838771959302592,0.017838771959302592,0.267123731325411,0,5,-0.6630247325037374,2.77113920249246,1.000000422444766,15910.11477764675,184489.2999266521,1.7930841885440278,1.8412197194383277,1.6629490723744624,0,0.0,0.03450417518615723
1,molfe,random,0.0,0,5,0.01,0.5,1,100,0.0001783877195930259,2803,1.0,0.017838771959302592,0.017838771959302592,0.267123731325411,0,5,-0.03965975827087231,1.1557940508803732,1.0065124596030155,288839349.26169926,5.819617356660446e+28,23000.117144184704,23000.117144184704,23000.10486004703,1,0.0,0.013315200805664062
1,molrk3,random,0.0,0,5,0.01,0.5,1,100,0.0001783877195930259,2803,1.0,0.017838771959302592,0.017838771959302592,0.267123731325411,0,5,-0.03978432557270964,1.1563139899147974,1.0065337117025963,306444208.14057654,7.187976939755122e+28,24044.63058200486,24044.63058200486,24044.618297867186,1,0.0,0.014976024627685547
1,maxent,random,0.0,0,5,0.01,0.5,1,100,0.0001783877195930259,2803,1.0,0.017838771959302592,0.017838771959302592,0.267123731325411,11,5,-0.25656594081201106,1.5778440772905544,1.0000000007509133,3328.3750574736246,38746.69484185625,1.8307710689782364,1.8759760372087246,1.7179759913579897,0,0.0,0.7650296688079834
1,lp,random,0.0,0,5,0.01,0.5,1,100,0.0001783877195930259,2803,1.0,0.017838771959302592,0.017838771959302592,0.267123731325411,11,5,-0.25656594081201106,1.5778440772905544,1.0000002643875248,4331.054341691763,50857.61646424148,1.733163303758599,1.7881096234907616,1.567577584529385,0,0.0,0.05581378936767578
1,lprand,random,0.0,0,5,0.01,0.5,1,100,0.0001783877195930259,2803,1.0,0.017838771959302592,0.017838771959302592,0.267123731325411,11,5,-0.25656594081201106,1.5778440772905544,1.000000223805347,3408.3777424930627,39868.01484494942,1.783274312563429,1.8326823022316057,1.6454015228106378,0,0.0,0.05736398696899414
1,maxentw,random,0.0,0,5,0.01,0.5,1,100,0.0001783877195930259,2803,1.0,0.017838771959302592,0.017838771959302592,0.267123731325411,11,5,-0.25656594081201106,1.5778440772905544,1.0000000007509133,3328.3750574736246,38746.69484185625,1.8307710689782364,1.8759760372087246,1.7179759913579897,0,0.0,1.2713038921356201
1,minnorm,random,0.0,0,7,0.01,0.5,1,100,0.0001783877195930259,2803,1.0,0.017838771959302592,0.017838771959302592,0.267123731325411,0,7,-0.20694363631686238,1.624231944238745,1.0000000000000027,1.5163710057236004,2.088634216919932,0.2791225096117692,0.28925705974004334,1.2823089045548992,0,0.0,0.015425920486450195
1,projgauss,random,0.0,0,7,0.01,0.5,1,100,0.0001783877195930259,2803,1.0,0.017838771959302592,0.017838771959302592,0.267123731325411,0,7,-0.17159825637068632,1.4551990467245446,0.9999999999999997,1.3557393721551325,1.7660215743775882,0.15988998157133333,0.16281050556028043,1.2862667574427546,0,0.0,0.01414179801940918
1,spectral,random,0.0,0,7,0.01,0.5,1,100,0.0001783877195930259,2803,1.0,0.017838771959302592,0.017838771959302592,0.267123731325411,0,7,-0.625320428539512,2.7327671427205917,1.0000000000000073,3.821861298958878,11.26279644287317,0.07524640912835456,0.07729822666700381,1.2892158467976984,0,0.0,0.02112889289855957
1,spectralg,random,0.0,0,7,0.01,0.5,1,100,0.0001783877195930259,2803,1.0,0.017838771959302592,0.017838771959302592,0.267123731325411,0,7,-0.625320428539512,2.7327671427205917,1.0000000000000018,3.8081393395423104,11.26279644287317,0.0753750709856168,0.07741835685305776,1.289215623790572,0,0.0,0.03911304473876953
1,molfe,random,0.0,0,7,0.01,0.5,1,100,0.0001783877195930259,2803,1.0,0.017838771959302592,0.017838771959302592,0.267123731325411,0,7,-0.01229617327414965,1.0520546461153086,1.004296179756147,948591.9592131177,2.379388341592923e+19,25.577639634366967,25.577639634366967,25.513614106251843,1,0.0,0.012938976287841797
1,molrk3,random,0.0,0,7,0.01,0.5,1,100,0.0001783877195930259,2803,1.0,0.017838771959302592,0.017838771959302592,0.267123731325411,0,7,-0.01218433056232593,1.0516248466688964,1.004305421552274,973374.1277637996,2.6087356023445766e+19,26.246696506684838,26.246696506684838,26.182670978569714,1,0.0,0.013291120529174805
1,maxent,random,0.0,0,7,0.01,0.5,1,100,0.0001783877195930259,2803,1.0,0.017838771959302592,0.017838771959302592,0.267123731325411,11,7,-0.20694363631686238,1.5994161986341253,0.9999999999999993,1.5475628907309849,2.386840027984272,0.07123639253720143,0.08062353166692299,1.2887758559184497,0,0.0,0.5293171405792236
1,lp,random,0.0,0,7,0.01,0.5,1,100,0.0001783877195930259,2803,1.0,0.017838771959302592,0.017838771959302592,0.267123731325411,11,7,-0.20694363631686238,1.5994161986341253,0.9999999999999987,1.8802613981890992,2.989656138660594,0.07742807451977488,0.08125092726106997,1.2888104114487806,0,0.0,0.05966687202453613
1,lprand,random,0.0,0,7,0.01,0.5,1,100,0.0001783877195930259,2803,1.0,0.017838771959302592,0.017838771959302592,0.267123731325411,11,7,-0.20694363631686238,1.5994161986341253,1.0000000000000018,1.3310197148059493,2.0741280971251674,0.06372333463760371,0.06752090765727892,1.28884397850688,0,0.0,0.06057596206665039
1,maxentw,random,0.0,0,7,0.01,0.5,1,100,0.0001783877195930259,2803,1.0,0.017838771959302592,0.017838771959302592,0.267123731325411,11,7,-0.20694363631686238,1.5994161986341253,0.9999999999999993,1.5475628907309849,2.386840027984272,0.07123639253720143,0.08062353166692299,1.2887758559184497,0,0.0,1.0283231735229492
1,minnorm,random,0.0,1,3,0.01,0.5,1,100,0.0002206424694960455,2267,1.0,0.02206424694960455,0.02206424694960455,0.29708077655482557,0,3,-0.4661759737245228,1.9323519474490454,1.0945959325162502,1.129829399591872e+90,1.129829399591872e+90,inf,2751851.5912103504,2751851.6350243804,1,0.0,0.007353067398071289
1,projgauss,random,0.0,1,3,0.01,0.5,1,100,0.0002206424694960455,2267,1.0,0.02206424694960455,0.02206424694960455,0.29708077655482557,0,3,-0.46617597372452274,1.932351947449046,1.09459593251625,1.1298293995913298e+90,1.1298293995913298e+90,inf,2751851.5909128874,2751851.6347269174,1,0.0,0.008821964263916016
1,spectral,random,0.0,1,3,0.01,0.5,1,100,0.0002206424694960455,2267,1.0,0.02206424694960455,0.02206424694960455,0.29708077655482557,0,3,-0.4661759737245228,1.9323519474490454,1.0945959325162502,1.129829399591872e+90,1.129829399591872e+90,inf,2751851.5912103504,2751851.6350243804,1,0.0,0.008328914642333984
1,spectralg,random,0.0,1,3,0.01,0.5,1,100,0.0002206424694960455,2267,1.0,0.02206424694960455,0.02206424694960455,0.29708077655482557,0,3,-0.4661759737245228,1.9323519474490454,1.0945959325162502,1.129829399591872e+90,1.129829399591872e+90,inf,2751851.5912103504,2751851.6350243804,1,0.0,0.0074770450592041016
1,molfe,random,0.0,1,3,0.01,0.5,1,100,0.0002206424694960455,2267,1.0,0.02206424694960455,0.02206424694960455,0.29708077655482557,0,3,-0.46244739883415514,1.9248947976683104,1.094074690354733,3.8458892650874383e+89,3.8458892650874383e+89,inf,2414904.65219699,2414904.69601102,1,0.0,0.007673025131225586
1,molrk3,random,0.0,1,3,0.01,0.5,1,100,0.0002206424694960455,2267,1.0,0.02206424694960455,0.02206424694960455,0.29708077655482557,0,3,-0.46011468975522746,1.920229379510455,1.0986384749483222,4.823403595566115e+93,4.823403595566115e+93,inf,7430445.071821256,7430445.115635286,1,0.0,0.008091211318969727
1,maxent,random,0.0,1,3,0.01,0.5,1,100,0.0002206424694960455,2267,1.0,0.02206424694960455,0.02206424694960455,0.29708077655482557,36,3,-0.4661759737245228,1.9323519474490454,1.0945959325162502,1.1298293995923903e+90,1.1298293995923903e+90,inf,2751851.593814309,2751851.637628339,1,0.0,0.7186079025268555
1,lp,random,0.0,1,3,0.01,0.5,1,100,0.0002206424694960455,2267,1.0,0.02206424694960455,0.02206424694960455,0.29708077655482557,36,3,-0.4661759737245228,1.9323519474490454,1.0945959325162502,1.1298293995918796e+90,1.1298293995918796e+90,inf,2751851.591134881,2751851.634948911,1,0.0,0.04883003234863281
1,lprand,random,0.0,1,3,0.01,0.5,1,100,0.0002206424694960455,2267,1.0,0.02206424694960455,0.02206424694960455,0.29708077655482557,36,3,-0.4661759737245228,1.9323519474490454,1.0945959325162502,1.1298293995918796e+90,1.1298293995918796e+90,inf,2751851.591134881,2751851.634948911,1,0.0,0.04776501655578613
1,maxentw,random,0.0,1,3,0.01,0.5,1,100,0.0002206424694960455,2267,1.0,0.02206424694960455,0.02206424694960455,0.29708077655482557,7,7,-0.3220999194274349,1.64419983885487,1.0001046467087047,7256.085000333959,129635.78900015101,14.280134693861932,14.280134693861932,14.41256379259454,1,0.0,1.255397081375122
1,minnorm,random,0.0,1,5,0.01,0.5,1,100,0.0002206424694960455,2267,1.0,0.02206424694960455,0.02206424694960455,0.29708077655482557,0,5,-0.24715537946155433,1.6942916573104956,1.0006762918231018,2025.396889051246,740832.0191703357,15.94205937576535,15.94205937576535,16.074488474497958,1,0.0,0.014039993286132812
1,projgauss,random,0.0,1,5,0.01,0.5,1,100,0.0002206424694960455,2267,1.0,0.02206424694960455,0.02206424694960455,0.29708077655482557,0,5,-0.27458217102664145,1.7152962397384426,1.000355507134083,2015.2384560856335,121927.5304468793,16.061731792391633,16.061731792391633,16.19416089112424,1,0.0,0.014208078384399414
1,spectral,random,0.0,1,5,0.01,0.5,1,100,0.0002206424694960455,2267,1.0,0.02206424694960455,0.02206424694960455,0.29708077655482557,0,5,-0.7650499131073135,4.014750974017349,1.0001751819880849,15032.972456184907,264714.9266508763,15.721792374881554,15.721792374881554,15.854221473614162,1,0.0,0.020102262496948242
1,spectralg,random,0.0,1,5,0.01,0.5,1,100,0.0002206424694960455,2267,1.0,0.02206424694960455,0.02206424694960455,0.29708077655482557,0,5,-0.7650499131073135,4.014750974017349,1.000154499263954,15032.923125965703,264713.3470355158,15.6635487330824,15.6635487330824,15.795977831815009,1,0.0,0.03588676452636719
1,molfe,random,0.0,1,5,0.01,0.5,1,100,0.0002206424694960455,2267,1.0,0.02206424694960455,0.02206424694960455,0.29708077655482557,0,5,-0.07953950267226521,1.2903564054797858,1.0059595753095132,13029872.345211027,1.1766821268055449e+27,2198.3904609428982,2198.3904609428982,2198.6108627051044,1,0.0,0.013710975646972656
1,molrk3,random,0.0,1,5,0.01,0.5,1,100,0.0002206424694960455,2267,1.0,0.02206424694960455,0.02206424694960455,0.29708077655482557,0,5,-0.08008107599709668,1.2918840651175059,1.0059773688556877,13563487.287423313,1.4043555033089885e+27,2288.1741222139112,2288.1741222139112,2288.3945239761174,1,0.0,0.01424098014831543
1,maxent,random,0.0,1,5,0.01,0.5,1,100,0.0002206424694960455,2267,1.0,0.02206424694960455,0.02206424694960455,0.29708077655482557,8,5,-0.24715537946155433,1.6942916573104956,1.0000541607551152,3283.7134607741973,58053.433628222134,15.699234412974048,15.699234412974048,15.831663511706656,1,0.0,0.6350951194763184
1,lp,random,0.0,1,5,0.01,0.5,1,100,0.0002206424694960455,2267,1.0,0.02206424694960455,0.02206424694960455,0.29708077655482557,8,5,-0.24715537946155433,1.6942916573104956,1.0000005202842455,5307.7557519633065,94924.86522658322,15.576532240885877,15.576532240885877,15.708961339618485,1,0.0,0.05460309982299805
1,lprand,random,0.0,1,5,0.01,0.5,1,100,0.0002206424694960455,2267,1.0,0.02206424694960455,0.02206424694960455,0.29708077655482557,8,5,-0.24715537946155433,1.6942916573104956,1.0000006831358967,10134.680496343108,183917.88534504973,15.671153210006347,15.671153210006347,15.803582308738955,1,0.0,0.05592489242553711
1,maxentw,random,0.0,1,5,0.01,0.5,1,100,0.0002206424694960455,2267,1.0,0.02206424694960455,0.02206424694960455,0.29708077655482557,7,7,-0.24715537946155433,1.6121387947142156,1.000000823233784,2181.3676595144393,38259.20272092275,15.699234412974048,15.699234412974048,15.831663511706656,1,0.0,0.9724080562591553
1,minnorm,random,0.0,1,7,0.01,0.5,1,100,0.0002206424694960455,2267,1.0,0.02206424694960455,0.02206424694960455,0.29708077655482557,0,7,-0.2197638543014163,1.5957144661450091,1.0000000000000033,1.8453770854489102,2.0740735850239163,0.19090774007723488,0.23061127832605433,1.288032827704864,0,0.0,0.013293981552124023
1,projgauss,random,0.0,1,7,0.01,0.5,1,100,0.0002206424694960455,2267,1.0,0.02206424694960455,0.02206424694960455,0.29708077655482557,0,7,-0.16605193624952513,1.4684238145688417,1.0000000000000024,1.440042664049914,1.642303152167282,0.15315523170745415,0.15435744713059696,1.2883213514006644,0,0.0,0.014103889465332031
1,spectral,random,0.0,1,7,0.01,0.5,1,100,0.0002206424694960455,2267,1.0,0.02206424694960455,0.02206424694960455,0.29708077655482557,0,7,-1.0133299152725503,4.560627168068277,1.0000000000000009,3.5412656983281297,20.176643724416707,0.0803341937039368,0.08814182854123098,1.2897731810461175,0,0.0,0.0192410945892334
1,spectralg,random,0.0,1,7,0.01,0.5,1,100,0.0002206424694960455,2267,1.0,0.02206424694960455,0.02206424694960455,0.29708077655482557,0,7,-1.0133299152725503,4.560627168068277,1.0000000000000002,3.539758548250405,20.176643724416703,0.08047272672219263,0.08823160802473179,1.2897739607005394,0,0.0,0.039047956466674805
1,molfe,random,0.0,1,7,0.01,0.5,1,100,0.0002206424694960455,2267,1.0,0.02206424694960455,0.02206424694960455,0.29708077655482557,0,7,-0.016935943499256614,1.0676708510740014,1.005229730679302,398505.16540982254,1.312869643755989e+23,161.19980276028414,161.19980276028414,160.3951680703519,1,0.0,0.012248039245605469
1,molrk3,random,0.0,1,7,0.01,0.5,1,100,0.0002206424694960455,2267,1.0,0.02206424694960455,0.02206424694960455,0.29708077655482557,0,7,-0.016774818145352696,1.0674591012673684,1.0052434295597175,411009.2542449659,1.5045449556020852e+23,166.261247196668,166.261247196668,165.45661250673575,1,0.0,0.012701272964477539
1,maxent,random,0.0,1,7,0.01,0.5,1,100,0.0002206424694960455,2267,1.0,0.02206424694960455,0.02206424694960455,0.29708077655482557,7,7,-0.2197638543014163,1.5957144661450091,1.0000000000000098,1.3336023575730922,2.217809098432821,0.08060769332432588,0.08782380503266052,1.2888829072462598,0,0.0,0.533541202545166
1,lp,random,0.0,1,7,0.01,0.5,1,100,0.0002206424694960455,2267,1.0,0.02206424694960455,0.02206424694960455,0.29708077655482557,7,7,-0.2197638543014163,1.5957144661450091,0.9999999999999984,1.3683900770674875,2.4738685199455723,0.08568691431520403,0.09227690324623666,1.289040765575563,0,0.0,0.05602288246154785
1,lprand,random,0.0,1,7,0.01,0.5,1,100,0.0002206424694960455,2267,1.0,0.02206424694960455,0.02206424694960455,0.29708077655482557,7,7,-0.2197638543014163,1.5957144661450091,1.0000000000000027,1.3402692308218331,2.229427601123377,0.08104036027906786,0.08832097300367431,1.288942036585982,0,0.0,0.05548739433288574
1,maxentw,random,0.0,1,7,0.01,0.5,1,100,0.0002206424694960455,2267,1.0,0.02206424694960455,0.02206424694960455,0.29708077655482557,7,7,-0.2197638543014163,1.5957144661450091,1.0000000000000098,1.3336023575730922,2.217809098432821,0.08060769332432588,0.08782380503266052,1.2888829072462598,0,0.0,0.853489875793457
1,minnorm,random,0.0,2,3,0.01,0.5,1,100,0.00025656667971716874,1949,1.0,0.02565666797171687,0.025656667971716875,0.3203539790401666,0,3,-0.47715177078760773,1.9543035415752157,1.0595731290042028,1.56109442242998e+50,3.331153420603572e+252,inf,2851338.65356826,2851338.7261121576,1,0.0,0.00810694694519043
1,projgauss,random,0.0,2,3,0.01,0.5,1,100,0.00025656667971716874,1949,1.0,0.02565666797171687,0.025656667971716875,0.3203539790401666,0,3,-0.4771517707876082,1.9543035415752161,1.0595731290042032,1.5610944224311668e+50,3.3311534206163716e+252,inf,2851338.653512561,2851338.726056459,1,0.0,0.009760856628417969
1,spectral,random,0.0,2,3,0.01,0.5,1,100,0.00025656667971716874,1949,1.0,0.02565666797171687,0.025656667971716875,0.3203539790401666,0,3,-0.47715177078760773,1.9543035415752157,1.0595731290042028,1.56109442242998e+50,3.331153420603572e+252,inf,2851338.65356826,2851338.7261121576,1,0.0,0.009325027465820312
1,spectralg,random,0.0,2,3,0.01,0.5,1,100,0.00025656667971716874,1949,1.0,0.02565666797171687,0.025656667971716875,0.3203539790401666,0,3,-0.47715177078760773,1.9543035415752157,1.0595731290042028,1.56109442242998e+50,3.331153420603572e+252,inf,2851338.65356826,2851338.7261121576,1,0.0,0.008133172988891602
1,molfe,random,0.0,2,3,0.01,0.5,1,100,0.00025656667971716874,1949,1.0,0.02565666797171687,0.025656667971716875,0.3203539790401666,0,3,-0.4727840089355588,1.9455680178711177,1.0592669676892235,8.909040025957404e+49,1.8558506472364513e+251,inf,2549303.7438008087,2549303.8163447063,1,0.0,0.008716106414794922
1,molrk3,random,0.0,2,3,0.01,0.5,1,100,0.00025656667971716874,1949,1.0,0.02565666797171687,0.025656667971716875,0.3203539790401666,0,3,-0.44442583976327465,1.8888516795265493,1.0610579510150453,2.397523513320903e+51,4.029859390306782e+258,inf,4844154.402621366,4844154.475165264,1,0.0,0.008890151977539062
1,maxent,random,0.0,2,3,0.01,0.5,1,100,0.00025656667971716874,1949,1.0,0.02565666797171687,0.025656667971716875,0.3203539790401666,36,3,-0.47715177078760773,1.9543035415752157,1.0595731290042028,1.5610944223182196e+50,3.3311534203650908e+252,inf,2851338.3624949185,2851338.435038816,1,0.0,0.848919153213501
1,lp,random,0.0,2,3,0.01,0.5,1,100,0.00025656667971716874,1949,1.0,0.02565666797171687,0.025656667971716875,0.3203539790401666,36,3,-0.47715177078760773,1.9543035415752157,1.0595731290042028,1.561094422430005e+50,3.3311534206036253e+252,inf,2851338.653420052,2851338.7259639497,1,0.0,0.049019813537597656
1,lprand,random,0.0,2,3,0.01,0.5,1,100,0.00025656667971716874,1949,1.0,0.02565666797171687,0.025656667971716875,0.3203539790401666,36,3,-0.47715177078760773,1.9543035415752157,1.0595731290042028,1.561094422430005e+50,3.3311534206036253e+252,inf,2851338.653420052,2851338.7259639497,1,0.0,0.048059940338134766
1,maxentw,random,0.0,2,3,0.01,0.5,1,100,0.00025656667971716874,1949,1.0,0.02565666797171687,0.025656667971716875,0.3203539790401666,11,7,-0.47715177078760773,1.9543035415752157,1.0308581984548255,1.0229273970214352e+27,1.8811529026804179e+133,inf,1384215.377118526,1384215.4948793785,1,0.0,1.4217331409454346
1,minnorm,random,0.0,2,5,0.01,0.5,1,100,0.00025656667971716874,1949,1.0,0.02565666797171687,0.025656667971716875,0.3203539790401666,0,5,-0.24785799020603386,1.6407658807691727,1.0001707899748298,4226.187669192681,1264080.09167307,14.751863410484606,14.751863410484606,15.342922030930138,1,0.0,0.010822057723999023
1,projgauss,random,0.0,2,5,0.01,0.5,1,100,0.00025656667971716874,1949,1.0,0.02565666797171687,0.025656667971716875,0.3203539790401666,0,5,-0.24619387104249224,1.6578386036437351,1.000000839125007,3388.007609634347,228430.18502879268,12.652199003182858,12.652199003182858,13.243257623628391,1,0.0,0.011667251586914062
1,spectral,random,0.0,2,5,0.01,0.5,1,100,0.00025656667971716874,1949,1.0,0.02565666797171687,0.025656667971716875,0.3203539790401666,0,5,-0.9716185281725684,3.805194718898347,1.0000014417564278,24139.31746336442,1401885.791214903,9.005991486238328,9.005991486238328,9.381505723897092,0,0.0,0.016250133514404297
1,spectralg,random,0.0,2,5,0.01,0.5,1,100,0.00025656667971716874,1949,1.0,0.02565666797171687,0.025656667971716875,0.3203539790401666,0,5,-0.9716185281725684,3.805194718898347,1.0000008131377751,28294.09901050547,1758822.1809308648,9.74740233571503,9.74740233571503,9.381505723897092,0,0.0,0.029301881790161133
1,molfe,random,0.0,2,5,0.01,0.5,1,100,0.00025656667971716874,1949,1.0,0.02565666797171687,0.025656667971716875,0.3203539790401666,0,5,-0.055722270413697594,1.22513090274015,1.0063461921864445,389890.7493701151,5.26225144487917e+27,264.8112104439768,264.8112104439768,263.89495129390855,1,0.0,0.012403011322021484
1,molrk3,random,0.0,2,5,0.01,0.5,1,100,0.00025656667971716874,1949,1.0,0.02565666797171687,0.025656667971716875,0.3203539790401666,0,5,-0.056097231865325045,1.2259759716830247,1.006366371862,405792.8565205118,6.430685527891358e+27,275.499181606315,275.499181606315,274.58292245624676,1,0.0,0.013398885726928711
1,maxent,random,0.0,2,5,0.01,0.5,1,100,0.00025656667971716874,1949,1.0,0.02565666797171687,0.025656667971716875,0.3203539790401666,12,5,-0.24437437418235314,1.6407658807691727,1.0000005517577788,6077.814914048201,383517.96019667527,10.18204956350931,10.18204956350931,9.747479505091684,0,0.0,0.6155867576599121
1,lp,random,0.0,2,5,0.01,0.5,1,100,0.00025656667971716874,1949,1.0,0.02565666797171687,0.025656667971716875,0.3203539790401666,12,5,-0.24437437418235314,1.6407658807691727,1.0000008415881778,6764.083536909377,335237.34241993877,9.032631146058193,9.032631146058193,9.36391535206934,0,0.0,0.052806854248046875
1,lprand,random,0.0,2,5,0.01,0.5,1,100,0.00025656667971716874,1949,1.0,0.02565666797171687,0.025656667971716875,0.3203539790401666,12,5,-0.24437437418235314,1.6407658807691727,1.000000334175468,6365.563926158359,381496.02691093774,9.944608858356741,9.944608858356741,9.510038799939116,0,0.0,0.05498003959655762
1,maxentw,random,0.0,2,5,0.01,0.5,1,100,0.00025656667971716874,1949,1.0,0.02565666797171687,0.025656667971716875,0.3203539790401666,11,7,-0.24437437418235314,1.6407658807691727,1.000004953907874,5733.113392291451,336661.44112993364,10.172082258067999,10.172082258067999,9.737512199650373,0,0.0,1.1272120475769043
1,minnorm,random,0.0,2,7,0.01,0.5,1,100,0.00025656667971716874,1949,1.0,0.02565666797171687,0.025656667971716875,0.3203539790401666,0,7,-0.21656820965016932,1.5312824978448158,1.0000000000000018,1.7709484200942387,1.9961760924176148,0.11712405454899577,0.1542985610978509,1.2864876930480766,0,0.0,0.013253927230834961
1,projgauss,random,0.0,2,7,0.01,0.5,1,100,0.00025656667971716874,1949,1.0,0.02565666797171687,0.025656667971716875,0.3203539790401666,0,7,-0.13990751762618878,1.4260213993498225,1.0000000000000042,1.2600734707286405,1.6166497058857732,0.06755010447664223,0.08637579791372596,1.2881533079642644,0,0.0,0.012894868850708008
1,spectral,random,0.0,2,7,0.01,0.5,1,100,0.00025656667971716874,1949,1.0,0.02565666797171687,0.025656667971716875,0.3203539790401666,0,7,-0.7940403159293743,3.542789201699296,1.0000000000000004,4.073154461928225,12.396227045755566,0.0611590862438981,0.061211530382584534,1.2891043037661685,0,0.0,0.01911020278930664
1,spectralg,random,0.0,2,7,0.01,0.5,1,100,0.00025656667971716874,1949,1.0,0.02565666797171687,0.025656667971716875,0.3203539790401666,0,7,-0.7940403159293743,3.542789201699296,1.0000000000000022,4.073120475324807,12.396227045755566,0.06115706586140601,0.0612095982855253,1.2891043037661685,0,0.0,0.035482168197631836
1,molfe,random,0.0,2,7,0.01,0.5,1,100,0.00025656667971716874,1949,1.0,0.02565666797171687,0.025656667971716875,0.3203539790401666,0,7,-0.023215906039086222,1.1228092717631015,1.0084624943810045,56566859.289622374,1.6532799123027295e+37,10816.49325431457,10816.49325431457,10816.513624475552,1,0.0,0.013131141662597656
1,molrk3,random,0.0,2,7,0.01,0.5,1,100,0.00025656667971716874,1949,1.0,0.02565666797171687,0.025656667971716875,0.3203539790401666,0,7,-0.02303905667494288,1.1217622694572762,1.0084984022918202,60638706.721179396,2.3603754702440907e+37,11595.612052558228,11595.612052558228,11595.63242271921,1,0.0,0.013091087341308594
1,maxent,random,0.0,2,7,0.01,0.5,1,100,0.00025656667971716874,1949,1.0,0.02565666797171687,0.025656667971716875,0.3203539790401666,11,7,-0.21656820965016932,1.4982758007589594,0.9999999999999997,1.2408963113521299,1.7386772567508901,0.034671019659915925,0.04151789896528818,1.2891811464036946,0,0.0,0.5573937892913818
1,lp,random,0.0,2,7,0.01,0.5,1,100,0.00025656667971716874,1949,1.0,0.02565666797171687,0.025656667971716875,0.3203539790401666,11,7,-0.21656820965016932,1.4982758007589594,1.0000000000000007,1.3667325145014748,1.8952720179408828,0.03859497499112452,0.03937413487209307,1.2894303420798343,0,0.0,0.05790305137634277
1,lprand,random,0.0,2,7,0.01,0.5,1,100,0.00025656667971716874,1949,1.0,0.02565666797171687,0.025656667971716875,0.3203539790401666,11,7,-0.21656820965016932,1.4982758007589594,0.9999999999999964,1.3230245675152579,2.033268113087911,0.03643954610993905,0.04081717448677108,1.2893503582326598,0,0.0,0.05618906021118164
1,maxentw,random,0.0,2,7,0.01,0.5,1,100,0.00025656667971716874,1949,1.0,0.02565666797171687,0.025656667971716875,0.3203539790401666,11,7,-0.21656820965016932,1.4982758007589594,0.9999999999999997,1.2408963113521299,1.7386772567508901,0.034671019659915925,0.04151789896528818,1.2891811464036946,0,0.0,1.0551998615264893
1,minnorm,jitter,0.0,0,3,0.003,0.5,1,100,0.004999999999999949,101,3.3333333333333335,0.14999999999999847,0.4999999999999949,0.9999999999999898,0,3,0.024999999999997857,1.000000000000001,1.0000000000000042,1.0000000000000873,1.0000000000084681,0.0012817250868361052,0.0012817250868361052,1.2954476008373375,0,0.0,0.008436203002929688
1,projgauss,jitter,0.0,0,3,0.003,0.5,1,100,0.004999999999999949,101,3.3333333333333335,0.14999999999999847,0.4999999999999949,0.9999999999999898,0,3,0.02499999999999819,1.0000000000000004,1.0000000000000024,1.0000000000000369,1.000000000003482,0.0012817250868319766,0.0012817250868319766,1.2954476008373361,0,0.0,0.009308099746704102
1,spectral,jitter,0.0,0,3,0.003,0.5,1,100,0.004999999999999949,101,3.3333333333333335,0.14999999999999847,0.4999999999999949,0.9999999999999898,0,3,0.024999999999997857,1.000000000000001,1.0000000000000042,1.0000000000000873,1.0000000000084681,0.0012817250868361052,0.0012817250868361052,1.2954476008373375,0,0.0,0.009205102920532227
1,spectralg,jitter,0.0,0,3,0.003,0.5,1,100,0.004999999999999949,101,3.3333333333333335,0.14999999999999847,0.4999999999999949,0.9999999999999898,0,3,0.024999999999997857,1.000000000000001,1.0000000000000042,1.0000000000000873,1.0000000000084681,0.0012817250868361052,0.0012817250868361052,1.2954476008373375,0,0.0,0.008992195129394531
1,molfe,jitter,0.0,0,3,0.003,0.5,1,100,0.004999999999999949,101,3.3333333333333335,0.14999999999999847,0.4999999999999949,0.9999999999999898,0,3,-0.10000000000000236,1.2000000000000046,0.9999999999999999,1.1810234073880643,1.2445603495999986,0.12232171775190137,0.12232171775190137,1.2980011763213621,0,0.0,0.009147882461547852
1,molrk3,jitter,0.0,0,3,0.003,0.5,1,100,0.004999999999999949,101,3.3333333333333335,0.14999999999999847,0.4999999999999949,0.9999999999999898,0,3,-0.07250000000000215,1.1453333333333378,1.0000000000000016,1.0003393600718995,1.1453333333333378,0.00852844631628312,0.00852844631628312,1.2955087555002232,0,0.0,0.008246660232543945
1,maxent,jitter,0.0,0,3,0.003,0.5,1,100,0.004999999999999949,101,3.3333333333333335,0.14999999999999847,0.4999999999999949,0.9999999999999898,0,3,0.024999999999998208,1.0,1.0000000000000024,1.0000000000000082,1.0000000000007483,0.0012817250868328647,0.0012817250868328647,1.2954476008373352,0,0.0,0.025304079055786133
1,lp,jitter,0.0,0,3,0.003,0.5,1,100,0.004999999999999949,101,3.3333333333333335,0.14999999999999847,0.4999999999999949,0.9999999999999898,0,3,0.024999999999998208,1.0,1.0000000000000038,1.0000000000000009,1.0000000000000224,0.001281725086833177,0.001281725086833177,1.2954476008373348,0,0.0,0.05042409896850586
1,lprand,jitter,0.0,0,3,0.003,0.5,1,100,0.004999999999999949,101,3.3333333333333335,0.14999999999999847,0.4999999999999949,0.9999999999999898,0,3,0.024999999999998208,1.0,1.0000000000000013,1.0000000000000009,1.000000000000057,0.00128172508683317,0.00128172508683317,1.295447600837335,0,0.0,0.0494229793548584
1,maxentw,jitter,0.0,0,3,0.003,0.5,1,100,0.004999999999999949,101,3.3333333333333335,0.14999999999999847,0.4999999999999949,0.9999999999999898,0,3,0.024999999999998208,1.0,1.0000000000000024,1.0000000000000082,1.0000000000007483,0.0012817250868328647,0.0012817250868328647,1.2954476008373352,0,0.0,0.025914669036865234
1,minnorm,jitter,0.0,0,5,0.003,0.5,1,100,0.004999999999999949,101,3.3333333333333335,0.14999999999999847,0.4999999999999949,0.9999999999999898,0,5,-0.10714285714285765,1.2142857142857155,0.9999999999999979,1.0273257032152818,1.2142857142857155,0.019166578140839136,0.019166578140839136,1.2955648602050607,0,0.0,0.007335186004638672
1,projgauss,jitter,0.0,0,5,0.003,0.5,1,100,0.004999999999999949,101,3.3333333333333335,0.14999999999999847,0.4999999999999949,0.9999999999999898,0,5,-0.0683241526449018,1.1366483052898038,0.9999999999999974,1.0090941846892538,1.1366483052898038,0.012229681885632039,0.012229681885632039,1.2955186777803729,0,0.0,0.008872032165527344
1,spectral,jitter,0.0,0,5,0.003,0.5,1,100,0.004999999999999949,101,3.3333333333333335,0.14999999999999847,0.4999999999999949,0.9999999999999898,0,5,-0.022806524316184185,1.0456130486323676,1.0000000000000027,0.9999999999999454,1.0456130486323676,0.002826157465869332,0.002826157465869332,1.2954636016393026,0,0.0,0.014688253402709961
1,spectralg,jitter,0.0,0,5,0.003,0.5,1,100,0.004999999999999949,101,3.3333333333333335,0.14999999999999847,0.4999999999999949,0.9999999999999898,0,5,-0.022806524316184185,1.0456130486323676,1.0000000000000027,0.9999999999999454,1.0456130486323676,0.002826157465869332,0.002826157465869332,1.2954636016393026,0,0.0,0.025862932205200195
1,molfe,jitter,0.0,0,5,0.003,0.5,1,100,0.004999999999999949,101,3.3333333333333335,0.14999999999999847,0.4999999999999949,0.9999999999999898,0,5,-0.07142857142857145,1.2571428571428558,1.0857142857142876,4188.804294896801,inf,0.1244773373220045,0.1244773373220045,1.2981514729490025,0,0.0,0.00826120376586914
1,molrk3,jitter,0.0,0,5,0.003,0.5,1,100,0.004999999999999949,101,3.3333333333333335,0.14999999999999847,0.4999999999999949,0.9999999999999898,0,5,-0.06933965014577258,1.2428843537414955,1.0894927113702617,5849.229892329136,inf,0.028944656235446245,0.028944656235446245,1.295681776720948,0,0.0,0.00824594497680664
1,maxent,jitter,0.0,0,5,0.003,0.5,1,100,0.004999999999999949,101,3.3333333333333335,0.14999999999999847,0.4999999999999949,0.9999999999999898,0,5,8.192389325356053e-06,1.0,1.0000000000000004,0.9999999999999933,1.0,3.797057669796544e-05,3.797057669796544e-05,1.2954373693698154,0,0.0,0.025501012802124023
1,lp,jitter,0.0,0,5,0.003,0.5,1,100,0.004999999999999949,101,3.3333333333333335,0.14999999999999847,0.4999999999999949,0.9999999999999898,0,5,0.0,1.0,1.000000000000006,0.9999999999999977,1.0,0.00213006237090331,0.00213006237090331,1.29545633726931,0,0.0,0.04958701133728027
1,lprand,jitter,0.0,0,5,0.003,0.5,1,100,0.004999999999999949,101,3.3333333333333335,0.14999999999999847,0.4999999999999949,0.9999999999999898,0,5,0.0,1.0000000000000004,1.0000000000000009,1.0000000000000024,1.0000000000001303,0.0004389267902559779,0.0004539117070140736,1.2954429959553417,0,0.0,0.04827594757080078
1,maxentw,jitter,0.0,0,5,0.003,0.5,1,100,0.004999999999999949,101,3.3333333333333335,0.14999999999999847,0.4999999999999949,0.9999999999999898,0,5,8.192389325356053e-06,1.0,1.0000000000000004,0.9999999999999933,1.0,3.797057669796544e-05,3.797057669796544e-05,1.2954373693698154,0,0.0,0.02579498291015625
1,minnorm,jitter,0.0,0,7,0.003,0.5,1,100,0.004999999999999949,101,3.3333333333333335,0.14999999999999847,0.4999999999999949,0.9999999999999898,0,7,-0.11607142857142883,1.2500000000000036,1.0000000000000013,1.1142522738080443,1.2500000000000036,0.04958035621351667,0.04958035621351667,1.2957175942450494,0,0.0,0.0072231292724609375
1,projgauss,jitter,0.0,0,7,0.003,0.5,1,100,0.004999999999999949,101,3.3333333333333335,0.14999999999999847,0.4999999999999949,0.9999999999999898,0,7,-0.04031683076186164,1.1266157081505581,0.9999999999999983,1.024638202425938,1.1266157081505583,0.01733502816137447,0.01733502816137447,1.2955253916661982,0,0.0,0.008013725280761719
1,spectral,jitter,0.0,0,7,0.003,0.5,1,100,0.004999999999999949,101,3.3333333333333335,0.14999999999999847,0.4999999999999949,0.9999999999999898,0,7,-0.02140860053710178,1.095738860912796,1.0000000000000009,1.0006584194510242,1.0957388609127963,0.005859361362165576,0.005859361362165576,1.2954789823331256,0,0.0,0.014354944229125977
1,spectralg,jitter,0.0,0,7,0.003,0.5,1,100,0.004999999999999949,101,3.3333333333333335,0.14999999999999847,0.4999999999999949,0.9999999999999898,0,7,-0.02140860053710178,1.095738860912796,1.0000000000000009,1.0006584194510242,1.0957388609127963,0.005859361362165576,0.005859361362165576,1.2954789823331256,0,0.0,0.028161048889160156
1,molfe,jitter,0.0,0,7,0.003,0.5,1,100,0.004999999999999949,101,3.3333333333333335,0.14999999999999847,0.4999999999999949,0.9999999999999898,0,7,-0.035714285714285754,1.1999999999999984,1.0328434312575812,39.632149978096244,2.8177200467918666e+140,0.13408148273741105,0.13408148273741105,1.298375090084279,0,0.0,0.00763392448425293
1,molrk3,jitter,0.0,0,7,0.003,0.5,1,100,0.004999999999999949,101,3.3333333333333335,0.14999999999999847,0.4999999999999949,0.9999999999999898,0,7,-0.034899234693877276,1.1971829446064124,1.0331671797317177,39.45398242237946,6.473985176621111e+141,0.05950057494041752,0.05950057494041752,1.2959390812303955,0,0.0,0.008311033248901367
1,maxent,jitter,0.0,0,7,0.003,0.5,1,100,0.004999999999999949,101,3.3333333333333335,0.14999999999999847,0.4999999999999949,0.9999999999999898,0,7,1.368989227570529e-10,1.0000000000000002,1.0000000000000022,1.0000000000000098,1.0000000000008937,3.7561293239285476e-05,3.7561293239285476e-05,1.295437355616115,0,0.0,0.027540922164916992
1,lp,jitter,0.0,0,7,0.003,0.5,1,100,0.004999999999999949,101,3.3333333333333335,0.14999999999999847,0.4999999999999949,0.9999999999999898,0,7,0.0,1.0,1.0000000000000027,1.000000000000004,1.0000000000003486,0.0012822099090178396,0.0012937638123875356,1.295429777040542,0,0.0,0.04951596260070801
1,lprand,jitter,0.0,0,7,0.003,0.5,1,100,0.004999999999999949,101,3.3333333333333335,0.14999999999999847,0.4999999999999949,0.9999999999999898,0,7,0.0,1.0000000000000004,1.000000000000001,1.0000000000000018,1.0000000000000018,0.00018526165191889987,0.0002536882161981576,1.2954484152936228,0,0.0,0.05046510696411133
1,maxentw,jitter,0.0,0,7,0.003,0.5,1,100,0.004999999999999949,101,3.3333333333333335,0.14999999999999847,0.4999999999999949,0.9999999999999898,0,7,1.368989227570529e-10,1.0000000000000002,1.0000000000000022,1.0000000000000098,1.0000000000008937,3.7561293239285476e-05,3.7561293239285476e-05,1.295437355616115,0,0.0,0.027562856674194336
1,minnorm,jitter,0.1,0,3,0.003,0.5,1,100,0.004046780115040727,124,3.3333333333333335,0.1214034034512218,0.4046780115040727,0.8093560230081454,0,3,-0.04015205274182197,1.0803041054836435,1.0000000000000042,1.000000087576788,1.0803041054836435,0.0011170109467797465,0.0011170109467797465,1.296530042742288,0,0.0,0.00917816162109375
1,projgauss,jitter,0.1,0,3,0.003,0.5,1,100,0.004046780115040727,124,3.3333333333333335,0.1214034034512218,0.4046780115040727,0.8093560230081454,0,3,-0.04015205274182196,1.080304105483644,1.0000000000000009,1.000000087576783,1.080304105483644,0.0011170109467807873,0.0011170109467807873,1.2965300427422877,0,0.0,0.010255098342895508
1,spectral,jitter,0.1,0,3,0.003,0.5,1,100,0.004046780115040727,124,3.3333333333333335,0.1214034034512218,0.4046780115040727,0.8093560230081454,0,3,-0.04015205274182197,1.0803041054836435,1.0000000000000042,1.000000087576788,1.0803041054836435,0.0011170109467797465,0.0011170109467797465,1.296530042742288,0,0.0,0.009658098220825195
1,spectralg,jitter,0.1,0,3,0.003,0.5,1,100,0.004046780115040727,124,3.3333333333333335,0.1214034034512218,0.4046780115040727,0.8093560230081454,0,3,-0.04015205274182197,1.0803041054836435,1.0000000000000042,1.000000087576788,1.0803041054836435,0.0011170109467797465,0.0011170109467797465,1.296530042742288,0,0.0,0.00910806655883789
1,molfe,jitter,0.1,0,3,0.003,0.5,1,100,0.004046780115040727,124,3.3333333333333335,0.1214034034512218,0.4046780115040727,0.8093560230081454,0,3,-0.1378852866857065,1.275770573371413,1.0000000000000044,1.0884641912618185,1.3284241819195437,0.09698651305765393,0.09698651305765393,1.29822356245421,0,0.0,0.008866071701049805
1,molrk3,jitter,0.1,0,3,0.003,0.5,1,100,0.004046780115040727,124,3.3333333333333335,0.1214034034512218,0.4046780115040727,0.8093560230081454,0,3,-0.10663954413457778,1.2135144163336333,1.0000000000000007,1.0066898533908866,1.2135144163336333,0.008691264737530496,0.008691264737530496,1.2965775715396781,0,0.0,0.007766008377075195
1,maxent,jitter,0.1,0,3,0.003,0.5,1,100,0.004046780115040727,124,3.3333333333333335,0.1214034034512218,0.4046780115040727,0.8093560230081454,47,3,-0.04015205274182197,1.0803041054836435,1.0000000000000009,1.0000000875767756,1.0803041054836435,0.001117010948521676,0.001117010948521676,1.296530042742288,0,0.0,0.7836430072784424
1,lp,jitter,0.1,0,3,0.003,0.5,1,100,0.004046780115040727,124,3.3333333333333335,0.1214034034512218,0.4046780115040727,0.8093560230081454,47,3,-0.04015205274182197,1.0803041054836435,1.0000000000000016,1.0000000875767754,1.0803041054836435,0.0011170109467814882,0.0011170109467814882,1.296530042742288,0,0.0,0.047914981842041016
1,lprand,jitter,0.1,0,3,0.003,0.5,1,100,0.004046780115040727,124,3.3333333333333335,0.1214034034512218,0.4046780115040727,0.8093560230081454,47,3,-0.04015205274182197,1.0803041054836435,0.9999999999999996,1.0000000875767758,1.0803041054836435,0.0011170109467814882,0.0011170109467814882,1.296530042742288,0,0.0,0.048648834228515625
1,maxentw,jitter,0.1,0,3,0.003,0.5,1,100,0.004046780115040727,124,3.3333333333333335,0.1214034034512218,0.4046780115040727,0.8093560230081454,47,3,-0.04015205274182197,1.0803041054836435,1.0000000000000009,1.0000000875767756,1.0803041054836435,0.001117010948521676,0.001117010948521676,1.296530042742288,0,0.0,2.9236197471618652
1,minnorm,jitter,0.1,0,5,0.003,0.5,1,100,0.004046780115040727,124,3.3333333333333335,0.1214034034512218,0.4046780115040727,0.8093560230081454,0,5,-0.12207561860223638,1.244151237204473,1.0000000000000016,1.0369442279654757,1.2441512372044727,0.021173503945214472,0.021173503945214472,1.296627970798017,0,0.0,0.007615089416503906
1,projgauss,jitter,0.1,0,5,0.003,0.5,1,100,0.004046780115040727,124,3.3333333333333335,0.1214034034512218,0.4046780115040727,0.8093560230081454,0,5,-0.09064528145487712,1.181290562909754,1.000000000000001,1.0150292905773062,1.1812905629097543,0.014113645195873353,0.014113645195873353,1.2965929436926285,0,0.0,0.008711099624633789
1,spectral,jitter,0.1,0,5,0.003,0.5,1,100,0.004046780115040727,124,3.3333333333333335,0.1214034034512218,0.4046780115040727,0.8093560230081454,0,5,-0.09763823696089152,1.3460966595231814,0.9999999999999977,1.0000002761238977,1.3460966595231814,0.004913347691390436,0.004913347691390436,1.2964877896372669,0,0.0,0.01385498046875
1,spectralg,jitter,0.1,0,5,0.003,0.5,1,100,0.004046780115040727,124,3.3333333333333335,0.1214034034512218,0.4046780115040727,0.8093560230081454,0,5,-0.09763823696089152,1.3460966595231814,0.9999999999999977,1.0000002761238977,1.3460966595231814,0.004913347691390436,0.004913347691390436,1.2964877896372669,0,0.0,0.025318145751953125
1,molfe,jitter,0.1,0,5,0.003,0.5,1,100,0.004046780115040727,124,3.3333333333333335,0.1214034034512218,0.4046780115040727,0.8093560230081454,0,5,-0.07272274803649542,1.2212860021661405,1.0677662054989048,4403.199766448181,7.608773608538294e+284,0.14498598419382636,0.14498598419382636,1.2983430670591243,0,0.0,0.008273124694824219
1,molrk3,jitter,0.1,0,5,0.003,0.5,1,100,0.004046780115040727,124,3.3333333333333335,0.1214034034512218,0.4046780115040727,0.8093560230081454,0,5,-0.07014192244802184,1.2125432901013997,1.0701142014595224,5728.102621183757,2.633981323296971e+294,0.13195511777130253,0.13195511777130253,1.2967127591308196,0,0.0,0.007931232452392578
1,maxent,jitter,0.1,0,5,0.003,0.5,1,100,0.004046780115040727,124,3.3333333333333335,0.1214034034512218,0.4046780115040727,0.8093560230081454,47,5,-0.12207561860223638,1.244151237204473,1.0000000000000009,1.0138210437581123,1.2441512372044727,0.009341995136216877,0.009341995136216877,1.29661694450754,0,0.0,0.8591470718383789
1,lp,jitter,0.1,0,5,0.003,0.5,1,100,0.004046780115040727,124,3.3333333333333335,0.1214034034512218,0.4046780115040727,0.8093560230081454,47,5,-0.12207561860223638,1.244151237204473,1.000000000000001,1.0127968170451864,1.2441512372044727,0.008910555972659313,0.008910555972659313,1.2966165209162543,0,0.0,0.049130916595458984
1,lprand,jitter,0.1,0,5,0.003,0.5,1,100,0.004046780115040727,124,3.3333333333333335,0.1214034034512218,0.4046780115040727,0.8093560230081454,47,5,-0.12207561860223638,1.244151237204473,0.9999999999999968,1.0143967416499102,1.2441512372044727,0.009253718150427605,0.009253718150427605,1.296617553793563,0,0.0,0.0502009391784668
1,maxentw,jitter,0.1,0,5,0.003,0.5,1,100,0.004046780115040727,124,3.3333333333333335,0.1214034034512218,0.4046780115040727,0.8093560230081454,47,5,-0.12207561860223638,1.244151237204473,1.0000000000000009,1.0138210437581123,1.2441512372044727,0.009341995136216877,0.009341995136216877,1.29661694450754,0,0.0,2.999079942703247
1,minnorm,jitter,0.1,0,7,0.003,0.5,1,100,0.004046780115040727,124,3.3333333333333335,0.1214034034512218,0.4046780115040727,0.8093560230081454,0,7,-0.1246138078234052,1.3256301355082938,0.9999999999999987,1.1234772146956409,1.3256301355082938,0.051573831938626316,0.051573831938626316,1.296727789595674,0,0.0,0.007943868637084961
1,projgauss,jitter,0.1,0,7,0.003,0.5,1,100,0.004046780115040727,124,3.3333333333333335,0.1214034034512218,0.4046780115040727,0.8093560230081454,0,7,-0.05239339423477286,1.1887552886258088,0.9999999999999973,1.0314653586669515,1.1887552886258088,0.01905137503874968,0.01905137503874968,1.296589800984971,0,0.0,0.008841991424560547
1,spectral,jitter,0.1,0,7,0.003,0.5,1,100,0.004046780115040727,124,3.3333333333333335,0.1214034034512218,0.4046780115040727,0.8093560230081454,0,7,-0.15472787738566263,1.4974567447831808,0.9999999999999976,1.0048760801209375,1.4974567447831808,0.0098577891462176,0.0098577891462176,1.2965858114315,0,0.0,0.014702081680297852
1,spectralg,jitter,0.1,0,7,0.003,0.5,1,100,0.004046780115040727,124,3.3333333333333335,0.1214034034512218,0.4046780115040727,0.8093560230081454,0,7,-0.15472787738566263,1.4974567447831808,0.9999999999999976,1.0048760801209375,1.4974567447831808,0.0098577891462176,0.0098577891462176,1.2965858114315,0,0.0,0.028922080993652344
1,molfe,jitter,0.1,0,7,0.003,0.5,1,100,0.004046780115040727,124,3.3333333333333335,0.1214034034512218,0.4046780115040727,0.8093560230081454,0,7,-0.03443491633247915,1.1682977653287234,1.0263294816662938,47.14561470667581,1.2932531690567488e+113,0.11216729797312341,0.11216729797312341,1.2985077891727965,0,0.0,0.008405923843383789
1,molrk3,jitter,0.1,0,7,0.003,0.5,1,100,0.004046780115040727,124,3.3333333333333335,0.1214034034512218,0.4046780115040727,0.8093560230081454,0,7,-0.03338703440407362,1.1660673921807418,1.0265319798801176,47.44072273065269,9.254423659193163e+113,0.059949552980875856,0.059949552980875856,1.2968988829740753,0,0.0,0.008398056030273438
1,maxent,jitter,0.1,0,7,0.003,0.5,1,100,0.004046780115040727,124,3.3333333333333335,0.1214034034512218,0.4046780115040727,0.8093560230081454,47,7,-0.1246138078234052,1.3256301355082938,1.000000000000001,1.0598589969540693,1.3256301355082938,0.019999335336682876,0.019999335336682876,1.2966765976908765,0,0.0,0.8429267406463623
1,lp,jitter,0.1,0,7,0.003,0.5,1,100,0.004046780115040727,124,3.3333333333333335,0.1214034034512218,0.4046780115040727,0.8093560230081454,47,7,-0.1246138078234052,1.3256301355082938,0.9999999999999984,1.0613397007965988,1.3256301355082938,0.019754465873986386,0.019754465873986386,1.296675509166587,0,0.0,0.05044078826904297
1,lprand,jitter,0.1,0,7,0.003,0.5,1,100,0.004046780115040727,124,3.3333333333333335,0.1214034034512218,0.4046780115040727,0.8093560230081454,47,7,-0.1246138078234052,1.3256301355082938,0.9999999999999982,1.0622037623453338,1.3256301355082938,0.0201171749071652,0.0201171749071652,1.296678551903035,0,0.0,0.04932999610900879
1,maxentw,jitter,0.1,0,7,0.003,0.5,1,100,0.004046780115040727,124,3.3333333333333335,0.1214034034512218,0.4046780115040727,0.8093560230081454,47,7,-0.1246138078234052,1.3256301355082938,1.000000000000001,1.0598589969540693,1.3256301355082938,0.019999335336682876,0.019999335336682876,1.2966765976908765,0,0.0,2.9692232608795166
1,minnorm,jitter,0.1,1,3,0.003,0.5,1,100,0.004122295171873291,122,3.3333333333333335,0.12366885515619874,0.41222951718732914,0.8244590343746583,0,3,-0.03453608118984995,1.0690721623797,1.0000000000000033,1.0000000061271785,1.0690721623797,0.0009565488447667025,0.0009565488447667025,1.2962861175695726,0,0.0,0.009138345718383789
1,projgauss,jitter,0.1,1,3,0.003,0.5,1,100,0.004122295171873291,122,3.3333333333333335,0.12366885515619874,0.41222951718732914,0.8244590343746583,0,3,-0.03453608118984977,1.0690721623796997,0.999999999999999,1.0000000061271628,1.0690721623796997,0.0009565488447693393,0.0009565488447693393,1.2962861175695717,0,0.0,0.010435819625854492
1,spectral,jitter,0.1,1,3,0.003,0.5,1,100,0.004122295171873291,122,3.3333333333333335,0.12366885515619874,0.41222951718732914,0.8244590343746583,0,3,-0.03453608118984995,1.0690721623797,1.0000000000000033,1.0000000061271785,1.0690721623797,0.0009565488447667025,0.0009565488447667025,1.2962861175695726,0,0.0,0.009822845458984375
1,spectralg,jitter,0.1,1,3,0.003,0.5,1,100,0.004122295171873291,122,3.3333333333333335,0.12366885515619874,0.41222951718732914,0.8244590343746583,0,3,-0.03453608118984995,1.0690721623797,1.0000000000000033,1.0000000061271785,1.0690721623797,0.0009565488447667025,0.0009565488447667025,1.2962861175695726,0,0.0,0.010547161102294922
1,molfe,jitter,0.1,1,3,0.003,0.5,1,100,0.004122295171873291,122,3.3333333333333335,0.12366885515619874,0.41222951718732914,0.8244590343746583,0,3,-0.13029810805921793,1.2605962161184359,1.0000000000000013,1.085702102874949,1.3164032462729998,0.09910449468780191,0.09910449468780191,1.2980386070927852,0,0.0,0.009354114532470703
1,molrk3,jitter,0.1,1,3,0.003,0.5,1,100,0.004122295171873291,122,3.3333333333333335,0.12366885515619874,0.41222951718732914,0.8244590343746583,0,3,-0.10158787126755271,1.20336870629759,1.0000000000000004,1.004603941945263,1.20336870629759,0.008707605633785972,0.008707605633785972,1.2963405857021404,0,0.0,0.008314132690429688
1,maxent,jitter,0.1,1,3,0.003,0.5,1,100,0.004122295171873291,122,3.3333333333333335,0.12366885515619874,0.41222951718732914,0.8244590343746583,46,3,-0.03453608118984995,1.0690721623797,1.0000000000000029,1.000000006127163,1.0690721623797,0.0009565490309966819,0.0009565490309966819,1.2962861175695721,0,0.0,0.7898249626159668
1,lp,jitter,0.1,1,3,0.003,0.5,1,100,0.004122295171873291,122,3.3333333333333335,0.12366885515619874,0.41222951718732914,0.8244590343746583,46,3,-0.03453608118984995,1.0690721623797,1.000000000000001,1.0000000061271608,1.0690721623797,0.0009565488447692075,0.0009565488447692075,1.296286117569572,0,0.0,0.04955410957336426
1,lprand,jitter,0.1,1,3,0.003,0.5,1,100,0.004122295171873291,122,3.3333333333333335,0.12366885515619874,0.41222951718732914,0.8244590343746583,46,3,-0.03453608118984995,1.0690721623797,1.0000000000000024,1.0000000061271606,1.0690721623797,0.0009565488447692248,0.0009565488447692248,1.296286117569572,0,0.0,0.04911208152770996
1,maxentw,jitter,0.1,1,3,0.003,0.5,1,100,0.004122295171873291,122,3.3333333333333335,0.12366885515619874,0.41222951718732914,0.8244590343746583,46,3,-0.03453608118984995,1.0690721623797,1.0000000000000029,1.000000006127163,1.0690721623797,0.0009565490309966819,0.0009565490309966819,1.2962861175695721,0,0.0,2.8714897632598877
1,minnorm,jitter,0.1,1,5,0.003,0.5,1,100,0.004122295171873291,122,3.3333333333333335,0.12366885515619874,0.41222951718732914,0.8244590343746583,0,5,-0.12004503972336847,1.2400900794467369,1.0000000000000004,1.0360072707989005,1.2400900794467369,0.02107943160821589,0.02107943160821589,1.296391355875417,0,0.0,0.007464885711669922
1,projgauss,jitter,0.1,1,5,0.003,0.5,1,100,0.004122295171873291,122,3.3333333333333335,0.12366885515619874,0.41222951718732914,0.8244590343746583,0,5,-0.08801889145726573,1.1760377829145314,0.9999999999999982,1.014468890665247,1.1760377829145314,0.014035898727578128,0.014035898727578128,1.2963540606021384,0,0.0,0.009005069732666016
1,spectral,jitter,0.1,1,5,0.003,0.5,1,100,0.004122295171873291,122,3.3333333333333335,0.12366885515619874,0.41222951718732914,0.8244590343746583,0,5,-0.09833825407755631,1.3362935245666068,1.0000000000000013,1.0000001159702085,1.3362935245666068,0.004757352799242064,0.004757352799242064,1.2962697905941942,0,0.0,0.013527154922485352
1,spectralg,jitter,0.1,1,5,0.003,0.5,1,100,0.004122295171873291,122,3.3333333333333335,0.12366885515619874,0.41222951718732914,0.8244590343746583,0,5,-0.09833825407755631,1.3362935245666068,1.0000000000000013,1.0000001159702085,1.3362935245666068,0.004757352799242064,0.004757352799242064,1.2962697905941942,0,0.0,0.025032997131347656
1,molfe,jitter,0.1,1,5,0.003,0.5,1,100,0.004122295171873291,122,3.3333333333333335,0.12366885515619874,0.41222951718732914,0.8244590343746583,0,5,-0.07327618776529131,1.2246981531353438,1.0692092864340796,4710.057668423793,5.563100625334057e+290,0.17896724507818695,0.17896724507818695,1.325736576399447,0,0.0,0.008304834365844727
1,molrk3,jitter,0.1,1,5,0.003,0.5,1,100,0.004122295171873291,122,3.3333333333333335,0.12366885515619874,0.41222951718732914,0.8244590343746583,0,5,-0.07052654024350535,1.2165304428300217,1.0716595003174496,6156.273394319642,4.8585351294906136e+300,0.10587756540768356,0.10587756540768356,1.2964805856956165,0,0.0,0.00900888442993164
1,maxent,jitter,0.1,1,5,0.003,0.5,1,100,0.004122295171873291,122,3.3333333333333335,0.12366885515619874,0.41222951718732914,0.8244590343746583,46,5,-0.12004503972336847,1.2400900794467369,0.9999999999999992,1.01231623743117,1.2400900794467369,0.009160757941250885,0.009160757941250885,1.296321926226873,0,0.0,0.7403891086578369
1,lp,jitter,0.1,1,5,0.003,0.5,1,100,0.004122295171873291,122,3.3333333333333335,0.12366885515619874,0.41222951718732914,0.8244590343746583,46,5,-0.12004503972336847,1.2400900794467369,0.9999999999999976,1.0121493291354668,1.2400900794467369,0.00862235085142717,0.00862235085142717,1.296314275255321,0,0.0,0.04951024055480957
1,lprand,jitter,0.1,1,5,0.003,0.5,1,100,0.004122295171873291,122,3.3333333333333335,0.12366885515619874,0.41222951718732914,0.8244590343746583,46,5,-0.12004503972336847,1.2400900794467369,1.0000000000000007,1.0117996667372147,1.2400900794467369,0.009187734575194173,0.009187734575194173,1.2963183653117603,0,0.0,0.05714297294616699
1,maxentw,jitter,0.1,1,5,0.003,0.5,1,100,0.004122295171873291,122,3.3333333333333335,0.12366885515619874,0.41222951718732914,0.8244590343746583,46,5,-0.12004503972336847,1.2400900794467369,0.9999999999999992,1.01231623743117,1.2400900794467369,0.009160757941250885,0.009160757941250885,1.296321926226873,0,0.0,2.8254618644714355
1,minnorm,jitter,0.1,1,7,0.003,0.5,1,100,0.004122295171873291,122,3.3333333333333335,0.12366885515619874,0.41222951718732914,0.8244590343746583,0,7,-0.12389007058013206,1.3214017768787907,1.0000000000000002,1.1218107072529955,1.321401776878791,0.05162600044158633,0.05162600044158633,1.296551351243187,0,0.0,0.00786900520324707
1,projgauss,jitter,0.1,1,7,0.003,0.5,1,100,0.004122295171873291,122,3.3333333333333335,0.12366885515619874,0.41222951718732914,0.8244590343746583,0,7,-0.05263699398948269,1.1731148767331947,0.999999999999998,1.030820447556075,1.1731148767331947,0.018963561180129318,0.018963561180129318,1.2963696819385095,0,0.0,0.008944988250732422
1,spectral,jitter,0.1,1,7,0.003,0.5,1,100,0.004122295171873291,122,3.3333333333333335,0.12366885515619874,0.41222951718732914,0.8244590343746583,0,7,-0.1299209361309228,1.4560594195070018,0.9999999999999993,1.0044868627218522,1.456059419507002,0.009604236852500884,0.009604236852500884,1.296325916223868,0,0.0,0.01416015625
1,spectralg,jitter,0.1,1,7,0.003,0.5,1,100,0.004122295171873291,122,3.3333333333333335,0.12366885515619874,0.41222951718732914,0.8244590343746583,0,7,-0.1299209361309228,1.4560594195070018,0.9999999999999993,1.0044868627218522,1.456059419507002,0.009604236852500884,0.009604236852500884,1.296325916223868,0,0.0,0.028702974319458008
1,molfe,jitter,0.1,1,7,0.003,0.5,1,100,0.004122295171873291,122,3.3333333333333335,0.12366885515619874,0.41222951718732914,0.8244590343746583,0,7,-0.036734101868398844,1.1697493280114202,1.0266719072344237,45.27444741740611,3.435648730477304e+114,0.11489594814210924,0.11489594814210924,1.2983361446732526,0,0.0,0.008330106735229492
1,molrk3,jitter,0.1,1,7,0.003,0.5,1,100,0.004122295171873291,122,3.3333333333333335,0.12366885515619874,0.41222951718732914,0.8244590343746583,0,7,-0.03556379877991652,1.1684248331405103,1.0268788819584973,45.54961703872605,2.5240359472464516e+115,0.059241931327797454,0.059241931327797454,1.2966748121194946,0,0.0,0.008584976196289062
1,maxent,jitter,0.1,1,7,0.003,0.5,1,100,0.004122295171873291,122,3.3333333333333335,0.12366885515619874,0.41222951718732914,0.8244590343746583,46,7,-0.12164490696484115,1.3214017768787907,0.9999999999999977,1.061328718778453,1.321401776878791,0.01947432529453018,0.01947432529453018,1.2963346992614333,0,0.0,0.8430430889129639
1,lp,jitter,0.1,1,7,0.003,0.5,1,100,0.004122295171873291,122,3.3333333333333335,0.12366885515619874,0.41222951718732914,0.8244590343746583,46,7,-0.12164490696484115,1.3214017768787907,1.000000000000002,1.0612995387586779,1.321401776878791,0.01930791641344041,0.01930791641344041,1.29632413787193,0,0.0,0.05108928680419922
1,lprand,jitter,0.1,1,7,0.003,0.5,1,100,0.004122295171873291,122,3.3333333333333335,0.12366885515619874,0.41222951718732914,0.8244590343746583,46,7,-0.12164490696484115,1.3214017768787907,1.0000000000000002,1.0635625797085724,1.321401776878791,0.019481318989015964,0.019481318989015964,1.2963279998939807,0,0.0,0.0498201847076416
1,maxentw,jitter,0.1,1,7,0.003,0.5,1,100,0.004122295171873291,122,3.3333333333333335,0.12366885515619874,0.41222951718732914,0.8244590343746583,46,7,-0.12164490696484115,1.3214017768787907,0.9999999999999977,1.061328718778453,1.321401776878791,0.01947432529453018,0.01947432529453018,1.2963346992614333,0,0.0,2.942671775817871
1,minnorm,jitter,0.1,2,3,0.003,0.5,1,100,0.0042282662361003975,119,3.3333333333333335,0.12684798708301193,0.42282662361003975,0.8456532472200795,0,3,-0.03694055016779689,1.073881100335594,1.0000000000000027,1.000000001423026,1.073881100335594,0.0006414968160459583,0.0006414968160459583,1.2963789954954525,0,0.0,0.008942842483520508
1,projgauss,jitter,0.1,2,3,0.003,0.5,1,100,0.0042282662361003975,119,3.3333333333333335,0.12684798708301193,0.42282662361003975,0.8456532472200795,0,3,-0.03694055016779693,1.0738811003355937,1.0000000000000027,1.0000000014230264,1.0738811003355935,0.0006414968160462914,0.0006414968160462914,1.2963789954954537,0,0.0,0.010280847549438477
1,spectral,jitter,0.1,2,3,0.003,0.5,1,100,0.0042282662361003975,119,3.3333333333333335,0.12684798708301193,0.42282662361003975,0.8456532472200795,0,3,-0.03694055016779689,1.073881100335594,1.0000000000000027,1.000000001423026,1.073881100335594,0.0006414968160459583,0.0006414968160459583,1.2963789954954525,0,0.0,0.009361028671264648
1,spectralg,jitter,0.1,2,3,0.003,0.5,1,100,0.0042282662361003975,119,3.3333333333333335,0.12684798708301193,0.42282662361003975,0.8456532472200795,0,3,-0.03694055016779689,1.073881100335594,1.0000000000000027,1.000000001423026,1.073881100335594,0.0006414968160459583,0.0006414968160459583,1.2963789954954525,0,0.0,0.009991884231567383
1,molfe,jitter,0.1,2,3,0.003,0.5,1,100,0.0042282662361003975,119,3.3333333333333335,0.12684798708301193,0.42282662361003975,0.8456532472200795,0,3,-0.13829718988541229,1.2765943797708244,1.0000000000000056,1.091079848774986,1.31609556432639,0.10190179624158002,0.10190179624158002,1.2982250322265478,0,0.0,0.008834123611450195
1,molrk3,jitter,0.1,2,3,0.003,0.5,1,100,0.0042282662361003975,119,3.3333333333333335,0.12684798708301193,0.42282662361003975,0.8456532472200795,0,3,-0.10625754261930746,1.2126893350214358,1.0000000000000009,1.0026432719505376,1.2126893350214358,0.008623500833395067,0.008623500833395067,1.2964321836164128,0,0.0,0.008129119873046875
1,maxent,jitter,0.1,2,3,0.003,0.5,1,100,0.0042282662361003975,119,3.3333333333333335,0.12684798708301193,0.42282662361003975,0.8456532472200795,41,3,-0.03694055016779689,1.073881100335594,1.0000000000000013,1.0000000014230197,1.073881100335594,0.0006414968161311957,0.0006414968161311957,1.2963789954954534,0,0.0,0.847754955291748
1,lp,jitter,0.1,2,3,0.003,0.5,1,100,0.0042282662361003975,119,3.3333333333333335,0.12684798708301193,0.42282662361003975,0.8456532472200795,41,3,-0.03694055016779689,1.073881100335594,0.9999999999999968,1.0000000014230184,1.073881100335594,0.0006414968160469159,0.0006414968160469159,1.2963789954954534,0,0.0,0.049720048904418945
1,lprand,jitter,0.1,2,3,0.003,0.5,1,100,0.0042282662361003975,119,3.3333333333333335,0.12684798708301193,0.42282662361003975,0.8456532472200795,41,3,-0.03694055016779689,1.073881100335594,0.9999999999999991,1.0000000014230186,1.073881100335594,0.0006414968160469159,0.0006414968160469159,1.2963789954954534,0,0.0,0.04935717582702637
1,maxentw,jitter,0.1,2,3,0.003,0.5,1,100,0.0042282662361003975,119,3.3333333333333335,0.12684798708301193,0.42282662361003975,0.8456532472200795,41,3,-0.03694055016779689,1.073881100335594,1.0000000000000013,1.0000000014230197,1.073881100335594,0.0006414968161311957,0.0006414968161311957,1.2963789954954534,0,0.0,2.616189956665039
1,minnorm,jitter,0.1,2,5,0.003,0.5,1,100,0.0042282662361003975,119,3.3333333333333335,0.12684798708301193,0.42282662361003975,0.8456532472200795,0,5,-0.11996470549996036,1.2399294109999208,0.9999999999999984,1.0351877676986696,1.2399294109999208,0.020861464033731104,0.020861464033731104,1.296475127313974,0,0.0,0.007875204086303711
1,projgauss,jitter,0.1,2,5,0.003,0.5,1,100,0.0042282662361003975,119,3.3333333333333335,0.12684798708301193,0.42282662361003975,0.8456532472200795,0,5,-0.08612908531410685,1.1722581706282136,0.9999999999999996,1.0136598700517119,1.1722581706282138,0.013773453457702284,0.013773453457702284,1.2964440983413654,0,0.0,0.00892186164855957
1,spectral,jitter,0.1,2,5,0.003,0.5,1,100,0.0042282662361003975,119,3.3333333333333335,0.12684798708301193,0.42282662361003975,0.8456532472200795,0,5,-0.10235875582539644,1.325475643224307,1.0,1.000000030182068,1.325475643224307,0.004459633458052226,0.004459633458052226,1.2963467499344805,0,0.0,0.013829946517944336
1,spectralg,jitter,0.1,2,5,0.003,0.5,1,100,0.0042282662361003975,119,3.3333333333333335,0.12684798708301193,0.42282662361003975,0.8456532472200795,0,5,-0.10235875582539644,1.325475643224307,1.0,1.000000030182068,1.325475643224307,0.004459633458052226,0.004459633458052226,1.2963467499344805,0,0.0,0.024727821350097656
1,molfe,jitter,0.1,2,5,0.003,0.5,1,100,0.0042282662361003975,119,3.3333333333333335,0.12684798708301193,0.42282662361003975,0.8456532472200795,0,5,-0.07257439964708619,1.2306959721083022,1.0710034422209436,4738.147839504619,1.0640413579307127e+298,0.17713340471717987,0.17713340471717987,1.2997108463858609,0,0.0,0.008855104446411133
1,molrk3,jitter,0.1,2,5,0.003,0.5,1,100,0.0042282662361003975,119,3.3333333333333335,0.12684798708301193,0.42282662361003975,0.8456532472200795,0,5,-0.07018577335762798,1.2222379812468729,1.0735838471344288,6253.8135554201035,inf,0.10883379835188556,0.10883379835188556,1.2965810835368528,0,0.0,0.00873112678527832
1,maxent,jitter,0.1,2,5,0.003,0.5,1,100,0.0042282662361003975,119,3.3333333333333335,0.12684798708301193,0.42282662361003975,0.8456532472200795,41,5,-0.11996470549996036,1.2399294109999208,0.9999999999999978,1.0147823052984335,1.2399294109999208,0.009198486368633962,0.009246458314852213,1.296397264885199,0,0.0,0.7454400062561035
1,lp,jitter,0.1,2,5,0.003,0.5,1,100,0.0042282662361003975,119,3.3333333333333335,0.12684798708301193,0.42282662361003975,0.8456532472200795,41,5,-0.11996470549996036,1.2399294109999208,0.9999999999999991,1.0137324826056822,1.2399294109999208,0.008753858979663659,0.00880670924158225,1.296396664606347,0,0.0,0.04829001426696777
1,lprand,jitter,0.1,2,5,0.003,0.5,1,100,0.0042282662361003975,119,3.3333333333333335,0.12684798708301193,0.42282662361003975,0.8456532472200795,41,5,-0.11996470549996036,1.2399294109999208,0.9999999999999982,1.0165688119259069,1.2399294109999208,0.009293730877691808,0.009327245759808644,1.2963949818461662,0,0.0,0.04847288131713867
1,maxentw,jitter,0.1,2,5,0.003,0.5,1,100,0.0042282662361003975,119,3.3333333333333335,0.12684798708301193,0.42282662361003975,0.8456532472200795,41,5,-0.11996470549996036,1.2399294109999208,0.9999999999999978,1.0147823052984335,1.2399294109999208,0.009198486368633962,0.009246458314852213,1.296397264885199,0,0.0,2.6392691135406494
1,minnorm,jitter,0.1,2,7,0.003,0.5,1,100,0.0042282662361003975,119,3.3333333333333335,0.12684798708301193,0.42282662361003975,0.8456532472200795,0,7,-0.12709498011271853,1.320851514034112,0.9999999999999998,1.123016624616423,1.320851514034112,0.051285545685248624,0.051285545685248624,1.2965537538616763,0,0.0,0.007915973663330078
1,projgauss,jitter,0.1,2,7,0.003,0.5,1,100,0.0042282662361003975,119,3.3333333333333335,0.12684798708301193,0.42282662361003975,0.8456532472200795,0,7,-0.05446943620584458,1.1735491466807475,1.0000000000000002,1.0301920773153956,1.1735491466807475,0.018722092431272735,0.018722092431272735,1.2964509824037136,0,0.0,0.008495092391967773
1,spectral,jitter,0.1,2,7,0.003,0.5,1,100,0.0042282662361003975,119,3.3333333333333335,0.12684798708301193,0.42282662361003975,0.8456532472200795,0,7,-0.13125283983507424,1.5101139965422608,0.9999999999999978,1.0035849533774224,1.510113996542261,0.008946969627302001,0.008946969627302001,1.29642509151796,0,0.0,0.015084028244018555
1,spectralg,jitter,0.1,2,7,0.003,0.5,1,100,0.0042282662361003975,119,3.3333333333333335,0.12684798708301193,0.42282662361003975,0.8456532472200795,0,7,-0.13125283983507424,1.5101139965422608,0.9999999999999978,1.0035849533774224,1.510113996542261,0.008946969627302001,0.008946969627302001,1.29642509151796,0,0.0,0.028844833374023438
1,molfe,jitter,0.1,2,7,0.003,0.5,1,100,0.0042282662361003975,119,3.3333333333333335,0.12684798708301193,0.42282662361003975,0.8456532472200795,0,7,-0.03752672307762529,1.175127140957146,1.0274926980504577,48.96889678521692,1.048345090264413e+118,0.1163585681364141,0.1163585681364141,1.298546068069034,0,0.0,0.008441925048828125
1,molrk3,jitter,0.1,2,7,0.003,0.5,1,100,0.0042282662361003975,119,3.3333333333333335,0.12684798708301193,0.42282662361003975,0.8456532472200795,0,7,-0.03634569673443077,1.1738860158320266,1.0277139334099996,49.40936735956309,9.043319674815723e+118,0.059633938361389666,0.059633938361389666,1.2967928199702778,0,0.0,0.00847482681274414
1,maxent,jitter,0.1,2,7,0.003,0.5,1,100,0.0042282662361003975,119,3.3333333333333335,0.12684798708301193,0.42282662361003975,0.8456532472200795,41,7,-0.12179701668314238,1.320851514034112,1.0000000000000016,1.0481247889236371,1.320851514034112,0.019888845702276503,0.0199501790230604,1.2964339911969989,0,0.0,0.8285198211669922
1,lp,jitter,0.1,2,7,0.003,0.5,1,100,0.0042282662361003975,119,3.3333333333333335,0.12684798708301193,0.42282662361003975,0.8456532472200795,41,7,-0.12179701668314238,1.320851514034112,1.0000000000000018,1.0475997811662296,1.320851514034112,0.01957653560424233,0.019636553501111598,1.2964302279888378,0,0.0,0.05150604248046875
1,lprand,jitter,0.1,2,7,0.003,0.5,1,100,0.0042282662361003975,119,3.3333333333333335,0.12684798708301193,0.42282662361003975,0.8456532472200795,41,7,-0.12179701668314238,1.320851514034112,0.9999999999999991,1.0482901839435959,1.320851514034112,0.019980636076798564,0.020040480082766154,1.2964373748985967,0,0.0,0.05024576187133789
1,maxentw,jitter,0.1,2,7,0.003,0.5,1,100,0.0042282662361003975,119,3.3333333333333335,0.12684798708301193,0.42282662361003975,0.8456532472200795,41,7,-0.12179701668314238,1.320851514034112,1.0000000000000016,1.0481247889236371,1.320851514034112,0.019888845702276503,0.0199501790230604,1.2964339911969989,0,0.0,2.6912989616394043
1,minnorm,jitter,0.25,0,3,0.003,0.5,1,100,0.002282809602593114,220,3.3333333333333335,0.06848428807779343,0.2282809602593114,0.5233900575203676,0,3,-0.11537814718615522,1.2307562943723107,1.0000000000000036,1.0261861528469087,1.3103952217223103,0.00575515217751373,0.00575515217751373,1.296228371596372,0,0.0,0.00900411605834961
1,projgauss,jitter,0.25,0,3,0.003,0.5,1,100,0.002282809602593114,220,3.3333333333333335,0.06848428807779343,0.2282809602593114,0.5233900575203676,0,3,-0.11537814718615541,1.2307562943723107,0.9999999999999969,1.0261861528469012,1.310395221722306,0.005755152177514434,0.005755152177514434,1.2962283715963725,0,0.0,0.009721040725708008
1,spectral,jitter,0.25,0,3,0.003,0.5,1,100,0.002282809602593114,220,3.3333333333333335,0.06848428807779343,0.2282809602593114,0.5233900575203676,0,3,-0.11537814718615522,1.2307562943723107,1.0000000000000036,1.0261861528469087,1.3103952217223103,0.00575515217751373,0.00575515217751373,1.296228371596372,0,0.0,0.009065866470336914
1,spectralg,jitter,0.25,0,3,0.003,0.5,1,100,0.002282809602593114,220,3.3333333333333335,0.06848428807779343,0.2282809602593114,0.5233900575203676,0,3,-0.11537814718615522,1.2307562943723107,1.0000000000000036,1.0261861528469087,1.3103952217223103,0.00575515217751373,0.00575515217751373,1.296228371596372,0,0.0,0.009158849716186523
1,molfe,jitter,0.25,0,3,0.003,0.5,1,100,0.002282809602593114,220,3.3333333333333335,0.06848428807779343,0.2282809602593114,0.5233900575203676,0,3,-0.15934534435845193,1.3186906887169036,1.000000000000003,1.1863105752272896,1.6334263273029697,0.05357399457920109,0.05357399457920109,1.2972972519592818,0,0.0,0.009871959686279297
1,molrk3,jitter,0.25,0,3,0.003,0.5,1,100,0.002282809602593114,220,3.3333333333333335,0.06848428807779343,0.2282809602593114,0.5233900575203676,0,3,-0.1351890603169765,1.2705263610432194,0.9999999999999993,1.1232957062986904,1.542124503444958,0.009681004873342208,0.009681004873342208,1.2962565703777997,0,0.0,0.00897979736328125
1,maxent,jitter,0.25,0,3,0.003,0.5,1,100,0.002282809602593114,220,3.3333333333333335,0.06848428807779343,0.2282809602593114,0.5233900575203676,79,3,-0.11537814718615522,1.2307562943723107,1.0000000000000007,1.0261861528464609,1.3103952217223096,0.005755152181006377,0.005755152181006377,1.296228371596372,0,0.0,1.250744104385376
1,lp,jitter,0.25,0,3,0.003,0.5,1,100,0.002282809602593114,220,3.3333333333333335,0.06848428807779343,0.2282809602593114,0.5233900575203676,79,3,-0.11537814718615522,1.2307562943723107,0.9999999999999998,1.0261861528469032,1.3103952217223092,0.005755152177513508,0.005755152177513508,1.296228371596372,0,0.0,0.04758501052856445
1,lprand,jitter,0.25,0,3,0.003,0.5,1,100,0.002282809602593114,220,3.3333333333333335,0.06848428807779343,0.2282809602593114,0.5233900575203676,79,3,-0.11537814718615522,1.2307562943723107,0.9999999999999989,1.0261861528469032,1.3103952217223092,0.005755152177513508,0.005755152177513508,1.296228371596372,0,0.0,0.04769778251647949
1,maxentw,jitter,0.25,0,3,0.003,0.5,1,100,0.002282809602593114,220,3.3333333333333335,0.06848428807779343,0.2282809602593114,0.5233900575203676,79,3,-0.11537814718615522,1.2307562943723107,1.0000000000000007,1.0261861528464609,1.3103952217223096,0.005755152181006377,0.005755152181006377,1.296228371596372,0,0.0,4.82221794128418
1,minnorm,jitter,0.25,0,5,0.003,0.5,1,100,0.002282809602593114,220,3.3333333333333335,0.06848428807779343,0.2282809602593114,0.5233900575203676,0,5,-0.1497712484692124,1.4247929373133779,0.9999999999999986,1.0597157655254763,1.4247929373133779,0.024651619920606882,0.024651619920606882,1.2963147184789623,0,0.0,0.00827479362487793
1,projgauss,jitter,0.25,0,5,0.003,0.5,1,100,0.002282809602593114,220,3.3333333333333335,0.06848428807779343,0.2282809602593114,0.5233900575203676,0,5,-0.12912447864663057,1.3671937089598152,0.9999999999999996,1.0347022098206589,1.3671937089598154,0.01777635814710371,0.01777635814710371,1.2962806421882827,0,0.0,0.009860038757324219
1,spectral,jitter,0.25,0,5,0.003,0.5,1,100,0.002282809602593114,220,3.3333333333333335,0.06848428807779343,0.2282809602593114,0.5233900575203676,0,5,-0.20130082932566284,1.6735869671539227,1.0000000000000022,1.0022954862454778,1.6735869671539225,0.010124165151861222,0.010124165151861222,1.2960968989273836,0,0.0,0.013852357864379883
1,spectralg,jitter,0.25,0,5,0.003,0.5,1,100,0.002282809602593114,220,3.3333333333333335,0.06848428807779343,0.2282809602593114,0.5233900575203676,0,5,-0.20130082932566284,1.6735869671539227,1.0000000000000022,1.0022954862454778,1.6735869671539225,0.010124165151861222,0.010124165151861222,1.2960968989273836,0,0.0,0.02497386932373047
1,molfe,jitter,0.25,0,5,0.003,0.5,1,100,0.002282809602593114,220,3.3333333333333335,0.06848428807779343,0.2282809602593114,0.5233900575203676,0,5,-0.05834245711254128,1.145326196306566,1.0337666502699652,2967.8085562642423,3.670137001295165e+144,0.1610071825702395,0.1610071825702395,1.2974477776918627,0,0.0,0.008847236633300781
1,molrk3,jitter,0.25,0,5,0.003,0.5,1,100,0.002282809602593114,220,3.3333333333333335,0.06848428807779343,0.2282809602593114,0.5233900575203676,0,5,-0.05671786162981059,1.1428501570169538,1.0343431603192836,3358.7031409167894,9.843342189483357e+146,0.15930596814826825,0.15930596814826825,1.2964171773366946,0,0.0,0.008410930633544922
1,maxent,jitter,0.25,0,5,0.003,0.5,1,100,0.002282809602593114,220,3.3333333333333335,0.06848428807779343,0.2282809602593114,0.5233900575203676,79,5,-0.1497712484692124,1.4247929373133779,1.0000000000000022,1.0457068887537824,1.4247929373133779,0.019170452099017493,0.019170452099017493,1.2963014360808782,0,0.0,1.250633955001831
1,lp,jitter,0.25,0,5,0.003,0.5,1,100,0.002282809602593114,220,3.3333333333333335,0.06848428807779343,0.2282809602593114,0.5233900575203676,79,5,-0.1497712484692124,1.4247929373133779,0.9999999999999987,1.045637935978059,1.4247929373133779,0.01908410042586753,0.01908410042586753,1.2963014770524284,0,0.0,0.04878997802734375
1,lprand,jitter,0.25,0,5,0.003,0.5,1,100,0.002282809602593114,220,3.3333333333333335,0.06848428807779343,0.2282809602593114,0.5233900575203676,79,5,-0.1497712484692124,1.4247929373133779,1.0000000000000009,1.0455856132153913,1.4247929373133779,0.01918373100547313,0.01918373100547313,1.2963017588769894,0,0.0,0.04822802543640137
1,maxentw,jitter,0.25,0,5,0.003,0.5,1,100,0.002282809602593114,220,3.3333333333333335,0.06848428807779343,0.2282809602593114,0.5233900575203676,79,5,-0.1497712484692124,1.4247929373133779,1.0000000000000022,1.0457068887537824,1.4247929373133779,0.019170452099017493,0.019170452099017493,1.2963014360808782,0,0.0,4.84110426902771
1,minnorm,jitter,0.25,0,7,0.003,0.5,1,100,0.002282809602593114,220,3.3333333333333335,0.06848428807779343,0.2282809602593114,0.5233900575203676,0,7,-0.13663110434791648,1.4388119622619953,1.0000000000000004,1.1291017633076805,1.4388119622619953,0.05558977320020422,0.05558977320020422,1.296411135426709,0,0.0,0.00839090347290039
1,projgauss,jitter,0.25,0,7,0.003,0.5,1,100,0.002282809602593114,220,3.3333333333333335,0.06848428807779343,0.2282809602593114,0.5233900575203676,0,7,-0.07501602244868,1.2765389472268631,1.0000000000000004,1.0500885455418614,1.2765389472268631,0.023623178460262018,0.023623178460262018,1.2962565122393648,0,0.0,0.009254932403564453
1,spectral,jitter,0.25,0,7,0.003,0.5,1,100,0.002282809602593114,220,3.3333333333333335,0.06848428807779343,0.2282809602593114,0.5233900575203676,0,7,-0.29645606632370863,1.9003695866199184,0.9999999999999983,1.0505030148318732,1.9003695866199188,0.021902299846115032,0.021902299846115032,1.296357097552282,0,0.0,0.014127016067504883
1,spectralg,jitter,0.25,0,7,0.003,0.5,1,100,0.002282809602593114,220,3.3333333333333335,0.06848428807779343,0.2282809602593114,0.5233900575203676,0,7,-0.29645606632370863,1.9003695866199184,0.9999999999999983,1.0505030148318732,1.9003695866199188,0.021902299846115032,0.021902299846115032,1.296357097552282,0,0.0,0.029708147048950195
1,molfe,jitter,0.25,0,7,0.003,0.5,1,100,0.002282809602593114,220,3.3333333333333335,0.06848428807779343,0.2282809602593114,0.5233900575203676,0,7,-0.02396927741147342,1.1008459820447,1.0142759437532929,58.748443603400005,1.2489155631715746e+62,0.0804061113257879,0.0804061113257879,1.2976320974340436,0,0.0,0.008758068084716797
1,molrk3,jitter,0.25,0,7,0.003,0.5,1,100,0.002282809602593114,220,3.3333333333333335,0.06848428807779343,0.2282809602593114,0.5233900575203676,0,7,-0.02362705723634827,1.0999713698345168,1.014372898247249,59.40768287391848,2.9993847519186506e+62,0.060653504650043016,0.060653504650043016,1.296614073867953,0,0.0,0.008562803268432617
1,maxent,jitter,0.25,0,7,0.003,0.5,1,100,0.002282809602593114,220,3.3333333333333335,0.06848428807779343,0.2282809602593114,0.5233900575203676,79,7,-0.13663110434791648,1.4388119622619953,1.0000000000000004,1.1026632513630088,1.4388119622619953,0.03737611005182129,0.037460117780288904,1.2963870970486258,0,0.0,1.2116470336914062
1,lp,jitter,0.25,0,7,0.003,0.5,1,100,0.002282809602593114,220,3.3333333333333335,0.06848428807779343,0.2282809602593114,0.5233900575203676,79,7,-0.13663110434791648,1.4388119622619953,1.0000000000000016,1.103578909807903,1.4388119622619953,0.037060252408956273,0.037181172922957306,1.2963866896076017,0,0.0,0.04877114295959473
1,lprand,jitter,0.25,0,7,0.003,0.5,1,100,0.002282809602593114,220,3.3333333333333335,0.06848428807779343,0.2282809602593114,0.5233900575203676,79,7,-0.13663110434791648,1.4388119622619953,1.0000000000000029,1.1035818243114832,1.4388119622619953,0.03748524058853103,0.03754563610028838,1.296387649474212,0,0.0,0.04769587516784668
1,maxentw,jitter,0.25,0,7,0.003,0.5,1,100,0.002282809602593114,220,3.3333333333333335,0.06848428807779343,0.2282809602593114,0.5233900575203676,79,7,-0.13663110434791648,1.4388119622619953,1.0000000000000004,1.1026632513630088,1.4388119622619953,0.03737611005182129,0.037460117780288904,1.2963870970486258,0,0.0,4.820219993591309
1,minnorm,jitter,0.25,1,3,0.003,0.5,1,100,0.0026240551100211343,191,3.3333333333333335,0.07872165330063402,0.2624055110021134,0.5611475859366555,0,3,-0.09973559121506477,1.1994711824301292,1.000000000000002,1.0088942913570815,1.2299920768980495,0.0050734449033498965,0.0050734449033498965,1.2962982666811536,0,0.0,0.008716821670532227
1,projgauss,jitter,0.25,1,3,0.003,0.5,1,100,0.0026240551100211343,191,3.3333333333333335,0.07872165330063402,0.2624055110021134,0.5611475859366555,0,3,-0.09973559121506448,1.1994711824301292,1.0000000000000033,1.0088942913570849,1.2299920768980535,0.0050734449033495565,0.0050734449033495565,1.2962982666811536,0,0.0,0.009790897369384766
1,spectral,jitter,0.25,1,3,0.003,0.5,1,100,0.0026240551100211343,191,3.3333333333333335,0.07872165330063402,0.2624055110021134,0.5611475859366555,0,3,-0.09973559121506477,1.1994711824301292,1.000000000000002,1.0088942913570815,1.2299920768980495,0.0050734449033498965,0.0050734449033498965,1.2962982666811536,0,0.0,0.010087966918945312
1,spectralg,jitter,0.25,1,3,0.003,0.5,1,100,0.0026240551100211343,191,3.3333333333333335,0.07872165330063402,0.2624055110021134,0.5611475859366555,0,3,-0.09973559121506477,1.1994711824301292,1.000000000000002,1.0088942913570815,1.2299920768980495,0.0050734449033498965,0.0050734449033498965,1.2962982666811536,0,0.0,0.00989985466003418
1,molfe,jitter,0.25,1,3,0.003,0.5,1,100,0.0026240551100211343,191,3.3333333333333335,0.07872165330063402,0.2624055110021134,0.5611475859366555,0,3,-0.15710001724541986,1.3142000344908398,1.0000000000000009,1.1427468191783146,1.5627148743862491,0.06167839717086521,0.06167839717086521,1.2973556290853474,0,0.0,0.010091781616210938
1,molrk3,jitter,0.25,1,3,0.003,0.5,1,100,0.0026240551100211343,191,3.3333333333333335,0.07872165330063402,0.2624055110021134,0.5611475859366555,0,3,-0.12896061902413433,1.257932931559208,0.9999999999999984,1.0897212399829315,1.4653981320620901,0.00965517684618568,0.00965517684618568,1.2963319405941904,0,0.0,0.009389877319335938
1,maxent,jitter,0.25,1,3,0.003,0.5,1,100,0.0026240551100211343,191,3.3333333333333335,0.07872165330063402,0.2624055110021134,0.5611475859366555,72,3,-0.09973559121506477,1.1994711824301292,1.0,1.0088942913570758,1.2299920768980495,0.0050734449034684995,0.0050734449034684995,1.2962982666811524,0,0.0,1.1368980407714844
1,lp,jitter,0.25,1,3,0.003,0.5,1,100,0.0026240551100211343,191,3.3333333333333335,0.07872165330063402,0.2624055110021134,0.5611475859366555,72,3,-0.09973559121506477,1.1994711824301292,1.000000000000004,1.0088942913570749,1.2299920768980495,0.005073444903350514,0.005073444903350514,1.2962982666811542,0,0.0,0.047924041748046875
1,lprand,jitter,0.25,1,3,0.003,0.5,1,100,0.0026240551100211343,191,3.3333333333333335,0.07872165330063402,0.2624055110021134,0.5611475859366555,72,3,-0.09973559121506477,1.1994711824301292,0.999999999999998,1.0088942913570749,1.2299920768980495,0.005073444903350514,0.005073444903350514,1.2962982666811542,0,0.0,0.0477900505065918
1,maxentw,jitter,0.25,1,3,0.003,0.5,1,100,0.0026240551100211343,191,3.3333333333333335,0.07872165330063402,0.2624055110021134,0.5611475859366555,72,3,-0.09973559121506477,1.1994711824301292,1.0,1.0088942913570758,1.2299920768980495,0.0050734449034684995,0.0050734449034684995,1.2962982666811524,0,0.0,4.538695812225342
1,minnorm,jitter,0.25,1,5,0.003,0.5,1,100,0.0026240551100211343,191,3.3333333333333335,0.07872165330063402,0.2624055110021134,0.5611475859366555,0,5,-0.14763007602598727,1.3637273176465818,1.000000000000003,1.0552166344021965,1.3637273176465816,0.023999612635508483,0.023999612635508483,1.296381680070898,0,0.0,0.008714914321899414
1,projgauss,jitter,0.25,1,5,0.003,0.5,1,100,0.0026240551100211343,191,3.3333333333333335,0.07872165330063402,0.2624055110021134,0.5611475859366555,0,5,-0.1232374720893056,1.3262079512163898,1.0000000000000009,1.0281968740639955,1.3262079512163898,0.01726181330086142,0.01726181330086142,1.296352955350461,0,0.0,0.009886026382446289
1,spectral,jitter,0.25,1,5,0.003,0.5,1,100,0.0026240551100211343,191,3.3333333333333335,0.07872165330063402,0.2624055110021134,0.5611475859366555,0,5,-0.20627357180895356,1.697886996454018,0.9999999999999991,1.001295735403128,1.697886996454018,0.00913112055276369,0.00913112055276369,1.2962488233021188,0,0.0,0.01346588134765625
1,spectralg,jitter,0.25,1,5,0.003,0.5,1,100,0.0026240551100211343,191,3.3333333333333335,0.07872165330063402,0.2624055110021134,0.5611475859366555,0,5,-0.20627357180895356,1.697886996454018,0.9999999999999991,1.001295735403128,1.697886996454018,0.00913112055276369,0.00913112055276369,1.2962488233021188,0,0.0,0.024630069732666016
1,molfe,jitter,0.25,1,5,0.003,0.5,1,100,0.0026240551100211343,191,3.3333333333333335,0.07872165330063402,0.2624055110021134,0.5611475859366555,0,5,-0.06549476352344168,1.1630368640588105,1.0392713417914292,4034.2720086253516,4.255616198914514e+167,0.1824648201133039,0.1824648201133039,1.3023496545433557,0,0.0,0.009231090545654297
1,molrk3,jitter,0.25,1,5,0.003,0.5,1,100,0.0026240551100211343,191,3.3333333333333335,0.07872165330063402,0.2624055110021134,0.5611475859366555,0,5,-0.0632064607241124,1.1600639217675832,1.040052555228955,4623.779787460757,7.576128067514076e+170,0.1250558033202036,0.1250558033202036,1.2964702829980128,0,0.0,0.009233951568603516
1,maxent,jitter,0.25,1,5,0.003,0.5,1,100,0.0026240551100211343,191,3.3333333333333335,0.07872165330063402,0.2624055110021134,0.5611475859366555,72,5,-0.14763007602598727,1.3637273176465818,0.9999999999999993,1.0313920457739585,1.3637273176465816,0.01509024074891501,0.01509024074891501,1.29633226874373,0,0.0,1.167755126953125
1,lp,jitter,0.25,1,5,0.003,0.5,1,100,0.0026240551100211343,191,3.3333333333333335,0.07872165330063402,0.2624055110021134,0.5611475859366555,72,5,-0.14763007602598727,1.3637273176465818,1.0000000000000024,1.0307024111326941,1.3637273176465816,0.014878282101988978,0.014878282101988978,1.2963308136029172,0,0.0,0.04893684387207031
1,lprand,jitter,0.25,1,5,0.003,0.5,1,100,0.0026240551100211343,191,3.3333333333333335,0.07872165330063402,0.2624055110021134,0.5611475859366555,72,5,-0.14763007602598727,1.3637273176465818,1.0000000000000029,1.031695324002684,1.3637273176465816,0.015135788170498635,0.015135788170498635,1.2963309472204938,0,0.0,0.048596858978271484
1,maxentw,jitter,0.25,1,5,0.003,0.5,1,100,0.0026240551100211343,191,3.3333333333333335,0.07872165330063402,0.2624055110021134,0.5611475859366555,72,5,-0.14763007602598727,1.3637273176465818,0.9999999999999993,1.0313920457739585,1.3637273176465816,0.01509024074891501,0.01509024074891501,1.29633226874373,0,0.0,4.541270971298218
1,minnorm,jitter,0.25,1,7,0.003,0.5,1,100,0.0026240551100211343,191,3.3333333333333335,0.07872165330063402,0.2624055110021134,0.5611475859366555,0,7,-0.13606276971547332,1.4123088431973345,0.9999999999999988,1.1279430765086076,1.4123088431973343,0.05504451985894515,0.05504451985894515,1.2966133055053826,0,0.0,0.007710933685302734
1,projgauss,jitter,0.25,1,7,0.003,0.5,1,100,0.0026240551100211343,191,3.3333333333333335,0.07872165330063402,0.2624055110021134,0.5611475859366555,0,7,-0.07451205992433277,1.24244976324437,0.9999999999999989,1.0471625578883292,1.24244976324437,0.022871939791015206,0.022871939791015206,1.2963888106413881,0,0.0,0.00917816162109375
1,spectral,jitter,0.25,1,7,0.003,0.5,1,100,0.0026240551100211343,191,3.3333333333333335,0.07872165330063402,0.2624055110021134,0.5611475859366555,0,7,-0.22968784760927852,1.83563196731621,0.9999999999999987,1.043823173497457,1.83563196731621,0.0200555151579645,0.0200555151579645,1.2963580747482206,0,0.0,0.015286922454833984
1,spectralg,jitter,0.25,1,7,0.003,0.5,1,100,0.0026240551100211343,191,3.3333333333333335,0.07872165330063402,0.2624055110021134,0.5611475859366555,0,7,-0.22968784760927852,1.83563196731621,0.9999999999999987,1.043823173497457,1.83563196731621,0.0200555151579645,0.0200555151579645,1.2963580747482206,0,0.0,0.029167652130126953
1,molfe,jitter,0.25,1,7,0.003,0.5,1,100,0.0026240551100211343,191,3.3333333333333335,0.07872165330063402,0.2624055110021134,0.5611475859366555,0,7,-0.03031884324619416,1.1156923148546753,1.0157718075428226,50.180167118412136,2.1507280346381575e+68,0.08759864292798125,0.08759864292798125,1.2976408772099992,0,0.0,0.008678197860717773
1,molrk3,jitter,0.25,1,7,0.003,0.5,1,100,0.0026240551100211343,191,3.3333333333333335,0.07872165330063402,0.2624055110021134,0.5611475859366555,0,7,-0.029775148070437747,1.1155356993705616,1.0158323274054983,50.44126853897747,4.413293088090209e+68,0.059232484240128835,0.059232484240128835,1.296636762479652,0,0.0,0.0081329345703125
1,maxent,jitter,0.25,1,7,0.003,0.5,1,100,0.0026240551100211343,191,3.3333333333333335,0.07872165330063402,0.2624055110021134,0.5611475859366555,72,7,-0.13483245617975576,1.4123088431973345,0.9999999999999996,1.0982575319440873,1.4123088431973343,0.029536014784969644,0.029536014784969644,1.2962804826563197,0,0.0,1.154966115951538
1,lp,jitter,0.25,1,7,0.003,0.5,1,100,0.0026240551100211343,191,3.3333333333333335,0.07872165330063402,0.2624055110021134,0.5611475859366555,72,7,-0.13483245617975576,1.4123088431973345,0.9999999999999983,1.0980001289549097,1.4123088431973343,0.029459832200355085,0.029459832200355085,1.296273316536296,0,0.0,0.04907393455505371
1,lprand,jitter,0.25,1,7,0.003,0.5,1,100,0.0026240551100211343,191,3.3333333333333335,0.07872165330063402,0.2624055110021134,0.5611475859366555,72,7,-0.13483245617975576,1.4123088431973345,0.9999999999999987,1.1012942273725932,1.4123088431973343,0.029635877695617985,0.029635877695617985,1.2962773808611,0,0.0,0.04886198043823242
1,maxentw,jitter,0.25,1,7,0.003,0.5,1,100,0.0026240551100211343,191,3.3333333333333335,0.07872165330063402,0.2624055110021134,0.5611475859366555,72,7,-0.13483245617975576,1.4123088431973345,0.9999999999999996,1.0982575319440873,1.4123088431973343,0.029536014784969644,0.029536014784969644,1.2962804826563197,0,0.0,4.417423248291016
1,minnorm,jitter,0.25,2,3,0.003,0.5,1,100,0.003070665590250987,163,3.3333333333333335,0.09211996770752962,0.3070665590250987,0.6141331180501974,0,3,-0.11874761161061843,1.2374952232212366,1.0000000000000049,1.0104037147865408,1.2374952232212366,0.0037145717073384515,0.0037145717073384515,1.296181167276741,0,0.0,0.008596181869506836
1,projgauss,jitter,0.25,2,3,0.003,0.5,1,100,0.003070665590250987,163,3.3333333333333335,0.09211996770752962,0.3070665590250987,0.6141331180501974,0,3,-0.11874761161061809,1.2374952232212364,1.0000000000000024,1.0104037147865381,1.2374952232212364,0.0037145717073407553,0.0037145717073407553,1.2961811672767398,0,0.0,0.009584188461303711
1,spectral,jitter,0.25,2,3,0.003,0.5,1,100,0.003070665590250987,163,3.3333333333333335,0.09211996770752962,0.3070665590250987,0.6141331180501974,0,3,-0.11874761161061843,1.2374952232212366,1.0000000000000049,1.0104037147865408,1.2374952232212366,0.0037145717073384515,0.0037145717073384515,1.296181167276741,0,0.0,0.009512186050415039
1,spectralg,jitter,0.25,2,3,0.003,0.5,1,100,0.003070665590250987,163,3.3333333333333335,0.09211996770752962,0.3070665590250987,0.6141331180501974,0,3,-0.11874761161061843,1.2374952232212366,1.0000000000000049,1.0104037147865408,1.2374952232212366,0.0037145717073384515,0.0037145717073384515,1.296181167276741,0,0.0,0.009931802749633789
1,molfe,jitter,0.25,2,3,0.003,0.5,1,100,0.003070665590250987,163,3.3333333333333335,0.09211996770752962,0.3070665590250987,0.6141331180501974,0,3,-0.19175087990869133,1.3835017598173829,1.0000000000000013,1.161167799221911,1.5911085059478633,0.07247825780137096,0.07247825780137096,1.297631960168392,0,0.0,0.009264707565307617
1,molrk3,jitter,0.25,2,3,0.003,0.5,1,100,0.003070665590250987,163,3.3333333333333335,0.09211996770752962,0.3070665590250987,0.6141331180501974,0,3,-0.1555265412450061,1.3110773083236917,1.0000000000000002,1.0886399159334386,1.456416927889828,0.009166064080969552,0.009166064080969552,1.2962208026797413,0,0.0,0.00861501693725586
1,maxent,jitter,0.25,2,3,0.003,0.5,1,100,0.003070665590250987,163,3.3333333333333335,0.09211996770752962,0.3070665590250987,0.6141331180501974,65,3,-0.11874761161061843,1.2374952232212366,1.000000000000002,1.0104037147865432,1.2374952232212366,0.0037145717073728685,0.0037145717073728685,1.296181167276741,0,0.0,0.994647741317749
1,lp,jitter,0.25,2,3,0.003,0.5,1,100,0.003070665590250987,163,3.3333333333333335,0.09211996770752962,0.3070665590250987,0.6141331180501974,65,3,-0.11874761161061843,1.2374952232212366,1.0000000000000038,1.0104037147865341,1.2374952232212366,0.0037145717073410883,0.0037145717073410883,1.296181167276741,0,0.0,0.0496213436126709
1,lprand,jitter,0.25,2,3,0.003,0.5,1,100,0.003070665590250987,163,3.3333333333333335,0.09211996770752962,0.3070665590250987,0.6141331180501974,65,3,-0.11874761161061843,1.2374952232212366,1.0000000000000027,1.0104037147865341,1.2374952232212366,0.003714571707341033,0.003714571707341033,1.296181167276741,0,0.0,0.04783892631530762
1,maxentw,jitter,0.25,2,3,0.003,0.5,1,100,0.003070665590250987,163,3.3333333333333335,0.09211996770752962,0.3070665590250987,0.6141331180501974,65,3,-0.11874761161061843,1.2374952232212366,1.000000000000002,1.0104037147865432,1.2374952232212366,0.0037145717073728685,0.0037145717073728685,1.296181167276741,0,0.0,3.9353580474853516
1,minnorm,jitter,0.25,2,5,0.003,0.5,1,100,0.003070665590250987,163,3.3333333333333335,0.09211996770752962,0.3070665590250987,0.6141331180501974,0,5,-0.1440991623057899,1.3402504837847264,0.9999999999999976,1.047984195183348,1.3402504837847264,0.023005846465274732,0.023005846465274732,1.2962166696298758,0,0.0,0.008287906646728516
1,projgauss,jitter,0.25,2,5,0.003,0.5,1,100,0.003070665590250987,163,3.3333333333333335,0.09211996770752962,0.3070665590250987,0.6141331180501974,0,5,-0.11871077514964923,1.293974465429903,0.9999999999999987,1.0228257786569506,1.293974465429903,0.01605706348224896,0.01605706348224896,1.2962071553836056,0,0.0,0.009337902069091797
1,spectral,jitter,0.25,2,5,0.003,0.5,1,100,0.003070665590250987,163,3.3333333333333335,0.09211996770752962,0.3070665590250987,0.6141331180501974,0,5,-0.247578277897523,1.699018880842503,1.0000000000000002,1.000621885321347,1.6990188808425029,0.0074508569398936825,0.0074508569398936825,1.296085631464463,0,0.0,0.01308298110961914
1,spectralg,jitter,0.25,2,5,0.003,0.5,1,100,0.003070665590250987,163,3.3333333333333335,0.09211996770752962,0.3070665590250987,0.6141331180501974,0,5,-0.247578277897523,1.699018880842503,1.0000000000000056,1.0006224133756176,1.6990188808425029,0.007450778695814689,0.007450778695814689,1.296085631464463,0,0.0,0.02452397346496582
1,molfe,jitter,0.25,2,5,0.003,0.5,1,100,0.003070665590250987,163,3.3333333333333335,0.09211996770752962,0.3070665590250987,0.6141331180501974,0,5,-0.07020812770399078,1.1960318502025757,1.0458529178752567,4334.1065924396235,1.2967714790829727e+195,0.230700483638131,0.230700483638131,1.2977948302712454,0,0.0,0.00884389877319336
1,molrk3,jitter,0.25,2,5,0.003,0.5,1,100,0.003070665590250987,163,3.3333333333333335,0.09211996770752962,0.3070665590250987,0.6141331180501974,0,5,-0.06762868940970537,1.1920715270176065,1.0469202304649072,5182.224386473325,3.5547489312726565e+199,0.19178581331705336,0.19178581331705336,1.2963938499152634,0,0.0,0.008980989456176758
1,maxent,jitter,0.25,2,5,0.003,0.5,1,100,0.003070665590250987,163,3.3333333333333335,0.09211996770752962,0.3070665590250987,0.6141331180501974,65,5,-0.1440991623057899,1.3402504837847264,0.9999999999999993,1.0279162102545283,1.3402504837847264,0.013803711424884894,0.013803711424884894,1.2962098751028366,0,0.0,1.0952460765838623
1,lp,jitter,0.25,2,5,0.003,0.5,1,100,0.003070665590250987,163,3.3333333333333335,0.09211996770752962,0.3070665590250987,0.6141331180501974,65,5,-0.1440991623057899,1.3402504837847264,1.0000000000000016,1.0276426495156519,1.3402504837847264,0.013402936750169785,0.013402936750169785,1.2962073649117132,0,0.0,0.049722909927368164
1,lprand,jitter,0.25,2,5,0.003,0.5,1,100,0.003070665590250987,163,3.3333333333333335,0.09211996770752962,0.3070665590250987,0.6141331180501974,65,5,-0.1440991623057899,1.3402504837847264,0.9999999999999991,1.0276693403283728,1.3402504837847264,0.013886616410844193,0.013886616410844193,1.2962115347016847,0,0.0,0.048438072204589844
1,maxentw,jitter,0.25,2,5,0.003,0.5,1,100,0.003070665590250987,163,3.3333333333333335,0.09211996770752962,0.3070665590250987,0.6141331180501974,65,5,-0.1440991623057899,1.3402504837847264,0.9999999999999993,1.0279162102545283,1.3402504837847264,0.013803711424884894,0.013803711424884894,1.2962098751028366,0,0.0,4.038806200027466
1,minnorm,jitter,0.25,2,7,0.003,0.5,1,100,0.003070665590250987,163,3.3333333333333335,0.09211996770752962,0.3070665590250987,0.6141331180501974,0,7,-0.14543285662126423,1.3955430859957307,0.9999999999999992,1.1328658077328584,1.3955430859957307,0.05365785693738137,0.05365785693738137,1.296238185840995,0,0.0,0.008037090301513672
1,projgauss,jitter,0.25,2,7,0.003,0.5,1,100,0.003070665590250987,163,3.3333333333333335,0.09211996770752962,0.3070665590250987,0.6141331180501974,0,7,-0.08010568290440848,1.235738700166218,0.9999999999999991,1.0432219351497956,1.235738700166218,0.021479457597340545,0.021479457597340545,1.296238041393496,0,0.0,0.008516788482666016
1,spectral,jitter,0.25,2,7,0.003,0.5,1,100,0.003070665590250987,163,3.3333333333333335,0.09211996770752962,0.3070665590250987,0.6141331180501974,0,7,-0.22112578567433294,2.041041392951883,0.9999999999999951,1.025179977742073,2.0410413929518834,0.015579556668376307,0.015579556668376307,1.2962731709998856,0,0.0,0.014497995376586914
1,spectralg,jitter,0.25,2,7,0.003,0.5,1,100,0.003070665590250987,163,3.3333333333333335,0.09211996770752962,0.3070665590250987,0.6141331180501974,0,7,-0.22112578567433294,2.041041392951883,0.9999999999999951,1.025179977742073,2.0410413929518834,0.015579556668376307,0.015579556668376307,1.2962731709998856,0,0.0,0.029067039489746094
1,molfe,jitter,0.25,2,7,0.003,0.5,1,100,0.003070665590250987,163,3.3333333333333335,0.09211996770752962,0.3070665590250987,0.6141331180501974,0,7,-0.03493820766190615,1.1347085290162346,1.0189785502878936,61.87377290271046,1.2337918699950585e+82,0.09437572348730427,0.09437572348730427,1.2980086952480958,0,0.0,0.00833892822265625
1,molrk3,jitter,0.25,2,7,0.003,0.5,1,100,0.003070665590250987,163,3.3333333333333335,0.09211996770752962,0.3070665590250987,0.6141331180501974,0,7,-0.034258274821637416,1.134767600255327,1.0190716424254938,62.460042098918414,3.729995831900513e+82,0.06099358789763937,0.06099358789763937,1.2966264197420352,0,0.0,0.008531332015991211
1,maxent,jitter,0.25,2,7,0.003,0.5,1,100,0.003070665590250987,163,3.3333333333333335,0.09211996770752962,0.3070665590250987,0.6141331180501974,65,7,-0.1392262568319277,1.3955430859957307,0.9999999999999994,1.0896969493271929,1.3955430859957307,0.02617813936655091,0.02617813936655091,1.2961945731387012,0,0.0,1.0515949726104736
1,lp,jitter,0.25,2,7,0.003,0.5,1,100,0.003070665590250987,163,3.3333333333333335,0.09211996770752962,0.3070665590250987,0.6141331180501974,65,7,-0.1392262568319277,1.3955430859957307,1.0000000000000016,1.0905720910603227,1.3955430859957307,0.025727102342928073,0.025727102342928073,1.2961883220341375,0,0.0,0.050156593322753906
1,lprand,jitter,0.25,2,7,0.003,0.5,1,100,0.003070665590250987,163,3.3333333333333335,0.09211996770752962,0.3070665590250987,0.6141331180501974,65,7,-0.1392262568319277,1.3955430859957307,1.0000000000000018,1.090569951036434,1.3955430859957307,0.026121604297731152,0.026121604297731152,1.2961897699731124,0,0.0,0.049323081970214844
1,maxentw,jitter,0.25,2,7,0.003,0.5,1,100,0.003070665590250987,163,3.3333333333333335,0.09211996770752962,0.3070665590250987,0.6141331180501974,65,7,-0.1392262568319277,1.3955430859957307,0.9999999999999994,1.0896969493271929,1.3955430859957307,0.02617813936655091,0.02617813936655091,1.2961945731387012,0,0.0,4.012635231018066
1,minnorm,jitter,0.45,0,3,0.003,0.5,1,100,0.00016827506524616246,2972,3.3333333333333335,0.005048251957384874,0.016827506524616245,0.14210210353664543,0,3,-0.20512889146593105,1.4102577829318625,1.0000141583006357,68050.30047387285,1126873.5846820406,15.071668768236197,15.071668768236197,15.263095024670385,1,0.0,0.015610218048095703
1,projgauss,jitter,0.45,0,3,0.003,0.5,1,100,0.00016827506524616246,2972,3.3333333333333335,0.005048251957384874,0.016827506524616245,0.14210210353664543,0,3,-0.20512889146593094,1.4102577829318619,1.0000141588329887,68050.30046720621,1126877.3452292646,15.071668774968627,15.071668774968627,15.263095031402814,1,0.0,0.016856670379638672
1,spectral,jitter,0.45,0,3,0.003,0.5,1,100,0.00016827506524616246,2972,3.3333333333333335,0.005048251957384874,0.016827506524616245,0.14210210353664543,0,3,-0.20512889146593105,1.4102577829318625,1.0000141583006357,68050.30047387285,1126873.5846820406,15.071668768236197,15.071668768236197,15.263095024670385,1,0.0,0.015373945236206055
1,spectralg,jitter,0.45,0,3,0.003,0.5,1,100,0.00016827506524616246,2972,3.3333333333333335,0.005048251957384874,0.016827506524616245,0.14210210353664543,0,3,-0.20512889146593105,1.4102577829318625,1.0000141583006357,68050.30047387285,1126873.5846820406,15.071668768236197,15.071668768236197,15.263095024670385,1,0.0,0.013566970825195312
1,molfe,jitter,0.45,0,3,0.003,0.5,1,100,0.00016827506524616246,2972,3.3333333333333335,0.005048251957384874,0.016827506524616245,0.14210210353664543,0,3,-0.2032062875623554,1.406412575124711,1.0000207652698532,72466.83874749852,1213857.4574443116,15.067336175237223,15.067336175237223,15.25876243167141,1,0.0,0.013551950454711914
1,molrk3,jitter,0.45,0,3,0.003,0.5,1,100,0.00016827506524616246,2972,3.3333333333333335,0.005048251957384874,0.016827506524616245,0.14210210353664543,0,3,-0.20512889146593127,1.4102577829318625,1.0000207648454844,72509.32800127269,1214001.6804668726,15.071668772925571,15.071668772925571,15.263095029359759,1,0.0,0.013550043106079102
1,maxent,jitter,0.45,0,3,0.003,0.5,1,100,0.00016827506524616246,2972,3.3333333333333335,0.005048251957384874,0.016827506524616245,0.14210210353664543,83,3,-0.20512889146593105,1.4102577829318625,1.00001415321918,68050.30030006074,1126876.2769916088,15.071675151500294,15.071675151500294,15.263101407934482,1,0.0,1.4114632606506348
1,lp,jitter,0.45,0,3,0.003,0.5,1,100,0.00016827506524616246,2972,3.3333333333333335,0.005048251957384874,0.016827506524616245,0.14210210353664543,83,3,-0.20512889146593105,1.4102577829318625,1.0000141557051274,68050.30039191987,1126874.5795710806,15.071668769411257,15.071668769411257,15.263095025845445,1,0.0,0.05366110801696777
1,lprand,jitter,0.45,0,3,0.003,0.5,1,100,0.00016827506524616246,2972,3.3333333333333335,0.005048251957384874,0.016827506524616245,0.14210210353664543,83,3,-0.20512889146593105,1.4102577829318625,1.0000141557051274,68050.30039191987,1126874.5795710806,15.071668769411257,15.071668769411257,15.263095025845445,1,0.0,0.05451798439025879
1,maxentw,jitter,0.45,0,3,0.003,0.5,1,100,0.00016827506524616246,2972,3.3333333333333335,0.005048251957384874,0.016827506524616245,0.14210210353664543,83,3,-0.20512889146593105,1.4102577829318625,1.00001415321918,68050.30030006074,1126876.2769916088,15.071675151500294,15.071675151500294,15.263101407934482,1,0.0,5.165843963623047
1,minnorm,jitter,0.45,0,5,0.003,0.5,1,100,0.00016827506524616246,2972,3.3333333333333335,0.005048251957384874,0.016827506524616245,0.14210210353664543,0,5,-0.19778146491108942,1.5708278778856892,0.9999999999999998,1.2479211646225346,1.5708278778856894,0.05181877359437925,0.05181877359437925,1.2958903542307616,0,0.0,0.01369476318359375
1,projgauss,jitter,0.45,0,5,0.003,0.5,1,100,0.00016827506524616246,2972,3.3333333333333335,0.005048251957384874,0.016827506524616245,0.14210210353664543,0,5,-0.16091279425514926,1.4952258111060615,1.0000000000000004,1.2031353816859827,1.4952258111060615,0.04080275929250943,0.04080275929250943,1.295849559143743,0,0.0,0.016312122344970703
1,spectral,jitter,0.45,0,5,0.003,0.5,1,100,0.00016827506524616246,2972,3.3333333333333335,0.005048251957384874,0.016827506524616245,0.14210210353664543,0,5,-0.0737540105712311,1.1787208151183146,1.0000000000000027,1.410068478284087,4.11533464571863,0.012736500132894783,0.012736500132894783,1.2957740551934598,0,0.0,0.02010798454284668
1,spectralg,jitter,0.45,0,5,0.003,0.5,1,100,0.00016827506524616246,2972,3.3333333333333335,0.005048251957384874,0.016827506524616245,0.14210210353664543,0,5,-0.0737540105712311,1.1752276627363747,0.9999999999999981,1.3391770201375675,3.5992033520504094,0.011572377683481905,0.011572377683481905,1.295774079356905,0,0.0,0.04019570350646973
1,molfe,jitter,0.45,0,5,0.003,0.5,1,100,0.00016827506524616246,2972,3.3333333333333335,0.005048251957384874,0.016827506524616245,0.14210210353664543,0,5,-0.008401582498131523,1.0244448999899127,1.0021038627448935,1321.7353662760743,3398672892.8541985,0.34350781407903186,0.34350781407903186,1.3500465224353702,0,0.0,0.0157930850982666
1,molrk3,jitter,0.45,0,5,0.003,0.5,1,100,0.00016827506524616246,2972,3.3333333333333335,0.005048251957384874,0.016827506524616245,0.14210210353664543,0,5,-0.008386584812214798,1.0243943024769775,1.0021060774161514,1330.339457984354,3474620135.470385,0.3447473977738857,0.3447473977738857,1.3484263152271192,0,0.0,0.014173030853271484
1,maxent,jitter,0.45,0,5,0.003,0.5,1,100,0.00016827506524616246,2972,3.3333333333333335,0.005048251957384874,0.016827506524616245,0.14210210353664543,83,5,-0.19778146491108942,1.5708278778856892,1.000000000000001,1.2211016842264795,1.6689006711599217,0.029353006424983508,0.029353006424983508,1.2959090650343015,0,0.0,1.4189260005950928
1,lp,jitter,0.45,0,5,0.003,0.5,1,100,0.00016827506524616246,2972,3.3333333333333335,0.005048251957384874,0.016827506524616245,0.14210210353664543,83,5,-0.19778146491108942,1.5708278778856892,0.9999999999999973,1.2240920433984894,1.6702523832134593,0.02898998409663811,0.02898998409663811,1.2959117445831645,0,0.0,0.05521893501281738
1,lprand,jitter,0.45,0,5,0.003,0.5,1,100,0.00016827506524616246,2972,3.3333333333333335,0.005048251957384874,0.016827506524616245,0.14210210353664543,83,5,-0.19778146491108942,1.5708278778856892,0.9999999999999993,1.229667924250738,1.667709867061055,0.02931536893939468,0.02931536893939468,1.2959106285584268,0,0.0,0.054765939712524414
1,maxentw,jitter,0.45,0,5,0.003,0.5,1,100,0.00016827506524616246,2972,3.3333333333333335,0.005048251957384874,0.016827506524616245,0.14210210353664543,83,5,-0.19778146491108942,1.5708278778856892,1.000000000000001,1.2211016842264795,1.6689006711599217,0.029353006424983508,0.029353006424983508,1.2959090650343015,0,0.0,5.200266122817993
1,minnorm,jitter,0.45,0,7,0.003,0.5,1,100,0.00016827506524616246,2972,3.3333333333333335,0.005048251957384874,0.016827506524616245,0.14210210353664543,0,7,-0.18743199827660786,1.5240169046716856,1.0000000000000013,1.3008285977862366,1.5240169046716854,0.19086013060452545,0.19086013060452545,1.2946176169487278,0,0.0,0.014146804809570312
1,projgauss,jitter,0.45,0,7,0.003,0.5,1,100,0.00016827506524616246,2972,3.3333333333333335,0.005048251957384874,0.016827506524616245,0.14210210353664543,0,7,-0.10564143756056314,1.344012150212136,1.0000000000000002,1.2055505393509407,1.3584165995043906,0.09384568473166133,0.09384568473166133,1.2947507223904489,0,0.0,0.015249252319335938
1,spectral,jitter,0.45,0,7,0.003,0.5,1,100,0.00016827506524616246,2972,3.3333333333333335,0.005048251957384874,0.016827506524616245,0.14210210353664543,0,7,-0.10075054530477265,1.2898751169499927,0.9999999999999979,1.665941437328181,3.9371539746771256,0.03152059294768822,0.031947077993168344,1.2963262188878664,0,0.0,0.0197451114654541
1,spectralg,jitter,0.45,0,7,0.003,0.5,1,100,0.00016827506524616246,2972,3.3333333333333335,0.005048251957384874,0.016827506524616245,0.14210210353664543,0,7,-0.10075054530477265,1.2898751169499927,1.0000000000000042,1.6337958845044405,3.937091122729551,0.032255317491205804,0.03268626392285176,1.2963263418402993,0,0.0,0.04975628852844238
1,molfe,jitter,0.45,0,7,0.003,0.5,1,100,0.00016827506524616246,2972,3.3333333333333335,0.005048251957384874,0.016827506524616245,0.14210210353664543,0,7,-0.003631972027375987,1.0106321116451482,1.0006548084008153,88.54580166794153,13716.465954473024,0.059983798656599197,0.060135232594234436,1.2965077971069188,0,0.0,0.013934850692749023
1,molrk3,jitter,0.45,0,7,0.003,0.5,1,100,0.00016827506524616246,2972,3.3333333333333335,0.005048251957384874,0.016827506524616245,0.14210210353664543,0,7,-0.0036296871274318064,1.0106262845561595,1.00065343391542,88.58179368797528,13678.780101955459,0.06070319893014167,0.06070319893014167,1.296426608574013,0,0.0,0.016131162643432617
1,maxent,jitter,0.45,0,7,0.003,0.5,1,100,0.00016827506524616246,2972,3.3333333333333335,0.005048251957384874,0.016827506524616245,0.14210210353664543,83,7,-0.18743199827660786,1.5240169046716856,1.0000000000000018,1.4601585024497206,1.8656200071789057,0.08073803042072614,0.08096180659155627,1.2945823339823148,0,0.0,1.3528919219970703
1,lp,jitter,0.45,0,7,0.003,0.5,1,100,0.00016827506524616246,2972,3.3333333333333335,0.005048251957384874,0.016827506524616245,0.14210210353664543,83,7,-0.18743199827660786,1.5240169046716856,1.000000000000001,1.4543456739163747,1.8600894547767373,0.07787478306002904,0.07830255272597642,1.2946358987411617,0,0.0,0.05544137954711914
1,lprand,jitter,0.45,0,7,0.003,0.5,1,100,0.00016827506524616246,2972,3.3333333333333335,0.005048251957384874,0.016827506524616245,0.14210210353664543,83,7,-0.18743199827660786,1.5240169046716856,0.9999999999999994,1.4516684008493308,1.8673511972025358,0.07410837666496062,0.0746484768483997,1.2946628784426926,0,0.0,0.05543184280395508
1,maxentw,jitter,0.45,0,7,0.003,0.5,1,100,0.00016827506524616246,2972,3.3333333333333335,0.005048251957384874,0.016827506524616245,0.14210210353664543,83,7,-0.18743199827660786,1.5240169046716856,1.0000000000000018,1.4601585024497206,1.8656200071789057,0.08073803042072614,0.08096180659155627,1.2945823339823148,0,0.0,5.13893985748291
1,minnorm,jitter,0.45,1,3,0.003,0.5,1,100,0.00036772982732206363,1360,3.3333333333333335,0.011031894819661908,0.03677298273220636,0.21006565468597582,0,3,-0.18151039554161771,1.363020791083236,1.0009907444539115,19389.989170725337,204533798.88979164,14.903870550062603,14.903870550062603,15.125068272358735,1,0.0,0.011439323425292969
1,projgauss,jitter,0.45,1,3,0.003,0.5,1,100,0.00036772982732206363,1360,3.3333333333333335,0.011031894819661908,0.03677298273220636,0.21006565468597582,0,3,-0.18151039554161685,1.3630207910832344,1.0009907444530648,19389.989181528697,204533742.52732706,14.903870549453135,14.903870549453135,15.125068271749267,1,0.0,0.0116119384765625
1,spectral,jitter,0.45,1,3,0.003,0.5,1,100,0.00036772982732206363,1360,3.3333333333333335,0.011031894819661908,0.03677298273220636,0.21006565468597582,0,3,-0.18151039554161771,1.363020791083236,1.0009907444539115,19389.989170725337,204533798.88979164,14.903870550062603,14.903870550062603,15.125068272358735,1,0.0,0.012293100357055664
1,spectralg,jitter,0.45,1,3,0.003,0.5,1,100,0.00036772982732206363,1360,3.3333333333333335,0.011031894819661908,0.03677298273220636,0.21006565468597582,0,3,-0.18151039554161771,1.363020791083236,1.0009907444539115,19389.989170725337,204533798.88979164,14.903870550062603,14.903870550062603,15.125068272358735,1,0.0,0.01168680191040039
1,molfe,jitter,0.45,1,3,0.003,0.5,1,100,0.00036772982732206363,1360,3.3333333333333335,0.011031894819661908,0.03677298273220636,0.21006565468597582,0,3,-0.17793745502662273,1.3558749100532452,1.000697812662609,20467.349868005098,2195685.0814035814,14.88891696095299,14.88891696095299,15.110114683249122,1,0.0,0.010622978210449219
1,molrk3,jitter,0.45,1,3,0.003,0.5,1,100,0.00036772982732206363,1360,3.3333333333333335,0.011031894819661908,0.03677298273220636,0.21006565468597582,0,3,-0.18151039554161796,1.363020791083236,1.0006975748111109,20482.49416133037,2169230.77580866,14.898629428475822,14.898629428475822,15.119827150771954,1,0.0,0.01046299934387207
1,maxent,jitter,0.45,1,3,0.003,0.5,1,100,0.00036772982732206363,1360,3.3333333333333335,0.011031894819661908,0.03677298273220636,0.21006565468597582,79,3,-0.18151039554161771,1.363020791083236,1.0009907444535449,19389.98942551228,204533046.54588816,14.90387055007254,14.90387055007254,15.125068272368672,1,0.0,1.2962260246276855
1,lp,jitter,0.45,1,3,0.003,0.5,1,100,0.00036772982732206363,1360,3.3333333333333335,0.011031894819661908,0.03677298273220636,0.21006565468597582,79,3,-0.18151039554161771,1.363020791083236,1.000990744452999,19389.98914733574,204533600.79232937,14.903870550054574,14.903870550054574,15.125068272350706,1,0.0,0.049530029296875
1,lprand,jitter,0.45,1,3,0.003,0.5,1,100,0.00036772982732206363,1360,3.3333333333333335,0.011031894819661908,0.03677298273220636,0.21006565468597582,79,3,-0.18151039554161771,1.363020791083236,1.0009907444544819,19389.98914733574,204533600.79232937,14.903870550054574,14.903870550054574,15.125068272350706,1,0.0,0.051076650619506836
1,maxentw,jitter,0.45,1,3,0.003,0.5,1,100,0.00036772982732206363,1360,3.3333333333333335,0.011031894819661908,0.03677298273220636,0.21006565468597582,79,3,-0.18151039554161771,1.363020791083236,1.0009907444535449,19389.98942551228,204533046.54588816,14.90387055007254,14.90387055007254,15.125068272368672,1,0.0,4.875560998916626
1,minnorm,jitter,0.45,1,5,0.003,0.5,1,100,0.00036772982732206363,1360,3.3333333333333335,0.011031894819661908,0.03677298273220636,0.21006565468597582,0,5,-0.186453996138031,1.5231089365366455,1.0000000000000004,1.3177219391082098,1.6352310400382508,0.05291732067704724,0.05296342971001766,1.2952327985765408,0,0.0,0.010441064834594727
1,projgauss,jitter,0.45,1,5,0.003,0.5,1,100,0.00036772982732206363,1360,3.3333333333333335,0.011031894819661908,0.03677298273220636,0.21006565468597582,0,5,-0.1671609562142531,1.4604015749518615,1.0,1.242196057608125,1.5318844481543514,0.04488433586610441,0.04489988890354879,1.2952035310689753,0,0.0,0.010771989822387695
1,spectral,jitter,0.45,1,5,0.003,0.5,1,100,0.00036772982732206363,1360,3.3333333333333335,0.011031894819661908,0.03677298273220636,0.21006565468597582,0,5,-0.13529560212393765,1.3077640061547453,0.9999999999999986,1.1748044771918165,3.2906902397514135,0.011876227206445877,0.011891521114119952,1.2958385738675835,0,0.0,0.015612125396728516
1,spectralg,jitter,0.45,1,5,0.003,0.5,1,100,0.00036772982732206363,1360,3.3333333333333335,0.011031894819661908,0.03677298273220636,0.21006565468597582,0,5,-0.13529560212393765,1.3043662852328073,1.0000000000000004,1.152470780713669,3.2156751449283654,0.011523056359703965,0.011539457989201973,1.2958390911734583,0,0.0,0.03469276428222656
1,molfe,jitter,0.45,1,5,0.003,0.5,1,100,0.00036772982732206363,1360,3.3333333333333335,0.011031894819661908,0.03677298273220636,0.21006565468597582,0,5,-0.01801994399161586,1.0493013191187341,1.0033582395726655,1535.5372828888335,5826490683260623.0,0.35410078509133314,0.35410078509133314,1.2956911113366796,0,0.0,0.011828899383544922
1,molrk3,jitter,0.45,1,5,0.003,0.5,1,100,0.00036772982732206363,1360,3.3333333333333335,0.011031894819661908,0.03677298273220636,0.21006565468597582,0,5,-0.017975261899230894,1.0490708943817744,1.0033638847714181,1548.1835749166455,6162358023841595.0,0.356356328660906,0.356356328660906,1.2955047442759247,0,0.0,0.012212991714477539
1,maxent,jitter,0.45,1,5,0.003,0.5,1,100,0.00036772982732206363,1360,3.3333333333333335,0.011031894819661908,0.03677298273220636,0.21006565468597582,79,5,-0.186453996138031,1.5231089365366455,1.0000000000000013,1.8839280655507165,2.8786798314044604,0.0323466504563813,0.03238583966891795,1.2948795139043403,0,0.0,1.2571027278900146
1,lp,jitter,0.45,1,5,0.003,0.5,1,100,0.00036772982732206363,1360,3.3333333333333335,0.011031894819661908,0.03677298273220636,0.21006565468597582,79,5,-0.186453996138031,1.5231089365366455,1.0000000000000029,1.9259272348812615,3.009482647808605,0.03173385577453902,0.031780707595241986,1.294876578458298,0,0.0,0.05175495147705078
1,lprand,jitter,0.45,1,5,0.003,0.5,1,100,0.00036772982732206363,1360,3.3333333333333335,0.011031894819661908,0.03677298273220636,0.21006565468597582,79,5,-0.186453996138031,1.5231089365366455,0.9999999999999996,1.930974240761467,2.94136774238916,0.03225358013471924,0.03229684090840912,1.2948797014512639,0,0.0,0.051918745040893555
1,maxentw,jitter,0.45,1,5,0.003,0.5,1,100,0.00036772982732206363,1360,3.3333333333333335,0.011031894819661908,0.03677298273220636,0.21006565468597582,79,5,-0.186453996138031,1.5231089365366455,1.0000000000000013,1.8839280655507165,2.8786798314044604,0.0323466504563813,0.03238583966891795,1.2948795139043403,0,0.0,4.836493015289307
1,minnorm,jitter,0.45,1,7,0.003,0.5,1,100,0.00036772982732206363,1360,3.3333333333333335,0.011031894819661908,0.03677298273220636,0.21006565468597582,0,7,-0.16340156538083392,1.5209734675019337,0.9999999999999994,1.2128404366665315,1.5209734675019337,0.12056553131655012,0.12125165090625101,1.2929270217046849,0,0.0,0.009865999221801758
1,projgauss,jitter,0.45,1,7,0.003,0.5,1,100,0.00036772982732206363,1360,3.3333333333333335,0.011031894819661908,0.03677298273220636,0.21006565468597582,0,7,-0.10772822839111947,1.3392094885028414,1.0000000000000029,1.1450827940492854,1.4016592642954304,0.06051189830314019,0.06051189830314019,1.2943064593626383,0,0.0,0.012396097183227539
1,spectral,jitter,0.45,1,7,0.003,0.5,1,100,0.00036772982732206363,1360,3.3333333333333335,0.011031894819661908,0.03677298273220636,0.21006565468597582,0,7,-0.1388542225408868,1.353851948699881,0.9999999999999989,1.5726088780313385,3.228208681009042,0.04481719178963674,0.04481719178963674,1.2953586562664363,0,0.0,0.017557144165039062
1,spectralg,jitter,0.45,1,7,0.003,0.5,1,100,0.00036772982732206363,1360,3.3333333333333335,0.011031894819661908,0.03677298273220636,0.21006565468597582,0,7,-0.1388542225408868,1.353851948699881,1.0000000000000009,1.6045451672585251,3.233196637117051,0.045300870089143686,0.045300870089143686,1.2953562427419925,0,0.0,0.043778181076049805
1,molfe,jitter,0.45,1,7,0.003,0.5,1,100,0.00036772982732206363,1360,3.3333333333333335,0.011031894819661908,0.03677298273220636,0.21006565468597582,0,7,-0.005638321846386016,1.0233208499224242,1.0017481199987361,92.03319010265186,355471090.7748817,0.062219812269171254,0.062219812269171254,1.2953897329501225,0,0.0,0.009974956512451172
1,molrk3,jitter,0.45,1,7,0.003,0.5,1,100,0.00036772982732206363,1360,3.3333333333333335,0.011031894819661908,0.03677298273220636,0.21006565468597582,0,7,-0.005639654339436683,1.0233054594645694,1.001743633901533,92.274460595556,348572425.1450082,0.06219131042911763,0.06281616793846964,1.2952065773735384,0,0.0,0.011717796325683594
1,maxent,jitter,0.45,1,7,0.003,0.5,1,100,0.00036772982732206363,1360,3.3333333333333335,0.011031894819661908,0.03677298273220636,0.21006565468597582,79,7,-0.156313897231064,1.5209734675019337,0.9999999999999986,1.2721591403298127,1.6272450835459442,0.04188358779950929,0.04188358779950929,1.2938975635447398,0,0.0,1.3162319660186768
1,lp,jitter,0.45,1,7,0.003,0.5,1,100,0.00036772982732206363,1360,3.3333333333333335,0.011031894819661908,0.03677298273220636,0.21006565468597582,79,7,-0.156313897231064,1.5209734675019337,0.9999999999999998,1.2739605130767941,1.6493889435602131,0.04065445637281628,0.04065445637281628,1.2939597030191874,0,0.0,0.0521390438079834
1,lprand,jitter,0.45,1,7,0.003,0.5,1,100,0.00036772982732206363,1360,3.3333333333333335,0.011031894819661908,0.03677298273220636,0.21006565468597582,79,7,-0.156313897231064,1.5209734675019337,0.9999999999999998,1.2819057847234099,1.6753836292926043,0.0396052898864645,0.03961966016406593,1.293903429399023,0,0.0,0.04956507682800293
1,maxentw,jitter,0.45,1,7,0.003,0.5,1,100,0.00036772982732206363,1360,3.3333333333333335,0.011031894819661908,0.03677298273220636,0.21006565468597582,79,7,-0.156313897231064,1.5209734675019337,0.9999999999999986,1.2721591403298127,1.6272450835459442,0.04188358779950929,0.04188358779950929,1.2938975635447398,0,0.0,4.885669946670532
1,minnorm,jitter,0.45,2,3,0.003,0.5,1,100,0.0007774446406520936,644,3.3333333333333335,0.023323339219562807,0.07774446406520936,0.30543961249034357,0,3,-0.5416327278650336,2.083265455730066,1.0000308896293366,21628.02212420049,7398306.342855303,11.510820716917651,11.510820716917651,11.986295346872812,1,0.0,0.00814509391784668
1,projgauss,jitter,0.45,2,3,0.003,0.5,1,100,0.0007774446406520936,644,3.3333333333333335,0.023323339219562807,0.07774446406520936,0.30543961249034357,0,3,-0.5416327278650348,2.0832654557300683,1.0000309047700657,21628.022088837188,7429476.962865997,11.510820717000373,11.510820717000373,11.986295346955533,1,0.0,0.009596824645996094
1,spectral,jitter,0.45,2,3,0.003,0.5,1,100,0.0007774446406520936,644,3.3333333333333335,0.023323339219562807,0.07774446406520936,0.30543961249034357,0,3,-0.5416327278650336,2.083265455730066,1.0000308896293366,21628.02212420049,7398306.342855303,11.510820716917651,11.510820716917651,11.986295346872812,1,0.0,0.009027719497680664
1,spectralg,jitter,0.45,2,3,0.003,0.5,1,100,0.0007774446406520936,644,3.3333333333333335,0.023323339219562807,0.07774446406520936,0.30543961249034357,0,3,-0.5416327278650336,2.083265455730066,1.0000308896293366,21628.02212420049,7398306.342855303,11.510820716917651,11.510820716917651,11.986295346872812,1,0.0,0.009020090103149414
1,molfe,jitter,0.45,2,3,0.003,0.5,1,100,0.0007774446406520936,644,3.3333333333333335,0.023323339219562807,0.07774446406520936,0.30543961249034357,0,3,-0.5189305562176664,2.037861112435332,1.0000743896500324,24148.128965544587,8776832.185720915,11.490399286339796,11.490399286339796,11.965873916294957,1,0.0,0.009485006332397461
1,molrk3,jitter,0.45,2,3,0.003,0.5,1,100,0.0007774446406520936,644,3.3333333333333335,0.023323339219562807,0.07774446406520936,0.30543961249034357,0,3,-0.5416327278650327,2.0832654557300647,1.0000743947568693,24186.316098366984,8838089.47337597,11.510820717032194,11.510820717032194,11.986295346987355,1,0.0,0.009173870086669922
1,maxent,jitter,0.45,2,3,0.003,0.5,1,100,0.0007774446406520936,644,3.3333333333333335,0.023323339219562807,0.07774446406520936,0.30543961249034357,82,3,-0.5416327278650336,2.083265455730066,1.0000308931571327,21628.022162780497,7452865.264589857,11.510820717979362,11.510820717979362,11.986295347934522,1,0.0,1.2751080989837646
1,lp,jitter,0.45,2,3,0.003,0.5,1,100,0.0007774446406520936,644,3.3333333333333335,0.023323339219562807,0.07774446406520936,0.30543961249034357,82,3,-0.5416327278650336,2.083265455730066,1.0000308851599011,21628.022109025973,7357017.081930086,11.510820716941042,11.510820716941042,11.986295346896203,1,0.0,0.048059940338134766
1,lprand,jitter,0.45,2,3,0.003,0.5,1,100,0.0007774446406520936,644,3.3333333333333335,0.023323339219562807,0.07774446406520936,0.30543961249034357,82,3,-0.5416327278650336,2.083265455730066,1.0000308851599011,21628.022109025973,7357017.081930086,11.510820716941042,11.510820716941042,11.986295346896203,1,0.0,0.04732179641723633
1,maxentw,jitter,0.45,2,3,0.003,0.5,1,100,0.0007774446406520936,644,3.3333333333333335,0.023323339219562807,0.07774446406520936,0.30543961249034357,82,3,-0.5416327278650336,2.083265455730066,1.0000308931571327,21628.022162780497,7452865.264589857,11.510820717979362,11.510820717979362,11.986295347934522,1,0.0,4.999005079269409
1,minnorm,jitter,0.45,2,5,0.003,0.5,1,100,0.0007774446406520936,644,3.3333333333333335,0.023323339219562807,0.07774446406520936,0.30543961249034357,0,5,-0.18531532602103415,1.5410520023488343,1.0000000000000002,1.201936794193708,1.541052002348834,0.03359218508239614,0.03359218508239614,1.2967102199470437,0,0.0,0.008193016052246094
1,projgauss,jitter,0.45,2,5,0.003,0.5,1,100,0.0007774446406520936,644,3.3333333333333335,0.023323339219562807,0.07774446406520936,0.30543961249034357,0,5,-0.16025759467469353,1.4864800371976141,1.0000000000000002,1.1348069639760912,1.4864800371976141,0.025952756692727008,0.025952756692727008,1.2966231388096896,0,0.0,0.00924992561340332
1,spectral,jitter,0.45,2,5,0.003,0.5,1,100,0.0007774446406520936,644,3.3333333333333335,0.023323339219562807,0.07774446406520936,0.30543961249034357,0,5,-0.24838762027143357,1.567725922353095,1.0000000000000027,1.4409284712411374,3.3715263046780124,0.011505487755554378,0.011505487755554378,1.2962934369313366,0,0.0,0.013863325119018555
1,spectralg,jitter,0.45,2,5,0.003,0.5,1,100,0.0007774446406520936,644,3.3333333333333335,0.023323339219562807,0.07774446406520936,0.30543961249034357,0,5,-0.22795395097641383,1.5025425831971349,0.9999999999999978,1.3156767941919585,2.771191326585367,0.010712880187392401,0.010712880187392401,1.296297303846466,0,0.0,0.03319501876831055
1,molfe,jitter,0.45,2,5,0.003,0.5,1,100,0.0007774446406520936,644,3.3333333333333335,0.023323339219562807,0.07774446406520936,0.30543961249034357,0,5,-0.036529109462847646,1.1235265525581228,1.0062910055582956,2857.212041258944,1.234883519916862e+28,0.18397835340612168,0.18397835340612168,1.2965765811861578,0,0.0,0.009414911270141602
1,molrk3,jitter,0.45,2,5,0.003,0.5,1,100,0.0007774446406520936,644,3.3333333333333335,0.023323339219562807,0.07774446406520936,0.30543961249034357,0,5,-0.036142630986916065,1.1224917659098015,1.0062198151207074,2900.773627572729,5.939607359103544e+27,0.17469963902084729,0.17469963902084729,1.2962178144892236,0,0.0,0.009844303131103516
1,maxent,jitter,0.45,2,5,0.003,0.5,1,100,0.0007774446406520936,644,3.3333333333333335,0.023323339219562807,0.07774446406520936,0.30543961249034357,82,5,-0.18531532602103415,1.5410520023488343,1.0000000000000022,1.1192389561044631,1.541052002348834,0.01761714665291736,0.01761714665291736,1.2966057898401515,0,0.0,1.346168041229248
1,lp,jitter,0.45,2,5,0.003,0.5,1,100,0.0007774446406520936,644,3.3333333333333335,0.023323339219562807,0.07774446406520936,0.30543961249034357,82,5,-0.18531532602103415,1.5410520023488343,0.9999999999999982,1.1191649648311988,1.541052002348834,0.01731955172055777,0.01731955172055777,1.2966019588178956,0,0.0,0.04979515075683594
1,lprand,jitter,0.45,2,5,0.003,0.5,1,100,0.0007774446406520936,644,3.3333333333333335,0.023323339219562807,0.07774446406520936,0.30543961249034357,82,5,-0.18531532602103415,1.5410520023488343,1.0000000000000056,1.1200440264682567,1.541052002348834,0.017887868847304977,0.017887868847304977,1.2966031907637814,0,0.0,0.04952406883239746
1,maxentw,jitter,0.45,2,5,0.003,0.5,1,100,0.0007774446406520936,644,3.3333333333333335,0.023323339219562807,0.07774446406520936,0.30543961249034357,82,5,-0.18531532602103415,1.5410520023488343,1.0000000000000022,1.1192389561044631,1.541052002348834,0.01761714665291736,0.01761714665291736,1.2966057898401515,0,0.0,5.073631048202515
1,minnorm,jitter,0.45,2,7,0.003,0.5,1,100,0.0007774446406520936,644,3.3333333333333335,0.023323339219562807,0.07774446406520936,0.30543961249034357,0,7,-0.1704179455980138,1.4970151930120619,1.0,1.1875468168995191,1.4970151930120619,0.07034454820834746,0.07052622782193496,1.2959828916017035,0,0.0,0.009266138076782227
1,projgauss,jitter,0.45,2,7,0.003,0.5,1,100,0.0007774446406520936,644,3.3333333333333335,0.023323339219562807,0.07774446406520936,0.30543961249034357,0,7,-0.11504373131138879,1.3294382356818426,0.9999999999999987,1.1218284720307734,1.3294382356818426,0.034516911451954124,0.034516911451954124,1.296255588080875,0,0.0,0.009382009506225586
1,spectral,jitter,0.45,2,7,0.003,0.5,1,100,0.0007774446406520936,644,3.3333333333333335,0.023323339219562807,0.07774446406520936,0.30543961249034357,0,7,-0.27684528790037544,1.6947073107542838,0.9999999999999978,1.8231366450956539,3.6159446722547823,0.029949870347020735,0.02998230214903022,1.2961751285735292,0,0.0,0.015286922454833984
1,spectralg,jitter,0.45,2,7,0.003,0.5,1,100,0.0007774446406520936,644,3.3333333333333335,0.023323339219562807,0.07774446406520936,0.30543961249034357,0,7,-0.2410555838955296,1.6034580011473605,1.0000000000000002,1.799208530480227,3.310779691136584,0.031079572831535396,0.031121253159952622,1.2962262694915323,0,0.0,0.042706966400146484
1,molfe,jitter,0.45,2,7,0.003,0.5,1,100,0.0007774446406520936,644,3.3333333333333335,0.023323339219562807,0.07774446406520936,0.30543961249034357,0,7,-0.01453700368350048,1.0424465457230787,1.0041478815772795,80.91264269915686,5.803686399516391e+18,0.06639612249946569,0.06639612249946569,1.296992102010844,0,0.0,0.008636236190795898
1,molrk3,jitter,0.45,2,7,0.003,0.5,1,100,0.0007774446406520936,644,3.3333333333333335,0.023323339219562807,0.07774446406520936,0.30543961249034357,0,7,-0.014503214627142257,1.0423920107798534,1.0041493985865066,81.48514748489089,5.890655850478702e+18,0.06672724178896064,0.06672724178896064,1.296638644145114,0,0.0,0.009179115295410156
1,maxent,jitter,0.45,2,7,0.003,0.5,1,100,0.0007774446406520936,644,3.3333333333333335,0.023323339219562807,0.07774446406520936,0.30543961249034357,82,7,-0.1704179455980138,1.4970151930120619,1.0000000000000036,1.2407369455395774,1.5176137199695994,0.036474344993415175,0.036474344993415175,1.2959038359247617,0,0.0,1.2891147136688232
1,lp,jitter,0.45,2,7,0.003,0.5,1,100,0.0007774446406520936,644,3.3333333333333335,0.023323339219562807,0.07774446406520936,0.30543961249034357,82,7,-0.1704179455980138,1.4970151930120619,1.0000000000000018,1.2434815574452471,1.5259833058692274,0.03622289772799592,0.03622289772799592,1.295903774448151,0,0.0,0.05002403259277344
1,lprand,jitter,0.45,2,7,0.003,0.5,1,100,0.0007774446406520936,644,3.3333333333333335,0.023323339219562807,0.07774446406520936,0.30543961249034357,82,7,-0.1704179455980138,1.4970151930120619,0.9999999999999966,1.2563802204949706,1.518297411235976,0.036616006079701946,0.036616006079701946,1.2959030881954157,0,0.0,0.05072903633117676
1,maxentw,jitter,0.45,2,7,0.003,0.5,1,100,0.0007774446406520936,644,3.3333333333333335,0.023323339219562807,0.07774446406520936,0.30543961249034357,82,7,-0.1704179455980138,1.4970151930120619,1.0000000000000036,1.2407369455395774,1.5176137199695994,0.036474344993415175,0.036474344993415175,1.2959038359247617,0,0.0,4.998565912246704
1,minnorm,random,0.0,0,3,0.003,0.5,1,100,0.0005946257319767531,841,3.3333333333333335,0.017838771959302592,0.059462573197675304,0.267123731325411,0,3,-0.9611593311473123,2.9223186622946247,1.0554378121796473,6.181406621657561e+21,2.57466753724706e+236,inf,1031426.9337628393,1031428.0141939826,1,0.0,0.008004188537597656
1,projgauss,random,0.0,0,3,0.003,0.5,1,100,0.0005946257319767531,841,3.3333333333333335,0.017838771959302592,0.059462573197675304,0.267123731325411,0,3,-0.9611593311473137,2.9223186622946278,1.055437812179647,6.181406621656621e+21,2.5746675372424963e+236,inf,1031426.9337712997,1031428.014202443,1,0.0,0.008889913558959961
1,spectral,random,0.0,0,3,0.003,0.5,1,100,0.0005946257319767531,841,3.3333333333333335,0.017838771959302592,0.059462573197675304,0.267123731325411,0,3,-0.9611593311473123,2.9223186622946247,1.0554378121796473,6.181406621657561e+21,2.57466753724706e+236,inf,1031426.9337628393,1031428.0141939826,1,0.0,0.008092880249023438
1,spectralg,random,0.0,0,3,0.003,0.5,1,100,0.0005946257319767531,841,3.3333333333333335,0.017838771959302592,0.059462573197675304,0.267123731325411,0,3,-0.9611593311473123,2.9223186622946247,1.0554378121796473,6.181406621657561e+21,2.57466753724706e+236,inf,1031426.9337628393,1031428.0141939826,1,0.0,0.008249044418334961
1,molfe,random,0.0,0,3,0.003,0.5,1,100,0.0005946257319767531,841,3.3333333333333335,0.017838771959302592,0.059462573197675304,0.267123731325411,0,3,-0.9137620204951695,2.827524040990339,1.0548431828400135,4.018779080455882e+21,9.595658502660193e+233,inf,1902491.3159103987,1902492.4410033491,1,0.0,0.008578062057495117
1,molrk3,random,0.0,0,3,0.003,0.5,1,100,0.0005946257319767531,841,3.3333333333333335,0.017838771959302592,0.059462573197675304,0.267123731325411,0,3,-0.9611593311473176,2.9223186622946353,1.0563745628483643,1.3612978033397946e+22,1.9161069298782876e+240,inf,1413372.2309569519,1413373.3113880951,1,0.0,0.008661985397338867
1,maxent,random,0.0,0,3,0.003,0.5,1,100,0.0005946257319767531,841,3.3333333333333335,0.017838771959302592,0.059462573197675304,0.267123731325411,60,3,-0.9611593311473123,2.9223186622946247,1.0554378121796473,6.181406621657908e+21,2.574667537247205e+236,inf,1031426.9340033995,1031428.0144345427,1,0.0,1.1053850650787354
1,lp,random,0.0,0,3,0.003,0.5,1,100,0.0005946257319767531,841,3.3333333333333335,0.017838771959302592,0.059462573197675304,0.267123731325411,60,3,-0.9611593311473123,2.9223186622946247,1.0554378121796473,6.181406621657878e+21,2.574667537247192e+236,inf,1031426.9340235443,1031428.0144546876,1,0.0,0.0470273494720459
1,lprand,random,0.0,0,3,0.003,0.5,1,100,0.0005946257319767531,841,3.3333333333333335,0.017838771959302592,0.059462573197675304,0.267123731325411,60,3,-0.9611593311473123,2.9223186622946247,1.0554378121796473,6.181406621657878e+21,2.574667537247192e+236,inf,1031426.9340235443,1031428.0144546876,1,0.0,0.04730582237243652
1,maxentw,random,0.0,0,3,0.003,0.5,1,100,0.0005946257319767531,841,3.3333333333333335,0.017838771959302592,0.059462573197675304,0.267123731325411,58,5,-0.9611593311473123,2.9223186622946247,1.0554378121796473,6.181406621657908e+21,2.574667537247205e+236,inf,1031426.9340033995,1031428.0144345427,1,0.0,3.7468740940093994
1,minnorm,random,0.0,0,5,0.003,0.5,1,100,0.0005946257319767531,841,3.3333333333333335,0.017838771959302592,0.059462573197675304,0.267123731325411,0,5,-0.2758121572024443,1.7673873103895577,1.0000006437182143,5801.414247281142,778611.7146664322,1.687544165053416,1.72181663608137,1.3886155763997827,0,0.0,0.009473085403442383
1,projgauss,random,0.0,0,5,0.003,0.5,1,100,0.0005946257319767531,841,3.3333333333333335,0.017838771959302592,0.059462573197675304,0.267123731325411,0,5,-0.2889144629917467,1.7828704200508854,1.000000448018993,5706.667040780997,766070.6256774634,1.6894659283620923,1.72368903097052,2.078100769604553,0,0.0,0.010141849517822266
1,spectral,random,0.0,0,5,0.003,0.5,1,100,0.0005946257319767531,841,3.3333333333333335,0.017838771959302592,0.059462573197675304,0.267123731325411,0,5,-1.033737429717459,3.692043606719418,1.0000010232550267,34025.488142468355,4570650.065823533,1.7133044326725546,1.747169503293691,1.2959743208982004,0,0.0,0.014890193939208984
1,spectralg,random,0.0,0,5,0.003,0.5,1,100,0.0005946257319767531,841,3.3333333333333335,0.017838771959302592,0.059462573197675304,0.267123731325411,0,5,-1.033737429717459,3.692043606719418,1.0000017609253637,34025.48814436279,4535098.385242753,1.7133052583959891,1.7471695031240553,1.4742582421511408,0,0.0,0.03565192222595215
1,molfe,random,0.0,0,5,0.003,0.5,1,100,0.0005946257319767531,841,3.3333333333333335,0.017838771959302592,0.059462573197675304,0.267123731325411,0,5,-0.08890173787140758,1.3360426723962961,1.0149629517761292,54490049.256236374,6.524230022773843e+66,566.50340624803,566.50340624803,566.5194436545514,1,0.0,0.010185956954956055
1,molrk3,random,0.0,0,5,0.003,0.5,1,100,0.0005946257319767531,841,3.3333333333333335,0.017838771959302592,0.059462573197675304,0.267123731325411,0,5,-0.09151066643913268,1.3467819751088352,1.015075455081431,59826034.40181578,1.9764925387266003e+67,620.7034371559733,620.7034371559733,620.7194745624947,1,0.0,0.009454011917114258
1,maxent,random,0.0,0,5,0.003,0.5,1,100,0.0005946257319767531,841,3.3333333333333335,0.017838771959302592,0.059462573197675304,0.267123731325411,58,5,-0.2758121572024443,1.7673873103895577,1.0000050557137703,6322.994094015085,853506.3138525176,1.6435157311914248,1.678641079534863,2.0250348925287485,0,0.0,1.0558252334594727
1,lp,random,0.0,0,5,0.003,0.5,1,100,0.0005946257319767531,841,3.3333333333333335,0.017838771959302592,0.059462573197675304,0.267123731325411,58,5,-0.2758121572024443,1.7673873103895577,1.0000009998313006,6377.6634928955245,860640.3557443119,1.6458594251904661,1.680985254352144,2.027871189164955,0,0.0,0.05080604553222656
1,lprand,random,0.0,0,5,0.003,0.5,1,100,0.0005946257319767531,841,3.3333333333333335,0.017838771959302592,0.059462573197675304,0.267123731325411,58,5,-0.2758121572024443,1.7673873103895577,1.0000023422896487,6724.769346664693,908587.8473141327,1.6457522554370891,1.6808805572759582,2.0375183330799804,0,0.0,0.05037522315979004
1,maxentw,random,0.0,0,5,0.003,0.5,1,100,0.0005946257319767531,841,3.3333333333333335,0.017838771959302592,0.059462573197675304,0.267123731325411,58,5,-0.2758121572024443,1.7673873103895577,1.0000050557137703,6322.994094015085,853506.3138525176,1.6435157311914248,1.678641079534863,2.0250348925287485,0,0.0,3.713937282562256
1,minnorm,random,0.0,0,7,0.003,0.5,1,100,0.0005946257319767531,841,3.3333333333333335,0.017838771959302592,0.059462573197675304,0.267123731325411,0,7,-0.20773194546484738,1.6262684690751514,1.0000000000000022,2.2879787896314947,2.3912296584681316,0.22734369722937198,0.22748915225076305,1.2938460700557184,0,0.0,0.010000944137573242
1,projgauss,random,0.0,0,7,0.003,0.5,1,100,0.0005946257319767531,841,3.3333333333333335,0.017838771959302592,0.059462573197675304,0.267123731325411,0,7,-0.1699251581389793,1.4560483725658313,1.0,1.6447758774298578,1.8816794049080243,0.12757429082148053,0.1282006507640715,1.2952162259195845,0,0.0,0.009877681732177734
1,spectral,random,0.0,0,7,0.003,0.5,1,100,0.0005946257319767531,841,3.3333333333333335,0.017838771959302592,0.059462573197675304,0.267123731325411,0,7,-0.978881360838296,3.632263499904499,1.000000000000003,4.7708866115949045,23.620314925887232,0.10335472120104594,0.10475071265683722,1.2959928919186332,0,0.0,0.015672922134399414
1,spectralg,random,0.0,0,7,0.003,0.5,1,100,0.0005946257319767531,841,3.3333333333333335,0.017838771959302592,0.059462573197675304,0.267123731325411,0,7,-0.978881360838296,3.632263499904499,0.9999999999999951,4.622041630076525,23.626081212685694,0.1050988543651904,0.10683961688076793,1.2959928553194413,0,0.0,0.04397010803222656
1,molfe,random,0.0,0,7,0.003,0.5,1,100,0.0005946257319767531,841,3.3333333333333335,0.017838771959302592,0.059462573197675304,0.267123731325411,0,7,-0.027126034201870586,1.117101782649658,1.0101244513137322,24350.62058006446,2.983931481713272e+44,3.5425205316931727,3.5425205316931727,3.526921193003049,0,0.0,0.009406089782714844
1,molrk3,random,0.0,0,7,0.003,0.5,1,100,0.0005946257319767531,841,3.3333333333333335,0.017838771959302592,0.059462573197675304,0.267123731325411,0,7,-0.026818136457085494,1.1158727045819148,1.0101758765379256,25452.2383275259,4.964562803560659e+44,3.633422199364328,3.633422199364328,3.617822860674204,0,0.0,0.010361909866333008
1,maxent,random,0.0,0,7,0.003,0.5,1,100,0.0005946257319767531,841,3.3333333333333335,0.017838771959302592,0.059462573197675304,0.267123731325411,58,7,-0.20773194546484738,1.6262684690751514,1.0000000000000022,2.4981505458898954,2.93159124981463,0.1189363724381095,0.1194226010800985,1.2949786976952504,0,0.0,0.9734179973602295
1,lp,random,0.0,0,7,0.003,0.5,1,100,0.0005946257319767531,841,3.3333333333333335,0.017838771959302592,0.059462573197675304,0.267123731325411,58,7,-0.20773194546484738,1.6262684690751514,1.0000000000000018,2.6793043395810026,3.0848732741538174,0.11659879049193012,0.11710260957273344,1.2950009570024232,0,0.0,0.05064702033996582
1,lprand,random,0.0,0,7,0.003,0.5,1,100,0.0005946257319767531,841,3.3333333333333335,0.017838771959302592,0.059462573197675304,0.267123731325411,58,7,-0.20773194546484738,1.6262684690751514,1.0000000000000009,2.426018849133672,3.066026950572287,0.1162642729588571,0.11675605698591074,1.294990539095414,0,0.0,0.052144765853881836
1,maxentw,random,0.0,0,7,0.003,0.5,1,100,0.0005946257319767531,841,3.3333333333333335,0.017838771959302592,0.059462573197675304,0.267123731325411,58,7,-0.20773194546484738,1.6262684690751514,1.0000000000000022,2.4981505458898954,2.93159124981463,0.1189363724381095,0.1194226010800985,1.2949786976952504,0,0.0,3.6732659339904785
1,minnorm,random,0.0,1,3,0.003,0.5,1,100,0.0007354748983201516,680,3.3333333333333335,0.02206424694960455,0.07354748983201516,0.29708077655482557,0,3,-0.794313095209499,2.588626190418999,1.2091293106153318,1.8543811410886337e+57,4.565398627767542e+83,inf,2783868.312735159,2783868.3182208263,1,0.0,0.006627082824707031
1,projgauss,random,0.0,1,3,0.003,0.5,1,100,0.0007354748983201516,680,3.3333333333333335,0.02206424694960455,0.07354748983201516,0.29708077655482557,0,3,-0.7943130952094986,2.5886261904189984,1.209129310615332,1.854381141088925e+57,4.5653986277685885e+83,inf,2783868.312721402,2783868.3182070693,1,0.0,0.007462978363037109
1,spectral,random,0.0,1,3,0.003,0.5,1,100,0.0007354748983201516,680,3.3333333333333335,0.02206424694960455,0.07354748983201516,0.29708077655482557,0,3,-0.794313095209499,2.588626190418999,1.2091293106153318,1.8543811410886337e+57,4.565398627767542e+83,inf,2783868.312735159,2783868.3182208263,1,0.0,0.0069048404693603516
1,spectralg,random,0.0,1,3,0.003,0.5,1,100,0.0007354748983201516,680,3.3333333333333335,0.02206424694960455,0.07354748983201516,0.29708077655482557,0,3,-0.794313095209499,2.588626190418999,1.2091293106153318,1.8543811410886337e+57,4.565398627767542e+83,inf,2783868.312735159,2783868.3182208263,1,0.0,0.007051944732666016
1,molfe,random,0.0,1,3,0.003,0.5,1,100,0.0007354748983201516,680,3.3333333333333335,0.02206424694960455,0.07354748983201516,0.29708077655482557,0,3,-0.7528844853165292,2.5057689706330586,1.2033377310429239,7.339927358180092e+55,3.887789625418719e+81,inf,1441464.146152479,1441464.1516381467,1,0.0,0.00728297233581543
1,molrk3,random,0.0,1,3,0.003,0.5,1,100,0.0007354748983201516,680,3.3333333333333335,0.02206424694960455,0.07354748983201516,0.29708077655482557,0,3,-0.781542824218548,2.563085648437096,1.2254120556721129,1.7140736025547703e+61,3.0501207187025223e+89,inf,1090023.2629252083,1090023.2720488603,1,0.0,0.007585048675537109
1,maxent,random,0.0,1,3,0.003,0.5,1,100,0.0007354748983201516,680,3.3333333333333335,0.02206424694960455,0.07354748983201516,0.29708077655482557,58,3,-0.794313095209499,2.588626190418999,1.2091293106153318,1.854381141088631e+57,4.5653986277675355e+83,inf,2783868.3130218997,2783868.318507567,1,0.0,0.9438726902008057
1,lp,random,0.0,1,3,0.003,0.5,1,100,0.0007354748983201516,680,3.3333333333333335,0.02206424694960455,0.07354748983201516,0.29708077655482557,58,3,-0.794313095209499,2.588626190418999,1.2091293106153318,1.854381141088621e+57,4.565398627767512e+83,inf,2783868.3129858435,2783868.318471511,1,0.0,0.04539227485656738
1,lprand,random,0.0,1,3,0.003,0.5,1,100,0.0007354748983201516,680,3.3333333333333335,0.02206424694960455,0.07354748983201516,0.29708077655482557,58,3,-0.794313095209499,2.588626190418999,1.2091293106153318,1.854381141088621e+57,4.565398627767512e+83,inf,2783868.3129858435,2783868.318471511,1,0.0,0.045723915100097656
1,maxentw,random,0.0,1,3,0.003,0.5,1,100,0.0007354748983201516,680,3.3333333333333335,0.02206424694960455,0.07354748983201516,0.29708077655482557,58,3,-0.794313095209499,2.588626190418999,1.2091293106153318,1.854381141088631e+57,4.5653986277675355e+83,inf,2783868.3130218997,2783868.318507567,1,0.0,3.57210111618042
1,minnorm,random,0.0,1,5,0.003,0.5,1,100,0.0007354748983201516,680,3.3333333333333335,0.02206424694960455,0.07354748983201516,0.29708077655482557,0,5,-0.2983182770722701,1.9489485257154862,1.002694066895005,4104.269808568378,720263138978383.5,15.31214171285471,15.31214171285471,15.379424870199895,1,0.0,0.009160995483398438
1,projgauss,random,0.0,1,5,0.003,0.5,1,100,0.0007354748983201516,680,3.3333333333333335,0.02206424694960455,0.07354748983201516,0.29708077655482557,0,5,-0.31141797963622025,1.9703690149285005,1.001916710013771,4108.9332789830205,526506397906.5493,15.334939661578705,15.334939661578705,15.402222818923889,1,0.0,0.009112119674682617
1,spectral,random,0.0,1,5,0.003,0.5,1,100,0.0007354748983201516,680,3.3333333333333335,0.02206424694960455,0.07354748983201516,0.29708077655482557,0,5,-1.1900838661145812,5.609001642680398,1.0000122027274068,44119.703017265616,9244391.757462356,14.808969992117188,14.808969992117188,14.876253149462372,1,0.0,0.013937950134277344
1,spectralg,random,0.0,1,5,0.003,0.5,1,100,0.0007354748983201516,680,3.3333333333333335,0.02206424694960455,0.07354748983201516,0.29708077655482557,0,5,-1.1900838661145812,5.609001642680398,1.000009247749537,44119.70314501415,8988234.730113445,14.833661464535552,14.833661464535552,14.900944621880738,1,0.0,0.03348994255065918
1,molfe,random,0.0,1,5,0.003,0.5,1,100,0.0007354748983201516,680,3.3333333333333335,0.02206424694960455,0.07354748983201516,0.29708077655482557,0,5,-0.16329104603171243,1.5940928062817319,1.0260467738781696,1945279702.5076933,1.860421085766988e+112,12795.798895956736,12795.798895956736,12796.480868109447,1,0.0,0.009725093841552734
1,molrk3,random,0.0,1,5,0.003,0.5,1,100,0.0007354748983201516,680,3.3333333333333335,0.02206424694960455,0.07354748983201516,0.29708077655482557,0,5,-0.1713655873234925,1.626963660421589,1.0263889362642562,2372048999.1244783,5.219627997314525e+113,15254.929403708697,15254.929403708697,15255.611375861408,1,0.0,0.009839773178100586
1,maxent,random,0.0,1,5,0.003,0.5,1,100,0.0007354748983201516,680,3.3333333333333335,0.02206424694960455,0.07354748983201516,0.29708077655482557,58,5,-0.2983182770722701,1.9489485257154862,1.0002297157815347,6021.136980058218,1243081.554331672,15.177226994937413,15.177226994937413,15.244510152282597,1,0.0,0.9918508529663086
1,lp,random,0.0,1,5,0.003,0.5,1,100,0.0007354748983201516,680,3.3333333333333335,0.02206424694960455,0.07354748983201516,0.29708077655482557,58,5,-0.2983182770722701,1.9489485257154862,1.000260835187428,6739.761052266192,1400309.0497189108,15.162223724282466,15.162223724282466,15.22950688162765,1,0.0,0.04987072944641113
1,lprand,random,0.0,1,5,0.003,0.5,1,100,0.0007354748983201516,680,3.3333333333333335,0.02206424694960455,0.07354748983201516,0.29708077655482557,58,5,-0.2983182770722701,1.9489485257154862,1.000001770632565,10041.31500875208,2087997.149376897,15.173515193975778,15.173515193975778,15.240798351320962,1,0.0,0.049479007720947266
1,maxentw,random,0.0,1,5,0.003,0.5,1,100,0.0007354748983201516,680,3.3333333333333335,0.02206424694960455,0.07354748983201516,0.29708077655482557,58,5,-0.2983182770722701,1.9489485257154862,1.0002297157815347,6021.136980058218,1243081.554331672,15.177226994937413,15.177226994937413,15.244510152282597,1,0.0,3.635024309158325
1,minnorm,random,0.0,1,7,0.003,0.5,1,100,0.0007354748983201516,680,3.3333333333333335,0.02206424694960455,0.07354748983201516,0.29708077655482557,0,7,-0.21549792075693694,1.585977178464729,1.0000000000000022,1.7749992034659072,1.9355660977273874,0.21782422148382363,0.21782422148382363,1.2945192871073798,0,0.0,0.008504152297973633
1,projgauss,random,0.0,1,7,0.003,0.5,1,100,0.0007354748983201516,680,3.3333333333333335,0.02206424694960455,0.07354748983201516,0.29708077655482557,0,7,-0.1683235042419869,1.462519040145045,0.9999999999999979,1.634723005541841,1.9021455376448546,0.15524250230994618,0.1565713356740026,1.2954647347354884,0,0.0,0.009542226791381836
1,spectral,random,0.0,1,7,0.003,0.5,1,100,0.0007354748983201516,680,3.3333333333333335,0.02206424694960455,0.07354748983201516,0.29708077655482557,0,7,-1.4687799374118076,6.381475627084492,1.0000000000000036,9.92994487327847,44.02547912300391,0.13568810070581838,0.1389290612403996,1.296614285543302,0,0.0,0.016431808471679688
1,spectralg,random,0.0,1,7,0.003,0.5,1,100,0.0007354748983201516,680,3.3333333333333335,0.02206424694960455,0.07354748983201516,0.29708077655482557,0,7,-1.4687799374118076,6.381475627084492,1.0000000000000013,9.9516560766608,44.03645077570663,0.13630144328061422,0.13922674092320475,1.2966673059699556,0,0.0,0.04095005989074707
1,molfe,random,0.0,1,7,0.003,0.5,1,100,0.0007354748983201516,680,3.3333333333333335,0.02206424694960455,0.07354748983201516,0.29708077655482557,0,7,-0.0410148035988523,1.1624154110275418,1.0102914175554905,9792.931248527935,2.8814465654385126e+45,1.2747441942734876,1.2747441942734876,1.3700960045056279,0,0.0,0.008533000946044922
1,molrk3,random,0.0,1,7,0.003,0.5,1,100,0.0007354748983201516,680,3.3333333333333335,0.02206424694960455,0.07354748983201516,0.29708077655482557,0,7,-0.04054165062406204,1.1618485311156366,1.0103445558594315,10163.112844393503,4.875626835639442e+45,1.3110120123442464,1.3110120123442464,1.3607774638129122,0,0.0,0.008605718612670898
1,maxent,random,0.0,1,7,0.003,0.5,1,100,0.0007354748983201516,680,3.3333333333333335,0.02206424694960455,0.07354748983201516,0.29708077655482557,58,7,-0.21549792075693694,1.585977178464729,0.999999999999999,2.0398607964422846,2.3995358499354227,0.15019322139230296,0.15019322139230296,1.2950009484377403,0,0.0,0.9214611053466797
1,lp,random,0.0,1,7,0.003,0.5,1,100,0.0007354748983201516,680,3.3333333333333335,0.02206424694960455,0.07354748983201516,0.29708077655482557,58,7,-0.21549792075693694,1.585977178464729,0.9999999999999966,2.0926872266157295,2.4920149301709404,0.14768450958772728,0.14768450958772728,1.2949934119951516,0,0.0,0.05173087120056152
1,lprand,random,0.0,1,7,0.003,0.5,1,100,0.0007354748983201516,680,3.3333333333333335,0.02206424694960455,0.07354748983201516,0.29708077655482557,58,7,-0.21549792075693694,1.585977178464729,1.000000000000001,2.0536408194333946,2.4399531329839745,0.14633318320018418,0.14633318320018418,1.294986407203722,0,0.0,0.050511837005615234
1,maxentw,random,0.0,1,7,0.003,0.5,1,100,0.0007354748983201516,680,3.3333333333333335,0.02206424694960455,0.07354748983201516,0.29708077655482557,58,7,-0.21549792075693694,1.585977178464729,0.999999999999999,2.0398607964422846,2.3995358499354227,0.15019322139230296,0.15019322139230296,1.2950009484377403,0,0.0,3.5550668239593506
1,minnorm,random,0.0,2,3,0.003,0.5,1,100,0.0008552222657238959,585,3.3333333333333335,0.025656667971716875,0.08552222657238959,0.3203539790401666,0,3,-0.8300293803409646,2.660058760681929,1.1452709641667997,5.9675667588652806e+35,1.6700179919301322e+60,inf,3215908.9833479575,3215908.991630831,1,0.0,0.007561922073364258
1,projgauss,random,0.0,2,3,0.003,0.5,1,100,0.0008552222657238959,585,3.3333333333333335,0.025656667971716875,0.08552222657238959,0.3203539790401666,0,3,-0.8300293803409635,2.6600587606819266,1.1452709641667997,5.967566758865295e+35,1.6700179919301365e+60,inf,3215908.983259722,3215908.9915425954,1,0.0,0.008005142211914062
1,spectral,random,0.0,2,3,0.003,0.5,1,100,0.0008552222657238959,585,3.3333333333333335,0.025656667971716875,0.08552222657238959,0.3203539790401666,0,3,-0.8300293803409646,2.660058760681929,1.1452709641667997,5.9675667588652806e+35,1.6700179919301322e+60,inf,3215908.9833479575,3215908.991630831,1,0.0,0.007431983947753906
1,spectralg,random,0.0,2,3,0.003,0.5,1,100,0.0008552222657238959,585,3.3333333333333335,0.025656667971716875,0.08552222657238959,0.3203539790401666,0,3,-0.8300293803409646,2.660058760681929,1.1452709641667997,5.9675667588652806e+35,1.6700179919301322e+60,inf,3215908.9833479575,3215908.991630831,1,0.0,0.007363080978393555
1,molfe,random,0.0,2,3,0.003,0.5,1,100,0.0008552222657238959,585,3.3333333333333335,0.025656667971716875,0.08552222657238959,0.3203539790401666,0,3,-0.7814986930959751,2.56299738619195,1.1418691717781284,1.0825076537117464e+35,8.814859666938283e+58,inf,1878228.8821882375,1878228.890471111,1,0.0,0.007874011993408203
1,molrk3,random,0.0,2,3,0.003,0.5,1,100,0.0008552222657238959,585,3.3333333333333335,0.025656667971716875,0.08552222657238959,0.3203539790401666,0,3,-0.8107343925149494,2.621468785029899,1.1524084996000328,2.3369114274478566e+37,8.61628685333633e+62,inf,1796572.8015425687,1796572.8145072812,1,0.0,0.00821828842163086
1,maxent,random,0.0,2,3,0.003,0.5,1,100,0.0008552222657238959,585,3.3333333333333335,0.025656667971716875,0.08552222657238959,0.3203539790401666,61,3,-0.8300293803409646,2.660058760681929,1.1452709641667997,5.967566758869529e+35,1.6700179919313215e+60,inf,3215908.984351754,3215908.9926346275,1,0.0,0.9563326835632324
1,lp,random,0.0,2,3,0.003,0.5,1,100,0.0008552222657238959,585,3.3333333333333335,0.025656667971716875,0.08552222657238959,0.3203539790401666,61,3,-0.8300293803409646,2.660058760681929,1.1452709641667997,5.967566758865284e+35,1.6700179919301333e+60,inf,3215908.983298048,3215908.991580921,1,0.0,0.04951000213623047
1,lprand,random,0.0,2,3,0.003,0.5,1,100,0.0008552222657238959,585,3.3333333333333335,0.025656667971716875,0.08552222657238959,0.3203539790401666,61,3,-0.8300293803409646,2.660058760681929,1.1452709641667997,5.967566758865284e+35,1.6700179919301333e+60,inf,3215908.983298048,3215908.991580921,1,0.0,0.047204017639160156
1,maxentw,random,0.0,2,3,0.003,0.5,1,100,0.0008552222657238959,585,3.3333333333333335,0.025656667971716875,0.08552222657238959,0.3203539790401666,61,3,-0.8300293803409646,2.660058760681929,1.1452709641667997,5.967566758869529e+35,1.6700179919313215e+60,inf,3215908.984351754,3215908.9926346275,1,0.0,3.7073280811309814
1,minnorm,random,0.0,2,5,0.003,0.5,1,100,0.0008552222657238959,585,3.3333333333333335,0.025656667971716875,0.08552222657238959,0.3203539790401666,0,5,-0.3060312811606843,1.9098895409094032,1.0000010877010657,5276.593410571402,1711882.6776037365,10.620874578508618,10.620874578508618,11.201375110707815,1,0.0,0.008286237716674805
1,projgauss,random,0.0,2,5,0.003,0.5,1,100,0.0008552222657238959,585,3.3333333333333335,0.025656667971716875,0.08552222657238959,0.3203539790401666,0,5,-0.3182972426121881,1.9272231534795496,1.00000103966365,4777.787166859944,1463692.6544633298,9.742638763793396,9.742638763793396,10.323139295992593,1,0.0,0.00922703742980957
1,spectral,random,0.0,2,5,0.003,0.5,1,100,0.0008552222657238959,585,3.3333333333333335,0.025656667971716875,0.08552222657238959,0.3203539790401666,0,5,-1.555853495081233,5.385352898293263,1.004712293794314,278022.5632200265,9.146537526467456e+24,23.75182547582949,23.75182547582949,23.383125689876,1,0.0,0.01390838623046875
1,spectralg,random,0.0,2,5,0.003,0.5,1,100,0.0008552222657238959,585,3.3333333333333335,0.025656667971716875,0.08552222657238959,0.3203539790401666,0,5,-1.555853495081233,5.385352898293263,1.0054939151966102,348767.78492678865,1.4327501306587742e+28,27.148333038635627,27.148333038635627,26.779633252682135,1,0.0,0.034356117248535156
1,molfe,random,0.0,2,5,0.003,0.5,1,100,0.0008552222657238959,585,3.3333333333333335,0.025656667971716875,0.08552222657238959,0.3203539790401666,0,5,-0.12454390892556212,1.4800185772613732,1.0256432204051746,11276961.294250943,2.0502981587277588e+110,1698.9071874519827,1698.9071874519827,1698.3266869197835,1,0.0,0.00870513916015625
1,molrk3,random,0.0,2,5,0.003,0.5,1,100,0.0008552222657238959,585,3.3333333333333335,0.025656667971716875,0.08552222657238959,0.3203539790401666,0,5,-0.13032128479254124,1.505654053337091,1.0259748181706028,12836247.400349624,5.196310749083894e+111,2032.363094334006,2032.363094334006,2031.7825938018068,1,0.0,0.008877992630004883
1,maxent,random,0.0,2,5,0.003,0.5,1,100,0.0008552222657238959,585,3.3333333333333335,0.025656667971716875,0.08552222657238959,0.3203539790401666,61,5,-0.3060312811606843,1.9098895409094032,1.0000014212212376,5592.562149529915,1806675.4232752752,10.957272325418838,10.957272325418838,11.537772857618036,1,0.0,1.0543818473815918
1,lp,random,0.0,2,5,0.003,0.5,1,100,0.0008552222657238959,585,3.3333333333333335,0.025656667971716875,0.08552222657238959,0.3203539790401666,61,5,-0.3060312811606843,1.9098895409094032,1.0000012919302497,6434.840949393258,1865340.5273795833,11.086550355213285,11.086550355213285,11.667050887412483,1,0.0,0.050492048263549805
1,lprand,random,0.0,2,5,0.003,0.5,1,100,0.0008552222657238959,585,3.3333333333333335,0.025656667971716875,0.08552222657238959,0.3203539790401666,61,5,-0.3060312811606843,1.9098895409094032,1.0000013244890262,6223.168797281444,1977107.3084082124,10.827441572829501,10.827441572829501,11.407942105028699,1,0.0,0.050398826599121094
1,maxentw,random,0.0,2,5,0.003,0.5,1,100,0.0008552222657238959,585,3.3333333333333335,0.025656667971716875,0.08552222657238959,0.3203539790401666,61,5,-0.3060312811606843,1.9098895409094032,1.0000014212212376,5592.562149529915,1806675.4232752752,10.957272325418838,10.957272325418838,11.537772857618036,1,0.0,3.82720685005188
1,minnorm,random,0.0,2,7,0.003,0.5,1,100,0.0008552222657238959,585,3.3333333333333335,0.025656667971716875,0.08552222657238959,0.3203539790401666,0,7,-0.21981132524086747,1.522401235562917,1.0000000000000024,1.6831857699578996,1.8710754574613535,0.12600725508788346,0.12963455476182595,1.295195756771718,0,0.0,0.009097099304199219
1,projgauss,random,0.0,2,7,0.003,0.5,1,100,0.0008552222657238959,585,3.3333333333333335,0.025656667971716875,0.08552222657238959,0.3203539790401666,0,7,-0.14193642997481593,1.4261142093001675,1.0000000000000027,1.604926153482018,1.8693245708882997,0.08286215993628032,0.08286215993628032,1.2957966459853232,0,0.0,0.01035618782043457
1,spectral,random,0.0,2,7,0.003,0.5,1,100,0.0008552222657238959,585,3.3333333333333335,0.025656667971716875,0.08552222657238959,0.3203539790401666,0,7,-1.2866516256632856,4.959677351378346,0.9999999999999992,8.20624009665358,23.911492068521625,0.07442777018308289,0.07442777018308289,1.296055979250721,0,0.0,0.015564203262329102
1,spectralg,random,0.0,2,7,0.003,0.5,1,100,0.0008552222657238959,585,3.3333333333333335,0.025656667971716875,0.08552222657238959,0.3203539790401666,0,7,-1.2866516256632856,4.959677351378346,1.0000000000000013,8.115149528982293,23.91145422117456,0.07343558640839665,0.07343558640839665,1.2960559826181375,0,0.0,0.04026222229003906
1,molfe,random,0.0,2,7,0.003,0.5,1,100,0.0008552222657238959,585,3.3333333333333335,0.025656667971716875,0.08552222657238959,0.3203539790401666,0,7,-0.051439136585985035,1.283151963241123,1.0160713575494815,52461.23078432913,4.9188546941105864e+69,3.8073628363824787,3.8073628363824787,3.792134997692065,0,0.0,0.009431838989257812
1,molrk3,random,0.0,2,7,0.003,0.5,1,100,0.0008552222657238959,585,3.3333333333333335,0.025656667971716875,0.08552222657238959,0.3203539790401666,0,7,-0.05172361288525562,1.2839482090341376,1.0162011936574549,56509.83699789284,1.7651451342074833e+70,4.093502940980813,4.093502940980813,4.045133307999455,0,0.0,0.009404897689819336
1,maxent,random,0.0,2,7,0.003,0.5,1,100,0.0008552222657238959,585,3.3333333333333335,0.025656667971716875,0.08552222657238959,0.3203539790401666,61,7,-0.21981132524086747,1.522401235562917,1.0000000000000013,1.931804420200171,2.2796871198384556,0.1210557021785933,0.12608250350607364,1.296195808786789,0,0.0,1.061966896057129
1,lp,random,0.0,2,7,0.003,0.5,1,100,0.0008552222657238959,585,3.3333333333333335,0.025656667971716875,0.08552222657238959,0.3203539790401666,61,7,-0.21981132524086747,1.522401235562917,0.9999999999999987,2.017038599060629,2.351221504471805,0.12023171995810289,0.1255221115598445,1.2961884927836596,0,0.0,0.05097508430480957
1,lprand,random,0.0,2,7,0.003,0.5,1,100,0.0008552222657238959,585,3.3333333333333335,0.025656667971716875,0.08552222657238959,0.3203539790401666,61,7,-0.21981132524086747,1.522401235562917,1.0000000000000004,1.9530825488912356,2.2971728975235033,0.1204697744438461,0.12539835603559357,1.2962049141939715,0,0.0,0.051390886306762695
1,maxentw,random,0.0,2,7,0.003,0.5,1,100,0.0008552222657238959,585,3.3333333333333335,0.025656667971716875,0.08552222657238959,0.3203539790401666,61,7,-0.21981132524086747,1.522401235562917,1.0000000000000013,1.931804420200171,2.2796871198384556,0.1210557021785933,0.12608250350607364,1.296195808786789,0,0.0,3.83589506149292
1,minnorm,jitter,0.0,0,3,0.001,0.5,1,100,0.004999999999999949,101,10.0,0.04999999999999948,0.4999999999999949,0.9999999999999898,0,3,-0.07500000000000191,1.1500000000000041,1.000000000000002,1.0309139081440288,1.1500000000000041,0.00438982963071935,0.00438982963071935,1.2974860473063126,0,0.0,0.008699893951416016
1,projgauss,jitter,0.0,0,3,0.001,0.5,1,100,0.004999999999999949,101,10.0,0.04999999999999948,0.4999999999999949,0.9999999999999898,0,3,-0.07500000000000187,1.1500000000000037,0.9999999999999989,1.0309139081440042,1.150000000000004,0.004389829630723131,0.004389829630723131,1.2974860473063121,0,0.0,0.009582042694091797
1,spectral,jitter,0.0,0,3,0.001,0.5,1,100,0.004999999999999949,101,10.0,0.04999999999999948,0.4999999999999949,0.9999999999999898,0,3,-0.07500000000000191,1.1500000000000041,1.000000000000002,1.0309139081440288,1.1500000000000041,0.00438982963071935,0.00438982963071935,1.2974860473063126,0,0.0,0.009049177169799805
1,spectralg,jitter,0.0,0,3,0.001,0.5,1,100,0.004999999999999949,101,10.0,0.04999999999999948,0.4999999999999949,0.9999999999999898,0,3,-0.07500000000000191,1.1500000000000041,1.000000000000002,1.0309139081440288,1.1500000000000041,0.00438982963071935,0.00438982963071935,1.2974860473063126,0,0.0,0.009200811386108398
1,molfe,jitter,0.0,0,3,0.001,0.5,1,100,0.004999999999999949,101,10.0,0.04999999999999948,0.4999999999999949,0.9999999999999898,0,3,-0.20000000000000143,1.400000000000003,1.0458196090979612,180.83706955344618,4.7114602124302067e+194,0.13872028170728812,0.13872028170728812,1.384126979673457,0,0.0,0.008753299713134766
1,molrk3,jitter,0.0,0,3,0.001,0.5,1,100,0.004999999999999949,101,10.0,0.04999999999999948,0.4999999999999949,0.9999999999999898,0,3,-0.1750000000000021,1.352666666666671,1.0000000000000058,1.1531138196800619,1.658717302869992,0.00973759406911219,0.00973759406911219,1.2975274765885045,0,0.0,0.00768589973449707
1,maxent,jitter,0.0,0,3,0.001,0.5,1,100,0.004999999999999949,101,10.0,0.04999999999999948,0.4999999999999949,0.9999999999999898,100,3,-0.07500000000000191,1.1500000000000041,1.000000000000002,1.0309139081440288,1.1500000000000041,0.00438982963071935,0.00438982963071935,1.2974860473063126,0,0.0,1.5261211395263672
1,lp,jitter,0.0,0,3,0.001,0.5,1,100,0.004999999999999949,101,10.0,0.04999999999999948,0.4999999999999949,0.9999999999999898,100,3,-0.07500000000000191,1.1500000000000041,1.000000000000002,1.0309139081440288,1.1500000000000041,0.00438982963071935,0.00438982963071935,1.2974860473063126,0,0.0,0.046063899993896484
1,lprand,jitter,0.0,0,3,0.001,0.5,1,100,0.004999999999999949,101,10.0,0.04999999999999948,0.4999999999999949,0.9999999999999898,100,3,-0.07500000000000191,1.1500000000000041,1.000000000000002,1.0309139081440288,1.1500000000000041,0.00438982963071935,0.00438982963071935,1.2974860473063126,0,0.0,0.046288251876831055
1,maxentw,jitter,0.0,0,3,0.001,0.5,1,100,0.004999999999999949,101,10.0,0.04999999999999948,0.4999999999999949,0.9999999999999898,100,3,-0.07500000000000191,1.1500000000000041,1.000000000000002,1.0309139081440288,1.1500000000000041,0.00438982963071935,0.00438982963071935,1.2974860473063126,0,0.0,6.059088945388794
1,minnorm,jitter,0.0,0,5,0.001,0.5,1,100,0.004999999999999949,101,10.0,0.04999999999999948,0.4999999999999949,0.9999999999999898,0,5,-0.13571428571428604,1.2714285714285714,0.9999999999999976,1.2604919298828399,1.2739532810227223,0.027687914653653334,0.027687914653653334,1.2976170578035064,0,0.0,0.0069580078125
1,projgauss,jitter,0.0,0,5,0.001,0.5,1,100,0.004999999999999949,101,10.0,0.04999999999999948,0.4999999999999949,0.9999999999999898,0,5,-0.09689558121633021,1.1937911624326605,1.0000000000000007,1.1916212283357264,1.2100246497016611,0.01978282893298733,0.01978282893298733,1.297570794498864,0,0.0,0.007812023162841797
1,spectral,jitter,0.0,0,5,0.001,0.5,1,100,0.004999999999999949,101,10.0,0.04999999999999948,0.4999999999999949,0.9999999999999898,0,5,-0.15039561749359903,1.4518730641676652,0.9999999999999983,1.2204550103459175,1.4518730641676654,0.01030907265341137,0.01030907265341137,1.2975393262766355,0,0.0,0.012329816818237305
1,spectralg,jitter,0.0,0,5,0.001,0.5,1,100,0.004999999999999949,101,10.0,0.04999999999999948,0.4999999999999949,0.9999999999999898,0,5,-0.15039561749359903,1.4518730641676652,0.9999999999999983,1.2204550103459175,1.4518730641676654,0.01030907265341137,0.01030907265341137,1.2975393262766355,0,0.0,0.024029970169067383
1,molfe,jitter,0.0,0,5,0.001,0.5,1,100,0.004999999999999949,101,10.0,0.04999999999999948,0.4999999999999949,0.9999999999999898,0,5,-0.08571428571428592,1.2857142857142845,1.0285714285714307,33.57852059320651,2.2108749047431914e+122,0.14196695267765702,0.14196695267765702,1.390287731688208,0,0.0,0.008191347122192383
1,molrk3,jitter,0.0,0,5,0.001,0.5,1,100,0.004999999999999949,101,10.0,0.04999999999999948,0.4999999999999949,0.9999999999999898,0,5,-0.08225947521865914,1.2837959183673455,1.0289834791059254,25.900483878557875,1.2134442365496084e+124,0.0330676030531726,0.0330676030531726,1.2976943812141128,0,0.0,0.008394002914428711
1,maxent,jitter,0.0,0,5,0.001,0.5,1,100,0.004999999999999949,101,10.0,0.04999999999999948,0.4999999999999949,0.9999999999999898,100,5,-0.13571428571428604,1.2714285714285714,0.9999999999999976,1.2604919298828399,1.2739532810227223,0.027687914653653334,0.027687914653653334,1.2976170578035064,0,0.0,1.509199857711792
1,lp,jitter,0.0,0,5,0.001,0.5,1,100,0.004999999999999949,101,10.0,0.04999999999999948,0.4999999999999949,0.9999999999999898,100,5,-0.13571428571428604,1.2714285714285714,0.9999999999999976,1.2604919298828399,1.2739532810227223,0.027687914653653334,0.027687914653653334,1.2976170578035064,0,0.0,0.044896841049194336
1,lprand,jitter,0.0,0,5,0.001,0.5,1,100,0.004999999999999949,101,10.0,0.04999999999999948,0.4999999999999949,0.9999999999999898,100,5,-0.13571428571428604,1.2714285714285714,0.9999999999999976,1.2604919298828399,1.2739532810227223,0.027687914653653334,0.027687914653653334,1.2976170578035064,0,0.0,0.045349836349487305
1,maxentw,jitter,0.0,0,5,0.001,0.5,1,100,0.004999999999999949,101,10.0,0.04999999999999948,0.4999999999999949,0.9999999999999898,100,5,-0.13571428571428604,1.2714285714285714,0.9999999999999976,1.2604919298828399,1.2739532810227223,0.027687914653653334,0.027687914653653334,1.2976170578035064,0,0.0,6.025237083435059
1,minnorm,jitter,0.0,0,7,0.001,0.5,1,100,0.004999999999999949,101,10.0,0.04999999999999948,0.4999999999999949,0.9999999999999898,0,7,-0.12797619047619072,1.2976190476190508,0.9999999999999979,1.3411552329743135,1.3411552329743135,0.062364355271003924,0.062364355271003924,1.2977596291443354,0,0.0,0.00717616081237793
1,projgauss,jitter,0.0,0,7,0.001,0.5,1,100,0.004999999999999949,101,10.0,0.04999999999999948,0.4999999999999949,0.9999999999999898,0,7,-0.05222159266662347,1.1742347557696056,0.999999999999998,1.1774436002293418,1.179467169555179,0.02563898299347525,0.02563898299347525,1.297567085764704,0,0.0,0.008018970489501953
1,spectral,jitter,0.0,0,7,0.001,0.5,1,100,0.004999999999999949,101,10.0,0.04999999999999948,0.4999999999999949,0.9999999999999898,0,7,-0.1445160732937283,1.6070647494771815,1.000000000000005,1.1814152512137812,1.6070647494771817,0.01917377354461683,0.01917377354461683,1.2975764609525915,0,0.0,0.013856172561645508
1,spectralg,jitter,0.0,0,7,0.001,0.5,1,100,0.004999999999999949,101,10.0,0.04999999999999948,0.4999999999999949,0.9999999999999898,0,7,-0.1445160732937283,1.6070647494771815,1.000000000000005,1.1814152512137812,1.6070647494771817,0.01917377354461683,0.01917377354461683,1.2975764609525915,0,0.0,0.0277099609375
1,molfe,jitter,0.0,0,7,0.001,0.5,1,100,0.004999999999999949,101,10.0,0.04999999999999948,0.4999999999999949,0.9999999999999898,0,7,-0.04761904761904756,1.209523809523808,1.0111922664978445,11.063244406445783,2.890573578282279e+48,0.1537064489060458,0.1537064489060458,1.3995313655614583,0,0.0,0.008566856384277344
1,molrk3,jitter,0.0,0,7,0.001,0.5,1,100,0.004999999999999949,101,10.0,0.04999999999999948,0.4999999999999949,0.9999999999999898,0,7,-0.04648089434186369,1.2116369947449863,1.0109356855221103,8.467407140036059,2.2521194996604193e+47,0.06792233498013496,0.06792233498013496,1.2979425329279493,0,0.0,0.007818937301635742
1,maxent,jitter,0.0,0,7,0.001,0.5,1,100,0.004999999999999949,101,10.0,0.04999999999999948,0.4999999999999949,0.9999999999999898,100,7,-0.12797619047619072,1.2976190476190508,0.9999999999999979,1.3411552329743135,1.3411552329743135,0.062364355271003924,0.062364355271003924,1.2977596291443354,0,0.0,1.5198321342468262
1,lp,jitter,0.0,0,7,0.001,0.5,1,100,0.004999999999999949,101,10.0,0.04999999999999948,0.4999999999999949,0.9999999999999898,100,7,-0.12797619047619072,1.2976190476190508,0.9999999999999979,1.3411552329743135,1.3411552329743135,0.062364355271003924,0.062364355271003924,1.2977596291443354,0,0.0,0.04567885398864746
1,lprand,jitter,0.0,0,7,0.001,0.5,1,100,0.004999999999999949,101,10.0,0.04999999999999948,0.4999999999999949,0.9999999999999898,100,7,-0.12797619047619072,1.2976190476190508,0.9999999999999979,1.3411552329743135,1.3411552329743135,0.062364355271003924,0.062364355271003924,1.2977596291443354,0,0.0,0.045660972595214844
1,maxentw,jitter,0.0,0,7,0.001,0.5,1,100,0.004999999999999949,101,10.0,0.04999999999999948,0.4999999999999949,0.9999999999999898,100,7,-0.12797619047619072,1.2976190476190508,0.9999999999999979,1.3411552329743135,1.3411552329743135,0.062364355271003924,0.062364355271003924,1.2977596291443354,0,0.0,6.071117162704468
1,minnorm,jitter,0.1,0,3,0.001,0.5,1,100,0.004046780115040727,124,10.0,0.04046780115040727,0.4046780115040727,0.8093560230081454,0,3,-0.13675550651549048,1.2735110130309808,1.0000000000000073,1.0819911270183022,1.3209388462565972,0.005978886339307977,0.005978886339307977,1.2982039788791524,0,0.0,0.009251832962036133
1,projgauss,jitter,0.1,0,3,0.001,0.5,1,100,0.004046780115040727,124,10.0,0.04046780115040727,0.4046780115040727,0.8093560230081454,0,3,-0.1367555065154906,1.2735110130309815,1.0000000000000058,1.081991127018295,1.3209388462566,0.005978886339308442,0.005978886339308442,1.2982039788791524,0,0.0,0.009622812271118164
1,spectral,jitter,0.1,0,3,0.001,0.5,1,100,0.004046780115040727,124,10.0,0.04046780115040727,0.4046780115040727,0.8093560230081454,0,3,-0.13675550651549048,1.2735110130309808,1.0000000000000073,1.0819911270183022,1.3209388462565972,0.005978886339307977,0.005978886339307977,1.2982039788791524,0,0.0,0.009284019470214844
1,spectralg,jitter,0.1,0,3,0.001,0.5,1,100,0.004046780115040727,124,10.0,0.04046780115040727,0.4046780115040727,0.8093560230081454,0,3,-0.13675550651549048,1.2735110130309808,1.0000000000000073,1.0819911270183022,1.3209388462565972,0.005978886339307977,0.005978886339307977,1.2982039788791524,0,0.0,0.009380102157592773
1,molfe,jitter,0.1,0,3,0.001,0.5,1,100,0.004046780115040727,124,10.0,0.04046780115040727,0.4046780115040727,0.8093560230081454,0,3,-0.23448874045937496,1.46897748091875,1.0206952442747586,32.409245561610504,1.285398195741873e+89,0.11003173424863255,0.11003173424863255,1.3556793445757793,0,0.0,0.008944034576416016
1,molrk3,jitter,0.1,0,3,0.001,0.5,1,100,0.004046780115040727,124,10.0,0.04046780115040727,0.4046780115040727,0.8093560230081454,0,3,-0.21276182505476018,1.4274060513986904,1.0,1.585592664713461,2.1412704442539106,0.009923357933036153,0.009923357933036153,1.2982265786746496,0,0.0,0.008616209030151367
1,maxent,jitter,0.1,0,3,0.001,0.5,1,100,0.004046780115040727,124,10.0,0.04046780115040727,0.4046780115040727,0.8093560230081454,100,3,-0.13675550651549048,1.2735110130309808,1.0000000000000073,1.0819911270183022,1.3209388462565972,0.005978886339307977,0.005978886339307977,1.2982039788791524,0,0.0,1.5217669010162354
1,lp,jitter,0.1,0,3,0.001,0.5,1,100,0.004046780115040727,124,10.0,0.04046780115040727,0.4046780115040727,0.8093560230081454,100,3,-0.13675550651549048,1.2735110130309808,1.0000000000000073,1.0819911270183022,1.3209388462565972,0.005978886339307977,0.005978886339307977,1.2982039788791524,0,0.0,0.0463109016418457
1,lprand,jitter,0.1,0,3,0.001,0.5,1,100,0.004046780115040727,124,10.0,0.04046780115040727,0.4046780115040727,0.8093560230081454,100,3,-0.13675550651549048,1.2735110130309808,1.0000000000000073,1.0819911270183022,1.3209388462565972,0.005978886339307977,0.005978886339307977,1.2982039788791524,0,0.0,0.04567098617553711
1,maxentw,jitter,0.1,0,3,0.001,0.5,1,100,0.004046780115040727,124,10.0,0.04046780115040727,0.4046780115040727,0.8093560230081454,100,3,-0.13675550651549048,1.2735110130309808,1.0000000000000073,1.0819911270183022,1.3209388462565972,0.005978886339307977,0.005978886339307977,1.2982039788791524,0,0.0,6.052156925201416
1,minnorm,jitter,0.1,0,5,0.001,0.5,1,100,0.004046780115040727,124,10.0,0.04046780115040727,0.4046780115040727,0.8093560230081454,0,5,-0.14703315658855176,1.2942702837957982,1.0000000000000009,1.2794186000276577,1.3172178733825732,0.028863027260875307,0.028863027260875307,1.298296786949282,0,0.0,0.007985115051269531
1,projgauss,jitter,0.1,0,5,0.001,0.5,1,100,0.004046780115040727,124,10.0,0.04046780115040727,0.4046780115040727,0.8093560230081454,0,5,-0.1158027941221281,1.2620706798885932,1.0000000000000013,1.2101306235581155,1.2620706798885932,0.020816546486652515,0.020816546486652515,1.298261760056016,0,0.0,0.009340047836303711
1,spectral,jitter,0.1,0,5,0.001,0.5,1,100,0.004046780115040727,124,10.0,0.04046780115040727,0.4046780115040727,0.8093560230081454,0,5,-0.24246089875183846,1.7247884738315808,0.9999999999999999,1.338970071808346,1.7247884738315808,0.013169891787673724,0.013169891787673724,1.298102636268823,0,0.0,0.01306605339050293
1,spectralg,jitter,0.1,0,5,0.001,0.5,1,100,0.004046780115040727,124,10.0,0.04046780115040727,0.4046780115040727,0.8093560230081454,0,5,-0.24246089875183846,1.7247884738315808,0.9999999999999999,1.338970071808346,1.7247884738315808,0.013169891787673724,0.013169891787673724,1.298102636268823,0,0.0,0.024045705795288086
1,molfe,jitter,0.1,0,5,0.001,0.5,1,100,0.004046780115040727,124,10.0,0.04046780115040727,0.4046780115040727,0.8093560230081454,0,5,-0.08561398874212228,1.2509900313772657,1.02132954640837,34.55267382025483,7.55423745557832e+91,0.1138909172966871,0.1138909172966871,1.3621878163185703,0,0.0,0.007907867431640625
1,molrk3,jitter,0.1,0,5,0.001,0.5,1,100,0.004046780115040727,124,10.0,0.04046780115040727,0.4046780115040727,0.8093560230081454,0,5,-0.08342824871385988,1.2508616181084868,1.0215586384946151,29.329863384000003,6.931454789688816e+92,0.032822542209382424,0.032822542209382424,1.2983567476981432,0,0.0,0.00822305679321289
1,maxent,jitter,0.1,0,5,0.001,0.5,1,100,0.004046780115040727,124,10.0,0.04046780115040727,0.4046780115040727,0.8093560230081454,100,5,-0.14703315658855176,1.2942702837957982,1.0000000000000009,1.2794186000276577,1.3172178733825732,0.028863027260875307,0.028863027260875307,1.298296786949282,0,0.0,1.5251920223236084
1,lp,jitter,0.1,0,5,0.001,0.5,1,100,0.004046780115040727,124,10.0,0.04046780115040727,0.4046780115040727,0.8093560230081454,100,5,-0.14703315658855176,1.2942702837957982,1.0000000000000009,1.2794186000276577,1.3172178733825732,0.028863027260875307,0.028863027260875307,1.298296786949282,0,0.0,0.0460810661315918
1,lprand,jitter,0.1,0,5,0.001,0.5,1,100,0.004046780115040727,124,10.0,0.04046780115040727,0.4046780115040727,0.8093560230081454,100,5,-0.14703315658855176,1.2942702837957982,1.0000000000000009,1.2794186000276577,1.3172178733825732,0.028863027260875307,0.028863027260875307,1.298296786949282,0,0.0,0.04498720169067383
1,maxentw,jitter,0.1,0,5,0.001,0.5,1,100,0.004046780115040727,124,10.0,0.04046780115040727,0.4046780115040727,0.8093560230081454,100,5,-0.14703315658855176,1.2942702837957982,1.0000000000000009,1.2794186000276577,1.3172178733825732,0.028863027260875307,0.028863027260875307,1.298296786949282,0,0.0,6.14657998085022
1,minnorm,jitter,0.1,0,7,0.001,0.5,1,100,0.004046780115040727,124,10.0,0.04046780115040727,0.4046780115040727,0.8093560230081454,0,7,-0.13461873798842477,1.3665601261877958,0.9999999999999987,1.34008462374961,1.3665601261877958,0.06351267822868724,0.06351267822868724,1.298389546875243,0,0.0,0.007958173751831055
1,projgauss,jitter,0.1,0,7,0.001,0.5,1,100,0.004046780115040727,124,10.0,0.04046780115040727,0.4046780115040727,0.8093560230081454,0,7,-0.06259870558604609,1.2296852793053104,1.0000000000000002,1.18159191853255,1.2296852793053104,0.0264689238873541,0.0264689238873541,1.2982510977045427,0,0.0,0.008573055267333984
1,spectral,jitter,0.1,0,7,0.001,0.5,1,100,0.004046780115040727,124,10.0,0.04046780115040727,0.4046780115040727,0.8093560230081454,0,7,-0.2539941246872003,1.9629665466034976,1.0000000000000009,1.2657631981526811,1.9629665466034978,0.02503149327332053,0.02503149327332053,1.2983046517774284,0,0.0,0.014480113983154297
1,spectralg,jitter,0.1,0,7,0.001,0.5,1,100,0.004046780115040727,124,10.0,0.04046780115040727,0.4046780115040727,0.8093560230081454,0,7,-0.2539941246872003,1.9629665466034976,1.0000000000000009,1.2657631981526811,1.9629665466034978,0.02503149327332053,0.02503149327332053,1.2983046517774284,0,0.0,0.02864694595336914
1,molfe,jitter,0.1,0,7,0.001,0.5,1,100,0.004046780115040727,124,10.0,0.04046780115040727,0.4046780115040727,0.8093560230081454,0,7,-0.044055041594184746,1.1763635475636267,1.0087107067193144,11.682172085813809,1.0018734909520747e+38,0.12825531025535408,0.12825531025535408,1.373701032261291,0,0.0,0.008374929428100586
1,molrk3,jitter,0.1,0,7,0.001,0.5,1,100,0.004046780115040727,124,10.0,0.04046780115040727,0.4046780115040727,0.8093560230081454,0,7,-0.04334421497069971,1.1775604033462457,1.0085700308800785,9.81287180434955,2.587834686780719e+37,0.06837259786781139,0.06837259786781139,1.2985366463140329,0,0.0,0.008465051651000977
1,maxent,jitter,0.1,0,7,0.001,0.5,1,100,0.004046780115040727,124,10.0,0.04046780115040727,0.4046780115040727,0.8093560230081454,100,7,-0.13461873798842477,1.3665601261877958,0.9999999999999987,1.34008462374961,1.3665601261877958,0.06351267822868724,0.06351267822868724,1.298389546875243,0,0.0,1.5256340503692627
1,lp,jitter,0.1,0,7,0.001,0.5,1,100,0.004046780115040727,124,10.0,0.04046780115040727,0.4046780115040727,0.8093560230081454,100,7,-0.13461873798842477,1.3665601261877958,0.9999999999999987,1.34008462374961,1.3665601261877958,0.06351267822868724,0.06351267822868724,1.298389546875243,0,0.0,0.04423928260803223
1,lprand,jitter,0.1,0,7,0.001,0.5,1,100,0.004046780115040727,124,10.0,0.04046780115040727,0.4046780115040727,0.8093560230081454,100,7,-0.13461873798842477,1.3665601261877958,0.9999999999999987,1.34008462374961,1.3665601261877958,0.06351267822868724,0.06351267822868724,1.298389546875243,0,0.0,0.045017242431640625
1,maxentw,jitter,0.1,0,7,0.001,0.5,1,100,0.004046780115040727,124,10.0,0.04046780115040727,0.4046780115040727,0.8093560230081454,100,7,-0.13461873798842477,1.3665601261877958,0.9999999999999987,1.34008462374961,1.3665601261877958,0.06351267822868724,0.06351267822868724,1.298389546875243,0,0.0,6.0290751457214355
1,minnorm,jitter,0.1,1,3,0.001,0.5,1,100,0.004122295171873291,122,10.0,0.041222951718732914,0.41222951718732914,0.8244590343746583,0,3,-0.1274571582856958,1.2549143165713914,1.0000000000000029,1.07264089798638,1.2987413407766102,0.005891743361008745,0.005891743361008745,1.2979865713433636,0,0.0,0.008391857147216797
1,projgauss,jitter,0.1,1,3,0.001,0.5,1,100,0.004122295171873291,122,10.0,0.041222951718732914,0.41222951718732914,0.8244590343746583,0,3,-0.1274571582856959,1.254914316571392,1.0000000000000036,1.072640897986372,1.2987413407766115,0.005891743361008863,0.005891743361008863,1.2979865713433638,0,0.0,0.009829044342041016
1,spectral,jitter,0.1,1,3,0.001,0.5,1,100,0.004122295171873291,122,10.0,0.041222951718732914,0.41222951718732914,0.8244590343746583,0,3,-0.1274571582856958,1.2549143165713914,1.0000000000000029,1.07264089798638,1.2987413407766102,0.005891743361008745,0.005891743361008745,1.2979865713433636,0,0.0,0.009083032608032227
1,spectralg,jitter,0.1,1,3,0.001,0.5,1,100,0.004122295171873291,122,10.0,0.041222951718732914,0.41222951718732914,0.8244590343746583,0,3,-0.1274571582856958,1.2549143165713914,1.0000000000000029,1.07264089798638,1.2987413407766102,0.005891743361008745,0.005891743361008745,1.2979865713433636,0,0.0,0.009480953216552734
1,molfe,jitter,0.1,1,3,0.001,0.5,1,100,0.004122295171873291,122,10.0,0.041222951718732914,0.41222951718732914,0.8244590343746583,0,3,-0.22842453240134067,1.4568490648026815,1.0222337546042486,36.81996331269378,4.717588847331866e+95,0.11228389545829254,0.11228389545829254,1.3581441541691672,0,0.0,0.008981943130493164
1,molrk3,jitter,0.1,1,3,0.001,0.5,1,100,0.004122295171873291,122,10.0,0.041222951718732914,0.41222951718732914,0.8244590343746583,0,3,-0.20536903081598953,1.4123261526989987,1.0000000000000027,1.5030310293430562,2.058738754603726,0.009937226570888132,0.009937226570888132,1.2980150768881338,0,0.0,0.00886392593383789
1,maxent,jitter,0.1,1,3,0.001,0.5,1,100,0.004122295171873291,122,10.0,0.041222951718732914,0.41222951718732914,0.8244590343746583,100,3,-0.1274571582856958,1.2549143165713914,1.0000000000000029,1.07264089798638,1.2987413407766102,0.005891743361008745,0.005891743361008745,1.2979865713433636,0,0.0,1.5143821239471436
1,lp,jitter,0.1,1,3,0.001,0.5,1,100,0.004122295171873291,122,10.0,0.041222951718732914,0.41222951718732914,0.8244590343746583,100,3,-0.1274571582856958,1.2549143165713914,1.0000000000000029,1.07264089798638,1.2987413407766102,0.005891743361008745,0.005891743361008745,1.2979865713433636,0,0.0,0.046942949295043945
1,lprand,jitter,0.1,1,3,0.001,0.5,1,100,0.004122295171873291,122,10.0,0.041222951718732914,0.41222951718732914,0.8244590343746583,100,3,-0.1274571582856958,1.2549143165713914,1.0000000000000029,1.07264089798638,1.2987413407766102,0.005891743361008745,0.005891743361008745,1.2979865713433636,0,0.0,0.04647207260131836
1,maxentw,jitter,0.1,1,3,0.001,0.5,1,100,0.004122295171873291,122,10.0,0.041222951718732914,0.41222951718732914,0.8244590343746583,100,3,-0.1274571582856958,1.2549143165713914,1.0000000000000029,1.07264089798638,1.2987413407766102,0.005891743361008745,0.005891743361008745,1.2979865713433636,0,0.0,6.074572801589966
1,minnorm,jitter,0.1,1,5,0.001,0.5,1,100,0.004122295171873291,122,10.0,0.041222951718732914,0.41222951718732914,0.8244590343746583,0,5,-0.14535617788802793,1.2914442954287182,1.0000000000000007,1.2805131639210812,1.2969324894591356,0.028823871079984104,0.028823871079984104,1.2980845301908606,0,0.0,0.007565975189208984
1,projgauss,jitter,0.1,1,5,0.001,0.5,1,100,0.004122295171873291,122,10.0,0.041222951718732914,0.41222951718732914,0.8244590343746583,0,5,-0.11382543185290003,1.2611149158936723,1.0000000000000013,1.2077972029390698,1.2611149158936723,0.020787844827069,0.020787844827069,1.2980471199125303,0,0.0,0.008645057678222656
1,spectral,jitter,0.1,1,5,0.001,0.5,1,100,0.004122295171873291,122,10.0,0.041222951718732914,0.41222951718732914,0.8244590343746583,0,5,-0.24310567582604864,1.7263641647525514,0.9999999999999989,1.3291388620585824,1.7263641647525516,0.013034893667016878,0.013034893667016878,1.2979040574201777,0,0.0,0.0128631591796875
1,spectralg,jitter,0.1,1,5,0.001,0.5,1,100,0.004122295171873291,122,10.0,0.041222951718732914,0.41222951718732914,0.8244590343746583,0,5,-0.24310567582604864,1.7263641647525514,0.9999999999999989,1.3291388620585824,1.7263641647525516,0.013034893667016878,0.013034893667016878,1.2979040574201777,0,0.0,0.024073362350463867
1,molfe,jitter,0.1,1,5,0.001,0.5,1,100,0.004122295171873291,122,10.0,0.041222951718732914,0.41222951718732914,0.8244590343746583,0,5,-0.08803391639420913,1.2528887420986115,1.0215135529894352,35.392695862420446,6.66976012282297e+92,0.11678703527941381,0.11678703527941381,1.3640774911787092,0,0.0,0.007863044738769531
1,molrk3,jitter,0.1,1,5,0.001,0.5,1,100,0.004122295171873291,122,10.0,0.041222951718732914,0.41222951718732914,0.8244590343746583,0,5,-0.0857579409787795,1.2532110277676747,1.0217466290007915,29.791312833670343,4.293723507545454e+93,0.03280803985251915,0.03280803985251915,1.2981472751763694,0,0.0,0.008523702621459961
1,maxent,jitter,0.1,1,5,0.001,0.5,1,100,0.004122295171873291,122,10.0,0.041222951718732914,0.41222951718732914,0.8244590343746583,100,5,-0.14535617788802793,1.2914442954287182,1.0000000000000007,1.2805131639210812,1.2969324894591356,0.028823871079984104,0.028823871079984104,1.2980845301908606,0,0.0,1.5320119857788086
1,lp,jitter,0.1,1,5,0.001,0.5,1,100,0.004122295171873291,122,10.0,0.041222951718732914,0.41222951718732914,0.8244590343746583,100,5,-0.14535617788802793,1.2914442954287182,1.0000000000000007,1.2805131639210812,1.2969324894591356,0.028823871079984104,0.028823871079984104,1.2980845301908606,0,0.0,0.045449018478393555
1,lprand,jitter,0.1,1,5,0.001,0.5,1,100,0.004122295171873291,122,10.0,0.041222951718732914,0.41222951718732914,0.8244590343746583,100,5,-0.14535617788802793,1.2914442954287182,1.0000000000000007,1.2805131639210812,1.2969324894591356,0.028823871079984104,0.028823871079984104,1.2980845301908606,0,0.0,0.045819759368896484
1,maxentw,jitter,0.1,1,5,0.001,0.5,1,100,0.004122295171873291,122,10.0,0.041222951718732914,0.41222951718732914,0.8244590343746583,100,5,-0.14535617788802793,1.2914442954287182,1.0000000000000007,1.2805131639210812,1.2969324894591356,0.028823871079984104,0.028823871079984104,1.2980845301908606,0,0.0,6.04429292678833
1,minnorm,jitter,0.1,1,7,0.001,0.5,1,100,0.004122295171873291,122,10.0,0.041222951718732914,0.41222951718732914,0.8244590343746583,0,7,-0.1341299954765609,1.3612413798645933,0.9999999999999999,1.3391494443726295,1.3612413798645933,0.06366950966347695,0.06366950966347695,1.2982408941045904,0,0.0,0.0071070194244384766
1,projgauss,jitter,0.1,1,7,0.001,0.5,1,100,0.004122295171873291,122,10.0,0.041222951718732914,0.41222951718732914,0.8244590343746583,0,7,-0.0627902946585369,1.2134147319962212,1.0000000000000018,1.1812935978208954,1.2134147319962214,0.026468900990587962,0.026468900990587962,1.2980589208726987,0,0.0,0.008482217788696289
1,spectral,jitter,0.1,1,7,0.001,0.5,1,100,0.004122295171873291,122,10.0,0.041222951718732914,0.41222951718732914,0.8244590343746583,0,7,-0.21761917423195667,1.922555671915673,1.000000000000002,1.2581997798213678,1.922555671915673,0.024712180473415002,0.024712180473415002,1.2980705827567922,0,0.0,0.013772964477539062
1,spectralg,jitter,0.1,1,7,0.001,0.5,1,100,0.004122295171873291,122,10.0,0.041222951718732914,0.41222951718732914,0.8244590343746583,0,7,-0.21761917423195667,1.922555671915673,1.000000000000002,1.2581997798213678,1.922555671915673,0.024712180473415002,0.024712180473415002,1.2980705827567922,0,0.0,0.027620792388916016
1,molfe,jitter,0.1,1,7,0.001,0.5,1,100,0.004122295171873291,122,10.0,0.041222951718732914,0.41222951718732914,0.8244590343746583,0,7,-0.046495604077186406,1.1793694661011553,1.0087113238279275,11.248738036208263,1.0173373538156704e+38,0.13096728944153424,0.13096728944153424,1.3751188399438614,0,0.0,0.008553028106689453
1,molrk3,jitter,0.1,1,7,0.001,0.5,1,100,0.004122295171873291,122,10.0,0.041222951718732914,0.41222951718732914,0.8244590343746583,0,7,-0.04571012951438987,1.1814681556956403,1.0085200301459212,9.579408768947111,1.5042387885458044e+37,0.06757444659292587,0.06757444659292587,1.2983409565661346,0,0.0,0.00857996940612793
1,maxent,jitter,0.1,1,7,0.001,0.5,1,100,0.004122295171873291,122,10.0,0.041222951718732914,0.41222951718732914,0.8244590343746583,100,7,-0.1341299954765609,1.3612413798645933,0.9999999999999999,1.3391494443726295,1.3612413798645933,0.06366950966347695,0.06366950966347695,1.2982408941045904,0,0.0,1.5171558856964111
1,lp,jitter,0.1,1,7,0.001,0.5,1,100,0.004122295171873291,122,10.0,0.041222951718732914,0.41222951718732914,0.8244590343746583,100,7,-0.1341299954765609,1.3612413798645933,0.9999999999999999,1.3391494443726295,1.3612413798645933,0.06366950966347695,0.06366950966347695,1.2982408941045904,0,0.0,0.04619288444519043
1,lprand,jitter,0.1,1,7,0.001,0.5,1,100,0.004122295171873291,122,10.0,0.041222951718732914,0.41222951718732914,0.8244590343746583,100,7,-0.1341299954765609,1.3612413798645933,0.9999999999999999,1.3391494443726295,1.3612413798645933,0.06366950966347695,0.06366950966347695,1.2982408941045904,0,0.0,0.04547929763793945
1,maxentw,jitter,0.1,1,7,0.001,0.5,1,100,0.004122295171873291,122,10.0,0.041222951718732914,0.41222951718732914,0.8244590343746583,100,7,-0.1341299954765609,1.3612413798645933,0.9999999999999999,1.3391494443726295,1.3612413798645933,0.06366950966347695,0.06366950966347695,1.2982408941045904,0,0.0,6.057362079620361
1,minnorm,jitter,0.1,2,3,0.001,0.5,1,100,0.0042282662361003975,119,10.0,0.042282662361003975,0.42282662361003975,0.8456532472200795,0,3,-0.13268616758077487,1.2653723351615498,1.0000000000000004,1.0661908921158594,1.2818335770137679,0.00562764709640079,0.00562764709640079,1.298125327933104,0,0.0,0.008790969848632812
1,projgauss,jitter,0.1,2,3,0.001,0.5,1,100,0.0042282662361003975,119,10.0,0.042282662361003975,0.42282662361003975,0.8456532472200795,0,3,-0.1326861675807748,1.2653723351615496,1.0000000000000036,1.066190892115847,1.2818335770137659,0.005627647096401622,0.005627647096401622,1.2981253279331035,0,0.0,0.009148836135864258
1,spectral,jitter,0.1,2,3,0.001,0.5,1,100,0.0042282662361003975,119,10.0,0.042282662361003975,0.42282662361003975,0.8456532472200795,0,3,-0.13268616758077487,1.2653723351615498,1.0000000000000004,1.0661908921158594,1.2818335770137679,0.00562764709640079,0.00562764709640079,1.298125327933104,0,0.0,0.009525060653686523
1,spectralg,jitter,0.1,2,3,0.001,0.5,1,100,0.0042282662361003975,119,10.0,0.042282662361003975,0.42282662361003975,0.8456532472200795,0,3,-0.13268616758077487,1.2653723351615498,1.0000000000000004,1.0661908921158594,1.2818335770137679,0.00562764709640079,0.00562764709640079,1.298125327933104,0,0.0,0.00875997543334961
1,molfe,jitter,0.1,2,3,0.001,0.5,1,100,0.0042282662361003975,119,10.0,0.042282662361003975,0.42282662361003975,0.8456532472200795,0,3,-0.23662136433177375,1.4732427286635477,1.0246139609406717,46.07104443135964,6.539077787280306e+105,0.11546580142206775,0.11546580142206775,1.3613341726058803,0,0.0,0.008414268493652344
1,molrk3,jitter,0.1,2,3,0.001,0.5,1,100,0.0042282662361003975,119,10.0,0.042282662361003975,0.42282662361003975,0.8456532472200795,0,3,-0.21658562844759335,1.434716780684404,1.0000000000000058,1.3611179187920428,2.019812383957056,0.009827743208900286,0.009827743208900286,1.2981507346315668,0,0.0,0.00851893424987793
1,maxent,jitter,0.1,2,3,0.001,0.5,1,100,0.0042282662361003975,119,10.0,0.042282662361003975,0.42282662361003975,0.8456532472200795,100,3,-0.13268616758077487,1.2653723351615498,1.0000000000000004,1.0661908921158594,1.2818335770137679,0.00562764709640079,0.00562764709640079,1.298125327933104,0,0.0,1.5184009075164795
1,lp,jitter,0.1,2,3,0.001,0.5,1,100,0.0042282662361003975,119,10.0,0.042282662361003975,0.42282662361003975,0.8456532472200795,100,3,-0.13268616758077487,1.2653723351615498,1.0000000000000004,1.0661908921158594,1.2818335770137679,0.00562764709640079,0.00562764709640079,1.298125327933104,0,0.0,0.04593801498413086
1,lprand,jitter,0.1,2,3,0.001,0.5,1,100,0.0042282662361003975,119,10.0,0.042282662361003975,0.42282662361003975,0.8456532472200795,100,3,-0.13268616758077487,1.2653723351615498,1.0000000000000004,1.0661908921158594,1.2818335770137679,0.00562764709640079,0.00562764709640079,1.298125327933104,0,0.0,0.047033071517944336
1,maxentw,jitter,0.1,2,3,0.001,0.5,1,100,0.0042282662361003975,119,10.0,0.042282662361003975,0.42282662361003975,0.8456532472200795,100,3,-0.13268616758077487,1.2653723351615498,1.0000000000000004,1.0661908921158594,1.2818335770137679,0.00562764709640079,0.00562764709640079,1.298125327933104,0,0.0,6.046483993530273
1,minnorm,jitter,0.1,2,5,0.001,0.5,1,100,0.0042282662361003975,119,10.0,0.042282662361003975,0.42282662361003975,0.8456532472200795,0,5,-0.14635595065647036,1.29271190131294,1.0000000000000013,1.275325635733796,1.301150329127735,0.028709647816568554,0.028709647816568554,1.298212953128639,0,0.0,0.0080718994140625
1,projgauss,jitter,0.1,2,5,0.001,0.5,1,100,0.0042282662361003975,119,10.0,0.042282662361003975,0.42282662361003975,0.8456532472200795,0,5,-0.11342958042111753,1.253296916585163,1.0000000000000029,1.2060017897245172,1.253296916585163,0.020637213045678872,0.020637213045678872,1.2981817586665376,0,0.0,0.008703947067260742
1,spectral,jitter,0.1,2,5,0.001,0.5,1,100,0.0042282662361003975,119,10.0,0.042282662361003975,0.42282662361003975,0.8456532472200795,0,5,-0.2515831601181416,1.7182368617835462,1.000000000000001,1.311769660366263,1.7182368617835464,0.012606300305794974,0.012606300305794974,1.298030494807105,0,0.0,0.013202190399169922
1,spectralg,jitter,0.1,2,5,0.001,0.5,1,100,0.0042282662361003975,119,10.0,0.042282662361003975,0.42282662361003975,0.8456532472200795,0,5,-0.2515831601181416,1.7182368617835462,1.000000000000001,1.311769660366263,1.7182368617835464,0.012606300305794974,0.012606300305794974,1.298030494807105,0,0.0,0.024374961853027344
1,molfe,jitter,0.1,2,5,0.001,0.5,1,100,0.0042282662361003975,119,10.0,0.042282662361003975,0.42282662361003975,0.8456532472200795,0,5,-0.0900779711552403,1.2616399730158705,1.0221330271653382,34.99824037919898,1.9522624278482344e+95,0.11928424142562455,0.11928424142562455,1.3679572314870834,0,0.0,0.008096694946289062
1,molrk3,jitter,0.1,2,5,0.001,0.5,1,100,0.0042282662361003975,119,10.0,0.042282662361003975,0.42282662361003975,0.8456532472200795,0,5,-0.0880714826224356,1.2630560723526258,1.0223797696653758,29.136015202398987,2.1836055612520956e+96,0.03304731316922907,0.03304731316922907,1.2982932812647185,0,0.0,0.008399248123168945
1,maxent,jitter,0.1,2,5,0.001,0.5,1,100,0.0042282662361003975,119,10.0,0.042282662361003975,0.42282662361003975,0.8456532472200795,100,5,-0.14635595065647036,1.29271190131294,1.0000000000000013,1.275325635733796,1.301150329127735,0.028709647816568554,0.028709647816568554,1.298212953128639,0,0.0,1.5092830657958984
1,lp,jitter,0.1,2,5,0.001,0.5,1,100,0.0042282662361003975,119,10.0,0.042282662361003975,0.42282662361003975,0.8456532472200795,100,5,-0.14635595065647036,1.29271190131294,1.0000000000000013,1.275325635733796,1.301150329127735,0.028709647816568554,0.028709647816568554,1.298212953128639,0,0.0,0.0461881160736084
1,lprand,jitter,0.1,2,5,0.001,0.5,1,100,0.0042282662361003975,119,10.0,0.042282662361003975,0.42282662361003975,0.8456532472200795,100,5,-0.14635595065647036,1.29271190131294,1.0000000000000013,1.275325635733796,1.301150329127735,0.028709647816568554,0.028709647816568554,1.298212953128639,0,0.0,0.04500603675842285
1,maxentw,jitter,0.1,2,5,0.001,0.5,1,100,0.0042282662361003975,119,10.0,0.042282662361003975,0.42282662361003975,0.8456532472200795,100,5,-0.14635595065647036,1.29271190131294,1.0000000000000013,1.275325635733796,1.301150329127735,0.028709647816568554,0.028709647816568554,1.298212953128639,0,0.0,6.367543935775757
1,minnorm,jitter,0.1,2,7,0.001,0.5,1,100,0.0042282662361003975,119,10.0,0.042282662361003975,0.42282662361003975,0.8456532472200795,0,7,-0.13786085354907954,1.3630169727893218,1.0000000000000022,1.3421398923162768,1.3630169727893215,0.06339244731858151,0.06339244731858151,1.298282649077677,0,0.0,0.021349191665649414
1,projgauss,jitter,0.1,2,7,0.001,0.5,1,100,0.0042282662361003975,119,10.0,0.042282662361003975,0.42282662361003975,0.8456532472200795,0,7,-0.0652831116949944,1.2157146054359576,0.9999999999999994,1.181204418409086,1.2157146054359576,0.026310090082870108,0.026310090082870108,1.2981796438838629,0,0.0,0.011038064956665039
1,spectral,jitter,0.1,2,7,0.001,0.5,1,100,0.0042282662361003975,119,10.0,0.042282662361003975,0.42282662361003975,0.8456532472200795,0,7,-0.21502058987267836,2.0004795620101685,0.9999999999999992,1.248115674702887,2.000479562010168,0.023733273384768383,0.023733273384768383,1.2982044061482172,0,0.0,0.034728288650512695
1,spectralg,jitter,0.1,2,7,0.001,0.5,1,100,0.0042282662361003975,119,10.0,0.042282662361003975,0.42282662361003975,0.8456532472200795,0,7,-0.21502058987267836,2.0004795620101685,0.9999999999999992,1.248115674702887,2.000479562010168,0.023733273384768383,0.023733273384768383,1.2982044061482172,0,0.0,0.03883004188537598
1,molfe,jitter,0.1,2,7,0.001,0.5,1,100,0.0042282662361003975,119,10.0,0.042282662361003975,0.42282662361003975,0.8456532472200795,0,7,-0.04745960440333694,1.1839599433377324,1.0090613161065236,11.786835973607046,3.674779514456809e+39,0.13298928609535599,0.13298928609535599,1.3785920580767452,0,0.0,0.008662223815917969
1,molrk3,jitter,0.1,2,7,0.001,0.5,1,100,0.0042282662361003975,119,10.0,0.042282662361003975,0.42282662361003975,0.8456532472200795,0,7,-0.04671653030225489,1.18634284840497,1.0089415721105313,9.996677275643437,9.056951229408775e+38,0.06742997147813382,0.06742997147813382,1.2984936885621041,0,0.0,0.015771150588989258
1,maxent,jitter,0.1,2,7,0.001,0.5,1,100,0.0042282662361003975,119,10.0,0.042282662361003975,0.42282662361003975,0.8456532472200795,100,7,-0.13786085354907954,1.3630169727893218,1.0000000000000022,1.3421398923162768,1.3630169727893215,0.06339244731858151,0.06339244731858151,1.298282649077677,0,0.0,2.595587968826294
1,lp,jitter,0.1,2,7,0.001,0.5,1,100,0.0042282662361003975,119,10.0,0.042282662361003975,0.42282662361003975,0.8456532472200795,100,7,-0.13786085354907954,1.3630169727893218,1.0000000000000022,1.3421398923162768,1.3630169727893215,0.06339244731858151,0.06339244731858151,1.298282649077677,0,0.0,0.09690713882446289
1,lprand,jitter,0.1,2,7,0.001,0.5,1,100,0.0042282662361003975,119,10.0,0.042282662361003975,0.42282662361003975,0.8456532472200795,100,7,-0.13786085354907954,1.3630169727893218,1.0000000000000022,1.3421398923162768,1.3630169727893215,0.06339244731858151,0.06339244731858151,1.298282649077677,0,0.0,0.06273007392883301
1,maxentw,jitter,0.1,2,7,0.001,0.5,1,100,0.0042282662361003975,119,10.0,0.042282662361003975,0.42282662361003975,0.8456532472200795,100,7,-0.13786085354907954,1.3630169727893218,1.0000000000000022,1.3421398923162768,1.3630169727893215,0.06339244731858151,0.06339244731858151,1.298282649077677,0,0.0,10.69874620437622
1,minnorm,jitter,0.25,0,3,0.001,0.5,1,100,0.002616950287601838,192,10.0,0.026169502876018377,0.2616950287601838,0.5233900575203676,0,3,-0.21320586971034367,1.426411739420687,1.0000000000000029,1.5498644651715654,1.981245006849515,0.008855033411527026,0.008855033411527026,1.2982696192958272,0,0.0,0.00952291488647461
1,projgauss,jitter,0.25,0,3,0.001,0.5,1,100,0.002616950287601838,192,10.0,0.026169502876018377,0.2616950287601838,0.5233900575203676,0,3,-0.21320586971034367,1.4264117394206874,1.0000000000000053,1.5498644651715379,1.9812450068495107,0.00885503341152339,0.00885503341152339,1.2982696192958252,0,0.0,0.0524442195892334
1,spectral,jitter,0.25,0,3,0.001,0.5,1,100,0.002616950287601838,192,10.0,0.026169502876018377,0.2616950287601838,0.5233900575203676,0,3,-0.21320586971034367,1.426411739420687,1.0000000000000029,1.5498644651715654,1.981245006849515,0.008855033411527026,0.008855033411527026,1.2982696192958272,0,0.0,0.010125875473022461
1,spectralg,jitter,0.25,0,3,0.001,0.5,1,100,0.002616950287601838,192,10.0,0.026169502876018377,0.2616950287601838,0.5233900575203676,0,3,-0.21320586971034367,1.426411739420687,1.0000000000000029,1.5498644651715654,1.981245006849515,0.008855033411527026,0.008855033411527026,1.2982696192958272,0,0.0,0.026912927627563477
1,molfe,jitter,0.25,0,3,0.001,0.5,1,100,0.002616950287601838,192,10.0,0.026169502876018377,0.2616950287601838,0.5233900575203676,0,3,-0.27098624323210346,1.541972486464207,1.0010222902023689,5.456142765752197,62044.77948224028,0.06993634673963589,0.06993634673963589,1.31780046521585,0,0.0,0.016798019409179688
1,molrk3,jitter,0.25,0,3,0.001,0.5,1,100,0.002616950287601838,192,10.0,0.026169502876018377,0.2616950287601838,0.5233900575203676,0,3,-0.25390838418722994,1.508522021068591,1.000000000000005,2.6814223559528907,3.185302775984875,0.011050584006070147,0.011050584006070147,1.2982805575594993,0,0.0,0.009996175765991211
1,maxent,jitter,0.25,0,3,0.001,0.5,1,100,0.002616950287601838,192,10.0,0.026169502876018377,0.2616950287601838,0.5233900575203676,100,3,-0.21320586971034367,1.426411739420687,1.0000000000000029,1.5498644651715654,1.981245006849515,0.008855033411527026,0.008855033411527026,1.2982696192958272,0,0.0,2.7138631343841553
1,lp,jitter,0.25,0,3,0.001,0.5,1,100,0.002616950287601838,192,10.0,0.026169502876018377,0.2616950287601838,0.5233900575203676,100,3,-0.21320586971034367,1.426411739420687,1.0000000000000029,1.5498644651715654,1.981245006849515,0.008855033411527026,0.008855033411527026,1.2982696192958272,0,0.0,0.07101178169250488
1,lprand,jitter,0.25,0,3,0.001,0.5,1,100,0.002616950287601838,192,10.0,0.026169502876018377,0.2616950287601838,0.5233900575203676,100,3,-0.21320586971034367,1.426411739420687,1.0000000000000029,1.5498644651715654,1.981245006849515,0.008855033411527026,0.008855033411527026,1.2982696192958272,0,0.0,0.10850262641906738
1,maxentw,jitter,0.25,0,3,0.001,0.5,1,100,0.002616950287601838,192,10.0,0.026169502876018377,0.2616950287601838,0.5233900575203676,100,3,-0.21320586971034367,1.426411739420687,1.0000000000000029,1.5498644651715654,1.981245006849515,0.008855033411527026,0.008855033411527026,1.2982696192958272,0,0.0,12.299437046051025
1,minnorm,jitter,0.25,0,5,0.001,0.5,1,100,0.002616950287601838,192,10.0,0.026169502876018377,0.2616950287601838,0.5233900575203676,0,5,-0.16706630420615676,1.4784527895843285,0.9999999999999989,1.3156081118426821,1.5000001538026595,0.030476990612012422,0.030476990612012422,1.2983393429724994,0,0.0,0.01141977310180664
1,projgauss,jitter,0.25,0,5,0.001,0.5,1,100,0.002616950287601838,192,10.0,0.026169502876018377,0.2616950287601838,0.5233900575203676,0,5,-0.14764263621644677,1.4220179744477777,0.999999999999999,1.2447931498849423,1.4220179744477774,0.022680685694441982,0.022680685694441982,1.2983119371346947,0,0.0,0.025098085403442383
1,spectral,jitter,0.25,0,5,0.001,0.5,1,100,0.002616950287601838,192,10.0,0.026169502876018377,0.2616950287601838,0.5233900575203676,0,5,-0.33257896539462284,1.9549874707730086,1.0000000000000027,1.441491735534648,2.520443868325709,0.016538499007018592,0.016538499007018592,1.2981299421025656,0,0.0,0.03855705261230469
1,spectralg,jitter,0.25,0,5,0.001,0.5,1,100,0.002616950287601838,192,10.0,0.026169502876018377,0.2616950287601838,0.5233900575203676,0,5,-0.33257896539462284,1.951235727794654,0.9999999999999979,1.4373958897493855,2.5024226259472373,0.016482773836212633,0.016482773836212633,1.2981299421025656,0,0.0,0.03485608100891113
1,molfe,jitter,0.25,0,5,0.001,0.5,1,100,0.002616950287601838,192,10.0,0.026169502876018377,0.2616950287601838,0.5233900575203676,0,5,-0.07269243756543302,1.1944256941520395,1.0090379740186015,28.310972468456427,4.836751287254401e+39,0.07617277555279012,0.07617277555279012,1.3239827050839614,0,0.0,0.008558988571166992
1,molrk3,jitter,0.25,0,5,0.001,0.5,1,100,0.002616950287601838,192,10.0,0.026169502876018377,0.2616950287601838,0.5233900575203676,0,5,-0.07154107158430464,1.1947506002837578,1.0090789395502262,25.367292893425514,7.169981988946898e+39,0.033002953221243574,0.033002953221243574,1.298409318157424,0,0.0,0.008874177932739258
1,maxent,jitter,0.25,0,5,0.001,0.5,1,100,0.002616950287601838,192,10.0,0.026169502876018377,0.2616950287601838,0.5233900575203676,100,5,-0.16706630420615676,1.4784527895843285,0.9999999999999989,1.3156081118426821,1.5000001538026595,0.030476990612012422,0.030476990612012422,1.2983393429724994,0,0.0,2.7809548377990723
1,lp,jitter,0.25,0,5,0.001,0.5,1,100,0.002616950287601838,192,10.0,0.026169502876018377,0.2616950287601838,0.5233900575203676,100,5,-0.16706630420615676,1.4784527895843285,0.9999999999999989,1.3156081118426821,1.5000001538026595,0.030476990612012422,0.030476990612012422,1.2983393429724994,0,0.0,0.04559898376464844
1,lprand,jitter,0.25,0,5,0.001,0.5,1,100,0.002616950287601838,192,10.0,0.026169502876018377,0.2616950287601838,0.5233900575203676,100,5,-0.16706630420615676,1.4784527895843285,0.9999999999999989,1.3156081118426821,1.5000001538026595,0.030476990612012422,0.030476990612012422,1.2983393429724994,0,0.0,0.04531097412109375
1,maxentw,jitter,0.25,0,5,0.001,0.5,1,100,0.002616950287601838,192,10.0,0.026169502876018377,0.2616950287601838,0.5233900575203676,100,5,-0.16706630420615676,1.4784527895843285,0.9999999999999989,1.3156081118426821,1.5000001538026595,0.030476990612012422,0.030476990612012422,1.2983393429724994,0,0.0,11.670692682266235
1,minnorm,jitter,0.25,0,7,0.001,0.5,1,100,0.002616950287601838,192,10.0,0.026169502876018377,0.2616950287601838,0.5233900575203676,0,7,-0.14427246689036363,1.4591693346493835,0.9999999999999996,1.3141038944272547,1.4591693346493835,0.06574588245484836,0.06574588245484836,1.2984166993665724,0,0.0,0.007542610168457031
1,projgauss,jitter,0.25,0,7,0.001,0.5,1,100,0.002616950287601838,192,10.0,0.026169502876018377,0.2616950287601838,0.5233900575203676,0,7,-0.08162449072845802,1.300724938521486,1.0000000000000007,1.1871198458304613,1.3007249385214859,0.029308342221322115,0.029308342221322115,1.298291579988106,0,0.0,0.01631903648376465
1,spectral,jitter,0.25,0,7,0.001,0.5,1,100,0.002616950287601838,192,10.0,0.026169502876018377,0.2616950287601838,0.5233900575203676,0,7,-0.3431123674697305,2.241128673377319,0.9999999999999999,1.4586432922772392,2.437720411284974,0.035320872664167606,0.035320872664167606,1.2984147709045137,0,0.0,0.01532888412475586
1,spectralg,jitter,0.25,0,7,0.001,0.5,1,100,0.002616950287601838,192,10.0,0.026169502876018377,0.2616950287601838,0.5233900575203676,0,7,-0.3431123674697305,2.241128673377319,1.0000000000000013,1.455764819422555,2.4374817267584143,0.035326012567330166,0.035326012567330166,1.2984147709045137,0,0.0,0.05695915222167969
1,molfe,jitter,0.25,0,7,0.001,0.5,1,100,0.002616950287601838,192,10.0,0.026169502876018377,0.2616950287601838,0.5233900575203676,0,7,-0.03380339654309706,1.1211871975305936,1.0050592812997317,13.891442789224207,3.0873757843143583e+22,0.09766244140755653,0.09766244140755653,1.3356904904207727,0,0.0,0.008735895156860352
1,molrk3,jitter,0.25,0,7,0.001,0.5,1,100,0.002616950287601838,192,10.0,0.026169502876018377,0.2616950287601838,0.5233900575203676,0,7,-0.03353485861201506,1.1216032881926705,1.0050647531766927,13.032549669116845,3.390609930337004e+22,0.06968274158952464,0.06968274158952464,1.298568551420137,0,0.0,0.03542494773864746
1,maxent,jitter,0.25,0,7,0.001,0.5,1,100,0.002616950287601838,192,10.0,0.026169502876018377,0.2616950287601838,0.5233900575203676,100,7,-0.14427246689036363,1.4591693346493835,0.9999999999999996,1.3141038944272547,1.4591693346493835,0.06574588245484836,0.06574588245484836,1.2984166993665724,0,0.0,2.7170920372009277
1,lp,jitter,0.25,0,7,0.001,0.5,1,100,0.002616950287601838,192,10.0,0.026169502876018377,0.2616950287601838,0.5233900575203676,100,7,-0.14427246689036363,1.4591693346493835,0.9999999999999996,1.3141038944272547,1.4591693346493835,0.06574588245484836,0.06574588245484836,1.2984166993665724,0,0.0,0.08475995063781738
1,lprand,jitter,0.25,0,7,0.001,0.5,1,100,0.002616950287601838,192,10.0,0.026169502876018377,0.2616950287601838,0.5233900575203676,100,7,-0.14427246689036363,1.4591693346493835,0.9999999999999996,1.3141038944272547,1.4591693346493835,0.06574588245484836,0.06574588245484836,1.2984166993665724,0,0.0,0.0647881031036377
1,maxentw,jitter,0.25,0,7,0.001,0.5,1,100,0.002616950287601838,192,10.0,0.026169502876018377,0.2616950287601838,0.5233900575203676,100,7,-0.14427246689036363,1.4591693346493835,0.9999999999999996,1.3141038944272547,1.4591693346493835,0.06574588245484836,0.06574588245484836,1.2984166993665724,0,0.0,10.405019044876099
1,minnorm,jitter,0.25,1,3,0.001,0.5,1,100,0.0028057379296832774,179,10.0,0.02805737929683277,0.28057379296832774,0.5611475859366555,0,3,-0.1962399408436907,1.392479881687382,1.0000000000000047,1.3945073936811636,1.8254171409709639,0.008635536461511778,0.008635536461511778,1.2976967492739462,0,0.0,0.01505899429321289
1,projgauss,jitter,0.25,1,3,0.001,0.5,1,100,0.0028057379296832774,179,10.0,0.02805737929683277,0.28057379296832774,0.5611475859366555,0,3,-0.19623994084369079,1.3924798816873818,1.0000000000000022,1.3945073936811365,1.8254171409709554,0.008635536461510827,0.008635536461510827,1.2976967492739468,0,0.0,0.011424064636230469
1,spectral,jitter,0.25,1,3,0.001,0.5,1,100,0.0028057379296832774,179,10.0,0.02805737929683277,0.28057379296832774,0.5611475859366555,0,3,-0.1962399408436907,1.392479881687382,1.0000000000000047,1.3945073936811636,1.8254171409709639,0.008635536461511778,0.008635536461511778,1.2976967492739462,0,0.0,0.01300811767578125
1,spectralg,jitter,0.25,1,3,0.001,0.5,1,100,0.0028057379296832774,179,10.0,0.02805737929683277,0.28057379296832774,0.5611475859366555,0,3,-0.1962399408436907,1.392479881687382,1.0000000000000047,1.3945073936811636,1.8254171409709639,0.008635536461511778,0.008635536461511778,1.2976967492739462,0,0.0,0.042466163635253906
1,molfe,jitter,0.25,1,3,0.001,0.5,1,100,0.0028057379296832774,179,10.0,0.02805737929683277,0.28057379296832774,0.5611475859366555,0,3,-0.2778702207716513,1.555740441543303,1.001875862305204,5.9699107874543955,269807108.870404,0.07508010884035143,0.07508010884035143,1.322783214400181,0,0.0,0.010382890701293945
1,molrk3,jitter,0.25,1,3,0.001,0.5,1,100,0.0028057379296832774,179,10.0,0.02805737929683277,0.28057379296832774,0.5611475859366555,0,3,-0.25069554569519975,1.5019648354878372,0.9999999999999988,2.606634102941086,3.1431734483435636,0.011023478915142456,0.011023478915142456,1.2977167700195156,0,0.0,0.010123014450073242
1,maxent,jitter,0.25,1,3,0.001,0.5,1,100,0.0028057379296832774,179,10.0,0.02805737929683277,0.28057379296832774,0.5611475859366555,100,3,-0.1962399408436907,1.392479881687382,1.0000000000000047,1.3945073936811636,1.8254171409709639,0.008635536461511778,0.008635536461511778,1.2976967492739462,0,0.0,2.3673129081726074
1,lp,jitter,0.25,1,3,0.001,0.5,1,100,0.0028057379296832774,179,10.0,0.02805737929683277,0.28057379296832774,0.5611475859366555,100,3,-0.1962399408436907,1.392479881687382,1.0000000000000047,1.3945073936811636,1.8254171409709639,0.008635536461511778,0.008635536461511778,1.2976967492739462,0,0.0,0.07704496383666992
1,lprand,jitter,0.25,1,3,0.001,0.5,1,100,0.0028057379296832774,179,10.0,0.02805737929683277,0.28057379296832774,0.5611475859366555,100,3,-0.1962399408436907,1.392479881687382,1.0000000000000047,1.3945073936811636,1.8254171409709639,0.008635536461511778,0.008635536461511778,1.2976967492739462,0,0.0,0.05712485313415527
1,maxentw,jitter,0.25,1,3,0.001,0.5,1,100,0.0028057379296832774,179,10.0,0.02805737929683277,0.28057379296832774,0.5611475859366555,100,3,-0.1962399408436907,1.392479881687382,1.0000000000000047,1.3945073936811636,1.8254171409709639,0.008635536461511778,0.008635536461511778,1.2976967492739462,0,0.0,9.444463014602661
1,minnorm,jitter,0.25,1,5,0.001,0.5,1,100,0.0028057379296832774,179,10.0,0.02805737929683277,0.28057379296832774,0.5611475859366555,0,5,-0.16631055173995435,1.4292175081706788,0.9999999999999997,1.3089461329396335,1.4292175081706786,0.03031795523165176,0.03031795523165176,1.297782120698642,0,0.0,0.008851766586303711
1,projgauss,jitter,0.25,1,5,0.001,0.5,1,100,0.0028057379296832774,179,10.0,0.02805737929683277,0.28057379296832774,0.5611475859366555,0,5,-0.14425322671729515,1.3916973710097365,1.0000000000000002,1.2350378767190824,1.3916973710097365,0.022646944436607516,0.022646944436607516,1.2977510952261726,0,0.0,0.00931406021118164
1,spectral,jitter,0.25,1,5,0.001,0.5,1,100,0.0028057379296832774,179,10.0,0.02805737929683277,0.28057379296832774,0.5611475859366555,0,5,-0.33539905302550094,1.9739059771865899,1.0000000000000004,1.4957663947727577,2.062489378451013,0.016490206573483712,0.016490206573483712,1.2975858637591997,0,0.0,0.030676841735839844
1,spectralg,jitter,0.25,1,5,0.001,0.5,1,100,0.0028057379296832774,179,10.0,0.02805737929683277,0.28057379296832774,0.5611475859366555,0,5,-0.32432403067321985,1.9733257968191815,0.9999999999999982,1.4892519269446727,2.062489378450965,0.016433610922243866,0.016433610922243866,1.2975858637591997,0,0.0,0.026759862899780273
1,molfe,jitter,0.25,1,5,0.001,0.5,1,100,0.0028057379296832774,179,10.0,0.02805737929683277,0.28057379296832774,0.5611475859366555,0,5,-0.07999153909972956,1.198653527912501,1.0096639732164225,32.07597529919043,1.9879785644344772e+42,0.08071256789456882,0.08071256789456882,1.3288376171008305,0,0.0,0.024252891540527344
1,molrk3,jitter,0.25,1,5,0.001,0.5,1,100,0.0028057379296832774,179,10.0,0.02805737929683277,0.28057379296832774,0.5611475859366555,0,5,-0.07897151464021213,1.199553834177679,1.00883113441218,28.489839857628187,4.786587423415552e+38,0.03282355986871166,0.03282355986871166,1.2978565419099264,0,0.0,0.03271293640136719
1,maxent,jitter,0.25,1,5,0.001,0.5,1,100,0.0028057379296832774,179,10.0,0.02805737929683277,0.28057379296832774,0.5611475859366555,100,5,-0.16631055173995435,1.4292175081706788,0.9999999999999997,1.3089461329396335,1.4292175081706786,0.03031795523165176,0.03031795523165176,1.297782120698642,0,0.0,2.2265737056732178
1,lp,jitter,0.25,1,5,0.001,0.5,1,100,0.0028057379296832774,179,10.0,0.02805737929683277,0.28057379296832774,0.5611475859366555,100,5,-0.16631055173995435,1.4292175081706788,0.9999999999999997,1.3089461329396335,1.4292175081706786,0.03031795523165176,0.03031795523165176,1.297782120698642,0,0.0,0.09734606742858887
1,lprand,jitter,0.25,1,5,0.001,0.5,1,100,0.0028057379296832774,179,10.0,0.02805737929683277,0.28057379296832774,0.5611475859366555,100,5,-0.16631055173995435,1.4292175081706788,0.9999999999999997,1.3089461329396335,1.4292175081706786,0.03031795523165176,0.03031795523165176,1.297782120698642,0,0.0,0.09813690185546875
1,maxentw,jitter,0.25,1,5,0.001,0.5,1,100,0.0028057379296832774,179,10.0,0.02805737929683277,0.28057379296832774,0.5611475859366555,100,5,-0.16631055173995435,1.4292175081706788,0.9999999999999997,1.3089461329396335,1.4292175081706786,0.03031795523165176,0.03031795523165176,1.297782120698642,0,0.0,9.350031852722168
1,minnorm,jitter,0.25,1,7,0.001,0.5,1,100,0.0028057379296832774,179,10.0,0.02805737929683277,0.28057379296832774,0.5611475859366555,0,7,-0.14358400099341356,1.436500306130667,1.0000000000000002,1.3164135892844933,1.4365003061306667,0.06580718295297563,0.06580718295297563,1.2980314542728197,0,0.0,0.03840208053588867
1,projgauss,jitter,0.25,1,7,0.001,0.5,1,100,0.0028057379296832774,179,10.0,0.02805737929683277,0.28057379296832774,0.5611475859366555,0,7,-0.08123496018538855,1.267726974985127,0.9999999999999998,1.188722256743778,1.267726974985127,0.029082990198980696,0.029082990198980696,1.2977922466552632,0,0.0,0.013686656951904297
1,spectral,jitter,0.25,1,7,0.001,0.5,1,100,0.0028057379296832774,179,10.0,0.02805737929683277,0.28057379296832774,0.5611475859366555,0,7,-0.31640630313114376,2.122711814025717,1.0000000000000018,1.4461955585809465,2.122711814025717,0.0348697366055657,0.0348697366055657,1.2978179465302806,0,0.0,0.025171756744384766
1,spectralg,jitter,0.25,1,7,0.001,0.5,1,100,0.0028057379296832774,179,10.0,0.02805737929683277,0.28057379296832774,0.5611475859366555,0,7,-0.29072778728709436,2.122711814025717,1.0000000000000033,1.4470597894238577,2.122711814025717,0.034982580168318046,0.034982580168318046,1.2978179465302806,0,0.0,0.03151893615722656
1,molfe,jitter,0.25,1,7,0.001,0.5,1,100,0.0028057379296832774,179,10.0,0.02805737929683277,0.28057379296832774,0.5611475859366555,0,7,-0.039009346578621186,1.1320167000376262,1.0045599192476375,12.095100922204534,1.951089069022556e+20,0.10136714204330421,0.10136714204330421,1.3398375982424415,0,0.0,0.024235010147094727
1,molrk3,jitter,0.25,1,7,0.001,0.5,1,100,0.0028057379296832774,179,10.0,0.02805737929683277,0.28057379296832774,0.5611475859366555,0,7,-0.038601807094642726,1.1335007796434178,1.0044809038632792,11.086022638454649,1.2020070938283218e+20,0.06804548507481262,0.06804548507481262,1.2980480887553418,0,0.0,0.015591859817504883
1,maxent,jitter,0.25,1,7,0.001,0.5,1,100,0.0028057379296832774,179,10.0,0.02805737929683277,0.28057379296832774,0.5611475859366555,100,7,-0.14358400099341356,1.436500306130667,1.0000000000000002,1.3164135892844933,1.4365003061306667,0.06580718295297563,0.06580718295297563,1.2980314542728197,0,0.0,2.188805103302002
1,lp,jitter,0.25,1,7,0.001,0.5,1,100,0.0028057379296832774,179,10.0,0.02805737929683277,0.28057379296832774,0.5611475859366555,100,7,-0.14358400099341356,1.436500306130667,1.0000000000000002,1.3164135892844933,1.4365003061306667,0.06580718295297563,0.06580718295297563,1.2980314542728197,0,0.0,0.08068394660949707
1,lprand,jitter,0.25,1,7,0.001,0.5,1,100,0.0028057379296832774,179,10.0,0.02805737929683277,0.28057379296832774,0.5611475859366555,100,7,-0.14358400099341356,1.436500306130667,1.0000000000000002,1.3164135892844933,1.4365003061306667,0.06580718295297563,0.06580718295297563,1.2980314542728197,0,0.0,0.04541301727294922
1,maxentw,jitter,0.25,1,7,0.001,0.5,1,100,0.0028057379296832774,179,10.0,0.02805737929683277,0.28057379296832774,0.5611475859366555,100,7,-0.14358400099341356,1.436500306130667,1.0000000000000002,1.3164135892844933,1.4365003061306667,0.06580718295297563,0.06580718295297563,1.2980314542728197,0,0.0,9.250324964523315
1,minnorm,jitter,0.25,2,3,0.001,0.5,1,100,0.003070665590250987,163,10.0,0.030706655902509872,0.3070665590250987,0.6141331180501974,0,3,-0.21384525888272776,1.4276905177654549,1.0000000000000078,1.3269683076544978,1.8130268294487744,0.007734897211306296,0.007734897211306296,1.2980710906400557,0,0.0,0.011213064193725586
1,projgauss,jitter,0.25,2,3,0.001,0.5,1,100,0.003070665590250987,163,10.0,0.030706655902509872,0.3070665590250987,0.6141331180501974,0,3,-0.2138452588827277,1.427690517765455,1.0000000000000024,1.3269683076545011,1.8130268294487715,0.00773489721130774,0.00773489721130774,1.2980710906400579,0,0.0,0.019809961318969727
1,spectral,jitter,0.25,2,3,0.001,0.5,1,100,0.003070665590250987,163,10.0,0.030706655902509872,0.3070665590250987,0.6141331180501974,0,3,-0.21384525888272776,1.4276905177654549,1.0000000000000078,1.3269683076544978,1.8130268294487744,0.007734897211306296,0.007734897211306296,1.2980710906400557,0,0.0,0.010438919067382812
1,spectralg,jitter,0.25,2,3,0.001,0.5,1,100,0.003070665590250987,163,10.0,0.030706655902509872,0.3070665590250987,0.6141331180501974,0,3,-0.21384525888272776,1.4276905177654549,1.0000000000000078,1.3269683076544978,1.8130268294487744,0.007734897211306296,0.007734897211306296,1.2980710906400557,0,0.0,0.01025700569152832
1,molfe,jitter,0.25,2,3,0.001,0.5,1,100,0.003070665590250987,163,10.0,0.030706655902509872,0.3070665590250987,0.6141331180501974,0,3,-0.2868485271808011,1.5736970543616025,1.0038224671880698,7.87188806731664,7.48044327244541e+16,0.08211919191346584,0.08211919191346584,1.3298373452706784,0,0.0,0.013669013977050781
1,molrk3,jitter,0.25,2,3,0.001,0.5,1,100,0.003070665590250987,163,10.0,0.030706655902509872,0.3070665590250987,0.6141331180501974,0,3,-0.2693646250322207,1.5392702044145405,1.0000000000000004,2.099221103792429,2.9152518334940014,0.010401567788370758,0.010401567788370758,1.298087145695705,0,0.0,0.021948814392089844
1,maxent,jitter,0.25,2,3,0.001,0.5,1,100,0.003070665590250987,163,10.0,0.030706655902509872,0.3070665590250987,0.6141331180501974,100,3,-0.21384525888272776,1.4276905177654549,1.0000000000000078,1.3269683076544978,1.8130268294487744,0.007734897211306296,0.007734897211306296,1.2980710906400557,0,0.0,2.3106439113616943
1,lp,jitter,0.25,2,3,0.001,0.5,1,100,0.003070665590250987,163,10.0,0.030706655902509872,0.3070665590250987,0.6141331180501974,100,3,-0.21384525888272776,1.4276905177654549,1.0000000000000078,1.3269683076544978,1.8130268294487744,0.007734897211306296,0.007734897211306296,1.2980710906400557,0,0.0,0.09956884384155273
1,lprand,jitter,0.25,2,3,0.001,0.5,1,100,0.003070665590250987,163,10.0,0.030706655902509872,0.3070665590250987,0.6141331180501974,100,3,-0.21384525888272776,1.4276905177654549,1.0000000000000078,1.3269683076544978,1.8130268294487744,0.007734897211306296,0.007734897211306296,1.2980710906400557,0,0.0,0.056600093841552734
1,maxentw,jitter,0.25,2,3,0.001,0.5,1,100,0.003070665590250987,163,10.0,0.030706655902509872,0.3070665590250987,0.6141331180501974,100,3,-0.21384525888272776,1.4276905177654549,1.0000000000000078,1.3269683076544978,1.8130268294487744,0.007734897211306296,0.007734897211306296,1.2980710906400557,0,0.0,8.645487785339355
1,minnorm,jitter,0.25,2,5,0.001,0.5,1,100,0.003070665590250987,163,10.0,0.030706655902509872,0.3070665590250987,0.6141331180501974,0,5,-0.16602616769754924,1.4248081074623418,0.9999999999999996,1.293493929679724,1.4248081074623418,0.029857771083720515,0.029857771083720515,1.2980903972066768,0,0.0,0.01831507682800293
1,projgauss,jitter,0.25,2,5,0.001,0.5,1,100,0.003070665590250987,163,10.0,0.030706655902509872,0.3070665590250987,0.6141331180501974,0,5,-0.14290924753639692,1.381138449242282,1.000000000000003,1.2216493972534463,1.381138449242282,0.021927763032016632,0.021927763032016632,1.298081522109647,0,0.0,0.027094125747680664
1,spectral,jitter,0.25,2,5,0.001,0.5,1,100,0.003070665590250987,163,10.0,0.030706655902509872,0.3070665590250987,0.6141331180501974,0,5,-0.39074694459033654,1.9936477500133438,1.0000000000000004,1.423066954854365,2.17043709073599,0.01540013322504822,0.01540013322504822,1.297926968400584,0,0.0,0.022888898849487305
1,spectralg,jitter,0.25,2,5,0.001,0.5,1,100,0.003070665590250987,163,10.0,0.030706655902509872,0.3070665590250987,0.6141331180501974,0,5,-0.3655219939085783,1.9479160069874244,1.0000000000000022,1.3960532364724156,2.009619356317114,0.015387767755929524,0.015387767755929524,1.2979289601549862,0,0.0,0.02898716926574707
1,molfe,jitter,0.25,2,5,0.001,0.5,1,100,0.003070665590250987,163,10.0,0.030706655902509872,0.3070665590250987,0.6141331180501974,0,5,-0.08729673249193548,1.2267839857142089,1.010134741104417,30.78669413003136,1.6984356112376295e+44,0.08911035825432712,0.08911035825432712,1.3357692718217065,0,0.0,0.017914772033691406
1,molrk3,jitter,0.25,2,5,0.001,0.5,1,100,0.003070665590250987,163,10.0,0.030706655902509872,0.3070665590250987,0.6141331180501974,0,5,-0.08551612911350896,1.2287956770094848,1.0087576527014794,27.04876404425698,3.3540814306275526e+38,0.033278410552541854,0.033278410552541854,1.2982514760907409,0,0.0,0.030192852020263672
1,maxent,jitter,0.25,2,5,0.001,0.5,1,100,0.003070665590250987,163,10.0,0.030706655902509872,0.3070665590250987,0.6141331180501974,100,5,-0.16602616769754924,1.4248081074623418,0.9999999999999996,1.293493929679724,1.4248081074623418,0.029857771083720515,0.029857771083720515,1.2980903972066768,0,0.0,2.229591131210327
1,lp,jitter,0.25,2,5,0.001,0.5,1,100,0.003070665590250987,163,10.0,0.030706655902509872,0.3070665590250987,0.6141331180501974,100,5,-0.16602616769754924,1.4248081074623418,0.9999999999999996,1.293493929679724,1.4248081074623418,0.029857771083720515,0.029857771083720515,1.2980903972066768,0,0.0,0.09014606475830078
1,lprand,jitter,0.25,2,5,0.001,0.5,1,100,0.003070665590250987,163,10.0,0.030706655902509872,0.3070665590250987,0.6141331180501974,100,5,-0.16602616769754924,1.4248081074623418,0.9999999999999996,1.293493929679724,1.4248081074623418,0.029857771083720515,0.029857771083720515,1.2980903972066768,0,0.0,0.0830230712890625
1,maxentw,jitter,0.25,2,5,0.001,0.5,1,100,0.003070665590250987,163,10.0,0.030706655902509872,0.3070665590250987,0.6141331180501974,100,5,-0.16602616769754924,1.4248081074623418,0.9999999999999996,1.293493929679724,1.4248081074623418,0.029857771083720515,0.029857771083720515,1.2980903972066768,0,0.0,9.13170313835144
1,minnorm,jitter,0.25,2,7,0.001,0.5,1,100,0.003070665590250987,163,10.0,0.030706655902509872,0.3070665590250987,0.6141331180501974,0,7,-0.1540515162481187,1.4282745760675224,1.0,1.3318288432335046,1.4282745760675222,0.06480489430207048,0.06480489430207048,1.298105717689455,0,0.0,0.014219045639038086
1,projgauss,jitter,0.25,2,7,0.001,0.5,1,100,0.003070665590250987,163,10.0,0.030706655902509872,0.3070665590250987,0.6141331180501974,0,7,-0.088677701111285,1.2676598615464636,1.0000000000000002,1.189892515997717,1.2676598615464636,0.028107408096540998,0.028107408096540998,1.2981064511635652,0,0.0,0.03193497657775879
1,spectral,jitter,0.25,2,7,0.001,0.5,1,100,0.003070665590250987,163,10.0,0.030706655902509872,0.3070665590250987,0.6141331180501974,0,7,-0.3592778640366002,2.335896175928598,0.9999999999999968,1.3850451230684262,2.3358961759285974,0.030840398589878526,0.030840398589878526,1.2981829631938568,0,0.0,0.015234947204589844
1,spectralg,jitter,0.25,2,7,0.001,0.5,1,100,0.003070665590250987,163,10.0,0.030706655902509872,0.3070665590250987,0.6141331180501974,0,7,-0.3349577307757756,2.284464201006234,1.0000000000000027,1.3853265161681159,2.2844642010062337,0.03065765152208605,0.03065765152208605,1.2981843015619534,0,0.0,0.034544944763183594
1,molfe,jitter,0.25,2,7,0.001,0.5,1,100,0.003070665590250987,163,10.0,0.030706655902509872,0.3070665590250987,0.6141331180501974,0,7,-0.04252189989462911,1.1421611816432664,1.0056143159859356,13.987905211514757,7.268880346483516e+24,0.10724270439525929,0.10724270439525929,1.3470799766298642,0,0.0,0.009221315383911133
1,molrk3,jitter,0.25,2,7,0.001,0.5,1,100,0.003070665590250987,163,10.0,0.030706655902509872,0.3070665590250987,0.6141331180501974,0,7,-0.04214622166882268,1.1442256392836132,1.0055476047156542,13.02261273548661,5.68189233136417e+24,0.06697110008103316,0.06697110008103316,1.2984666679932675,0,0.0,0.009299993515014648
1,maxent,jitter,0.25,2,7,0.001,0.5,1,100,0.003070665590250987,163,10.0,0.030706655902509872,0.3070665590250987,0.6141331180501974,100,7,-0.1540515162481187,1.4282745760675224,1.0,1.3318288432335046,1.4282745760675222,0.06480489430207048,0.06480489430207048,1.298105717689455,0,0.0,2.3368167877197266
1,lp,jitter,0.25,2,7,0.001,0.5,1,100,0.003070665590250987,163,10.0,0.030706655902509872,0.3070665590250987,0.6141331180501974,100,7,-0.1540515162481187,1.4282745760675224,1.0,1.3318288432335046,1.4282745760675222,0.06480489430207048,0.06480489430207048,1.298105717689455,0,0.0,0.10218286514282227
1,lprand,jitter,0.25,2,7,0.001,0.5,1,100,0.003070665590250987,163,10.0,0.030706655902509872,0.3070665590250987,0.6141331180501974,100,7,-0.1540515162481187,1.4282745760675224,1.0,1.3318288432335046,1.4282745760675222,0.06480489430207048,0.06480489430207048,1.298105717689455,0,0.0,0.05914306640625
1,maxentw,jitter,0.25,2,7,0.001,0.5,1,100,0.003070665590250987,163,10.0,0.030706655902509872,0.3070665590250987,0.6141331180501974,100,7,-0.1540515162481187,1.4282745760675224,1.0,1.3318288432335046,1.4282745760675222,0.06480489430207048,0.06480489430207048,1.298105717689455,0,0.0,9.077945947647095
1,minnorm,jitter,0.45,0,3,0.001,0.5,1,100,0.0005048251957384874,991,10.0,0.005048251957384874,0.050482519573848736,0.14210210353664543,0,3,-0.48981792760753345,1.9796358552150664,1.004020748724723,756209.4873095768,5.322134889860247e+20,33.200624126428615,33.200624126428615,33.1944826379095,1,0.0,0.013492107391357422
1,projgauss,jitter,0.45,0,3,0.001,0.5,1,100,0.0005048251957384874,991,10.0,0.005048251957384874,0.050482519573848736,0.14210210353664543,0,3,-0.4898179276075346,1.9796358552150681,1.0040207487246862,756209.4870900754,5.3221348659089775e+20,33.20062412488715,33.20062412488715,33.194482636368036,1,0.0,0.028059959411621094
1,spectral,jitter,0.45,0,3,0.001,0.5,1,100,0.0005048251957384874,991,10.0,0.005048251957384874,0.050482519573848736,0.14210210353664543,0,3,-0.48981792760753345,1.9796358552150664,1.004020748724723,756209.4873095768,5.322134889860247e+20,33.200624126428615,33.200624126428615,33.1944826379095,1,0.0,0.014137983322143555
1,spectralg,jitter,0.45,0,3,0.001,0.5,1,100,0.0005048251957384874,991,10.0,0.005048251957384874,0.050482519573848736,0.14210210353664543,0,3,-0.48981792760753345,1.9796358552150664,1.004020748724723,756209.4873095768,5.322134889860247e+20,33.200624126428615,33.200624126428615,33.1944826379095,1,0.0,0.03690338134765625
1,molfe,jitter,0.45,0,3,0.001,0.5,1,100,0.0005048251957384874,991,10.0,0.005048251957384874,0.050482519573848736,0.14210210353664543,0,3,-0.4725144924753509,1.945028984950702,1.0053916347847525,1441362.4314839935,3.444807859139401e+26,106.54672553664679,106.54672553664679,106.54058404812768,1,0.0,0.01895594596862793
1,molrk3,jitter,0.45,0,3,0.001,0.5,1,100,0.0005048251957384874,991,10.0,0.005048251957384874,0.050482519573848736,0.14210210353664543,0,3,-0.48981792760753384,1.9796358552150677,1.0054000931289113,1460713.3935396997,4.1190126286296885e+26,108.38813856989046,108.38813856989046,108.38199708137135,1,0.0,0.02434825897216797
1,maxent,jitter,0.45,0,3,0.001,0.5,1,100,0.0005048251957384874,991,10.0,0.005048251957384874,0.050482519573848736,0.14210210353664543,99,3,-0.48981792760753345,1.9796358552150664,1.0040207487247097,756209.4889067311,5.322134889860247e+20,33.200624126428615,33.200624126428615,33.1944826379095,1,0.0,2.316248893737793
1,lp,jitter,0.45,0,3,0.001,0.5,1,100,0.0005048251957384874,991,10.0,0.005048251957384874,0.050482519573848736,0.14210210353664543,99,3,-0.48981792760753345,1.9796358552150664,1.004020748724737,756209.4874272922,5.322134889860247e+20,33.200624126428615,33.200624126428615,33.1944826379095,1,0.0,0.06974220275878906
1,lprand,jitter,0.45,0,3,0.001,0.5,1,100,0.0005048251957384874,991,10.0,0.005048251957384874,0.050482519573848736,0.14210210353664543,99,3,-0.48981792760753345,1.9796358552150664,1.004020748724737,756209.4874272922,5.322134889860247e+20,33.200624126428615,33.200624126428615,33.1944826379095,1,0.0,0.08750796318054199
1,maxentw,jitter,0.45,0,3,0.001,0.5,1,100,0.0005048251957384874,991,10.0,0.005048251957384874,0.050482519573848736,0.14210210353664543,99,3,-0.48981792760753345,1.9796358552150664,1.0040207487247097,756209.4889067311,5.322134889860247e+20,33.200624126428615,33.200624126428615,33.1944826379095,1,0.0,9.686277151107788
1,minnorm,jitter,0.45,0,5,0.001,0.5,1,100,0.0005048251957384874,991,10.0,0.005048251957384874,0.050482519573848736,0.14210210353664543,0,5,-0.19487464226848328,1.5871803101330495,0.9999999999999982,1.3581256214351316,1.6256116769629725,0.0401329135337718,0.0401329135337718,1.298060407988878,0,0.0,0.017985105514526367
1,projgauss,jitter,0.45,0,5,0.001,0.5,1,100,0.0005048251957384874,991,10.0,0.005048251957384874,0.050482519573848736,0.14210210353664543,0,5,-0.16910370468265146,1.5101620097498842,1.000000000000003,1.294732540598479,1.5101620097498845,0.031257778528616054,0.031257778528616054,1.2980479563331553,0,0.0,0.014306068420410156
1,spectral,jitter,0.45,0,5,0.001,0.5,1,100,0.0005048251957384874,991,10.0,0.005048251957384874,0.050482519573848736,0.14210210353664543,0,5,-0.2836273296879311,1.5778389410837372,0.9999999999999982,2.7124259103197517,5.919570996576485,0.014437079648576573,0.014437079648576573,1.297878621719709,0,0.0,0.018648862838745117
1,spectralg,jitter,0.45,0,5,0.001,0.5,1,100,0.0005048251957384874,991,10.0,0.005048251957384874,0.050482519573848736,0.14210210353664543,0,5,-0.2836273296879311,1.5778389410837372,0.9999999999999991,1.8533897358961955,4.423689504705651,0.011636541951596469,0.011636541951596469,1.2978798626854766,0,0.0,0.08741974830627441
1,molfe,jitter,0.45,0,5,0.001,0.5,1,100,0.0005048251957384874,991,10.0,0.005048251957384874,0.050482519573848736,0.14210210353664543,0,5,-0.024233794762111068,1.061980789583168,1.0025592765555484,1343.100559716366,627869037195.5625,0.0769135243144832,0.0769135243144832,1.2985288415712277,0,0.0,0.03227496147155762
1,molrk3,jitter,0.45,0,5,0.001,0.5,1,100,0.0005048251957384874,991,10.0,0.005048251957384874,0.050482519573848736,0.14210210353664543,0,5,-0.02429512025677192,1.0620730772359606,1.0025625542976278,1350.7167367255104,648734760810.3536,0.08126464559181876,0.08126464559181876,1.2982859438897814,0,0.0,0.01783013343811035
1,maxent,jitter,0.45,0,5,0.001,0.5,1,100,0.0005048251957384874,991,10.0,0.005048251957384874,0.050482519573848736,0.14210210353664543,99,5,-0.19487464226848328,1.5871803101330495,1.0000000000000002,1.3508290732233001,1.6256914768160864,0.040130662829386265,0.040130662829386265,1.2980600502224817,0,0.0,2.6369199752807617
1,lp,jitter,0.45,0,5,0.001,0.5,1,100,0.0005048251957384874,991,10.0,0.005048251957384874,0.050482519573848736,0.14210210353664543,99,5,-0.19487464226848328,1.5871803101330495,1.0000000000000022,1.3505220984044943,1.6256980441645623,0.04013034607071719,0.04013034607071719,1.2980600324158647,0,0.0,0.11230015754699707
1,lprand,jitter,0.45,0,5,0.001,0.5,1,100,0.0005048251957384874,991,10.0,0.005048251957384874,0.050482519573848736,0.14210210353664543,99,5,-0.19487464226848328,1.5871803101330495,1.000000000000002,1.3508364784605642,1.6256913229896057,0.04013067227519773,0.04013067227519773,1.2980600506460092,0,0.0,0.08025193214416504
1,maxentw,jitter,0.45,0,5,0.001,0.5,1,100,0.0005048251957384874,991,10.0,0.005048251957384874,0.050482519573848736,0.14210210353664543,99,5,-0.19487464226848328,1.5871803101330495,1.0000000000000002,1.3508290732233001,1.6256914768160864,0.040130662829386265,0.040130662829386265,1.2980600502224817,0,0.0,9.625272989273071
1,minnorm,jitter,0.45,0,7,0.001,0.5,1,100,0.0005048251957384874,991,10.0,0.005048251957384874,0.050482519573848736,0.14210210353664543,0,7,-0.18479944999733108,1.5265132605133636,1.0000000000000002,1.3361384076071954,1.5265132605133633,0.11039226217944398,0.11039226217944398,1.2978331282810527,0,0.0,0.04348587989807129
1,projgauss,jitter,0.45,0,7,0.001,0.5,1,100,0.0005048251957384874,991,10.0,0.005048251957384874,0.050482519573848736,0.14210210353664543,0,7,-0.10672577769231383,1.3527821322734068,1.0000000000000027,1.3018049426725213,1.4439622161200576,0.05509082179165725,0.05509082179165725,1.2977723869511395,0,0.0,0.027505159378051758
1,spectral,jitter,0.45,0,7,0.001,0.5,1,100,0.0005048251957384874,991,10.0,0.005048251957384874,0.050482519573848736,0.14210210353664543,0,7,-0.2848183249986988,1.7410146088212708,0.9999999999999997,2.9904846964741942,6.915935346905629,0.033254650399638486,0.033259244154632495,1.2983701520284434,0,0.0,0.030415058135986328
1,spectralg,jitter,0.45,0,7,0.001,0.5,1,100,0.0005048251957384874,991,10.0,0.005048251957384874,0.050482519573848736,0.14210210353664543,0,7,-0.2848183249986988,1.7385378599619308,1.000000000000001,2.4936381031538812,6.623221690909998,0.039427473826380066,0.03946404700353501,1.2983780330718533,0,0.0,0.10302472114562988
1,molfe,jitter,0.45,0,7,0.001,0.5,1,100,0.0005048251957384874,991,10.0,0.005048251957384874,0.050482519573848736,0.14210210353664543,0,7,-0.012615129714796473,1.0323780191962644,1.0015179028922423,79.70496840915064,103459410.63916638,0.0684844758059219,0.0684844758059219,1.2987096598552703,0,0.0,0.01388692855834961
1,molrk3,jitter,0.45,0,7,0.001,0.5,1,100,0.0005048251957384874,991,10.0,0.005048251957384874,0.050482519573848736,0.14210210353664543,0,7,-0.012612522002691143,1.0324307973792894,1.0015187013526707,79.76524910416376,104693775.51839082,0.06707585293910431,0.06708257321286223,1.2984696146600703,0,0.0,0.0369718074798584
1,maxent,jitter,0.45,0,7,0.001,0.5,1,100,0.0005048251957384874,991,10.0,0.005048251957384874,0.050482519573848736,0.14210210353664543,99,7,-0.18479944999733108,1.5265132605133636,1.0000000000000013,1.339109032248138,1.5265132605133633,0.1103731767787477,0.1103731767787477,1.297807371500194,0,0.0,2.512571096420288
1,lp,jitter,0.45,0,7,0.001,0.5,1,100,0.0005048251957384874,991,10.0,0.005048251957384874,0.050482519573848736,0.14210210353664543,99,7,-0.18479944999733108,1.5265132605133636,1.0000000000000004,1.3391058695745677,1.5265132605133633,0.1103736475812731,0.1103736475812731,1.2978074436101927,0,0.0,0.09011197090148926
1,lprand,jitter,0.45,0,7,0.001,0.5,1,100,0.0005048251957384874,991,10.0,0.005048251957384874,0.050482519573848736,0.14210210353664543,99,7,-0.18479944999733108,1.5265132605133636,1.0000000000000007,1.3390103966767593,1.5265132605133633,0.11037863680107063,0.11037863680107063,1.2978084964412033,0,0.0,0.10392904281616211
1,maxentw,jitter,0.45,0,7,0.001,0.5,1,100,0.0005048251957384874,991,10.0,0.005048251957384874,0.050482519573848736,0.14210210353664543,99,7,-0.18479944999733108,1.5265132605133636,1.0000000000000013,1.339109032248138,1.5265132605133633,0.1103731767787477,0.1103731767787477,1.297807371500194,0,0.0,9.334164142608643
1,minnorm,jitter,0.45,1,3,0.001,0.5,1,100,0.0010503282734298791,477,10.0,0.01050328273429879,0.10503282734298791,0.21006565468597582,0,3,-0.42891045937082606,1.8578209187416526,1.0178891889708501,2592126.636282659,5.6439700624677794e+79,289.5096175888612,289.5096175888612,289.48556661503756,1,0.0,0.011086702346801758
1,projgauss,jitter,0.45,1,3,0.001,0.5,1,100,0.0010503282734298791,477,10.0,0.01050328273429879,0.10503282734298791,0.21006565468597582,0,3,-0.42891045937082634,1.8578209187416526,1.0178891889708779,2592126.6361614773,5.6439700719840824e+79,289.50961759605144,289.50961759605144,289.4855666222278,1,0.0,0.024944782257080078
1,spectral,jitter,0.45,1,3,0.001,0.5,1,100,0.0010503282734298791,477,10.0,0.01050328273429879,0.10503282734298791,0.21006565468597582,0,3,-0.42891045937082606,1.8578209187416526,1.0178891889708501,2592126.636282659,5.6439700624677794e+79,289.5096175888612,289.5096175888612,289.48556661503756,1,0.0,0.014345169067382812
1,spectralg,jitter,0.45,1,3,0.001,0.5,1,100,0.0010503282734298791,477,10.0,0.01050328273429879,0.10503282734298791,0.21006565468597582,0,3,-0.42891045937082606,1.8578209187416526,1.0178891889708501,2592126.636282659,5.6439700624677794e+79,289.5096175888612,289.5096175888612,289.48556661503756,1,0.0,0.012047052383422852
1,molfe,jitter,0.45,1,3,0.001,0.5,1,100,0.0010503282734298791,477,10.0,0.01050328273429879,0.10503282734298791,0.21006565468597582,0,3,-0.40171151478647704,1.803423029572954,1.0245302574197115,48141750.82067386,8.096788952077284e+107,4054.931182373982,4054.931182373982,4054.9071314001585,1,0.0,0.011399984359741211
1,molrk3,jitter,0.45,1,3,0.001,0.5,1,100,0.0010503282734298791,477,10.0,0.01050328273429879,0.10503282734298791,0.21006565468597582,0,3,-0.428910459370825,1.8578209187416501,1.0248335842972671,55439554.97497102,1.5628367779796145e+109,4673.28967735312,4673.28967735312,4673.265626379297,1,0.0,0.015619754791259766
1,maxent,jitter,0.45,1,3,0.001,0.5,1,100,0.0010503282734298791,477,10.0,0.01050328273429879,0.10503282734298791,0.21006565468597582,97,3,-0.42891045937082606,1.8578209187416526,1.017889188970889,2592126.636282659,5.6439700624677794e+79,289.5096175888612,289.5096175888612,289.48556661503756,1,0.0,2.1866819858551025
1,lp,jitter,0.45,1,3,0.001,0.5,1,100,0.0010503282734298791,477,10.0,0.01050328273429879,0.10503282734298791,0.21006565468597582,97,3,-0.42891045937082606,1.8578209187416526,1.0178891889707562,2592126.636282659,5.6439700624677794e+79,289.5096175888612,289.5096175888612,289.48556661503756,1,0.0,0.08429813385009766
1,lprand,jitter,0.45,1,3,0.001,0.5,1,100,0.0010503282734298791,477,10.0,0.01050328273429879,0.10503282734298791,0.21006565468597582,97,3,-0.42891045937082606,1.8578209187416526,1.01788918897075,2592126.636282659,5.6439700624677794e+79,289.5096175888612,289.5096175888612,289.48556661503756,1,0.0,0.07104182243347168
1,maxentw,jitter,0.45,1,3,0.001,0.5,1,100,0.0010503282734298791,477,10.0,0.01050328273429879,0.10503282734298791,0.21006565468597582,97,3,-0.42891045937082606,1.8578209187416526,1.017889188970889,2592126.636282659,5.6439700624677794e+79,289.5096175888612,289.5096175888612,289.48556661503756,1,0.0,8.879149675369263
1,minnorm,jitter,0.45,1,5,0.001,0.5,1,100,0.0010503282734298791,477,10.0,0.01050328273429879,0.10503282734298791,0.21006565468597582,0,5,-0.19470830583981644,1.5281873263170775,0.9999999999999958,1.4229156497596764,1.6747244863381634,0.04273138580867886,0.04273138580867886,1.2972856151284018,0,0.0,0.014783859252929688
1,projgauss,jitter,0.45,1,5,0.001,0.5,1,100,0.0010503282734298791,477,10.0,0.01050328273429879,0.10503282734298791,0.21006565468597582,0,5,-0.18036932083872848,1.441548733026503,1.000000000000003,1.4379747345066858,1.6058932520851106,0.034394375739904226,0.034394375739904226,1.297315398439563,0,0.0,0.024960994720458984
1,spectral,jitter,0.45,1,5,0.001,0.5,1,100,0.0010503282734298791,477,10.0,0.01050328273429879,0.10503282734298791,0.21006565468597582,0,5,-0.4240841329313311,1.8918905592505917,0.9999999999999974,2.2689397912231732,4.551931849234435,0.014257092476225752,0.014257092476225752,1.2977566565105332,0,0.0,0.03099536895751953
1,spectralg,jitter,0.45,1,5,0.001,0.5,1,100,0.0010503282734298791,477,10.0,0.01050328273429879,0.10503282734298791,0.21006565468597582,0,5,-0.4240841329313311,1.8918905592505917,0.9999999999999983,1.8403964405829445,3.5882962542085686,0.012781712879011198,0.012781712879011198,1.2977586147841949,0,0.0,0.06520724296569824
1,molfe,jitter,0.45,1,5,0.001,0.5,1,100,0.0010503282734298791,477,10.0,0.01050328273429879,0.10503282734298791,0.21006565468597582,0,5,-0.061853183614129836,1.132378496867781,1.0088182294653212,797.6415796427204,1.6411587906589913e+39,0.13725712499325748,0.13725712499325748,1.3143900792701786,0,0.0,0.011235713958740234
1,molrk3,jitter,0.45,1,5,0.001,0.5,1,100,0.0010503282734298791,477,10.0,0.01050328273429879,0.10503282734298791,0.21006565468597582,0,5,-0.06204282125713419,1.1328282771371296,1.0088572243367475,812.4508550656374,2.415569836367524e+39,0.12428840819254039,0.12428840819254039,1.2974799076007306,0,0.0,0.024902820587158203
1,maxent,jitter,0.45,1,5,0.001,0.5,1,100,0.0010503282734298791,477,10.0,0.01050328273429879,0.10503282734298791,0.21006565468597582,97,5,-0.19470830583981644,1.5281873263170775,0.9999999999999989,1.4077925942966998,1.6709118262292606,0.04252299766668352,0.04252299766668352,1.2972856125237737,0,0.0,2.241703987121582
1,lp,jitter,0.45,1,5,0.001,0.5,1,100,0.0010503282734298791,477,10.0,0.01050328273429879,0.10503282734298791,0.21006565468597582,97,5,-0.19470830583981644,1.5281873263170775,1.0000000000000009,1.4078524468050952,1.670800680570873,0.04251612868974167,0.04251612868974167,1.297285612476169,0,0.0,0.06249499320983887
1,lprand,jitter,0.45,1,5,0.001,0.5,1,100,0.0010503282734298791,477,10.0,0.01050328273429879,0.10503282734298791,0.21006565468597582,97,5,-0.19470830583981644,1.5281873263170775,1.000000000000001,1.4077913770399573,1.670918014763801,0.04251758531731473,0.04251758531731473,1.2972856125266177,0,0.0,0.08624911308288574
1,maxentw,jitter,0.45,1,5,0.001,0.5,1,100,0.0010503282734298791,477,10.0,0.01050328273429879,0.10503282734298791,0.21006565468597582,97,5,-0.19470830583981644,1.5281873263170775,0.9999999999999989,1.4077925942966998,1.6709118262292606,0.04252299766668352,0.04252299766668352,1.2972856125237737,0,0.0,8.604786396026611
1,minnorm,jitter,0.45,1,7,0.001,0.5,1,100,0.0010503282734298791,477,10.0,0.01050328273429879,0.10503282734298791,0.21006565468597582,0,7,-0.16237628626280762,1.5251980628103625,0.9999999999999986,1.287166230104084,1.5251980628103627,0.08272609212630011,0.08272609212630011,1.2963241406828492,0,0.0,0.011401891708374023
1,projgauss,jitter,0.45,1,7,0.001,0.5,1,100,0.0010503282734298791,477,10.0,0.01050328273429879,0.10503282734298791,0.21006565468597582,0,7,-0.10364072300616398,1.337360146354432,1.0000000000000024,1.2104551743574288,1.337360146354432,0.04302024449855846,0.04302024449855846,1.2969773843945105,0,0.0,0.048309326171875
1,spectral,jitter,0.45,1,7,0.001,0.5,1,100,0.0010503282734298791,477,10.0,0.01050328273429879,0.10503282734298791,0.21006565468597582,0,7,-0.4189628134346208,1.946170905804901,1.0000000000000002,2.532241303868824,4.649325355290903,0.04824454024252907,0.04824454024252907,1.2973125106733405,0,0.0,0.05040621757507324
1,spectralg,jitter,0.45,1,7,0.001,0.5,1,100,0.0010503282734298791,477,10.0,0.01050328273429879,0.10503282734298791,0.21006565468597582,0,7,-0.4160689221994163,1.9401133730842033,1.0000000000000007,2.168636166824591,4.755764190585089,0.05175862458512119,0.05175862458512119,1.2972830546204417,0,0.0,0.13201689720153809
1,molfe,jitter,0.45,1,7,0.001,0.5,1,100,0.0010503282734298791,477,10.0,0.01050328273429879,0.10503282734298791,0.21006565468597582,0,7,-0.01862186808927287,1.0629900450052552,1.003591056375214,64.63996614428406,4.049775759029461e+16,0.07327108590679698,0.07327108590679698,1.3001132533536528,0,0.0,0.02316904067993164
1,molrk3,jitter,0.45,1,7,0.001,0.5,1,100,0.0010503282734298791,477,10.0,0.01050328273429879,0.10503282734298791,0.21006565468597582,0,7,-0.01870740612142661,1.0631969802806382,1.0035975119363465,64.41378379363373,4.3185625759550216e+16,0.06819251016336064,0.06819251016336064,1.2978280095503443,0,0.0,0.017597198486328125
1,maxent,jitter,0.45,1,7,0.001,0.5,1,100,0.0010503282734298791,477,10.0,0.01050328273429879,0.10503282734298791,0.21006565468597582,97,7,-0.16237628626280762,1.5251980628103625,0.9999999999999994,1.2982084949534605,1.5251980628103627,0.07489733183373304,0.07489733183373304,1.296324188181378,0,0.0,2.2917771339416504
1,lp,jitter,0.45,1,7,0.001,0.5,1,100,0.0010503282734298791,477,10.0,0.01050328273429879,0.10503282734298791,0.21006565468597582,97,7,-0.16237628626280762,1.5251980628103625,1.0,1.298297652040561,1.5251980628103627,0.0750282255843625,0.0750282255843625,1.2963241882134018,0,0.0,0.08730411529541016
1,lprand,jitter,0.45,1,7,0.001,0.5,1,100,0.0010503282734298791,477,10.0,0.01050328273429879,0.10503282734298791,0.21006565468597582,97,7,-0.16237628626280762,1.5251980628103625,0.999999999999997,1.2981008177729618,1.5251980628103627,0.0747761855516283,0.0747761855516283,1.2963241877059928,0,0.0,0.10354995727539062
1,maxentw,jitter,0.45,1,7,0.001,0.5,1,100,0.0010503282734298791,477,10.0,0.01050328273429879,0.10503282734298791,0.21006565468597582,97,7,-0.16237628626280762,1.5251980628103625,0.9999999999999994,1.2982084949534605,1.5251980628103627,0.07489733183373304,0.07489733183373304,1.296324188181378,0,0.0,8.772986888885498
1,minnorm,jitter,0.45,2,3,0.001,0.5,1,100,0.0015271980624517179,328,10.0,0.015271980624517179,0.15271980624517179,0.30543961249034357,0,3,-0.8775330007346058,2.7550660014692108,1.0009972289294253,38755.637647493466,4435505521.171568,11.442757585450863,11.442757585450863,11.894199149277764,1,0.0,0.008289813995361328
1,projgauss,jitter,0.45,2,3,0.001,0.5,1,100,0.0015271980624517179,328,10.0,0.015271980624517179,0.15271980624517179,0.30543961249034357,0,3,-0.8775330007346057,2.755066001469209,1.000997228927133,38755.63761907023,4375928410.589172,11.442757585436434,11.442757585436434,11.894199149263335,1,0.0,0.012694835662841797
1,spectral,jitter,0.45,2,3,0.001,0.5,1,100,0.0015271980624517179,328,10.0,0.015271980624517179,0.15271980624517179,0.30543961249034357,0,3,-0.8775330007346058,2.7550660014692108,1.0009972289294253,38755.637647493466,4435505521.171568,11.442757585450863,11.442757585450863,11.894199149277764,1,0.0,0.008971214294433594
1,spectralg,jitter,0.45,2,3,0.001,0.5,1,100,0.0015271980624517179,328,10.0,0.015271980624517179,0.15271980624517179,0.30543961249034357,0,3,-0.8775330007346058,2.7550660014692108,1.0009972289294253,38755.637647493466,4435505521.171568,11.442757585450863,11.442757585450863,11.894199149277764,1,0.0,0.01000666618347168
1,molfe,jitter,0.45,2,3,0.001,0.5,1,100,0.0015271980624517179,328,10.0,0.015271980624517179,0.15271980624517179,0.30543961249034357,0,3,-0.7899299594621433,2.579859918924286,1.0103788721334568,80479.61285913415,2.755613401533364e+48,11.40262234012282,11.40262234012282,11.85406390394972,1,0.0,0.009780168533325195
1,molrk3,jitter,0.45,2,3,0.001,0.5,1,100,0.0015271980624517179,328,10.0,0.015271980624517179,0.15271980624517179,0.30543961249034357,0,3,-0.8775330007346046,2.755066001469208,1.0104329189636603,82133.91616915437,4.704604208361774e+48,11.442757585476588,11.442757585476588,11.894199149303489,1,0.0,0.009837150573730469
1,maxent,jitter,0.45,2,3,0.001,0.5,1,100,0.0015271980624517179,328,10.0,0.015271980624517179,0.15271980624517179,0.30543961249034357,96,3,-0.8775330007346058,2.7550660014692108,1.0009972289333182,38755.637648333795,4711430410.764644,11.442757585499079,11.442757585499079,11.89419914932598,1,0.0,2.2688512802124023
1,lp,jitter,0.45,2,3,0.001,0.5,1,100,0.0015271980624517179,328,10.0,0.015271980624517179,0.15271980624517179,0.30543961249034357,96,3,-0.8775330007346058,2.7550660014692108,1.0009972289364664,38755.637626674514,4128538445.770985,11.442757585476267,11.442757585476267,11.894199149303168,1,0.0,0.07312774658203125
1,lprand,jitter,0.45,2,3,0.001,0.5,1,100,0.0015271980624517179,328,10.0,0.015271980624517179,0.15271980624517179,0.30543961249034357,96,3,-0.8775330007346058,2.7550660014692108,1.0009972289364664,38755.637626674514,4128538445.770985,11.442757585476267,11.442757585476267,11.894199149303168,1,0.0,0.07087588310241699
1,maxentw,jitter,0.45,2,3,0.001,0.5,1,100,0.0015271980624517179,328,10.0,0.015271980624517179,0.15271980624517179,0.30543961249034357,96,3,-0.8775330007346058,2.7550660014692108,1.0009972289333182,38755.637648333795,4711430410.764644,11.442757585499079,11.442757585499079,11.89419914932598,1,0.0,7.50456976890564
1,minnorm,jitter,0.45,2,5,0.001,0.5,1,100,0.0015271980624517179,328,10.0,0.015271980624517179,0.15271980624517179,0.30543961249034357,0,5,-0.19879076242064644,1.5621449115471377,0.9999999999999979,1.3606638597995881,1.563564830574045,0.031277522819496584,0.031277522819496584,1.298439116574961,0,0.0,0.007795095443725586
1,projgauss,jitter,0.45,2,5,0.001,0.5,1,100,0.0015271980624517179,328,10.0,0.015271980624517179,0.15271980624517179,0.30543961249034357,0,5,-0.17990338099014475,1.5157741886801508,1.000000000000001,1.3117371870066898,1.5157741886801508,0.02456853938104564,0.024586860046031056,1.298391240815775,0,0.0,0.008572101593017578
1,spectral,jitter,0.45,2,5,0.001,0.5,1,100,0.0015271980624517179,328,10.0,0.015271980624517179,0.15271980624517179,0.30543961249034357,0,5,-0.49578427439000095,2.0859725621832057,0.9999999999999987,2.13054343164773,4.294129823904241,0.013112487029374731,0.013112487029374731,1.2981907340660086,0,0.0,0.013048887252807617
1,spectralg,jitter,0.45,2,5,0.001,0.5,1,100,0.0015271980624517179,328,10.0,0.015271980624517179,0.15271980624517179,0.30543961249034357,0,5,-0.3680778822109348,1.8794303976153672,1.0000000000000009,1.6234841262191042,2.79821824826838,0.01171902277832091,0.01171902277832091,1.2981987278120282,0,0.0,0.03916287422180176
1,molfe,jitter,0.45,2,5,0.001,0.5,1,100,0.0015271980624517179,328,10.0,0.015271980624517179,0.15271980624517179,0.30543961249034357,0,5,-0.08471186899868673,1.209532738595236,1.0101255608162765,166.94632124007177,2.1921843456051698e+44,0.05955284516634918,0.05955284516634918,1.3078689913841397,0,0.0,0.007771015167236328
1,molrk3,jitter,0.45,2,5,0.001,0.5,1,100,0.0015271980624517179,328,10.0,0.015271980624517179,0.15271980624517179,0.30543961249034357,0,5,-0.08419802789166941,1.2023865704173125,1.0096221603227145,164.17290611375347,1.433772284519621e+42,0.039729666254440923,0.039729666254440923,1.298173500654114,0,0.0,0.007786989212036133
1,maxent,jitter,0.45,2,5,0.001,0.5,1,100,0.0015271980624517179,328,10.0,0.015271980624517179,0.15271980624517179,0.30543961249034357,96,5,-0.19879076242064644,1.5621449115471377,0.9999999999999992,1.381471014471532,1.5621449115471377,0.029186198557372367,0.029186198557372367,1.2984137951766235,0,0.0,1.45522141456604
1,lp,jitter,0.45,2,5,0.001,0.5,1,100,0.0015271980624517179,328,10.0,0.015271980624517179,0.15271980624517179,0.30543961249034357,96,5,-0.19879076242064644,1.5621449115471377,0.9999999999999982,1.3805063176209686,1.5621449115471377,0.02917498062445656,0.02917498062445656,1.2984127989421048,0,0.0,0.046544790267944336
1,lprand,jitter,0.45,2,5,0.001,0.5,1,100,0.0015271980624517179,328,10.0,0.015271980624517179,0.15271980624517179,0.30543961249034357,96,5,-0.19879076242064644,1.5621449115471377,1.0000000000000007,1.3805338793739292,1.5621449115471377,0.029181522774676782,0.029181522774676782,1.2984127992898298,0,0.0,0.04593396186828613
1,maxentw,jitter,0.45,2,5,0.001,0.5,1,100,0.0015271980624517179,328,10.0,0.015271980624517179,0.15271980624517179,0.30543961249034357,96,5,-0.19879076242064644,1.5621449115471377,0.9999999999999992,1.381471014471532,1.5621449115471377,0.029186198557372367,0.029186198557372367,1.2984137951766235,0,0.0,5.786454916000366
1,minnorm,jitter,0.45,2,7,0.001,0.5,1,100,0.0015271980624517179,328,10.0,0.015271980624517179,0.15271980624517179,0.30543961249034357,0,7,-0.1749469239276513,1.488733157743569,1.0000000000000056,1.3419885335380897,1.488733157743569,0.07050741504499969,0.07050741504499969,1.2981557943446196,0,0.0,0.008221149444580078
1,projgauss,jitter,0.45,2,7,0.001,0.5,1,100,0.0015271980624517179,328,10.0,0.015271980624517179,0.15271980624517179,0.30543961249034357,0,7,-0.11497239852428476,1.3353497428287195,1.0000000000000027,1.2725990745209623,1.3353497428287195,0.03454617643632757,0.03454617643632757,1.2982474393912644,0,0.0,0.00875997543334961
1,spectral,jitter,0.45,2,7,0.001,0.5,1,100,0.0015271980624517179,328,10.0,0.015271980624517179,0.15271980624517179,0.30543961249034357,0,7,-0.543085081463129,2.3123571985928884,1.000000000000003,2.814699073977505,4.5862912155088,0.035396373960207866,0.035396373960207866,1.2980976555512844,0,0.0,0.014481067657470703
1,spectralg,jitter,0.45,2,7,0.001,0.5,1,100,0.0015271980624517179,328,10.0,0.015271980624517179,0.15271980624517179,0.30543961249034357,0,7,-0.4431603919070693,2.066589273797612,1.0000000000000013,2.6807157518842546,3.6604808985306465,0.0384435198130012,0.0384435198130012,1.2981706696075586,0,0.0,0.05632209777832031
1,molfe,jitter,0.45,2,7,0.001,0.5,1,100,0.0015271980624517179,328,10.0,0.015271980624517179,0.15271980624517179,0.30543961249034357,0,7,-0.033237119840728156,1.0888355744251954,1.0043478164990067,27.228862704150245,5.190341980003657e+19,0.07987205279998211,0.07987205279998211,1.3087010986213257,0,0.0,0.008125066757202148
1,molrk3,jitter,0.45,2,7,0.001,0.5,1,100,0.0015271980624517179,328,10.0,0.015271980624517179,0.15271980624517179,0.30543961249034357,0,7,-0.03326500761919512,1.0894549213164295,1.0043403699774054,27.01153663941719,4.505531748056031e+19,0.06870721548659758,0.06876148082629424,1.2984975084075123,0,0.0,0.008134841918945312
1,maxent,jitter,0.45,2,7,0.001,0.5,1,100,0.0015271980624517179,328,10.0,0.015271980624517179,0.15271980624517179,0.30543961249034357,96,7,-0.1749469239276513,1.488733157743569,0.9999999999999991,1.3401781768498429,1.488733157743569,0.06939832189557443,0.06939832189557443,1.2979791356722556,0,0.0,1.524561882019043
1,lp,jitter,0.45,2,7,0.001,0.5,1,100,0.0015271980624517179,328,10.0,0.015271980624517179,0.15271980624517179,0.30543961249034357,96,7,-0.1749469239276513,1.488733157743569,0.9999999999999988,1.3397203052286724,1.488733157743569,0.06939867794704757,0.06939867794704757,1.2979732012826866,0,0.0,0.046279191970825195
1,lprand,jitter,0.45,2,7,0.001,0.5,1,100,0.0015271980624517179,328,10.0,0.015271980624517179,0.15271980624517179,0.30543961249034357,96,7,-0.1749469239276513,1.488733157743569,1.0000000000000016,1.3392388571929659,1.488733157743569,0.06939886365337633,0.06939886365337633,1.2979729819325376,0,0.0,0.04483795166015625
1,maxentw,jitter,0.45,2,7,0.001,0.5,1,100,0.0015271980624517179,328,10.0,0.015271980624517179,0.15271980624517179,0.30543961249034357,96,7,-0.1749469239276513,1.488733157743569,0.9999999999999991,1.3401781768498429,1.488733157743569,0.06939832189557443,0.06939832189557443,1.2979791356722556,0,0.0,5.888696193695068
1,minnorm,random,0.0,0,3,0.001,0.5,1,100,0.001335618656627055,375,10.0,0.013356186566270549,0.1335618656627055,0.267123731325411,0,3,-1.575417249314566,4.150834498629131,1.1172013847051117,1.81723205093588e+20,2.195716374304422e+50,inf,2120632.0631628945,2120633.314023692,1,0.0,0.006942033767700195
1,projgauss,random,0.0,0,3,0.001,0.5,1,100,0.001335618656627055,375,10.0,0.013356186566270549,0.1335618656627055,0.267123731325411,0,3,-1.575417249314566,4.150834498629132,1.1172013847051125,1.8172320509362376e+20,2.195716374305943e+50,inf,2120632.0625290507,2120633.3133898485,1,0.0,0.0077571868896484375
1,spectral,random,0.0,0,3,0.001,0.5,1,100,0.001335618656627055,375,10.0,0.013356186566270549,0.1335618656627055,0.267123731325411,0,3,-1.575417249314566,4.150834498629131,1.1172013847051117,1.81723205093588e+20,2.195716374304422e+50,inf,2120632.0631628945,2120633.314023692,1,0.0,0.0075609683990478516
1,spectralg,random,0.0,0,3,0.001,0.5,1,100,0.001335618656627055,375,10.0,0.013356186566270549,0.1335618656627055,0.267123731325411,0,3,-1.575417249314566,4.150834498629131,1.1172013847051117,1.81723205093588e+20,2.195716374304422e+50,inf,2120632.0631628945,2120633.314023692,1,0.0,0.007400035858154297
1,molfe,random,0.0,0,3,0.001,0.5,1,100,0.001335618656627055,375,10.0,0.013356186566270549,0.1335618656627055,0.267123731325411,0,3,-1.3362887953814913,3.672577590762983,1.1142013665037953,7.873136519626043e+19,1.7719530449490808e+49,inf,1725609.4893432062,1725608.6112623226,1,0.0,0.007224082946777344
1,molrk3,random,0.0,0,3,0.001,0.5,1,100,0.001335618656627055,375,10.0,0.013356186566270549,0.1335618656627055,0.267123731325411,0,3,-1.5754172493145784,4.150834498629157,1.1209705773516276,7.63124767869162e+20,7.56796402537814e+51,inf,1109345.8897163724,1109344.8929669554,1,0.0,0.0073239803314208984
1,maxent,random,0.0,0,3,0.001,0.5,1,100,0.001335618656627055,375,10.0,0.013356186566270549,0.1335618656627055,0.267123731325411,88,3,-1.575417249314566,4.150834498629131,1.1172013847051117,1.8172320509358322e+20,2.195716374304364e+50,inf,2120632.062722658,2120633.3135834555,1,0.0,1.3953821659088135
1,lp,random,0.0,0,3,0.001,0.5,1,100,0.001335618656627055,375,10.0,0.013356186566270549,0.1335618656627055,0.267123731325411,88,3,-1.575417249314566,4.150834498629131,1.1172013847051117,1.8172320509358712e+20,2.1957163743044107e+50,inf,2120632.062974583,2120633.3138353806,1,0.0,0.046712636947631836
1,lprand,random,0.0,0,3,0.001,0.5,1,100,0.001335618656627055,375,10.0,0.013356186566270549,0.1335618656627055,0.267123731325411,88,3,-1.575417249314566,4.150834498629131,1.1172013847051117,1.8172320509358712e+20,2.1957163743044107e+50,inf,2120632.062974583,2120633.3138353806,1,0.0,0.04579591751098633
1,maxentw,random,0.0,0,3,0.001,0.5,1,100,0.001335618656627055,375,10.0,0.013356186566270549,0.1335618656627055,0.267123731325411,88,3,-1.575417249314566,4.150834498629131,1.1172013847051117,1.8172320509358322e+20,2.195716374304364e+50,inf,2120632.062722658,2120633.3135834555,1,0.0,5.484748601913452
1,minnorm,random,0.0,0,5,0.001,0.5,1,100,0.001335618656627055,375,10.0,0.013356186566270549,0.1335618656627055,0.267123731325411,0,5,-0.3662496567672502,2.1039955968416564,1.0000021421518783,12290.8252285688,9348950.306377249,1.3335861910929476,1.3497384855362065,1.6217802821007261,0,0.0,0.009221792221069336
1,projgauss,random,0.0,0,5,0.001,0.5,1,100,0.001335618656627055,375,10.0,0.013356186566270549,0.1335618656627055,0.267123731325411,0,5,-0.37902233130157215,2.119648166963925,1.0000008538607865,11632.49003169471,8398836.743608825,1.370236413339828,1.386424031662005,2.201828395434638,0,0.0,0.009285926818847656
1,spectral,random,0.0,0,5,0.001,0.5,1,100,0.001335618656627055,375,10.0,0.013356186566270549,0.1335618656627055,0.267123731325411,0,5,-1.6848223754512974,5.296524918203009,1.0000023771146658,48220.27028878404,60751196.38406156,1.7641953873130773,1.7772361519755044,1.2978358302208446,0,0.0,0.014116048812866211
1,spectralg,random,0.0,0,5,0.001,0.5,1,100,0.001335618656627055,375,10.0,0.013356186566270549,0.1335618656627055,0.267123731325411,0,5,-1.7083922309507724,5.332149523535425,1.0000040315564758,51115.345762482946,80432847.68399107,1.7593558152739548,1.7723094003138784,1.8522926604486418,0,0.0,0.04280495643615723
1,molfe,random,0.0,0,5,0.001,0.5,1,100,0.001335618656627055,375,10.0,0.013356186566270549,0.1335618656627055,0.267123731325411,0,5,-0.17190019547829702,1.6426163185923777,1.0396295639318538,201149281.47547343,1.3077566633888392e+169,5653.202705946608,5653.202705946608,5653.211050208707,1,0.0,0.009376049041748047
1,molrk3,random,0.0,0,5,0.001,0.5,1,100,0.001335618656627055,375,10.0,0.013356186566270549,0.1335618656627055,0.267123731325411,0,5,-0.18551202079680668,1.7017504177600933,1.040425188154373,260582787.462293,2.7472209271305015e+172,7319.350786047565,7319.350786047565,7319.359130309664,1,0.0,0.00945281982421875
1,maxent,random,0.0,0,5,0.001,0.5,1,100,0.001335618656627055,375,10.0,0.013356186566270549,0.1335618656627055,0.267123731325411,88,5,-0.3662496567672502,2.1039955968416564,1.000002523896308,12344.305077779314,8793894.120954385,1.3342919349405675,1.3504459983326402,1.5870137832529083,0,0.0,1.47123384475708
1,lp,random,0.0,0,5,0.001,0.5,1,100,0.001335618656627055,375,10.0,0.013356186566270549,0.1335618656627055,0.267123731325411,88,5,-0.3662496567672502,2.1039955968416564,1.0000027822663766,12344.304512659855,9256806.16379916,1.3342920121928536,1.3504460712282749,1.5870600805717592,0,0.0,0.04563403129577637
1,lprand,random,0.0,0,5,0.001,0.5,1,100,0.001335618656627055,375,10.0,0.013356186566270549,0.1335618656627055,0.267123731325411,88,5,-0.3662496567672502,2.1039955968416564,1.0000030081266487,12344.306822438873,8846654.25187277,1.33429172011403,1.3504457733038586,1.587060816612492,0,0.0,0.04529094696044922
1,maxentw,random,0.0,0,5,0.001,0.5,1,100,0.001335618656627055,375,10.0,0.013356186566270549,0.1335618656627055,0.267123731325411,88,5,-0.3662496567672502,2.1039955968416564,1.000002523896308,12344.305077779314,8793894.120954385,1.3342919349405675,1.3504459983326402,1.5870137832529083,0,0.0,5.605226993560791
1,minnorm,random,0.0,0,7,0.001,0.5,1,100,0.001335618656627055,375,10.0,0.013356186566270549,0.1335618656627055,0.267123731325411,0,7,-0.20914388030431677,1.6300450378649907,1.0000000000000009,2.615781478997246,2.842263732931446,0.16985353897234812,0.16985353897234812,1.296796901114829,0,0.0,0.008678197860717773
1,projgauss,random,0.0,0,7,0.001,0.5,1,100,0.001335618656627055,375,10.0,0.013356186566270549,0.1335618656627055,0.267123731325411,0,7,-0.16735945471749572,1.460059661410339,1.0000000000000009,1.6035089568529308,1.7426505708548747,0.09384065824048704,0.09384065824048704,1.2975513743682368,0,0.0,0.00944209098815918
1,spectral,random,0.0,0,7,0.001,0.5,1,100,0.001335618656627055,375,10.0,0.013356186566270549,0.1335618656627055,0.267123731325411,0,7,-1.6064130176086175,5.21616163891725,1.0000000000000002,10.857222167304464,50.64840586355358,0.12128909025172996,0.12128909025172996,1.2977991591009812,0,0.0,0.014939069747924805
1,spectralg,random,0.0,0,7,0.001,0.5,1,100,0.001335618656627055,375,10.0,0.013356186566270549,0.1335618656627055,0.267123731325411,0,7,-1.6064130176086175,5.21616163891725,1.000000000000001,9.152519013449211,50.72260091836044,0.12304831984006215,0.12304831984006215,1.2977994785360532,0,0.0,0.06437015533447266
1,molfe,random,0.0,0,7,0.001,0.5,1,100,0.001335618656627055,375,10.0,0.013356186566270549,0.1335618656627055,0.267123731325411,0,7,-0.06119503067729783,1.226824283019105,1.0211001730531954,11670.441676415727,1.8167341547895943e+91,0.9885974058954496,0.9885974058954496,1.6681353949065842,0,0.0,0.008740663528442383
1,molrk3,random,0.0,0,7,0.001,0.5,1,100,0.001335618656627055,375,10.0,0.013356186566270549,0.1335618656627055,0.267123731325411,0,7,-0.061271319024268356,1.2245732514102134,1.0213243473983165,12522.202967586898,1.6317191185174553e+92,1.0917599495742054,1.0917599495742054,1.6766111452714076,0,0.0,0.008922815322875977
1,maxent,random,0.0,0,7,0.001,0.5,1,100,0.001335618656627055,375,10.0,0.013356186566270549,0.1335618656627055,0.267123731325411,88,7,-0.20914388030431677,1.6300450378649907,0.9999999999999982,2.5091941298408043,2.7481731424716096,0.1430531579461095,0.1430531579461095,1.2970425934379182,0,0.0,1.435237169265747
1,lp,random,0.0,0,7,0.001,0.5,1,100,0.001335618656627055,375,10.0,0.013356186566270549,0.1335618656627055,0.267123731325411,88,7,-0.20914388030431677,1.6300450378649907,0.9999999999999991,2.5092200345916256,2.7485654227004708,0.1430478095785821,0.1430478095785821,1.2970428465563495,0,0.0,0.05045199394226074
1,lprand,random,0.0,0,7,0.001,0.5,1,100,0.001335618656627055,375,10.0,0.013356186566270549,0.1335618656627055,0.267123731325411,88,7,-0.20914388030431677,1.6300450378649907,0.9999999999999978,2.4932105184138926,2.7283621245818503,0.14299423488047447,0.14299423488047447,1.2970428025836567,0,0.0,0.04918789863586426
1,maxentw,random,0.0,0,7,0.001,0.5,1,100,0.001335618656627055,375,10.0,0.013356186566270549,0.1335618656627055,0.267123731325411,88,7,-0.20914388030431677,1.6300450378649907,0.9999999999999982,2.5091941298408043,2.7481731424716096,0.1430531579461095,0.1430531579461095,1.2970425934379182,0,0.0,5.509728670120239
1,minnorm,random,0.0,1,3,0.001,0.5,1,100,0.0014854038827741278,337,10.0,0.014854038827741278,0.14854038827741278,0.29708077655482557,0,3,-1.2344918229311685,3.4689836458623375,1.3706795115332637,2.6519034115436995e+47,1.6295714716671903e+138,inf,2110107.9712290615,2110107.971304344,1,0.0,0.006289005279541016
1,projgauss,random,0.0,1,3,0.001,0.5,1,100,0.0014854038827741278,337,10.0,0.014854038827741278,0.14854038827741278,0.29708077655482557,0,3,-1.2344918229311688,3.4689836458623384,1.370679511533263,2.6519034115432975e+47,1.6295714716664384e+138,inf,2110107.9711774183,2110107.971252701,1,0.0,0.006715059280395508
1,spectral,random,0.0,1,3,0.001,0.5,1,100,0.0014854038827741278,337,10.0,0.014854038827741278,0.14854038827741278,0.29708077655482557,0,3,-1.2344918229311685,3.4689836458623375,1.3706795115332637,2.6519034115436995e+47,1.6295714716671903e+138,inf,2110107.9712290615,2110107.971304344,1,0.0,0.007504940032958984
1,spectralg,random,0.0,1,3,0.001,0.5,1,100,0.0014854038827741278,337,10.0,0.014854038827741278,0.14854038827741278,0.29708077655482557,0,3,-1.2344918229311685,3.4689836458623375,1.3706795115332637,2.6519034115436995e+47,1.6295714716671903e+138,inf,2110107.9712290615,2110107.971304344,1,0.0,0.007646322250366211
1,molfe,random,0.0,1,3,0.001,0.5,1,100,0.0014854038827741278,337,10.0,0.014854038827741278,0.14854038827741278,0.29708077655482557,0,3,-1.0655046420460277,3.131009284092056,1.3470556750747957,9.195366975290771e+44,5.574244225871818e+130,inf,2935233.82493235,2935233.8241332425,1,0.0,0.00663304328918457
1,molrk3,random,0.0,1,3,0.001,0.5,1,100,0.0014854038827741278,337,10.0,0.014854038827741278,0.14854038827741278,0.29708077655482557,0,3,-1.2752286427255624,3.5700922329465477,1.4142465021368098,1.223498025083799e+52,7.68693787802591e+151,inf,2735678.138992037,2735678.139877369,1,0.0,0.0064182281494140625
1,maxent,random,0.0,1,3,0.001,0.5,1,100,0.0014854038827741278,337,10.0,0.014854038827741278,0.14854038827741278,0.29708077655482557,92,3,-1.2344918229311685,3.4689836458623375,1.3706795115332637,2.6519034115436974e+47,1.629571471667189e+138,inf,2110107.9713103115,2110107.971385594,1,0.0,1.4361119270324707
1,lp,random,0.0,1,3,0.001,0.5,1,100,0.0014854038827741278,337,10.0,0.014854038827741278,0.14854038827741278,0.29708077655482557,92,3,-1.2344918229311685,3.4689836458623375,1.3706795115332637,2.651903411543697e+47,1.6295714716671887e+138,inf,2110107.9713234357,2110107.971398718,1,0.0,0.044426918029785156
1,lprand,random,0.0,1,3,0.001,0.5,1,100,0.0014854038827741278,337,10.0,0.014854038827741278,0.14854038827741278,0.29708077655482557,92,3,-1.2344918229311685,3.4689836458623375,1.3706795115332637,2.651903411543697e+47,1.6295714716671887e+138,inf,2110107.9713234357,2110107.971398718,1,0.0,0.04283714294433594
1,maxentw,random,0.0,1,3,0.001,0.5,1,100,0.0014854038827741278,337,10.0,0.014854038827741278,0.14854038827741278,0.29708077655482557,92,3,-1.2344918229311685,3.4689836458623375,1.3706795115332637,2.6519034115436974e+47,1.629571471667189e+138,inf,2110107.9713103115,2110107.971385594,1,0.0,7.439079761505127
1,minnorm,random,0.0,1,5,0.001,0.5,1,100,0.0014854038827741278,337,10.0,0.014854038827741278,0.14854038827741278,0.29708077655482557,0,5,-0.42252485445720284,2.3072962647242754,1.002526141754913,6417.721606730016,481964985535846.2,15.051625203132604,15.051625203132604,15.088275354462194,1,0.0,0.008321046829223633
1,projgauss,random,0.0,1,5,0.001,0.5,1,100,0.0014854038827741278,337,10.0,0.014854038827741278,0.14854038827741278,0.29708077655482557,0,5,-0.425874015479777,2.3290452966316257,1.002772114696123,6442.771203950816,8050787408523198.0,15.037964011117062,15.037964011117062,15.074614162446652,1,0.0,0.009571075439453125
1,spectral,random,0.0,1,5,0.001,0.5,1,100,0.0014854038827741278,337,10.0,0.014854038827741278,0.14854038827741278,0.29708077655482557,0,5,-1.773186503572975,7.579678049856568,1.001266771181227,83027.95587038598,70351718877.09088,14.417476208234365,14.417476208234365,14.454126359563956,1,0.0,0.01460409164428711
1,spectralg,random,0.0,1,5,0.001,0.5,1,100,0.0014854038827741278,337,10.0,0.014854038827741278,0.14854038827741278,0.29708077655482557,0,5,-1.8079979411489875,7.603769163942676,1.0003569474693843,89533.8376217688,1554654732.149699,14.59869950779813,14.59869950779813,14.635349659127721,1,0.0,0.039871931076049805
1,molfe,random,0.0,1,5,0.001,0.5,1,100,0.0014854038827741278,337,10.0,0.014854038827741278,0.14854038827741278,0.29708077655482557,0,5,-0.2710247189902252,1.9841842419026392,1.0679251308469109,444343166389.0183,2.7536504236246957e+287,inf,1229698.702018327,1229699.8483008472,1,0.0,0.009341955184936523
1,molrk3,random,0.0,1,5,0.001,0.5,1,100,0.0014854038827741278,337,10.0,0.014854038827741278,0.14854038827741278,0.29708077655482557,0,5,-0.3031687302304867,2.1182836139870336,1.0702842749735848,935934346022.417,1.0550889596859284e+297,inf,1058724.3612897983,1058725.5768680936,1,0.0,0.008572101593017578
1,maxent,random,0.0,1,5,0.001,0.5,1,100,0.0014854038827741278,337,10.0,0.014854038827741278,0.14854038827741278,0.29708077655482557,92,5,-0.42252485445720284,2.3072962647242754,1.0023882305194205,8141.895185827238,286551263181875.1,15.044771030489397,15.044771030489397,15.081421181818987,1,0.0,2.1865930557250977
1,lp,random,0.0,1,5,0.001,0.5,1,100,0.0014854038827741278,337,10.0,0.014854038827741278,0.14854038827741278,0.29708077655482557,92,5,-0.42252485445720284,2.3072962647242754,1.0023316960175068,8216.978188839643,173245734984274.34,15.044641137025328,15.044641137025328,15.081291288354919,1,0.0,0.08020401000976562
1,lprand,random,0.0,1,5,0.001,0.5,1,100,0.0014854038827741278,337,10.0,0.014854038827741278,0.14854038827741278,0.29708077655482557,92,5,-0.42252485445720284,2.3072962647242754,1.002394432072436,8154.039059350191,303545106880004.6,15.045108659268443,15.045108659268443,15.081758810598034,1,0.0,0.0741891860961914
1,maxentw,random,0.0,1,5,0.001,0.5,1,100,0.0014854038827741278,337,10.0,0.014854038827741278,0.14854038827741278,0.29708077655482557,92,5,-0.42252485445720284,2.3072962647242754,1.0023882305194205,8141.895185827238,286551263181875.1,15.044771030489397,15.044771030489397,15.081421181818987,1,0.0,9.606305837631226
1,minnorm,random,0.0,1,7,0.001,0.5,1,100,0.0014854038827741278,337,10.0,0.014854038827741278,0.14854038827741278,0.29708077655482557,0,7,-0.20943651524950935,1.5724322307283731,1.000000000000001,1.989523032622739,2.1438883141558125,0.19588429249850936,0.19590796335919092,1.297433091864849,0,0.0,0.007934093475341797
1,projgauss,random,0.0,1,7,0.001,0.5,1,100,0.0014854038827741278,337,10.0,0.014854038827741278,0.14854038827741278,0.29708077655482557,0,7,-0.1746534707408555,1.45896009149113,1.0000000000000009,1.681085025353783,1.8643737918891419,0.13800371591327784,0.13800371591327784,1.2979104963067039,0,0.0,0.008784770965576172
1,spectral,random,0.0,1,7,0.001,0.5,1,100,0.0014854038827741278,337,10.0,0.014854038827741278,0.14854038827741278,0.29708077655482557,0,7,-2.015329843075384,8.687979678484215,0.9999999999999989,17.734524771215735,81.88234027319555,0.17310639813893758,0.17414259950109745,1.2986114301388008,0,0.0,0.05509591102600098
1,spectralg,random,0.0,1,7,0.001,0.5,1,100,0.0014854038827741278,337,10.0,0.014854038827741278,0.14854038827741278,0.29708077655482557,0,7,-2.015329843075384,8.687979678484215,1.0000000000000004,18.382898885303558,82.16990004149956,0.16664515050048456,0.16768029249737038,1.2986326333481568,0,0.0,0.07584595680236816
1,molfe,random,0.0,1,7,0.001,0.5,1,100,0.0014854038827741278,337,10.0,0.014854038827741278,0.14854038827741278,0.29708077655482557,0,7,-0.07418758044511635,1.2915800603288201,1.0199807644912742,6392.9542398319645,9.809399195953017e+86,5.2395064139003615,5.2395064139003615,5.161897390817661,0,0.0,0.008480072021484375
1,molrk3,random,0.0,1,7,0.001,0.5,1,100,0.0014854038827741278,337,10.0,0.014854038827741278,0.14854038827741278,0.29708077655482557,0,7,-0.07402909834158655,1.2941456489417025,1.0201620953508628,6769.147905585221,5.373787206715073e+87,5.6220459255314355,5.6220459255314355,5.5444369024487345,0,0.0,0.007950067520141602
1,maxent,random,0.0,1,7,0.001,0.5,1,100,0.0014854038827741278,337,10.0,0.014854038827741278,0.14854038827741278,0.29708077655482557,92,7,-0.20943651524950935,1.5724322307283731,1.000000000000001,2.0037853400327252,2.1584071430759852,0.19695866078293034,0.19695866078293034,1.2974466625041132,0,0.0,2.1667330265045166
1,lp,random,0.0,1,7,0.001,0.5,1,100,0.0014854038827741278,337,10.0,0.014854038827741278,0.14854038827741278,0.29708077655482557,92,7,-0.20943651524950935,1.5724322307283731,1.0000000000000002,2.0038661310279267,2.1584845256464282,0.19695239719501478,0.19695239719501478,1.297446649109843,0,0.0,0.04980111122131348
1,lprand,random,0.0,1,7,0.001,0.5,1,100,0.0014854038827741278,337,10.0,0.014854038827741278,0.14854038827741278,0.29708077655482557,92,7,-0.20943651524950935,1.5724322307283731,1.0000000000000024,2.0040263969612506,2.1586153275219186,0.19691972934333069,0.19691972934333069,1.2974466625934382,0,0.0,0.049861907958984375
1,maxentw,random,0.0,1,7,0.001,0.5,1,100,0.0014854038827741278,337,10.0,0.014854038827741278,0.14854038827741278,0.29708077655482557,92,7,-0.20943651524950935,1.5724322307283731,1.000000000000001,2.0037853400327252,2.1584071430759852,0.19695866078293034,0.19695866078293034,1.2974466625041132,0,0.0,5.821620941162109
1,minnorm,random,0.0,2,3,0.001,0.5,1,100,0.001601769895200833,313,10.0,0.01601769895200833,0.1601769895200833,0.3203539790401666,0,3,-1.2088029192944363,3.417605838588872,1.2478442184536334,3.011156738873829e+31,3.474628342931876e+97,inf,3061178.124795656,3061178.1248715,1,0.0,0.0069539546966552734
1,projgauss,random,0.0,2,3,0.001,0.5,1,100,0.001601769895200833,313,10.0,0.01601769895200833,0.1601769895200833,0.3203539790401666,0,3,-1.208802919294436,3.417605838588872,1.247844218453633,3.011156738873435e+31,3.474628342930495e+97,inf,3061178.1248475756,3061178.124923419,1,0.0,0.008949041366577148
1,spectral,random,0.0,2,3,0.001,0.5,1,100,0.001601769895200833,313,10.0,0.01601769895200833,0.1601769895200833,0.3203539790401666,0,3,-1.2088029192944363,3.417605838588872,1.2478442184536334,3.011156738873829e+31,3.474628342931876e+97,inf,3061178.124795656,3061178.1248715,1,0.0,0.007786989212036133
1,spectralg,random,0.0,2,3,0.001,0.5,1,100,0.001601769895200833,313,10.0,0.01601769895200833,0.1601769895200833,0.3203539790401666,0,3,-1.2088029192944363,3.417605838588872,1.2478442184536334,3.011156738873829e+31,3.474628342931876e+97,inf,3061178.124795656,3061178.1248715,1,0.0,0.007760047912597656
1,molfe,random,0.0,2,3,0.001,0.5,1,100,0.001601769895200833,313,10.0,0.01601769895200833,0.1601769895200833,0.3203539790401666,0,3,-1.0385640614324592,3.0771281228649183,1.2359112069137872,1.6637212717046686e+30,2.6081663084609993e+93,inf,3106332.434659204,3106332.433436503,1,0.0,0.00793004035949707
1,molrk3,random,0.0,2,3,0.001,0.5,1,100,0.001601769895200833,313,10.0,0.01601769895200833,0.1601769895200833,0.3203539790401666,0,3,-1.2583997546110846,3.5346754230292117,1.265926493241236,3.040338710783205e+33,6.879451451176569e+103,inf,2448147.950009247,2448147.9512930512,1,0.0,0.0074040889739990234
1,maxent,random,0.0,2,3,0.001,0.5,1,100,0.001601769895200833,313,10.0,0.01601769895200833,0.1601769895200833,0.3203539790401666,96,3,-1.2088029192944363,3.417605838588872,1.2478442184536334,3.011156738873829e+31,3.474628342931876e+97,inf,3061178.124795656,3061178.1248715,1,0.0,1.5022811889648438
1,lp,random,0.0,2,3,0.001,0.5,1,100,0.001601769895200833,313,10.0,0.01601769895200833,0.1601769895200833,0.3203539790401666,96,3,-1.2088029192944363,3.417605838588872,1.2478442184536334,3.011156738873829e+31,3.474628342931876e+97,inf,3061178.124795656,3061178.1248715,1,0.0,0.04639697074890137
1,lprand,random,0.0,2,3,0.001,0.5,1,100,0.001601769895200833,313,10.0,0.01601769895200833,0.1601769895200833,0.3203539790401666,96,3,-1.2088029192944363,3.417605838588872,1.2478442184536334,3.011156738873829e+31,3.474628342931876e+97,inf,3061178.124795656,3061178.1248715,1,0.0,0.04773902893066406
1,maxentw,random,0.0,2,3,0.001,0.5,1,100,0.001601769895200833,313,10.0,0.01601769895200833,0.1601769895200833,0.3203539790401666,96,3,-1.2088029192944363,3.417605838588872,1.2478442184536334,3.011156738873829e+31,3.474628342931876e+97,inf,3061178.124795656,3061178.1248715,1,0.0,5.983652114868164
1,minnorm,random,0.0,2,5,0.001,0.5,1,100,0.001601769895200833,313,10.0,0.01601769895200833,0.1601769895200833,0.3203539790401666,0,5,-0.3913765748948602,2.22660125761145,1.0000032683394333,5726.062364603191,6001599.363619389,9.111699413144969,9.111699413144969,9.671476554603137,0,0.0,0.008224010467529297
1,projgauss,random,0.0,2,5,0.001,0.5,1,100,0.001601769895200833,313,10.0,0.01601769895200833,0.1601769895200833,0.3203539790401666,0,5,-0.40332408409048914,2.2440276504637806,1.0000029564967718,5558.615602544104,7598575.2519791955,8.923625355895469,8.923625355895469,9.343230581591389,0,0.0,0.008924007415771484
1,spectral,random,0.0,2,5,0.001,0.5,1,100,0.001601769895200833,313,10.0,0.01601769895200833,0.1601769895200833,0.3203539790401666,0,5,-2.142129770996908,6.890854251190312,1.0117913189326548,516645.2748859667,1.5455496498202429e+55,19.675791574030548,19.675791574030548,19.347501972347537,1,0.0,0.013924121856689453
1,spectralg,random,0.0,2,5,0.001,0.5,1,100,0.001601769895200833,313,10.0,0.01601769895200833,0.1601769895200833,0.3203539790401666,0,5,-2.1901616335647187,6.970227336656215,1.0132474842533432,743709.2240893745,2.249981133424654e+61,21.17953417504925,21.17953417504925,20.851244573366237,1,0.0,0.04145622253417969
1,molfe,random,0.0,2,5,0.001,0.5,1,100,0.001601769895200833,313,10.0,0.01601769895200833,0.1601769895200833,0.3203539790401666,0,5,-0.20051392074411148,1.7543337401418349,1.0433033625507013,186535395.45009008,4.332809013330581e+186,21924.007226008347,21924.007226008347,21923.44744886689,1,0.0,0.007986783981323242
1,molrk3,random,0.0,2,5,0.001,0.5,1,100,0.001601769895200833,313,10.0,0.01601769895200833,0.1601769895200833,0.3203539790401666,0,5,-0.2208918442418014,1.849396302232038,1.0442524497725332,244327804.22105742,1.5188702794553124e+190,30234.05643867348,30234.05643867348,30233.496661532023,1,0.0,0.0078029632568359375
1,maxent,random,0.0,2,5,0.001,0.5,1,100,0.001601769895200833,313,10.0,0.01601769895200833,0.1601769895200833,0.3203539790401666,96,5,-0.3913765748948602,2.22660125761145,1.0000022572461478,7027.512859151062,7004183.770086766,9.111699413103759,9.111699413103759,9.671476554561927,0,0.0,1.4925189018249512
1,lp,random,0.0,2,5,0.001,0.5,1,100,0.001601769895200833,313,10.0,0.01601769895200833,0.1601769895200833,0.3203539790401666,96,5,-0.3913765748948602,2.22660125761145,1.0000034211771294,7069.106346026433,7018123.616264364,9.111699413105416,9.111699413105416,9.671476554563585,0,0.0,0.047239065170288086
1,lprand,random,0.0,2,5,0.001,0.5,1,100,0.001601769895200833,313,10.0,0.01601769895200833,0.1601769895200833,0.3203539790401666,96,5,-0.3913765748948602,2.22660125761145,1.0000036711079272,7034.921860355908,7027207.958079642,9.111699413103839,9.111699413103839,9.671476554562007,0,0.0,0.04536890983581543
1,maxentw,random,0.0,2,5,0.001,0.5,1,100,0.001601769895200833,313,10.0,0.01601769895200833,0.1601769895200833,0.3203539790401666,96,5,-0.3913765748948602,2.22660125761145,1.0000022572461478,7027.512859151062,7004183.770086766,9.111699413103759,9.111699413103759,9.671476554561927,0,0.0,5.959296941757202
1,minnorm,random,0.0,2,7,0.001,0.5,1,100,0.001601769895200833,313,10.0,0.01601769895200833,0.1601769895200833,0.3203539790401666,0,7,-0.22405620612999563,1.5291363193683793,0.9999999999999991,1.7741838020710006,1.8938282491335718,0.11683580463016452,0.11683580463016452,1.2976803452093462,0,0.0,0.008212089538574219
1,projgauss,random,0.0,2,7,0.001,0.5,1,100,0.001601769895200833,313,10.0,0.01601769895200833,0.1601769895200833,0.3203539790401666,0,7,-0.14550381420739303,1.4638640910430387,1.0000000000000029,1.8353455605478273,2.008158395996304,0.08470824851591297,0.08470824851591297,1.2978714706407595,0,0.0,0.009272098541259766
1,spectral,random,0.0,2,7,0.001,0.5,1,100,0.001601769895200833,313,10.0,0.01601769895200833,0.1601769895200833,0.3203539790401666,0,7,-1.8219618156066624,6.375132631410472,0.9999999999999964,18.482802679838215,49.34482930259747,0.07880650870713657,0.07880650870713657,1.2979754378548933,0,0.0,0.015375137329101562
1,spectralg,random,0.0,2,7,0.001,0.5,1,100,0.001601769895200833,313,10.0,0.01601769895200833,0.1601769895200833,0.3203539790401666,0,7,-1.8219618156066624,6.375132631410472,1.000000000000004,16.50707083348864,49.34482635008898,0.08102610734304849,0.08102610734304849,1.2979753232002258,0,0.0,0.061360836029052734
1,molfe,random,0.0,2,7,0.001,0.5,1,100,0.001601769895200833,313,10.0,0.01601769895200833,0.1601769895200833,0.3203539790401666,0,7,-0.10554218151269089,1.462784287002516,1.0275402702946381,19208.914695341115,3.7892589639497023e+118,1.5320527450650374,1.5320527450650374,1.5389097065075052,0,0.0,0.008736133575439453
1,molrk3,random,0.0,2,7,0.001,0.5,1,100,0.001601769895200833,313,10.0,0.01601769895200833,0.1601769895200833,0.3203539790401666,0,7,-0.10450148582669154,1.4732589852570739,1.0279229849339448,21583.388308869726,1.5696890614731258e+120,1.700851647303597,1.700851647303597,1.6088139580609104,0,0.0,0.008193731307983398
1,maxent,random,0.0,2,7,0.001,0.5,1,100,0.001601769895200833,313,10.0,0.01601769895200833,0.1601769895200833,0.3203539790401666,96,7,-0.22405620612999563,1.5291363193683793,1.0000000000000013,1.7700706995375954,1.8895777929726703,0.11680373617572193,0.11680373617572193,1.297680269084648,0,0.0,1.5203399658203125
1,lp,random,0.0,2,7,0.001,0.5,1,100,0.001601769895200833,313,10.0,0.01601769895200833,0.1601769895200833,0.3203539790401666,96,7,-0.22405620612999563,1.5291363193683793,1.000000000000002,1.7697601957720819,1.8891649771011558,0.11678250769131293,0.11678250769131293,1.297680183938968,0,0.0,0.04732394218444824
1,lprand,random,0.0,2,7,0.001,0.5,1,100,0.001601769895200833,313,10.0,0.01601769895200833,0.1601769895200833,0.3203539790401666,96,7,-0.22405620612999563,1.5291363193683793,1.0000000000000036,1.7701398923067841,1.8896463851658485,0.11681168033769151,0.11681168033769151,1.297680270659358,0,0.0,0.04639625549316406
1,maxentw,random,0.0,2,7,0.001,0.5,1,100,0.001601769895200833,313,10.0,0.01601769895200833,0.1601769895200833,0.3203539790401666,96,7,-0.22405620612999563,1.5291363193683793,1.0000000000000013,1.7700706995375954,1.8895777929726703,0.11680373617572193,0.11680373617572193,1.297680269084648,0,0.0,6.036239862442017
