periodic,arm,kind,disorder,seed,K,alpha,safety,levels,nx,dt,nt,Pe,r_mean,nu_mean,hmin_over_h,n_fallback,K_used_max,min_w,max_l1,rho,pow_nt,growth,errT,errmax,maxu,blowup,ref_floor,secs
0,minnorm,jitter,0.0,0,3,0.1,0.5,1,101,0.00024999999999999486,2001,0.09999999999999999,0.24999999999999484,0.024999999999999484,0.9999999999999898,0,3,0.0,1.000000000000001,0.9991286706149624,0.6491394129635745,1.0000000000000064,0.00013476324050587518,0.00015010075718946414,1.2735238211943534,0,5.39499001028787e-15,0.01173710823059082
0,projgauss,jitter,0.0,0,3,0.1,0.5,1,101,0.00024999999999999486,2001,0.09999999999999999,0.24999999999999484,0.024999999999999484,0.9999999999999898,0,3,0.0,1.0,0.9991286706149654,0.6491394129629784,1.000000000000001,0.00013476324101946435,0.000150100757392857,1.2735238211943263,0,5.39499001028787e-15,0.013643980026245117
0,spectral,jitter,0.0,0,3,0.1,0.5,1,101,0.00024999999999999486,2001,0.09999999999999999,0.24999999999999484,0.024999999999999484,0.9999999999999898,0,3,0.0,1.000000000000001,0.9991286706149624,0.6491394129635745,1.0000000000000064,0.00013476324050587518,0.00015010075718946414,1.2735238211943534,0,5.39499001028787e-15,0.014314889907836914
0,spectralg,jitter,0.0,0,3,0.1,0.5,1,101,0.00024999999999999486,2001,0.09999999999999999,0.24999999999999484,0.024999999999999484,0.9999999999999898,0,3,0.0,1.000000000000001,0.9991286706149624,0.6491394129635745,1.0000000000000064,0.00013476324050587518,0.00015010075718946414,1.2735238211943534,0,5.39499001028787e-15,0.012117147445678711
0,molfe,jitter,0.0,0,3,0.1,0.5,1,101,0.00024999999999999486,2001,0.09999999999999999,0.24999999999999484,0.024999999999999484,0.9999999999999898,0,3,0.0,1.0,0.9991281976615844,0.6496169552283713,1.0,0.000434426529817622,0.000454297859489583,1.2735545527641237,0,5.39499001028787e-15,0.012822866439819336
0,molrk3,jitter,0.0,0,3,0.1,0.5,1,101,0.00024999999999999486,2001,0.09999999999999999,0.24999999999999484,0.024999999999999484,0.9999999999999898,0,3,0.0,1.0,0.9991285775708075,0.6495961596475943,1.0,0.00026903750073070665,0.0002995953078013258,1.2735205051899023,0,5.39499001028787e-15,0.013936042785644531
0,maxent,jitter,0.0,0,3,0.1,0.5,1,101,0.00024999999999999486,2001,0.09999999999999999,0.24999999999999484,0.024999999999999484,0.9999999999999898,0,3,0.0,1.0000000000000002,0.9991286706149667,0.6491394129627764,1.0000000000000009,0.00013476324117123184,0.00015010075744437135,1.2735238211943218,0,5.39499001028787e-15,0.022006988525390625
0,lp,jitter,0.0,0,3,0.1,0.5,1,101,0.00024999999999999486,2001,0.09999999999999999,0.24999999999999484,0.024999999999999484,0.9999999999999898,0,3,0.0,1.0,0.9991286706149619,0.6491394129628006,1.0,0.00013476324116434846,0.0001501007574445934,1.2735238211943205,0,5.39499001028787e-15,0.05566000938415527
0,lprand,jitter,0.0,0,3,0.1,0.5,1,101,0.00024999999999999486,2001,0.09999999999999999,0.24999999999999484,0.024999999999999484,0.9999999999999898,0,3,0.0,1.0,0.9991286706149619,0.6491394129628006,1.0,0.00013476324116434846,0.0001501007574445934,1.2735238211943205,0,5.39499001028787e-15,0.05382704734802246
0,maxentw,jitter,0.0,0,3,0.1,0.5,1,101,0.00024999999999999486,2001,0.09999999999999999,0.24999999999999484,0.024999999999999484,0.9999999999999898,0,3,0.0,1.0000000000000002,0.9991286706149667,0.6491394129627764,1.0000000000000009,0.00013476324117123184,0.00015010075744437135,1.2735238211943218,0,5.39499001028787e-15,0.019700050354003906
0,minnorm,jitter,0.0,0,5,0.1,0.5,1,101,0.00024999999999999486,2001,0.09999999999999999,0.24999999999999484,0.024999999999999484,0.9999999999999898,0,5,-0.07348214285714448,1.1469642857142888,0.9991289773669101,0.6500638220993952,1.1469642857142888,0.0008633814895799286,0.0008633814895799286,1.2735000421372547,0,5.39499001028787e-15,0.013025045394897461
0,projgauss,jitter,0.0,0,5,0.1,0.5,1,101,0.00024999999999999486,2001,0.09999999999999999,0.24999999999999484,0.024999999999999484,0.9999999999999898,0,5,-0.026921735399641007,1.0538434707992819,0.9991288476186192,0.6496999876719269,1.0538434707992819,0.00048660026426783354,0.00048660026426783354,1.273509854810152,0,5.39499001028787e-15,0.014242172241210938
0,spectral,jitter,0.0,0,5,0.1,0.5,1,101,0.00024999999999999486,2001,0.09999999999999999,0.24999999999999484,0.024999999999999484,0.9999999999999898,0,5,-0.0022857301143337783,1.0045714602286677,0.9991286495825211,0.6492021738049184,1.0045714602286677,4.877889959342685e-05,8.22271961394283e-05,1.2735233983641967,0,5.39499001028787e-15,0.019176006317138672
0,spectralg,jitter,0.0,0,5,0.1,0.5,1,101,0.00024999999999999486,2001,0.09999999999999999,0.24999999999999484,0.024999999999999484,0.9999999999999898,0,5,-0.0022857301143337783,1.0045714602286677,0.9991286495825211,0.6492021738049184,1.0045714602286677,4.877889959342685e-05,8.22271961394283e-05,1.2735233983641967,0,5.39499001028787e-15,0.030625104904174805
0,molfe,jitter,0.0,0,5,0.1,0.5,1,101,0.00024999999999999486,2001,0.09999999999999999,0.24999999999999484,0.024999999999999484,0.9999999999999898,0,5,-0.07857142857142689,1.2407142857142808,1.142347808628633,7.440538561033949e+115,7.440538561033949e+115,inf,6115454.55186374,6115454.0775216855,1,5.39499001028787e-15,0.009658098220825195
0,molrk3,jitter,0.0,0,5,0.1,0.5,1,101,0.00024999999999999486,2001,0.09999999999999999,0.24999999999999484,0.024999999999999484,0.9999999999999898,0,5,-0.07118517337068618,1.2266386558400102,1.1529599878085202,8.265269387846237e+123,8.265269387846237e+123,inf,34721957.3554276,34721957.87371963,1,5.39499001028787e-15,0.009486675262451172
0,maxent,jitter,0.0,0,5,0.1,0.5,1,101,0.00024999999999999486,2001,0.09999999999999999,0.24999999999999484,0.024999999999999484,0.9999999999999898,0,5,0.0,1.0000000000000002,0.999128643042028,0.6492412427165746,1.0000000000000007,3.179764832988985e-05,4.163317024315216e-05,1.2735227017444888,0,5.39499001028787e-15,0.023987293243408203
0,lp,jitter,0.0,0,5,0.1,0.5,1,101,0.00024999999999999486,2001,0.09999999999999999,0.24999999999999484,0.024999999999999484,0.9999999999999898,0,5,0.0,1.0,0.999130265746008,0.6565746339209633,1.0000000000000004,0.008799034688791285,0.008799034688791285,1.273363568851994,0,5.39499001028787e-15,0.05766034126281738
0,lprand,jitter,0.0,0,5,0.1,0.5,1,101,0.00024999999999999486,2001,0.09999999999999999,0.24999999999999484,0.024999999999999484,0.9999999999999898,0,5,0.0,1.0,0.999129048747802,0.6501820718213202,1.0000000000000002,0.002253568505068082,0.002361880401278771,1.2735942590778118,0,5.39499001028787e-15,0.05537009239196777
0,maxentw,jitter,0.0,0,5,0.1,0.5,1,101,0.00024999999999999486,2001,0.09999999999999999,0.24999999999999484,0.024999999999999484,0.9999999999999898,0,5,0.0,1.0000000000000002,0.999128643042028,0.6492412427165746,1.0000000000000007,3.179764832988985e-05,4.163317024315216e-05,1.2735227017444888,0,5.39499001028787e-15,0.024024009704589844
0,minnorm,jitter,0.0,0,7,0.1,0.5,1,101,0.00024999999999999486,2001,0.09999999999999999,0.24999999999999484,0.024999999999999484,0.9999999999999898,0,7,-0.11335565476190582,1.2617559523809558,0.9991307391101061,0.652734546368271,1.2617559523809558,0.0029777243577369106,0.0029777243577369106,1.273403072302795,0,5.39499001028787e-15,0.011872053146362305
0,projgauss,jitter,0.0,0,7,0.1,0.5,1,101,0.00024999999999999486,2001,0.09999999999999999,0.24999999999999484,0.024999999999999484,0.9999999999999898,0,7,-0.027380613843132073,1.100293154425795,0.9991294665343041,0.6504261180660115,1.1002931544257952,0.0009931939319122174,0.0009931939319122174,1.2734801340513657,0,5.39499001028787e-15,0.014904975891113281
0,spectral,jitter,0.0,0,7,0.1,0.5,1,101,0.00024999999999999486,2001,0.09999999999999999,0.24999999999999484,0.024999999999999484,0.9999999999999898,0,7,-0.0042405189758511885,1.0084810379517022,0.9991286528571628,0.6493466605993732,1.0084810379517024,0.0001678729516400579,0.0001678729516400579,1.2735211265054165,0,5.39499001028787e-15,0.019466161727905273
0,spectralg,jitter,0.0,0,7,0.1,0.5,1,101,0.00024999999999999486,2001,0.09999999999999999,0.24999999999999484,0.024999999999999484,0.9999999999999898,0,7,-0.0042405189758511885,1.0084810379517022,0.9991286528571628,0.6493466605993732,1.0084810379517024,0.0001678729516400579,0.0001678729516400579,1.2735211265054165,0,5.39499001028787e-15,0.03439593315124512
0,molfe,jitter,0.0,0,7,0.1,0.5,1,101,0.00024999999999999486,2001,0.09999999999999999,0.24999999999999484,0.024999999999999484,0.9999999999999898,0,7,-0.028571428571428012,1.1464285714285687,1.054014852451721,1.0515506604891445e+46,6.612956901269518e+228,inf,1041279.9468501757,1041280.4653378215,1,5.39499001028787e-15,0.00916600227355957
0,molrk3,jitter,0.0,0,7,0.1,0.5,1,101,0.00024999999999999486,2001,0.09999999999999999,0.24999999999999484,0.024999999999999484,0.9999999999999898,0,7,-0.027289441826147117,1.142966361845455,1.055499534115841,1.7756025253471809e+47,8.527843512518253e+234,inf,1876604.1781637685,1876604.6966514143,1,5.39499001028787e-15,0.008197784423828125
0,maxent,jitter,0.0,0,7,0.1,0.5,1,101,0.00024999999999999486,2001,0.09999999999999999,0.24999999999999484,0.024999999999999484,0.9999999999999898,0,7,0.0,1.0000000000000002,0.9991286421788633,0.6492445061520205,1.0000000000000013,3.318111648957511e-05,4.23178781202016e-05,1.2735226665264268,0,5.39499001028787e-15,0.05508232116699219
0,lp,jitter,0.0,0,7,0.1,0.5,1,101,0.00024999999999999486,2001,0.09999999999999999,0.24999999999999484,0.024999999999999484,0.9999999999999898,0,7,0.0,1.0,0.9991312831529152,0.6641955779016492,1.0,0.017731899541465757,0.017731899541465757,1.2732260167038956,0,5.39499001028787e-15,0.05455207824707031
0,lprand,jitter,0.0,0,7,0.1,0.5,1,101,0.00024999999999999486,2001,0.09999999999999999,0.24999999999999484,0.024999999999999484,0.9999999999999898,0,7,0.0,1.0,0.9991284580620384,0.6510254880122692,1.0000000000000009,0.003884795433946764,0.003884795433946764,1.2736120214347797,0,5.39499001028787e-15,0.0575408935546875
0,maxentw,jitter,0.0,0,7,0.1,0.5,1,101,0.00024999999999999486,2001,0.09999999999999999,0.24999999999999484,0.024999999999999484,0.9999999999999898,0,7,0.0,1.0000000000000002,0.9991286421788633,0.6492445061520205,1.0000000000000013,3.318111648957511e-05,4.23178781202016e-05,1.2735226665264268,0,5.39499001028787e-15,0.054670095443725586
0,minnorm,jitter,0.1,0,3,0.1,0.5,1,101,0.00016376429299489037,3054,0.09999999999999999,0.16376429299489037,0.016376429299489036,0.8093560230081454,0,3,0.0,1.0000000000000018,0.9994291217343477,0.6493535534566477,1.0000000000000095,2.82929895105144e-05,3.2695019313272455e-05,1.2735623836348378,0,5.627442956068762e-15,0.016139984130859375
0,projgauss,jitter,0.1,0,3,0.1,0.5,1,101,0.00016376429299489037,3054,0.09999999999999999,0.16376429299489037,0.016376429299489036,0.8093560230081454,0,3,0.0,1.0000000000000002,0.9994291217343456,0.6493535534567071,1.0000000000000016,2.829298951340098e-05,3.269501932084973e-05,1.2735623836348138,0,5.627442956068762e-15,0.014565229415893555
0,spectral,jitter,0.1,0,3,0.1,0.5,1,101,0.00016376429299489037,3054,0.09999999999999999,0.16376429299489037,0.016376429299489036,0.8093560230081454,0,3,0.0,1.0000000000000018,0.9994291217343477,0.6493535534566477,1.0000000000000095,2.82929895105144e-05,3.2695019313272455e-05,1.2735623836348378,0,5.627442956068762e-15,0.017004013061523438
0,spectralg,jitter,0.1,0,3,0.1,0.5,1,101,0.00016376429299489037,3054,0.09999999999999999,0.16376429299489037,0.016376429299489036,0.8093560230081454,0,3,0.0,1.0000000000000018,0.9994291217343477,0.6493535534566477,1.0000000000000095,2.82929895105144e-05,3.2695019313272455e-05,1.2735623836348378,0,5.627442956068762e-15,0.015005111694335938
0,molfe,jitter,0.1,0,3,0.1,0.5,1,101,0.00016376429299489037,3054,0.09999999999999999,0.16376429299489037,0.016376429299489036,0.8093560230081454,0,3,0.0,1.0000000000000002,0.9994289186363786,0.649667346427304,1.0000000000000007,0.000382867098495443,0.000382867098495443,1.273582849772186,0,5.627442956068762e-15,0.017477750778198242
0,molrk3,jitter,0.1,0,3,0.1,0.5,1,101,0.00016376429299489037,3054,0.09999999999999999,0.16376429299489037,0.016376429299489036,0.8093560230081454,0,3,0.0,1.0000000000000002,0.9994290816723002,0.6496530684172308,1.0000000000000009,0.0002767246900718945,0.0003084751907905803,1.2735615333222527,0,5.627442956068762e-15,0.016570091247558594
0,maxent,jitter,0.1,0,3,0.1,0.5,1,101,0.00016376429299489037,3054,0.09999999999999999,0.16376429299489037,0.016376429299489036,0.8093560230081454,0,3,0.0,1.0000000000000002,0.9994291217343435,0.6493535534692778,1.0000000000000033,2.8293004294299706e-05,3.2695036331908955e-05,1.2735623836348122,0,5.627442956068762e-15,0.14994382858276367
0,lp,jitter,0.1,0,3,0.1,0.5,1,101,0.00016376429299489037,3054,0.09999999999999999,0.16376429299489037,0.016376429299489036,0.8093560230081454,0,3,0.0,1.0,0.9994291217343475,0.6493535534566927,1.0000000000000002,2.8292989510181332e-05,3.269501931876806e-05,1.273562383634809,0,5.627442956068762e-15,0.0555720329284668
0,lprand,jitter,0.1,0,3,0.1,0.5,1,101,0.00016376429299489037,3054,0.09999999999999999,0.16376429299489037,0.016376429299489036,0.8093560230081454,0,3,0.0,1.0,0.9994291217343475,0.6493535534566927,1.0000000000000002,2.8292989510181332e-05,3.269501931876806e-05,1.273562383634809,0,5.627442956068762e-15,0.05716204643249512
0,maxentw,jitter,0.1,0,3,0.1,0.5,1,101,0.00016376429299489037,3054,0.09999999999999999,0.16376429299489037,0.016376429299489036,0.8093560230081454,0,3,0.0,1.0000000000000002,0.9994291217343435,0.6493535534692778,1.0000000000000033,2.8293004294299706e-05,3.2695036331908955e-05,1.2735623836348122,0,5.627442956068762e-15,0.14942598342895508
0,minnorm,jitter,0.1,0,5,0.1,0.5,1,101,0.00016376429299489037,3054,0.09999999999999999,0.16376429299489037,0.016376429299489036,0.8093560230081454,0,5,-0.0949079188130343,1.2131472295903674,0.9994295267494012,0.650585828336993,1.2131472295903674,0.0012796664865105112,0.0012796664865105112,1.2735263714360892,0,5.627442956068762e-15,0.015215158462524414
0,projgauss,jitter,0.1,0,5,0.1,0.5,1,101,0.00016376429299489037,3054,0.09999999999999999,0.16376429299489037,0.016376429299489036,0.8093560230081454,0,5,-0.05085202133787178,1.1661152257184193,0.9994294199004754,0.6501888780042486,1.1661152257184193,0.0008419230844158854,0.0008419230844158854,1.2735369663778338,0,5.627442956068762e-15,0.014881134033203125
0,spectral,jitter,0.1,0,5,0.1,0.5,1,101,0.00016376429299489037,3054,0.09999999999999999,0.16376429299489037,0.016376429299489036,0.8093560230081454,0,5,-0.03690778513691403,1.073815570273827,0.999429122546507,0.6492300732145914,1.0738155702738268,0.00013020704622124235,0.00013020704622124235,1.2735649574199601,0,5.627442956068762e-15,0.021014928817749023
0,spectralg,jitter,0.1,0,5,0.1,0.5,1,101,0.00016376429299489037,3054,0.09999999999999999,0.16376429299489037,0.016376429299489036,0.8093560230081454,0,5,-0.03690778513691403,1.073815570273827,0.999429122546507,0.6492300732145914,1.0738155702738268,0.00013020704622124235,0.00013020704622124235,1.2735649574199601,0,5.627442956068762e-15,0.0306699275970459
0,molfe,jitter,0.1,0,5,0.1,0.5,1,101,0.00016376429299489037,3054,0.09999999999999999,0.16376429299489037,0.016376429299489036,0.8093560230081454,0,5,-0.05183125853288234,1.1602425168297228,1.0930720473309754,1.812297832298144e+118,1.812297832298144e+118,inf,9770924.268693358,9770924.695124224,1,5.627442956068762e-15,0.010035037994384766
0,molrk3,jitter,0.1,0,5,0.1,0.5,1,101,0.00016376429299489037,3054,0.09999999999999999,0.16376429299489037,0.016376429299489036,0.8093560230081454,0,5,-0.04857199626671847,1.1537732584742748,1.097537621638279,4.6523041623054206e+123,4.6523041623054206e+123,inf,31091092.286662206,31091092.713093072,1,5.627442956068762e-15,0.010096073150634766
0,maxent,jitter,0.1,0,5,0.1,0.5,1,101,0.00016376429299489037,3054,0.09999999999999999,0.16376429299489037,0.016376429299489036,0.8093560230081454,0,5,0.0,1.0000000000000002,0.9994291160559229,0.6493806526233281,1.000000000000006,6.0547255466725236e-05,6.0547255466725236e-05,1.273562149610882,0,5.627442956068762e-15,0.38129711151123047
0,lp,jitter,0.1,0,5,0.1,0.5,1,101,0.00016376429299489037,3054,0.09999999999999999,0.16376429299489037,0.016376429299489036,0.8093560230081454,0,5,0.0,1.0,0.9994296711470703,0.6534287251508781,1.0000000000000004,0.0047296439863335205,0.0047296439863335205,1.273496949913474,0,5.627442956068762e-15,0.0582880973815918
0,lprand,jitter,0.1,0,5,0.1,0.5,1,101,0.00016376429299489037,3054,0.09999999999999999,0.16376429299489037,0.016376429299489036,0.8093560230081454,0,5,0.0,1.0,0.999428987740203,0.6490303076252247,1.0000000000000007,0.0009870018323311358,0.0011550375203726038,1.2735535232771171,0,5.627442956068762e-15,0.057074785232543945
0,maxentw,jitter,0.1,0,5,0.1,0.5,1,101,0.00016376429299489037,3054,0.09999999999999999,0.16376429299489037,0.016376429299489036,0.8093560230081454,0,5,0.0,1.0000000000000002,0.9994291160559229,0.6493806526233281,1.000000000000006,6.0547255466725236e-05,6.0547255466725236e-05,1.273562149610882,0,5.627442956068762e-15,0.37819981575012207
0,minnorm,jitter,0.1,0,7,0.1,0.5,1,101,0.00016376429299489037,3054,0.09999999999999999,0.16376429299489037,0.016376429299489036,0.8093560230081454,0,7,-0.1281761483063854,1.3385282586496199,0.9994314883559768,0.6544114328783521,1.3385282586496197,0.00397157702812545,0.00397157702812545,1.2733658437690165,0,5.627442956068762e-15,0.013853311538696289
0,projgauss,jitter,0.1,0,7,0.1,0.5,1,101,0.00016376429299489037,3054,0.09999999999999999,0.16376429299489037,0.016376429299489036,0.8093560230081454,0,7,-0.04538273789648911,1.1719576074333022,0.9994302440964606,0.6515214018507604,1.1719576074333022,0.00161801115984761,0.00161801115984761,1.27347317976938,0,5.627442956068762e-15,0.014482736587524414
0,spectral,jitter,0.1,0,7,0.1,0.5,1,101,0.00016376429299489037,3054,0.09999999999999999,0.16376429299489037,0.016376429299489036,0.8093560230081454,0,7,-0.07030610640510487,1.1711768187117686,0.9994291111109831,0.6495484558529865,1.1711768187117686,0.0002593846844166636,0.0004547815122540322,1.2735579838866697,0,5.627442956068762e-15,0.02061009407043457
0,spectralg,jitter,0.1,0,7,0.1,0.5,1,101,0.00016376429299489037,3054,0.09999999999999999,0.16376429299489037,0.016376429299489036,0.8093560230081454,0,7,-0.07030610640510487,1.1711768187117686,0.9994291111109831,0.6495484558529865,1.1711768187117686,0.0002593846844166636,0.0004547815122540322,1.2735579838866697,0,5.627442956068762e-15,0.03555703163146973
0,molfe,jitter,0.1,0,7,0.1,0.5,1,101,0.00016376429299489037,3054,0.09999999999999999,0.16376429299489037,0.016376429299489036,0.8093560230081454,0,7,-0.01784834346764706,1.0934118449782246,1.0354188145637964,4.715725379530147e+46,5.025544697377336e+151,inf,1295971.027387679,1295971.5457392838,1,5.627442956068762e-15,0.009507894515991211
0,molrk3,jitter,0.1,0,7,0.1,0.5,1,101,0.00016376429299489037,3054,0.09999999999999999,0.16376429299489037,0.016376429299489036,0.8093560230081454,0,7,-0.01734420647902804,1.0920034819575928,1.036053342168364,3.102225853130783e+47,2.252281000296005e+154,inf,1923798.574686635,1923799.0930382397,1,5.627442956068762e-15,0.009016990661621094
0,maxent,jitter,0.1,0,7,0.1,0.5,1,101,0.00016376429299489037,3054,0.09999999999999999,0.16376429299489037,0.016376429299489036,0.8093560230081454,0,7,0.0,1.0000000000000004,0.9994291160354609,0.6493807413039894,1.0000000000000024,6.064922232551506e-05,6.064922232551506e-05,1.2735621473472825,0,5.627442956068762e-15,0.3537938594818115
0,lp,jitter,0.1,0,7,0.1,0.5,1,101,0.00016376429299489037,3054,0.09999999999999999,0.16376429299489037,0.016376429299489036,0.8093560230081454,0,7,0.0,1.0000000000000002,0.9994310759340271,0.6580318701945812,1.0000000000000007,0.008431017224427795,0.008431017224427795,1.2734476648415791,0,5.627442956068762e-15,0.060424089431762695
0,lprand,jitter,0.1,0,7,0.1,0.5,1,101,0.00016376429299489037,3054,0.09999999999999999,0.16376429299489037,0.016376429299489036,0.8093560230081454,0,7,0.0,1.0,0.9994320462520041,0.6536954903468883,1.000000000000001,0.0025347932631412107,0.0026354405935857805,1.2736130338979803,0,5.627442956068762e-15,0.05610775947570801
0,maxentw,jitter,0.1,0,7,0.1,0.5,1,101,0.00016376429299489037,3054,0.09999999999999999,0.16376429299489037,0.016376429299489036,0.8093560230081454,0,7,0.0,1.0000000000000004,0.9994291160354609,0.6493807413039894,1.0000000000000024,6.064922232551506e-05,6.064922232551506e-05,1.2735621473472825,0,5.627442956068762e-15,0.3568730354309082
0,minnorm,jitter,0.1,1,3,0.1,0.5,1,101,0.00016993317484049846,2943,0.09999999999999999,0.16993317484049847,0.016993317484049846,0.8244590343746583,0,3,0.0,1.0000000000000018,0.9994076252187969,0.6493799322542758,1.0000000000000087,1.131932284839654e-05,2.5390819700737977e-05,1.2739241162802268,0,6.786238238021269e-15,0.013788938522338867
0,projgauss,jitter,0.1,1,3,0.1,0.5,1,101,0.00016993317484049846,2943,0.09999999999999999,0.16993317484049847,0.016993317484049846,0.8244590343746583,0,3,0.0,1.0000000000000004,0.9994076252187949,0.6493799322541286,1.0000000000000084,1.1319322885422478e-05,2.5390819698128952e-05,1.2739241162802295,0,6.786238238021269e-15,0.01798105239868164
0,spectral,jitter,0.1,1,3,0.1,0.5,1,101,0.00016993317484049846,2943,0.09999999999999999,0.16993317484049847,0.016993317484049846,0.8244590343746583,0,3,0.0,1.0000000000000018,0.9994076252187969,0.6493799322542758,1.0000000000000087,1.131932284839654e-05,2.5390819700737977e-05,1.2739241162802268,0,6.786238238021269e-15,0.014433145523071289
0,spectralg,jitter,0.1,1,3,0.1,0.5,1,101,0.00016993317484049846,2943,0.09999999999999999,0.16993317484049847,0.016993317484049846,0.8244590343746583,0,3,0.0,1.0000000000000018,0.9994076252187969,0.6493799322542758,1.0000000000000087,1.131932284839654e-05,2.5390819700737977e-05,1.2739241162802268,0,6.786238238021269e-15,0.0172269344329834
0,molfe,jitter,0.1,1,3,0.1,0.5,1,101,0.00016993317484049846,2943,0.09999999999999999,0.16993317484049847,0.016993317484049846,0.8244590343746583,0,3,0.0,1.0000000000000002,0.9994074065415596,0.6497053883307752,1.0000000000000002,0.00039267212340299285,0.00039267212340299285,1.2739450694071004,0,6.786238238021269e-15,0.01504206657409668
0,molrk3,jitter,0.1,1,3,0.1,0.5,1,101,0.00016993317484049846,2943,0.09999999999999999,0.16993317484049847,0.016993317484049846,0.8244590343746583,0,3,0.0,1.0000000000000002,0.9994075820903803,0.6496906436639491,1.0000000000000002,0.0002777167637370015,0.0003082894016047666,1.2739232121489998,0,6.786238238021269e-15,0.01642894744873047
0,maxent,jitter,0.1,1,3,0.1,0.5,1,101,0.00016993317484049846,2943,0.09999999999999999,0.16993317484049847,0.016993317484049846,0.8244590343746583,0,3,0.0,1.0000000000000002,0.9994076252187947,0.6493799322538413,1.0000000000000033,1.1319322937658471e-05,2.539081968980228e-05,1.2739241162802308,0,6.786238238021269e-15,0.0512089729309082
0,lp,jitter,0.1,1,3,0.1,0.5,1,101,0.00016993317484049846,2943,0.09999999999999999,0.16993317484049847,0.016993317484049846,0.8244590343746583,0,3,0.0,1.0,0.9994076252187963,0.6493799322541197,1.0000000000000007,1.1319322889086214e-05,2.5390819697851397e-05,1.2739241162802297,0,6.786238238021269e-15,0.05709075927734375
0,lprand,jitter,0.1,1,3,0.1,0.5,1,101,0.00016993317484049846,2943,0.09999999999999999,0.16993317484049847,0.016993317484049846,0.8244590343746583,0,3,0.0,1.0,0.9994076252187949,0.6493799322541197,1.0000000000000007,1.1319322889086214e-05,2.5390819697851397e-05,1.2739241162802297,0,6.786238238021269e-15,0.05622410774230957
0,maxentw,jitter,0.1,1,3,0.1,0.5,1,101,0.00016993317484049846,2943,0.09999999999999999,0.16993317484049847,0.016993317484049846,0.8244590343746583,0,3,0.0,1.0000000000000002,0.9994076252187947,0.6493799322538413,1.0000000000000033,1.1319322937658471e-05,2.539081968980228e-05,1.2739241162802308,0,6.786238238021269e-15,0.05128908157348633
0,minnorm,jitter,0.1,1,5,0.1,0.5,1,101,0.00016993317484049846,2943,0.09999999999999999,0.16993317484049847,0.016993317484049846,0.8244590343746583,0,5,-0.09596682531513984,1.2015758615447159,0.9994080074600282,0.6505485863156996,1.2015758615447159,0.0012258650468766619,0.0012258650468766619,1.2738976453635376,0,6.786238238021269e-15,0.013805866241455078
0,projgauss,jitter,0.1,1,5,0.1,0.5,1,101,0.00016993317484049846,2943,0.09999999999999999,0.16993317484049847,0.016993317484049846,0.8244590343746583,0,5,-0.050827591490812896,1.158272565816712,0.9994079069749461,0.6501746463404615,1.158272565816712,0.0008211104934174318,0.0008211104934174318,1.273904719862748,0,6.786238238021269e-15,0.015197038650512695
0,spectral,jitter,0.1,1,5,0.1,0.5,1,101,0.00016993317484049846,2943,0.09999999999999999,0.16993317484049847,0.016993317484049846,0.8244590343746583,0,5,-0.03341422399631235,1.0668284479926247,0.9994076255463079,0.6492365133881521,1.0668284479926247,0.00018242948592583907,0.00018242948592583907,1.2739278838160826,0,6.786238238021269e-15,0.022053956985473633
0,spectralg,jitter,0.1,1,5,0.1,0.5,1,101,0.00016993317484049846,2943,0.09999999999999999,0.16993317484049847,0.016993317484049846,0.8244590343746583,0,5,-0.03341422399631235,1.0668284479926247,0.9994076255463079,0.6492365133881521,1.0668284479926247,0.00018242948592583907,0.00018242948592583907,1.2739278838160826,0,6.786238238021269e-15,0.03267717361450195
0,molfe,jitter,0.1,1,5,0.1,0.5,1,101,0.00016993317484049846,2943,0.09999999999999999,0.16993317484049847,0.016993317484049846,0.8244590343746583,0,5,-0.048559272347827136,1.1592472812308763,1.0965270214309906,1.0591472948666402e+118,1.0591472948666402e+118,inf,7706248.420581473,7706247.944690957,1,6.786238238021269e-15,0.009535074234008789
0,molrk3,jitter,0.1,1,5,0.1,0.5,1,101,0.00016993317484049846,2943,0.09999999999999999,0.16993317484049847,0.016993317484049846,0.8244590343746583,0,5,-0.04537495115033681,1.1530972905336745,1.1013356522353863,4.1893850178269174e+123,4.1893850178269174e+123,inf,25746928.64427548,25746928.080452193,1,6.786238238021269e-15,0.008699893951416016
0,maxent,jitter,0.1,1,5,0.1,0.5,1,101,0.00016993317484049846,2943,0.09999999999999999,0.16993317484049847,0.016993317484049846,0.8244590343746583,0,5,0.0,1.0000000000000002,0.9994076186163267,0.6494101758792294,1.000000000000007,5.3593692909692514e-05,5.3593692909692514e-05,1.2739242877777033,0,6.786238238021269e-15,0.29048895835876465
0,lp,jitter,0.1,1,5,0.1,0.5,1,101,0.00016993317484049846,2943,0.09999999999999999,0.16993317484049847,0.016993317484049846,0.8244590343746583,0,5,0.0,1.0,0.9994082293020413,0.652964558016338,1.0000000000000004,0.0042756321511148165,0.0042756321511148165,1.2738990626262399,0,6.786238238021269e-15,0.057785987854003906
0,lprand,jitter,0.1,1,5,0.1,0.5,1,101,0.00016993317484049846,2943,0.09999999999999999,0.16993317484049847,0.016993317484049846,0.8244590343746583,0,5,0.0,1.0,0.9994069688435653,0.6496007509924184,1.0000000000000002,0.001073249304654189,0.0012902757180979219,1.2739269206143229,0,6.786238238021269e-15,0.05740213394165039
0,maxentw,jitter,0.1,1,5,0.1,0.5,1,101,0.00016993317484049846,2943,0.09999999999999999,0.16993317484049847,0.016993317484049846,0.8244590343746583,0,5,0.0,1.0000000000000002,0.9994076186163267,0.6494101758792294,1.000000000000007,5.3593692909692514e-05,5.3593692909692514e-05,1.2739242877777033,0,6.786238238021269e-15,0.42402195930480957
0,minnorm,jitter,0.1,1,7,0.1,0.5,1,101,0.00016993317484049846,2943,0.09999999999999999,0.16993317484049847,0.016993317484049846,0.8244590343746583,0,7,-0.1250070019212711,1.3295182015282614,0.9994098749594686,0.6542362406963694,1.3295182015282614,0.0039002523621843865,0.0039002523621843865,1.2737655053478838,0,6.786238238021269e-15,0.014377117156982422
0,projgauss,jitter,0.1,1,7,0.1,0.5,1,101,0.00016993317484049846,2943,0.09999999999999999,0.16993317484049847,0.016993317484049846,0.8244590343746583,0,7,-0.043799110146091974,1.1639502877899297,0.9994087157128266,0.6514626867774025,1.1639502877899297,0.0015855177953891797,0.0016214866726809857,1.2738481008051252,0,6.786238238021269e-15,0.017423152923583984
0,spectral,jitter,0.1,1,7,0.1,0.5,1,101,0.00016993317484049846,2943,0.09999999999999999,0.16993317484049847,0.016993317484049846,0.8244590343746583,0,7,-0.06010209105662612,1.1406466129329702,0.999407649963598,0.649611903280818,1.14064661293297,0.0002489752193467476,0.0003975616282169969,1.2739169634718146,0,6.786238238021269e-15,0.023150920867919922
0,spectralg,jitter,0.1,1,7,0.1,0.5,1,101,0.00016993317484049846,2943,0.09999999999999999,0.16993317484049847,0.016993317484049846,0.8244590343746583,0,7,-0.06010209105662612,1.1406466129329702,0.999407649963598,0.649611903280818,1.14064661293297,0.0002489752193467476,0.0003975616282169969,1.2739169634718146,0,6.786238238021269e-15,0.03434896469116211
0,molfe,jitter,0.1,1,7,0.1,0.5,1,101,0.00016993317484049846,2943,0.09999999999999999,0.16993317484049847,0.016993317484049846,0.8244590343746583,0,7,-0.01940196231954146,1.100241777977703,1.0367759731737611,4.399147575565451e+46,2.1080261065244443e+157,inf,1238711.7849502815,1238712.2061699152,1,6.786238238021269e-15,0.009340047836303711
0,molrk3,jitter,0.1,1,7,0.1,0.5,1,101,0.00016993317484049846,2943,0.09999999999999999,0.16993317484049847,0.016993317484049846,0.8244590343746583,0,7,-0.01880913916835339,1.098617005430486,1.0374604071020286,3.0846265554057004e+47,1.5816116035095866e+160,inf,1854320.939430437,1854321.3606500707,1,6.786238238021269e-15,0.009844064712524414
0,maxent,jitter,0.1,1,7,0.1,0.5,1,101,0.00016993317484049846,2943,0.09999999999999999,0.16993317484049847,0.016993317484049846,0.8244590343746583,0,7,0.0,1.0000000000000004,0.9994076186078151,0.6494103608042398,1.0000000000000062,5.387413607660374e-05,5.387413607660374e-05,1.2739242904855224,0,6.786238238021269e-15,0.6049141883850098
0,lp,jitter,0.1,1,7,0.1,0.5,1,101,0.00016993317484049846,2943,0.09999999999999999,0.16993317484049847,0.016993317484049846,0.8244590343746583,0,7,0.0,1.0000000000000002,0.9994085384075964,0.6567387725481357,1.0000000000000013,0.010627165535974259,0.010627165535974259,1.2737979443595102,0,6.786238238021269e-15,0.06040787696838379
0,lprand,jitter,0.1,1,7,0.1,0.5,1,101,0.00016993317484049846,2943,0.09999999999999999,0.16993317484049847,0.016993317484049846,0.8244590343746583,0,7,0.0,1.0000000000000002,0.999407706595371,0.6515319550626982,1.0000000000000009,0.0031659105871035265,0.0031659105871035265,1.2737925269803263,0,6.786238238021269e-15,0.058619022369384766
0,maxentw,jitter,0.1,1,7,0.1,0.5,1,101,0.00016993317484049846,2943,0.09999999999999999,0.16993317484049847,0.016993317484049846,0.8244590343746583,0,7,0.0,1.0000000000000004,0.9994076186078151,0.6494103608042398,1.0000000000000062,5.387413607660374e-05,5.387413607660374e-05,1.2739242904855224,0,6.786238238021269e-15,0.6960279941558838
0,minnorm,jitter,0.1,2,3,0.1,0.5,1,101,0.00017878235363346623,2797,0.09999999999999999,0.17878235363346623,0.017878235363346623,0.8456532472200795,0,3,0.0,1.0000000000000013,0.9993767898716867,0.6494254360929016,1.0000000000000322,2.2748189498822402e-05,2.7862859714261612e-05,1.2740000680506103,0,6.966649479522857e-15,0.01576685905456543
0,projgauss,jitter,0.1,2,3,0.1,0.5,1,101,0.00017878235363346623,2797,0.09999999999999999,0.17878235363346623,0.017878235363346623,0.8456532472200795,0,3,0.0,1.0000000000000002,0.9993767898716871,0.6494254360927605,1.0000000000000013,2.2748189535459762e-05,2.786285971465019e-05,1.2740000680506007,0,6.966649479522857e-15,0.015820026397705078
0,spectral,jitter,0.1,2,3,0.1,0.5,1,101,0.00017878235363346623,2797,0.09999999999999999,0.17878235363346623,0.017878235363346623,0.8456532472200795,0,3,0.0,1.0000000000000013,0.9993767898716867,0.6494254360929016,1.0000000000000322,2.2748189498822402e-05,2.7862859714261612e-05,1.2740000680506103,0,6.966649479522857e-15,0.014024019241333008
0,spectralg,jitter,0.1,2,3,0.1,0.5,1,101,0.00017878235363346623,2797,0.09999999999999999,0.17878235363346623,0.017878235363346623,0.8456532472200795,0,3,0.0,1.0000000000000013,0.9993767898716867,0.6494254360929016,1.0000000000000322,2.2748189498822402e-05,2.7862859714261612e-05,1.2740000680506103,0,6.966649479522857e-15,0.014386177062988281
0,molfe,jitter,0.1,2,3,0.1,0.5,1,101,0.00017878235363346623,2797,0.09999999999999999,0.17878235363346623,0.017878235363346623,0.8456532472200795,0,3,0.0,1.0,0.9993765478491249,0.6497662609944886,1.0,0.00039746179281041627,0.00039746179281041627,1.2740220562115485,0,6.966649479522857e-15,0.014134883880615234
0,molrk3,jitter,0.1,2,3,0.1,0.5,1,101,0.00017878235363346623,2797,0.09999999999999999,0.17878235363346623,0.017878235363346623,0.8456532472200795,0,3,0.0,1.0000000000000002,0.9993767421550297,0.6497516422421539,1.0000000000000002,0.00027504646006126787,0.0003062755683006513,1.27399909276842,0,6.966649479522857e-15,0.015918254852294922
0,maxent,jitter,0.1,2,3,0.1,0.5,1,101,0.00017878235363346623,2797,0.09999999999999999,0.17878235363346623,0.017878235363346623,0.8456532472200795,0,3,0.0,1.0000000000000002,0.999376789871688,0.6494254360943207,1.0000000000000013,2.2748190217303232e-05,2.786285996145277e-05,1.2740000680506007,0,6.966649479522857e-15,0.14069199562072754
0,lp,jitter,0.1,2,3,0.1,0.5,1,101,0.00017878235363346623,2797,0.09999999999999999,0.17878235363346623,0.017878235363346623,0.8456532472200795,0,3,0.0,1.0,0.9993767898716847,0.6494254360926999,1.0000000000000002,2.274818954983715e-05,2.78628597147057e-05,1.2740000680506007,0,6.966649479522857e-15,0.057213783264160156
0,lprand,jitter,0.1,2,3,0.1,0.5,1,101,0.00017878235363346623,2797,0.09999999999999999,0.17878235363346623,0.017878235363346623,0.8456532472200795,0,3,0.0,1.0,0.9993767898716859,0.6494254360926993,1.0000000000000002,2.2748189549670617e-05,2.78628597147057e-05,1.2740000680506007,0,6.966649479522857e-15,0.05533123016357422
0,maxentw,jitter,0.1,2,3,0.1,0.5,1,101,0.00017878235363346623,2797,0.09999999999999999,0.17878235363346623,0.017878235363346623,0.8456532472200795,0,3,0.0,1.0000000000000002,0.999376789871688,0.6494254360943207,1.0000000000000013,2.2748190217303232e-05,2.786285996145277e-05,1.2740000680506007,0,6.966649479522857e-15,0.14089703559875488
0,minnorm,jitter,0.1,2,5,0.1,0.5,1,101,0.00017878235363346623,2797,0.09999999999999999,0.17878235363346623,0.017878235363346623,0.8456532472200795,0,5,-0.1021704849966815,1.2043409699933627,0.9993771612054465,0.6505227652184877,1.2043409699933627,0.0010666033308653344,0.0010666033308653344,1.2739736845407736,0,6.966649479522857e-15,0.015357017517089844
0,projgauss,jitter,0.1,2,5,0.1,0.5,1,101,0.00017878235363346623,2797,0.09999999999999999,0.17878235363346623,0.017878235363346623,0.8456532472200795,0,5,-0.055003598870610626,1.1477703516775697,0.9993770559486922,0.650156032265744,1.1477703516775697,0.0007063512897077517,0.0007063512897077517,1.273981263444096,0,6.966649479522857e-15,0.01607489585876465
0,spectral,jitter,0.1,2,5,0.1,0.5,1,101,0.00017878235363346623,2797,0.09999999999999999,0.17878235363346623,0.017878235363346623,0.8456532472200795,0,5,-0.028798084082403155,1.057596168164806,0.9993767821014283,0.6493206088416207,1.057596168164806,0.00018666302827430314,0.00018666302827430314,1.2740032401291992,0,6.966649479522857e-15,0.022043228149414062
0,spectralg,jitter,0.1,2,5,0.1,0.5,1,101,0.00017878235363346623,2797,0.09999999999999999,0.17878235363346623,0.017878235363346623,0.8456532472200795,0,5,-0.028798084082403155,1.057596168164806,0.9993767821014283,0.6493206088416207,1.057596168164806,0.00018666302827430314,0.00018666302827430314,1.2740032401291992,0,6.966649479522857e-15,0.0316319465637207
0,molfe,jitter,0.1,2,5,0.1,0.5,1,101,0.00017878235363346623,2797,0.09999999999999999,0.17878235363346623,0.017878235363346623,0.8456532472200795,0,5,-0.0631987929349321,1.1799654765075682,1.1017865769127528,1.052322400043462e+118,1.052322400043462e+118,inf,5629795.36766154,5629795.798472437,1,6.966649479522857e-15,0.008990764617919922
0,molrk3,jitter,0.1,2,5,0.1,0.5,1,101,0.00017878235363346623,2797,0.09999999999999999,0.17878235363346623,0.017878235363346623,0.8456532472200795,0,5,-0.05887827446702064,1.1718366491892538,1.1071425906270653,8.241669389087421e+123,8.241669389087421e+123,inf,19175126.16044785,19175126.591258746,1,6.966649479522857e-15,0.00927114486694336
0,maxent,jitter,0.1,2,5,0.1,0.5,1,101,0.00017878235363346623,2797,0.09999999999999999,0.17878235363346623,0.017878235363346623,0.8456532472200795,0,5,0.0,1.0000000000000002,0.9993767819546072,0.6494623762547793,1.0000000000000029,5.4313669115568786e-05,5.4313669115568786e-05,1.274000132888639,0,6.966649479522857e-15,0.20866012573242188
0,lp,jitter,0.1,2,5,0.1,0.5,1,101,0.00017878235363346623,2797,0.09999999999999999,0.17878235363346623,0.017878235363346623,0.8456532472200795,0,5,0.0,1.0,0.9993775955586397,0.6534071377912435,1.0000000000000004,0.005061653111558095,0.005061653111558095,1.2739536754678646,0,6.966649479522857e-15,0.05848073959350586
0,lprand,jitter,0.1,2,5,0.1,0.5,1,101,0.00017878235363346623,2797,0.09999999999999999,0.17878235363346623,0.017878235363346623,0.8456532472200795,0,5,0.0,1.0,0.9993769218615579,0.6502043051271602,1.0000000000000004,0.001434978012526289,0.0016212458310602695,1.2740452471121455,0,6.966649479522857e-15,0.05678725242614746
0,maxentw,jitter,0.1,2,5,0.1,0.5,1,101,0.00017878235363346623,2797,0.09999999999999999,0.17878235363346623,0.017878235363346623,0.8456532472200795,0,5,0.0,1.0000000000000002,0.9993767819546072,0.6494623762547793,1.0000000000000029,5.4313669115568786e-05,5.4313669115568786e-05,1.274000132888639,0,6.966649479522857e-15,0.21099519729614258
0,minnorm,jitter,0.1,2,7,0.1,0.5,1,101,0.00017878235363346623,2797,0.09999999999999999,0.17878235363346623,0.017878235363346623,0.8456532472200795,0,7,-0.12063006237943844,1.3284641725174393,0.9993790037929946,0.6539114306347831,1.3284641725174393,0.0035519188819177483,0.0035519188819177483,1.2738490856505815,0,6.966649479522857e-15,0.014368057250976562
0,projgauss,jitter,0.1,2,7,0.1,0.5,1,101,0.00017878235363346623,2797,0.09999999999999999,0.17878235363346623,0.017878235363346623,0.8456532472200795,0,7,-0.04529716516056274,1.159411191253279,0.9993778324810909,0.6513399205851955,1.1594111912532792,0.0014894513893698447,0.001566953099057064,1.273929098473349,0,6.966649479522857e-15,0.016422033309936523
0,spectral,jitter,0.1,2,7,0.1,0.5,1,101,0.00017878235363346623,2797,0.09999999999999999,0.17878235363346623,0.017878235363346623,0.8456532472200795,0,7,-0.06064228309671177,1.1527483072720843,0.9993768027482389,0.6496942475398746,1.1527483072720845,0.0004423730379843338,0.0004423730379843338,1.2739954749660858,0,6.966649479522857e-15,0.022084951400756836
0,spectralg,jitter,0.1,2,7,0.1,0.5,1,101,0.00017878235363346623,2797,0.09999999999999999,0.17878235363346623,0.017878235363346623,0.8456532472200795,0,7,-0.06064228309671177,1.1527483072720843,0.9993768027482389,0.6496942475398746,1.1527483072720845,0.0004423730379843338,0.0004423730379843338,1.2739954749660858,0,6.966649479522857e-15,0.03572201728820801
0,molfe,jitter,0.1,2,7,0.1,0.5,1,101,0.00017878235363346623,2797,0.09999999999999999,0.17878235363346623,0.017878235363346623,0.8456532472200795,0,7,-0.02013452496733964,1.1044180393665848,1.0386690219143526,4.309267979456794e+46,2.3751940262193407e+165,inf,6353707.157789388,6353707.648468432,1,6.966649479522857e-15,0.009334802627563477
0,molrk3,jitter,0.1,2,7,0.1,0.5,1,101,0.00017878235363346623,2797,0.09999999999999999,0.17878235363346623,0.017878235363346623,0.8456532472200795,0,7,-0.01949185279026993,1.102713360654137,1.0394261692578417,3.3628833006925327e+47,3.4093542639715793e+168,inf,1259734.7116947463,1259735.2342349885,1,6.966649479522857e-15,0.008892059326171875
0,maxent,jitter,0.1,2,7,0.1,0.5,1,101,0.00017878235363346623,2797,0.09999999999999999,0.17878235363346623,0.017878235363346623,0.8456532472200795,0,7,0.0,1.0000000000000002,0.9993767818928652,0.6494625885849725,1.0000000000000078,5.469111373135327e-05,5.469111373135327e-05,1.2740001347492347,0,6.966649479522857e-15,0.405717134475708
0,lp,jitter,0.1,2,7,0.1,0.5,1,101,0.00017878235363346623,2797,0.09999999999999999,0.17878235363346623,0.017878235363346623,0.8456532472200795,0,7,0.0,1.0000000000000002,0.9993769784626414,0.6574334461695696,1.0000000000000009,0.009764539491702362,0.009764539491702362,1.273828701070862,0,6.966649479522857e-15,0.0598139762878418
0,lprand,jitter,0.1,2,7,0.1,0.5,1,101,0.00017878235363346623,2797,0.09999999999999999,0.17878235363346623,0.017878235363346623,0.8456532472200795,0,7,0.0,1.0,0.9993780797631903,0.6519656368608017,1.0000000000000013,0.001935059058943922,0.0019542158490596373,1.2739703392984494,0,6.966649479522857e-15,0.05692315101623535
0,maxentw,jitter,0.1,2,7,0.1,0.5,1,101,0.00017878235363346623,2797,0.09999999999999999,0.17878235363346623,0.017878235363346623,0.8456532472200795,0,7,0.0,1.0000000000000002,0.9993767818928652,0.6494625885849725,1.0000000000000078,5.469111373135327e-05,5.469111373135327e-05,1.2740001347492347,0,6.966649479522857e-15,0.406080961227417
0,minnorm,jitter,0.25,0,3,0.1,0.5,1,101,6.848428807779342e-05,7301,0.09999999999999999,0.06848428807779343,0.006848428807779342,0.5233900575203676,0,3,0.0,1.0000000000000009,0.9997612130775548,0.6495901964758175,1.0000000000000049,0.00019974510048281768,0.00023462335632717934,1.2736090743383912,0,6.772360450213455e-15,0.027985811233520508
0,projgauss,jitter,0.25,0,3,0.1,0.5,1,101,6.848428807779342e-05,7301,0.09999999999999999,0.06848428807779343,0.006848428807779342,0.5233900575203676,0,3,0.0,1.0000000000000004,0.9997612130775558,0.6495901964757853,1.0000000000000089,0.00019974510059128647,0.00023462335626189823,1.2736090743383883,0,6.772360450213455e-15,0.028591156005859375
0,spectral,jitter,0.25,0,3,0.1,0.5,1,101,6.848428807779342e-05,7301,0.09999999999999999,0.06848428807779343,0.006848428807779342,0.5233900575203676,0,3,0.0,1.0000000000000009,0.9997612130775548,0.6495901964758175,1.0000000000000049,0.00019974510048281768,0.00023462335632717934,1.2736090743383912,0,6.772360450213455e-15,0.022762060165405273
0,spectralg,jitter,0.25,0,3,0.1,0.5,1,101,6.848428807779342e-05,7301,0.09999999999999999,0.06848428807779343,0.006848428807779342,0.5233900575203676,0,3,0.0,1.0000000000000009,0.9997612130775548,0.6495901964758175,1.0000000000000049,0.00019974510048281768,0.00023462335632717934,1.2736090743383912,0,6.772360450213455e-15,0.02598714828491211
0,molfe,jitter,0.25,0,3,0.1,0.5,1,101,6.848428807779342e-05,7301,0.09999999999999999,0.06848428807779343,0.006848428807779342,0.5233900575203676,0,3,0.0,1.0000000000000002,0.9997611775224438,0.6497220439159772,1.0000000000000007,0.0003326332079184313,0.0003326332079184313,1.2736176297112292,0,6.772360450213455e-15,0.025341033935546875
0,molrk3,jitter,0.25,0,3,0.1,0.5,1,101,6.848428807779342e-05,7301,0.09999999999999999,0.06848428807779343,0.006848428807779342,0.5233900575203676,0,3,0.0,1.0000000000000002,0.9997612060382622,0.649715661007681,1.0000000000000009,0.0003102319939031206,0.00035621247624872954,1.2736086840514425,0,6.772360450213455e-15,0.023098230361938477
0,maxent,jitter,0.25,0,3,0.1,0.5,1,101,6.848428807779342e-05,7301,0.09999999999999999,0.06848428807779343,0.006848428807779342,0.5233900575203676,0,3,0.0,1.0000000000000002,0.9997612130764614,0.6495901963545238,1.000000000000004,0.0001997443176684488,0.00023462341162183709,1.2736090743454778,0,6.772360450213455e-15,0.2065567970275879
0,lp,jitter,0.25,0,3,0.1,0.5,1,101,6.848428807779342e-05,7301,0.09999999999999999,0.06848428807779343,0.006848428807779342,0.5233900575203676,0,3,0.0,1.0,0.9997612130775545,0.6495901964757755,1.0000000000000027,0.00019974510062048534,0.00023462335631740938,1.2736090743383963,0,6.772360450213455e-15,0.06261396408081055
0,lprand,jitter,0.25,0,3,0.1,0.5,1,101,6.848428807779342e-05,7301,0.09999999999999999,0.06848428807779343,0.006848428807779342,0.5233900575203676,0,3,0.0,1.0,0.9997612130775593,0.6495901964757611,1.0000000000000022,0.00019974510061471218,0.00023462335631774245,1.273609074338396,0,6.772360450213455e-15,0.06259918212890625
0,maxentw,jitter,0.25,0,3,0.1,0.5,1,101,6.848428807779342e-05,7301,0.09999999999999999,0.06848428807779343,0.006848428807779342,0.5233900575203676,0,3,0.0,1.0000000000000002,0.9997612130764614,0.6495901963545238,1.000000000000004,0.0001997443176684488,0.00023462341162183709,1.2736090743454778,0,6.772360450213455e-15,0.2110457420349121
0,minnorm,jitter,0.25,0,5,0.1,0.5,1,101,6.848428807779342e-05,7301,0.09999999999999999,0.06848428807779343,0.006848428807779342,0.5233900575203676,0,5,-0.12431669067265541,1.4019427519701215,0.9997616698609234,0.6518498598814225,1.4019427519701215,0.002343099117794678,0.002343099117794678,1.27351165992126,0,6.772360450213455e-15,0.02652716636657715
0,projgauss,jitter,0.25,0,5,0.1,0.5,1,101,6.848428807779342e-05,7301,0.09999999999999999,0.06848428807779343,0.006848428807779342,0.5233900575203676,0,5,-0.10125736123520435,1.3396712327135543,0.999761621520824,0.6513029223207863,1.3396712327135545,0.001472696982523558,0.00169884024446329,1.2735283422823387,0,6.772360450213455e-15,0.022305965423583984
0,spectral,jitter,0.25,0,5,0.1,0.5,1,101,6.848428807779342e-05,7301,0.09999999999999999,0.06848428807779343,0.006848428807779342,0.5233900575203676,0,5,-0.06651587591000227,1.1330317518200042,0.9997612225284376,0.6493913899557657,1.1744793678423424,0.0007024616025163022,0.0009510239116127805,1.2736154681795282,0,6.772360450213455e-15,0.027348995208740234
0,spectralg,jitter,0.25,0,5,0.1,0.5,1,101,6.848428807779342e-05,7301,0.09999999999999999,0.06848428807779343,0.006848428807779342,0.5233900575203676,0,5,-0.06651587591000227,1.1330317518200042,0.9997612225284376,0.6493913899557657,1.1744793678423424,0.0007024616025163022,0.0009510239116127805,1.2736154681795282,0,6.772360450213455e-15,0.041107177734375
0,molfe,jitter,0.25,0,5,0.1,0.5,1,101,6.848428807779342e-05,7301,0.09999999999999999,0.06848428807779343,0.006848428807779342,0.5233900575203676,0,5,-0.02519109069041331,1.0686911392426888,1.0386726770572465,3.466942679029187e+120,1.0377283919537188e+165,inf,11344365.700003577,11344366.119760998,1,6.772360450213455e-15,0.009540081024169922
0,molrk3,jitter,0.25,0,5,0.1,0.5,1,101,6.848428807779342e-05,7301,0.09999999999999999,0.06848428807779343,0.006848428807779342,0.5233900575203676,0,5,-0.024529613499282597,1.067450913249251,1.0394301046869328,7.101408170180376e+122,1.5202850530948557e+168,inf,18265533.901622213,18265534.32137963,1,6.772360450213455e-15,0.010321855545043945
0,maxent,jitter,0.25,0,5,0.1,0.5,1,101,6.848428807779342e-05,7301,0.09999999999999999,0.06848428807779343,0.006848428807779342,0.5233900575203676,0,5,0.0,1.0000000000000004,0.9997612126202838,0.6495933121088143,1.000000000000009,0.00021550446322915473,0.00023994791156922712,1.2736090539400529,0,6.772360450213455e-15,0.4506337642669678
0,lp,jitter,0.25,0,5,0.1,0.5,1,101,6.848428807779342e-05,7301,0.09999999999999999,0.06848428807779343,0.006848428807779342,0.5233900575203676,0,5,0.0,1.0000000000000002,0.9997616893211868,0.6549280395956915,1.0000000000000044,0.006338320912578466,0.006338320912578466,1.2735380891601946,0,6.772360450213455e-15,0.06793713569641113
0,lprand,jitter,0.25,0,5,0.1,0.5,1,101,6.848428807779342e-05,7301,0.09999999999999999,0.06848428807779343,0.006848428807779342,0.5233900575203676,0,5,0.0,1.0000000000000002,0.9997612854520236,0.6499638334291996,1.0000000000000062,0.0010061124987295056,0.0010061124987295056,1.2735935654985397,0,6.772360450213455e-15,0.06466794013977051
0,maxentw,jitter,0.25,0,5,0.1,0.5,1,101,6.848428807779342e-05,7301,0.09999999999999999,0.06848428807779343,0.006848428807779342,0.5233900575203676,0,5,0.0,1.0000000000000004,0.9997612126202838,0.6495933121088143,1.000000000000009,0.00021550446322915473,0.00023994791156922712,1.2736090539400529,0,6.772360450213455e-15,0.44757676124572754
0,minnorm,jitter,0.25,0,7,0.1,0.5,1,101,6.848428807779342e-05,7301,0.09999999999999999,0.06848428807779343,0.006848428807779342,0.5233900575203676,0,7,-0.1476101198704601,1.4422550751498038,0.9997639826875632,0.6604953534714706,1.442255075149804,0.006799126331465066,0.006799126331465066,1.2730926077883846,0,6.772360450213455e-15,0.024019956588745117
0,projgauss,jitter,0.25,0,7,0.1,0.5,1,101,6.848428807779342e-05,7301,0.09999999999999999,0.06848428807779343,0.006848428807779342,0.5233900575203676,0,7,-0.07368411462861135,1.2660264052604824,0.9997626347769212,0.6551037072657266,1.2660264052604824,0.003402946339985058,0.003581218256264035,1.2733332355409641,0,6.772360450213455e-15,0.02416396141052246
0,spectral,jitter,0.25,0,7,0.1,0.5,1,101,6.848428807779342e-05,7301,0.09999999999999999,0.06848428807779343,0.006848428807779342,0.5233900575203676,0,7,-0.1195608133992043,1.2977158562524913,0.999761260305161,0.6501382792720043,1.3738472799526344,0.0008964490350282794,0.0015915392411016138,1.273592392687324,0,6.772360450213455e-15,0.0318601131439209
0,spectralg,jitter,0.25,0,7,0.1,0.5,1,101,6.848428807779342e-05,7301,0.09999999999999999,0.06848428807779343,0.006848428807779342,0.5233900575203676,0,7,-0.1195608133992043,1.2977158562524913,0.999761260305161,0.6501382792720043,1.3738472799526344,0.0008964490350282794,0.0015915392411016138,1.273592392687324,0,6.772360450213455e-15,0.0479428768157959
0,molfe,jitter,0.25,0,7,0.1,0.5,1,101,6.848428807779342e-05,7301,0.09999999999999999,0.06848428807779343,0.006848428807779342,0.5233900575203676,0,7,-0.007013744612037606,1.0376705541476625,1.014925273500594,4.497366070565507e+47,1.4474096404238951e+65,inf,1446416.114004395,1446416.631249917,1,6.772360450213455e-15,0.01235198974609375
0,molrk3,jitter,0.25,0,7,0.1,0.5,1,101,6.848428807779342e-05,7301,0.09999999999999999,0.06848428807779343,0.006848428807779342,0.5233900575203676,0,7,-0.006950362673697823,1.037442087633792,1.0150372084674022,1.0200066110733134e+48,4.433531807057757e+65,inf,1712003.4741501436,1712003.9913956656,1,6.772360450213455e-15,0.011197328567504883
0,maxent,jitter,0.25,0,7,0.1,0.5,1,101,6.848428807779342e-05,7301,0.09999999999999999,0.06848428807779343,0.006848428807779342,0.5233900575203676,0,7,0.0,1.0000000000000004,0.9997612126204476,0.6495933107280463,1.0000000000000089,0.00021550136920844842,0.0002399476510439591,1.2736090539258007,0,6.772360450213455e-15,0.34763598442077637
0,lp,jitter,0.25,0,7,0.1,0.5,1,101,6.848428807779342e-05,7301,0.09999999999999999,0.06848428807779343,0.006848428807779342,0.5233900575203676,0,7,0.0,1.0000000000000002,0.9997618092149304,0.6585950839241915,1.0000000000000016,0.010798310200531458,0.010798310200531458,1.2734405021664763,0,6.772360450213455e-15,0.07006597518920898
0,lprand,jitter,0.25,0,7,0.1,0.5,1,101,6.848428807779342e-05,7301,0.09999999999999999,0.06848428807779343,0.006848428807779342,0.5233900575203676,0,7,0.0,1.0,0.9997622418247926,0.6536478719999904,1.0000000000000036,0.0031354187337165884,0.0031354187337165884,1.2736402027511329,0,6.772360450213455e-15,0.0667271614074707
0,maxentw,jitter,0.25,0,7,0.1,0.5,1,101,6.848428807779342e-05,7301,0.09999999999999999,0.06848428807779343,0.006848428807779342,0.5233900575203676,0,7,0.0,1.0000000000000004,0.9997612126204476,0.6495933107280463,1.0000000000000089,0.00021550136920844842,0.0002399476510439591,1.2736090539258007,0,6.772360450213455e-15,0.34911513328552246
0,minnorm,jitter,0.25,1,3,0.1,0.5,1,101,7.872165330063403e-05,6352,0.09999999999999999,0.07872165330063402,0.007872165330063402,0.5611475859366555,0,3,0.0,1.0000000000000009,0.9997255258191982,0.649552326910622,1.0000000000000233,0.00021298568869032586,0.00021298568869032586,1.273639181949847,0,6.356026815979021e-15,0.02290797233581543
0,projgauss,jitter,0.25,1,3,0.1,0.5,1,101,7.872165330063403e-05,6352,0.09999999999999999,0.07872165330063402,0.007872165330063402,0.5611475859366555,0,3,0.0,1.0000000000000002,0.9997255258191948,0.6495523269106783,1.000000000000015,0.00021298568875360857,0.00021298568875360857,1.2736391819498678,0,6.356026815979021e-15,0.02618408203125
0,spectral,jitter,0.25,1,3,0.1,0.5,1,101,7.872165330063403e-05,6352,0.09999999999999999,0.07872165330063402,0.007872165330063402,0.5611475859366555,0,3,0.0,1.0000000000000009,0.9997255258191982,0.649552326910622,1.0000000000000233,0.00021298568869032586,0.00021298568869032586,1.273639181949847,0,6.356026815979021e-15,0.02437281608581543
0,spectralg,jitter,0.25,1,3,0.1,0.5,1,101,7.872165330063403e-05,6352,0.09999999999999999,0.07872165330063402,0.007872165330063402,0.5611475859366555,0,3,0.0,1.0000000000000009,0.9997255258191982,0.649552326910622,1.0000000000000233,0.00021298568869032586,0.00021298568869032586,1.273639181949847,0,6.356026815979021e-15,0.020657062530517578
0,molfe,jitter,0.25,1,3,0.1,0.5,1,101,7.872165330063403e-05,6352,0.09999999999999999,0.07872165330063402,0.007872165330063402,0.5611475859366555,0,3,0.0,1.0000000000000002,0.9997254788436947,0.6497036979583916,1.0000000000000002,0.0003915220489891791,0.0003915220489891791,1.2736490107565976,0,6.356026815979021e-15,0.021451950073242188
0,molrk3,jitter,0.25,1,3,0.1,0.5,1,101,7.872165330063403e-05,6352,0.09999999999999999,0.07872165330063402,0.007872165330063402,0.5611475859366555,0,3,0.0,1.0000000000000002,0.9997255165211841,0.6496964858087886,1.0000000000000009,0.00033811772911307436,0.00034683418874881244,1.2736387178307012,0,6.356026815979021e-15,0.020965099334716797
0,maxent,jitter,0.25,1,3,0.1,0.5,1,101,7.872165330063403e-05,6352,0.09999999999999999,0.07872165330063402,0.007872165330063402,0.5611475859366555,0,3,0.0,1.0000000000000002,0.9997255258177096,0.6495523257750211,1.0000000000000075,0.00021298507079936524,0.00021298507079936524,1.2736391818397363,0,6.356026815979021e-15,0.16848373413085938
0,lp,jitter,0.25,1,3,0.1,0.5,1,101,7.872165330063403e-05,6352,0.09999999999999999,0.07872165330063402,0.007872165330063402,0.5611475859366555,0,3,0.0,1.0000000000000002,0.9997255258191972,0.6495523269105027,1.0000000000000036,0.00021298568861716216,0.00021298568861716216,1.273639181949844,0,6.356026815979021e-15,0.06566905975341797
0,lprand,jitter,0.25,1,3,0.1,0.5,1,101,7.872165330063403e-05,6352,0.09999999999999999,0.07872165330063402,0.007872165330063402,0.5611475859366555,0,3,0.0,1.0000000000000002,0.9997255258191942,0.649552326910517,1.0000000000000036,0.00021298568862093692,0.00021298568862093692,1.2736391819498425,0,6.356026815979021e-15,0.06125688552856445
0,maxentw,jitter,0.25,1,3,0.1,0.5,1,101,7.872165330063403e-05,6352,0.09999999999999999,0.07872165330063402,0.007872165330063402,0.5611475859366555,0,3,0.0,1.0000000000000002,0.9997255258177096,0.6495523257750211,1.0000000000000075,0.00021298507079936524,0.00021298507079936524,1.2736391818397363,0,6.356026815979021e-15,0.1706998348236084
0,minnorm,jitter,0.25,1,5,0.1,0.5,1,101,7.872165330063403e-05,6352,0.09999999999999999,0.07872165330063402,0.007872165330063402,0.5611475859366555,0,5,-0.11894148293795388,1.399619426581705,0.9997259716327456,0.6515872632680255,1.399619426581705,0.002447683239242715,0.002447683239242715,1.2735974124380893,0,6.356026815979021e-15,0.02326822280883789
0,projgauss,jitter,0.25,1,5,0.1,0.5,1,101,7.872165330063403e-05,6352,0.09999999999999999,0.07872165330063402,0.007872165330063402,0.5611475859366555,0,5,-0.09597607360944882,1.3388821108342912,0.9997259267009948,0.6511697727206422,1.3388821108342914,0.0018674535797161274,0.0018674535797161274,1.2735993484957717,0,6.356026815979021e-15,0.023068904876708984
0,spectral,jitter,0.25,1,5,0.1,0.5,1,101,7.872165330063403e-05,6352,0.09999999999999999,0.07872165330063402,0.007872165330063402,0.5611475859366555,0,5,-0.06768743569135868,1.1353748713827168,0.9997255613994763,0.6490105682863774,1.1353748713827168,0.000611958085868336,0.000611958085868336,1.2736510960427052,0,6.356026815979021e-15,0.026623964309692383
0,spectralg,jitter,0.25,1,5,0.1,0.5,1,101,7.872165330063403e-05,6352,0.09999999999999999,0.07872165330063402,0.007872165330063402,0.5611475859366555,0,5,-0.06768743569135868,1.1353748713827168,0.9997255613994763,0.6490105682863774,1.1353748713827168,0.000611958085868336,0.000611958085868336,1.2736510960427052,0,6.356026815979021e-15,0.03982996940612793
0,molfe,jitter,0.25,1,5,0.1,0.5,1,101,7.872165330063403e-05,6352,0.09999999999999999,0.07872165330063402,0.007872165330063402,0.5611475859366555,0,5,-0.021064421811934332,1.0703510954267346,1.04420312043908,4.2594015183404204e+119,1.506505594146174e+188,inf,17029849.13895428,17029848.58103285,1,6.356026815979021e-15,0.00984501838684082
0,molrk3,jitter,0.25,1,5,0.1,0.5,1,101,7.872165330063403e-05,6352,0.09999999999999999,0.07872165330063402,0.007872165330063402,0.5611475859366555,0,5,-0.020488038522299887,1.0691188095972706,1.0451944732303469,1.776591550976524e+122,1.997791753997753e+192,inf,30325983.51297625,30325982.95505482,1,6.356026815979021e-15,0.009254932403564453
0,maxent,jitter,0.25,1,5,0.1,0.5,1,101,7.872165330063403e-05,6352,0.09999999999999999,0.07872165330063402,0.007872165330063402,0.5611475859366555,0,5,0.0,1.0000000000000002,0.9997255252602882,0.6495561969970496,1.0000000000000095,0.00022216129800645135,0.00022216129800645135,1.2736395470526634,0,6.356026815979021e-15,0.15225887298583984
0,lp,jitter,0.25,1,5,0.1,0.5,1,101,7.872165330063403e-05,6352,0.09999999999999999,0.07872165330063402,0.007872165330063402,0.5611475859366555,0,5,0.0,1.0000000000000002,0.9997256340197539,0.6535998913956896,1.000000000000005,0.005297143825978068,0.005297143825978068,1.2735623648385663,0,6.356026815979021e-15,0.06623387336730957
0,lprand,jitter,0.25,1,5,0.1,0.5,1,101,7.872165330063403e-05,6352,0.09999999999999999,0.07872165330063402,0.007872165330063402,0.5611475859366555,0,5,0.0,1.0000000000000002,0.9997251594748975,0.6497164409227318,1.0000000000000038,0.001346126349728527,0.0015742887048235676,1.2736396324650323,0,6.356026815979021e-15,0.06449508666992188
0,maxentw,jitter,0.25,1,5,0.1,0.5,1,101,7.872165330063403e-05,6352,0.09999999999999999,0.07872165330063402,0.007872165330063402,0.5611475859366555,0,5,0.0,1.0000000000000002,0.9997255252602882,0.6495561969970496,1.0000000000000095,0.00022216129800645135,0.00022216129800645135,1.2736395470526634,0,6.356026815979021e-15,0.15345215797424316
0,minnorm,jitter,0.25,1,7,0.1,0.5,1,101,7.872165330063403e-05,6352,0.09999999999999999,0.07872165330063402,0.007872165330063402,0.5611475859366555,0,7,-0.138370654437795,1.416863288047054,0.999727973975459,0.6595679758050562,1.4168632880470542,0.0073140226549385234,0.0073140226549385234,1.273280010184381,0,6.356026815979021e-15,0.024134159088134766
0,projgauss,jitter,0.25,1,7,0.1,0.5,1,101,7.872165330063403e-05,6352,0.09999999999999999,0.07872165330063402,0.007872165330063402,0.5611475859366555,0,7,-0.07221295853693617,1.2506766134283593,0.999726972060569,0.6546508133938163,1.2506766134283593,0.003466316504991407,0.003466316504991407,1.2734406668299594,0,6.356026815979021e-15,0.026124000549316406
0,spectral,jitter,0.25,1,7,0.1,0.5,1,101,7.872165330063403e-05,6352,0.09999999999999999,0.07872165330063402,0.007872165330063402,0.5611475859366555,0,7,-0.10151061579784243,1.244379375752784,0.9997256658391062,0.6504676420855645,1.244379375752784,0.0009694852492624362,0.0014102205679881463,1.2735989857861467,0,6.356026815979021e-15,0.0265047550201416
0,spectralg,jitter,0.25,1,7,0.1,0.5,1,101,7.872165330063403e-05,6352,0.09999999999999999,0.07872165330063402,0.007872165330063402,0.5611475859366555,0,7,-0.10151061579784243,1.244379375752784,0.9997256658391062,0.6504676420855645,1.244379375752784,0.0009694852492624362,0.0014102205679881463,1.2735989857861467,0,6.356026815979021e-15,0.042051076889038086
0,molfe,jitter,0.25,1,7,0.1,0.5,1,101,7.872165330063403e-05,6352,0.09999999999999999,0.07872165330063402,0.007872165330063402,0.5611475859366555,0,7,-0.008993903751161639,1.0468916910665882,1.0173005170971197,4.1648618745131775e+47,6.239000580423837e+74,inf,2941960.9965167535,2941961.409663977,1,6.356026815979021e-15,0.012335777282714844
0,molrk3,jitter,0.25,1,7,0.1,0.5,1,101,7.872165330063403e-05,6352,0.09999999999999999,0.07872165330063402,0.007872165330063402,0.5611475859366555,0,7,-0.008867548476893314,1.046535694769059,1.017451034073247,1.0660567766832169e+48,2.7393232286011367e+75,inf,3584519.8570759455,3584520.270223169,1,6.356026815979021e-15,0.010453939437866211
0,maxent,jitter,0.25,1,7,0.1,0.5,1,101,7.872165330063403e-05,6352,0.09999999999999999,0.07872165330063402,0.007872165330063402,0.5611475859366555,0,7,0.0,1.0000000000000004,0.9997255252615576,0.6495562004358679,1.0000000000000093,0.00022216287425003145,0.00022216287425003145,1.2736395466977835,0,6.356026815979021e-15,0.21622395515441895
0,lp,jitter,0.25,1,7,0.1,0.5,1,101,7.872165330063403e-05,6352,0.09999999999999999,0.07872165330063402,0.007872165330063402,0.5611475859366555,0,7,0.0,1.0000000000000002,0.9997257321591482,0.6560143685452785,1.0000000000000044,0.008177687335439443,0.008177687335439443,1.2735217422871568,0,6.356026815979021e-15,0.06549406051635742
0,lprand,jitter,0.25,1,7,0.1,0.5,1,101,7.872165330063403e-05,6352,0.09999999999999999,0.07872165330063402,0.007872165330063402,0.5611475859366555,0,7,0.0,1.0,0.9997254211842019,0.6513487436440544,1.0000000000000058,0.003252031978237868,0.003252031978237868,1.2735048697361766,0,6.356026815979021e-15,0.06320714950561523
0,maxentw,jitter,0.25,1,7,0.1,0.5,1,101,7.872165330063403e-05,6352,0.09999999999999999,0.07872165330063402,0.007872165330063402,0.5611475859366555,0,7,0.0,1.0000000000000004,0.9997255252615576,0.6495562004358679,1.0000000000000093,0.00022216287425003145,0.00022216287425003145,1.2736395466977835,0,6.356026815979021e-15,0.2124800682067871
0,minnorm,jitter,0.25,2,3,0.1,0.5,1,101,9.428987167151443e-05,5303,0.09999999999999999,0.09428987167151444,0.009428987167151444,0.6141331180501974,0,3,0.0,1.0000000000000009,0.9996712578844531,0.649503850001847,1.00000000000002,0.00021128322313218595,0.00021128322313218595,1.2736784680817865,0,6.328271240363392e-15,0.022498130798339844
0,projgauss,jitter,0.25,2,3,0.1,0.5,1,101,9.428987167151443e-05,5303,0.09999999999999999,0.09428987167151444,0.009428987167151444,0.6141331180501974,0,3,0.0,1.0000000000000004,0.9996712578844505,0.6495038500017136,1.0000000000000144,0.00021128322307162328,0.00021128322307162328,1.2736784680817754,0,6.328271240363392e-15,0.019311904907226562
0,spectral,jitter,0.25,2,3,0.1,0.5,1,101,9.428987167151443e-05,5303,0.09999999999999999,0.09428987167151444,0.009428987167151444,0.6141331180501974,0,3,0.0,1.0000000000000009,0.9996712578844531,0.649503850001847,1.00000000000002,0.00021128322313218595,0.00021128322313218595,1.2736784680817865,0,6.328271240363392e-15,0.01898789405822754
0,spectralg,jitter,0.25,2,3,0.1,0.5,1,101,9.428987167151443e-05,5303,0.09999999999999999,0.09428987167151444,0.009428987167151444,0.6141331180501974,0,3,0.0,1.0000000000000009,0.9996712578844531,0.649503850001847,1.00000000000002,0.00021128322313218595,0.00021128322313218595,1.2736784680817865,0,6.328271240363392e-15,0.021613121032714844
0,molfe,jitter,0.25,2,3,0.1,0.5,1,101,9.428987167151443e-05,5303,0.09999999999999999,0.09428987167151444,0.009428987167151444,0.6141331180501974,0,3,0.0,1.0000000000000002,0.9996711905094431,0.6496830637587294,1.0000000000000007,0.00041402294131082096,0.00041402294131082096,1.273690230392737,0,6.328271240363392e-15,0.02216815948486328
0,molrk3,jitter,0.25,2,3,0.1,0.5,1,101,9.428987167151443e-05,5303,0.09999999999999999,0.09428987167151444,0.009428987167151444,0.6141331180501974,0,3,0.0,1.0000000000000002,0.9996712445613598,0.6496756760334906,1.0000000000000009,0.0003524194118512125,0.0003524194118512125,1.2736778833117737,0,6.328271240363392e-15,0.022639036178588867
0,maxent,jitter,0.25,2,3,0.1,0.5,1,101,9.428987167151443e-05,5303,0.09999999999999999,0.09428987167151444,0.009428987167151444,0.6141331180501974,0,3,0.0,1.0000000000000002,0.9996712578847154,0.6495038501153414,1.0000000000000069,0.00021128286391780549,0.00021128286391780549,1.2736784680817839,0,6.328271240363392e-15,0.18250107765197754
0,lp,jitter,0.25,2,3,0.1,0.5,1,101,9.428987167151443e-05,5303,0.09999999999999999,0.09428987167151444,0.009428987167151444,0.6141331180501974,0,3,0.0,1.0,0.9996712578844519,0.6495038500015932,1.0000000000000007,0.00021128322299091007,0.00021128322299091007,1.2736784680817776,0,6.328271240363392e-15,0.06180882453918457
0,lprand,jitter,0.25,2,3,0.1,0.5,1,101,9.428987167151443e-05,5303,0.09999999999999999,0.09428987167151444,0.009428987167151444,0.6141331180501974,0,3,0.0,1.0,0.9996712578844509,0.6495038500015875,1.0000000000000007,0.00021128322299091007,0.00021128322299091007,1.2736784680817776,0,6.328271240363392e-15,0.06072497367858887
0,maxentw,jitter,0.25,2,3,0.1,0.5,1,101,9.428987167151443e-05,5303,0.09999999999999999,0.09428987167151444,0.009428987167151444,0.6141331180501974,0,3,0.0,1.0000000000000002,0.9996712578847154,0.6495038501153414,1.0000000000000069,0.00021128286391780549,0.00021128286391780549,1.2736784680817839,0,6.328271240363392e-15,0.18329501152038574
0,minnorm,jitter,0.25,2,5,0.1,0.5,1,101,9.428987167151443e-05,5303,0.09999999999999999,0.09428987167151444,0.009428987167151444,0.6141331180501974,0,5,-0.13822409659663284,1.3764913742045815,0.9996716641299999,0.650962655273653,1.3764913742045817,0.0014668450322838367,0.0014668450322838367,1.2736381246769435,0,6.328271240363392e-15,0.021624088287353516
0,projgauss,jitter,0.25,2,5,0.1,0.5,1,101,9.428987167151443e-05,5303,0.09999999999999999,0.09428987167151444,0.009428987167151444,0.6141331180501974,0,5,-0.0906520842240379,1.3161327430334875,0.9996715912811668,0.6506127612288037,1.3161327430334875,0.001203723758786579,0.001203723758786579,1.2736411766080065,0,6.328271240363392e-15,0.018970012664794922
0,spectral,jitter,0.25,2,5,0.1,0.5,1,101,9.428987167151443e-05,5303,0.09999999999999999,0.09428987167151444,0.009428987167151444,0.6141331180501974,0,5,-0.05341771089757483,1.1068354217951488,0.9996711842211642,0.6488600833185008,1.1068354217951488,0.0008221386328423064,0.0008221386328423064,1.2736871768868312,0,6.328271240363392e-15,0.028068065643310547
0,spectralg,jitter,0.25,2,5,0.1,0.5,1,101,9.428987167151443e-05,5303,0.09999999999999999,0.09428987167151444,0.009428987167151444,0.6141331180501974,0,5,-0.05341771089757483,1.1068354217951488,0.9996711842211642,0.6488600833185008,1.1068354217951488,0.0008221386328423064,0.0008221386328423064,1.2736871768868312,0,6.328271240363392e-15,0.03932380676269531
0,molfe,jitter,0.25,2,5,0.1,0.5,1,101,9.428987167151443e-05,5303,0.09999999999999999,0.09428987167151444,0.009428987167151444,0.6141331180501974,0,5,-0.03997739214254432,1.1001034504285463,1.0536343407850977,4.905689074123792e+120,1.8593752529090584e+227,inf,11881043.060334362,11881043.755467452,1,6.328271240363392e-15,0.009222030639648438
0,molrk3,jitter,0.25,2,5,0.1,0.5,1,101,9.428987167151443e-05,5303,0.09999999999999999,0.09428987167151444,0.009428987167151444,0.6141331180501974,0,5,-0.038486167519818405,1.0973937576333208,1.0550983765116164,7.752463179739904e+123,1.994272256229021e+233,inf,24162525.27771923,24162525.97285232,1,6.328271240363392e-15,0.010380983352661133
0,maxent,jitter,0.25,2,5,0.1,0.5,1,101,9.428987167151443e-05,5303,0.09999999999999999,0.09428987167151444,0.009428987167151444,0.6141331180501974,0,5,0.0,1.0000000000000002,0.9996712562601451,0.6495075238634749,1.0000000000000062,0.00022445718069447063,0.00022445718069447063,1.2736785505865873,0,6.328271240363392e-15,0.1778402328491211
0,lp,jitter,0.25,2,5,0.1,0.5,1,101,9.428987167151443e-05,5303,0.09999999999999999,0.09428987167151444,0.009428987167151444,0.6141331180501974,0,5,0.0,1.0000000000000002,0.9996715870279461,0.6537737521536011,1.0000000000000024,0.006071275494108741,0.006071275494108741,1.273621563411241,0,6.328271240363392e-15,0.06598591804504395
0,lprand,jitter,0.25,2,5,0.1,0.5,1,101,9.428987167151443e-05,5303,0.09999999999999999,0.09428987167151444,0.009428987167151444,0.6141331180501974,0,5,0.0,1.0000000000000002,0.9996713940874477,0.6502447576835082,1.0000000000000029,0.0014436998305153437,0.0016288368635858363,1.2737249655042304,0,6.328271240363392e-15,0.0626828670501709
0,maxentw,jitter,0.25,2,5,0.1,0.5,1,101,9.428987167151443e-05,5303,0.09999999999999999,0.09428987167151444,0.009428987167151444,0.6141331180501974,0,5,0.0,1.0000000000000002,0.9996712562601451,0.6495075238634749,1.0000000000000062,0.00022445718069447063,0.00022445718069447063,1.2736785505865873,0,6.328271240363392e-15,0.17990779876708984
0,minnorm,jitter,0.25,2,7,0.1,0.5,1,101,9.428987167151443e-05,5303,0.09999999999999999,0.09428987167151444,0.009428987167151444,0.6141331180501974,0,7,-0.12902874025944883,1.420822628508411,0.9996735884624123,0.6564528956347766,1.420822628508411,0.004867509513326929,0.004867509513326929,1.2733914350901783,0,6.328271240363392e-15,0.01819300651550293
0,projgauss,jitter,0.25,2,7,0.1,0.5,1,101,9.428987167151443e-05,5303,0.09999999999999999,0.09428987167151444,0.009428987167151444,0.6141331180501974,0,7,-0.07577691976597499,1.2430083715263847,0.9996725293651211,0.6531023276665932,1.2430083715263847,0.002641244300090717,0.002856557943335336,1.273511285507658,0,6.328271240363392e-15,0.021991968154907227
0,spectral,jitter,0.25,2,7,0.1,0.5,1,101,9.428987167151443e-05,5303,0.09999999999999999,0.09428987167151444,0.009428987167151444,0.6141331180501974,0,7,-0.10376133924349348,1.280709216065309,0.9996713564505552,0.6500151827602261,1.280709216065309,0.0011544142316967099,0.0011544142316967099,1.2736676783074894,0,6.328271240363392e-15,0.02603602409362793
0,spectralg,jitter,0.25,2,7,0.1,0.5,1,101,9.428987167151443e-05,5303,0.09999999999999999,0.09428987167151444,0.009428987167151444,0.6141331180501974,0,7,-0.10376133924349348,1.280709216065309,0.9996713564505552,0.6500151827602261,1.280709216065309,0.0011544142316967099,0.0011544142316967099,1.2736676783074894,0,6.328271240363392e-15,0.04162025451660156
0,molfe,jitter,0.25,2,7,0.1,0.5,1,101,9.428987167151443e-05,5303,0.09999999999999999,0.09428987167151444,0.009428987167151444,0.6141331180501974,0,7,-0.010398657306611556,1.0547645280994054,1.0207000128993455,5.670253593139207e+47,4.1812704821659e+89,inf,1430061.622475335,1430062.1359390158,1,6.328271240363392e-15,0.010378837585449219
0,molrk3,jitter,0.25,2,7,0.1,0.5,1,101,9.428987167151443e-05,5303,0.09999999999999999,0.09428987167151444,0.009428987167151444,0.6141331180501974,0,7,-0.010226662275947387,1.054318121003696,1.0209157364596368,1.7526960016493885e+48,3.4699643197811017e+90,inf,1802795.0493325703,1802795.5627962511,1,6.328271240363392e-15,0.010698080062866211
0,maxent,jitter,0.25,2,7,0.1,0.5,1,101,9.428987167151443e-05,5303,0.09999999999999999,0.09428987167151444,0.009428987167151444,0.6141331180501974,0,7,0.0,1.0000000000000004,0.9996712562521781,0.6495075032120253,1.0000000000000073,0.00022445121873276852,0.00022445121873276852,1.2736785504080885,0,6.328271240363392e-15,0.21054697036743164
0,lp,jitter,0.25,2,7,0.1,0.5,1,101,9.428987167151443e-05,5303,0.09999999999999999,0.09428987167151444,0.009428987167151444,0.6141331180501974,0,7,0.0,1.0000000000000002,0.9996712287620544,0.6573438735677959,1.0000000000000013,0.0109221720230257,0.0109221720230257,1.273486345593827,0,6.328271240363392e-15,0.06528520584106445
0,lprand,jitter,0.25,2,7,0.1,0.5,1,101,9.428987167151443e-05,5303,0.09999999999999999,0.09428987167151444,0.009428987167151444,0.6141331180501974,0,7,0.0,1.0000000000000002,0.9996719896286274,0.6519244555012924,1.0000000000000007,0.0019245531777859481,0.002026483358120834,1.2736468917288841,0,6.328271240363392e-15,0.061944007873535156
0,maxentw,jitter,0.25,2,7,0.1,0.5,1,101,9.428987167151443e-05,5303,0.09999999999999999,0.09428987167151444,0.009428987167151444,0.6141331180501974,0,7,0.0,1.0000000000000004,0.9996712562521781,0.6495075032120253,1.0000000000000073,0.00022445121873276852,0.00022445121873276852,1.2736785504080885,0,6.328271240363392e-15,0.21144580841064453
0,minnorm,jitter,0.45,0,3,0.1,0.5,1,101,5.048251957384874e-06,99045,0.09999999999999999,0.005048251957384874,0.0005048251957384874,0.14210210353664543,0,3,-0.07259353852306563,1.1451870770461314,1.0000145144186594,48329.76089883503,48329.76089883503,5.624243174308549,5.624243174308549,6.00960252575192,0,5.8494875609937935e-15,0.248366117477417
0,projgauss,jitter,0.45,0,3,0.1,0.5,1,101,5.048251957384874e-06,99045,0.09999999999999999,0.005048251957384874,0.0005048251957384874,0.14210210353664543,0,3,-0.07259353852306588,1.1451870770461312,1.0000145144186556,48329.74037492634,48329.74037492634,5.6242431907086265,5.6242431907086265,6.009602273861047,0,5.8494875609937935e-15,0.24887990951538086
0,spectral,jitter,0.45,0,3,0.1,0.5,1,101,5.048251957384874e-06,99045,0.09999999999999999,0.005048251957384874,0.0005048251957384874,0.14210210353664543,0,3,-0.07259353852306563,1.1451870770461314,1.0000145144186594,48329.76089883503,48329.76089883503,5.624243174308549,5.624243174308549,6.00960252575192,0,5.8494875609937935e-15,0.24126195907592773
0,spectralg,jitter,0.45,0,3,0.1,0.5,1,101,5.048251957384874e-06,99045,0.09999999999999999,0.005048251957384874,0.0005048251957384874,0.14210210353664543,0,3,-0.07259353852306563,1.1451870770461314,1.0000145144186594,48329.76089883503,48329.76089883503,5.624243174308549,5.624243174308549,6.00960252575192,0,5.8494875609937935e-15,0.25225400924682617
0,molfe,jitter,0.45,0,3,0.1,0.5,1,101,5.048251957384874e-06,99045,0.09999999999999999,0.005048251957384874,0.0005048251957384874,0.14210210353664543,0,3,-0.07259180817955262,1.1451836163591054,1.0000145149246846,48329.40567447968,48329.40567447968,5.624208785577597,5.624208785577597,6.009622908543838,0,5.8494875609937935e-15,0.25481581687927246
0,molrk3,jitter,0.45,0,3,0.1,0.5,1,101,5.048251957384874e-06,99045,0.09999999999999999,0.005048251957384874,0.0005048251957384874,0.14210210353664543,0,3,-0.07259353852306583,1.1451870770461319,1.0000145141296564,48329.76158372724,48329.76158372724,5.624241021500565,5.624241021500565,6.009572940491014,0,5.8494875609937935e-15,0.24642610549926758
0,maxent,jitter,0.45,0,3,0.1,0.5,1,101,5.048251957384874e-06,99045,0.09999999999999999,0.005048251957384874,0.0005048251957384874,0.14210210353664543,14,3,-0.07259353852306563,1.1451870770461314,1.0000145144139647,48329.74662647214,48329.74662647214,5.624243159685221,5.624243159685221,6.009601504082206,0,5.8494875609937935e-15,1.0722031593322754
0,lp,jitter,0.45,0,3,0.1,0.5,1,101,5.048251957384874e-06,99045,0.09999999999999999,0.005048251957384874,0.0005048251957384874,0.14210210353664543,14,3,-0.07259353852306563,1.1451870770461314,1.0000145144186574,48329.74808803682,48329.74808803682,5.62424317741415,5.62424317741415,6.0096022734615895,0,5.8494875609937935e-15,0.2761862277984619
0,lprand,jitter,0.45,0,3,0.1,0.5,1,101,5.048251957384874e-06,99045,0.09999999999999999,0.005048251957384874,0.0005048251957384874,0.14210210353664543,14,3,-0.07259353852306563,1.1451870770461314,1.0000145144186574,48329.74808803682,48329.74808803682,5.62424317741415,5.62424317741415,6.0096022734615895,0,5.8494875609937935e-15,0.2761719226837158
0,maxentw,jitter,0.45,0,3,0.1,0.5,1,101,5.048251957384874e-06,99045,0.09999999999999999,0.005048251957384874,0.0005048251957384874,0.14210210353664543,0,5,0.0,1.0000000000000002,0.9999823949469396,0.6495990258017382,1.0000000000001124,0.0003852156002815965,0.0004689224491717381,1.273693243389405,0,5.8494875609937935e-15,1.1030399799346924
0,minnorm,jitter,0.45,0,5,0.1,0.5,1,101,5.048251957384874e-06,99045,0.09999999999999999,0.005048251957384874,0.0005048251957384874,0.14210210353664543,0,5,-0.1990825546211114,1.5623143051957256,0.9999832383326434,0.6701099870977445,1.5914997829056865,0.030255518266094628,0.033491057884129094,1.2729800102999156,0,5.8494875609937935e-15,0.23685193061828613
0,projgauss,jitter,0.45,0,5,0.1,0.5,1,101,5.048251957384874e-06,99045,0.09999999999999999,0.005048251957384874,0.0005048251957384874,0.14210210353664543,0,5,-0.15677448131311264,1.4874965306356103,0.9999832316676377,0.6709243132988274,1.5459079708905166,0.02638796407802979,0.02909034439541497,1.27294250921737,0,5.8494875609937935e-15,0.23926186561584473
0,spectral,jitter,0.45,0,5,0.1,0.5,1,101,5.048251957384874e-06,99045,0.09999999999999999,0.005048251957384874,0.0005048251957384874,0.14210210353664543,0,5,-0.0212989738208681,1.0502418578865667,1.0078379385919236,inf,inf,inf,1010096281.4076037,1010096280.8527035,1,5.8494875609937935e-15,0.02326512336730957
0,spectralg,jitter,0.45,0,5,0.1,0.5,1,101,5.048251957384874e-06,99045,0.09999999999999999,0.005048251957384874,0.0005048251957384874,0.14210210353664543,0,5,-0.0212989738208681,1.0502418578865667,1.0078379385919236,inf,inf,inf,1010096281.4076037,1010096280.8527035,1,5.8494875609937935e-15,0.03250837326049805
0,molfe,jitter,0.45,0,5,0.1,0.5,1,101,5.048251957384874e-06,99045,0.09999999999999999,0.005048251957384874,0.0005048251957384874,0.14210210353664543,0,5,-0.0026593791598475865,1.0053187583196952,1.0028457503960408,2.9826768121744126e+122,2.9826768121744126e+122,inf,2963585.7800348215,2963586.887126842,1,5.8494875609937935e-15,0.03278303146362305
0,molrk3,jitter,0.45,0,5,0.1,0.5,1,101,5.048251957384874e-06,99045,0.09999999999999999,0.005048251957384874,0.0005048251957384874,0.14210210353664543,0,5,-0.0026501953608137384,1.0053022980694792,1.0028498033846531,4.450914059700095e+122,4.450914059700095e+122,inf,3083674.507531504,3083675.6146235247,1,5.8494875609937935e-15,0.0298459529876709
0,maxent,jitter,0.45,0,5,0.1,0.5,1,101,5.048251957384874e-06,99045,0.09999999999999999,0.005048251957384874,0.0005048251957384874,0.14210210353664543,0,5,0.0,1.0000000000000002,0.9999823950408504,0.6496136239965375,1.0000000000001192,0.00041907972040416963,0.000472760249309534,1.273693278267982,0,5.8494875609937935e-15,0.8006031513214111
0,lp,jitter,0.45,0,5,0.1,0.5,1,101,5.048251957384874e-06,99045,0.09999999999999999,0.005048251957384874,0.0005048251957384874,0.14210210353664543,0,5,0.0,1.0000000000000002,0.9999824300512437,0.6558698163106156,1.0000000000000504,0.008031002108047136,0.008031002108047136,1.273658888038262,0,5.8494875609937935e-15,0.2730569839477539
0,lprand,jitter,0.45,0,5,0.1,0.5,1,101,5.048251957384874e-06,99045,0.09999999999999999,0.005048251957384874,0.0005048251957384874,0.14210210353664543,0,5,0.0,1.0000000000000002,0.9999823813157159,0.6498671951667383,1.0000000000000362,0.0021780986757079512,0.0021917664876360266,1.2736812601610208,0,5.8494875609937935e-15,0.2782289981842041
0,maxentw,jitter,0.45,0,5,0.1,0.5,1,101,5.048251957384874e-06,99045,0.09999999999999999,0.005048251957384874,0.0005048251957384874,0.14210210353664543,0,5,0.0,1.0000000000000002,0.9999823950408504,0.6496136239965375,1.0000000000001192,0.00041907972040416963,0.000472760249309534,1.273693278267982,0,5.8494875609937935e-15,0.8267369270324707
0,minnorm,jitter,0.45,0,7,0.1,0.5,1,101,5.048251957384874e-06,99045,0.09999999999999999,0.005048251957384874,0.0005048251957384874,0.14210210353664543,0,7,-0.18863960244219155,1.5225669414041592,0.9999834034432561,0.7439277787823558,1.5225669414041592,0.055552748487306736,0.06148736484000894,1.2665240409432141,0,5.8494875609937935e-15,0.24291610717773438
0,projgauss,jitter,0.45,0,7,0.1,0.5,1,101,5.048251957384874e-06,99045,0.09999999999999999,0.005048251957384874,0.0005048251957384874,0.14210210353664543,0,7,-0.10356274966161401,1.3396027841587814,0.9999840291429455,0.6980665492613239,1.3559274882897587,0.033296572520575995,0.03865739456687989,1.2695675401219224,0,5.8494875609937935e-15,0.24269485473632812
0,spectral,jitter,0.45,0,7,0.1,0.5,1,101,5.048251957384874e-06,99045,0.09999999999999999,0.005048251957384874,0.0005048251957384874,0.14210210353664543,0,7,-0.04387574189135285,1.0934214303853114,0.9999823810208973,0.8443690784419006,2.89260352831322,0.004217415669769076,0.004217415669769076,1.2736009152816672,0,5.8494875609937935e-15,0.24704790115356445
0,spectralg,jitter,0.45,0,7,0.1,0.5,1,101,5.048251957384874e-06,99045,0.09999999999999999,0.005048251957384874,0.0005048251957384874,0.14210210353664543,0,7,-0.04387574189135285,1.0934214303853114,0.9999823810208973,0.8443690784419006,2.89260352831322,0.004217415669769076,0.004217415669769076,1.2736009152816672,0,5.8494875609937935e-15,0.2619493007659912
0,molfe,jitter,0.45,0,7,0.1,0.5,1,101,5.048251957384874e-06,99045,0.09999999999999999,0.005048251957384874,0.0005048251957384874,0.14210210353664543,0,7,-0.0006909871717102846,1.0026627000600197,1.0011183645065547,2.2533824805772953e+48,2.2533824805772953e+48,inf,4186681.7907246323,4186682.5868538977,1,5.8494875609937935e-15,0.06770205497741699
0,molrk3,jitter,0.45,0,7,0.1,0.5,1,101,5.048251957384874e-06,99045,0.09999999999999999,0.005048251957384874,0.0005048251957384874,0.14210210353664543,0,7,-0.0006900946971001331,1.0026615625736526,1.0011189901092683,2.39726689029271e+48,2.39726689029271e+48,inf,4249217.894371024,4249218.69050029,1,5.8494875609937935e-15,0.06532716751098633
0,maxent,jitter,0.45,0,7,0.1,0.5,1,101,5.048251957384874e-06,99045,0.09999999999999999,0.005048251957384874,0.0005048251957384874,0.14210210353664543,0,7,0.0,1.0000000000000002,0.9999823950397856,0.6496136155131437,1.0000000000000635,0.00041909519535565654,0.0004726980698779304,1.2736932783266297,0,5.8494875609937935e-15,0.6767840385437012
0,lp,jitter,0.45,0,7,0.1,0.5,1,101,5.048251957384874e-06,99045,0.09999999999999999,0.005048251957384874,0.0005048251957384874,0.14210210353664543,0,7,0.0,1.0000000000000002,0.9999824286353002,0.658487497691573,1.0000000000001044,0.010854238587298615,0.010854238587298615,1.2735969638847446,0,5.8494875609937935e-15,0.26715087890625
0,lprand,jitter,0.45,0,7,0.1,0.5,1,101,5.048251957384874e-06,99045,0.09999999999999999,0.005048251957384874,0.0005048251957384874,0.14210210353664543,0,7,0.0,1.0000000000000002,0.999982463281786,0.6527990214989635,1.0000000000000913,0.002494571586320271,0.002494571586320271,1.273745192549874,0,5.8494875609937935e-15,0.28486204147338867
0,maxentw,jitter,0.45,0,7,0.1,0.5,1,101,5.048251957384874e-06,99045,0.09999999999999999,0.005048251957384874,0.0005048251957384874,0.14210210353664543,0,7,0.0,1.0000000000000002,0.9999823950397856,0.6496136155131437,1.0000000000000635,0.00041909519535565654,0.0004726980698779304,1.2736932783266297,0,5.8494875609937935e-15,0.6696498394012451
0,minnorm,jitter,0.45,1,3,0.1,0.5,1,101,1.1031894819661908e-05,45324,0.09999999999999999,0.011031894819661908,0.0011031894819661908,0.21006565468597582,0,3,-0.061889686078660355,1.1237793721573204,1.0000271188111691,18822.464479719194,18822.464479719194,7.022648255407582,7.022648255407582,7.014772709711064,0,5.7592819402429996e-15,0.10958313941955566
0,projgauss,jitter,0.45,1,3,0.1,0.5,1,101,1.1031894819661908e-05,45324,0.09999999999999999,0.011031894819661908,0.0011031894819661908,0.21006565468597582,0,3,-0.0618896860786603,1.123779372157321,1.0000271188111647,18822.464647654775,18822.464647654775,7.022648250420671,7.022648250420671,7.014772704724153,0,5.7592819402429996e-15,0.10662388801574707
0,spectral,jitter,0.45,1,3,0.1,0.5,1,101,1.1031894819661908e-05,45324,0.09999999999999999,0.011031894819661908,0.0011031894819661908,0.21006565468597582,0,3,-0.061889686078660355,1.1237793721573204,1.0000271188111691,18822.464479719194,18822.464479719194,7.022648255407582,7.022648255407582,7.014772709711064,0,5.7592819402429996e-15,0.1142578125
0,spectralg,jitter,0.45,1,3,0.1,0.5,1,101,1.1031894819661908e-05,45324,0.09999999999999999,0.011031894819661908,0.0011031894819661908,0.21006565468597582,0,3,-0.061889686078660355,1.1237793721573204,1.0000271188111691,18822.464479719194,18822.464479719194,7.022648255407582,7.022648255407582,7.014772709711064,0,5.7592819402429996e-15,0.10730695724487305
0,molfe,jitter,0.45,1,3,0.1,0.5,1,101,1.1031894819661908e-05,45324,0.09999999999999999,0.011031894819661908,0.0011031894819661908,0.21006565468597582,0,3,-0.061886470432196646,1.1237729408643933,1.0000271226467061,18822.173121527114,18822.173121527114,7.022571618670834,7.022571618670834,7.014696072974315,0,5.7592819402429996e-15,0.11028003692626953
0,molrk3,jitter,0.45,1,3,0.1,0.5,1,101,1.1031894819661908e-05,45324,0.09999999999999999,0.011031894819661908,0.0011031894819661908,0.21006565468597582,0,3,-0.06188968607866014,1.1237793721573202,1.0000271161345742,18822.46431038655,18822.46431038655,7.02262879891275,7.02262879891275,7.014753253216232,0,5.7592819402429996e-15,0.12490296363830566
0,maxent,jitter,0.45,1,3,0.1,0.5,1,101,1.1031894819661908e-05,45324,0.09999999999999999,0.011031894819661908,0.0011031894819661908,0.21006565468597582,11,3,-0.061889686078660355,1.1237793721573204,1.0000271192176442,18827.873760204682,18827.873760204682,7.022648398780571,7.022648398780571,7.014772853084052,0,5.7592819402429996e-15,0.7905652523040771
0,lp,jitter,0.45,1,3,0.1,0.5,1,101,1.1031894819661908e-05,45324,0.09999999999999999,0.011031894819661908,0.0011031894819661908,0.21006565468597582,11,3,-0.061889686078660355,1.1237793721573204,1.0000271188111682,18822.464476147696,18822.464476147696,7.022648248546009,7.022648248546009,7.01477270284949,0,5.7592819402429996e-15,0.154343843460083
0,lprand,jitter,0.45,1,3,0.1,0.5,1,101,1.1031894819661908e-05,45324,0.09999999999999999,0.011031894819661908,0.0011031894819661908,0.21006565468597582,11,3,-0.061889686078660355,1.1237793721573204,1.0000271188111685,18822.464476147696,18822.464476147696,7.022648248546009,7.022648248546009,7.01477270284949,0,5.7592819402429996e-15,0.15947580337524414
0,maxentw,jitter,0.45,1,3,0.1,0.5,1,101,1.1031894819661908e-05,45324,0.09999999999999999,0.011031894819661908,0.0011031894819661908,0.21006565468597582,0,5,0.0,1.0000000000000004,0.9999615294356142,0.6496706596169785,1.0000000000000717,0.00048280289835223034,0.00048280289835223034,1.2737333270645768,0,5.7592819402429996e-15,0.8821985721588135
0,minnorm,jitter,0.45,1,5,0.1,0.5,1,101,1.1031894819661908e-05,45324,0.09999999999999999,0.011031894819661908,0.0011031894819661908,0.21006565468597582,0,5,-0.18569678011832905,1.5334700348520665,0.9999618032922294,0.6638915415819273,1.5334700348520665,0.014605638223990303,0.014605638223990303,1.2734142180242631,0,5.7592819402429996e-15,0.11416411399841309
0,projgauss,jitter,0.45,1,5,0.1,0.5,1,101,1.1031894819661908e-05,45324,0.09999999999999999,0.011031894819661908,0.0011031894819661908,0.21006565468597582,0,5,-0.159561293191245,1.4707144287658878,0.999961790348039,0.6631136509703238,1.5006194782405726,0.013889518424529568,0.013889518424529568,1.2734057269788084,0,5.7592819402429996e-15,0.1211080551147461
0,spectral,jitter,0.45,1,5,0.1,0.5,1,101,1.1031894819661908e-05,45324,0.09999999999999999,0.011031894819661908,0.0011031894819661908,0.21006565468597582,0,5,-0.03999064400000435,1.0799812880000081,1.0085556415427974,1.4580332719895927e+168,1.4580332719895927e+168,inf,410262452.9068453,410262453.0180002,1,5.7592819402429996e-15,0.019869089126586914
0,spectralg,jitter,0.45,1,5,0.1,0.5,1,101,1.1031894819661908e-05,45324,0.09999999999999999,0.011031894819661908,0.0011031894819661908,0.21006565468597582,0,5,-0.03999064400000435,1.0799812880000081,1.0085556415427974,1.4580332719895927e+168,1.4580332719895927e+168,inf,410262452.9068453,410262453.0180002,1,5.7592819402429996e-15,0.0345921516418457
0,molfe,jitter,0.45,1,5,0.1,0.5,1,101,1.1031894819661908e-05,45324,0.09999999999999999,0.011031894819661908,0.0011031894819661908,0.21006565468597582,0,5,-0.004913894918574009,1.01310702483503,1.0054981786881487,1.2900848713219134e+108,1.2900848713219134e+108,inf,81936411.63431731,81936412.19229017,1,5.7592819402429996e-15,0.0230410099029541
0,molrk3,jitter,0.45,1,5,0.1,0.5,1,101,1.1031894819661908e-05,45324,0.09999999999999999,0.011031894819661908,0.0011031894819661908,0.21006565468597582,0,5,-0.004888717367285452,1.0130636178421264,1.0055133213742193,2.55302313997637e+108,2.55302313997637e+108,inf,88926309.76623154,88926310.3242044,1,5.7592819402429996e-15,0.023201942443847656
0,maxent,jitter,0.45,1,5,0.1,0.5,1,101,1.1031894819661908e-05,45324,0.09999999999999999,0.011031894819661908,0.0011031894819661908,0.21006565468597582,0,5,0.0,1.0000000000000004,0.999961529541205,0.6496771090953003,1.0000000000000684,0.00048610140589655515,0.00048610140589655515,1.2737338239071756,0,5.7592819402429996e-15,0.6868751049041748
0,lp,jitter,0.45,1,5,0.1,0.5,1,101,1.1031894819661908e-05,45324,0.09999999999999999,0.011031894819661908,0.0011031894819661908,0.21006565468597582,0,5,0.0,1.0000000000000002,0.9999615582933434,0.653547231258655,1.0000000000000195,0.005221811657755537,0.005221811657755537,1.273680225324232,0,5.7592819402429996e-15,0.15378284454345703
0,lprand,jitter,0.45,1,5,0.1,0.5,1,101,1.1031894819661908e-05,45324,0.09999999999999999,0.011031894819661908,0.0011031894819661908,0.21006565468597582,0,5,0.0,1.0000000000000002,0.9999615410065327,0.6494571002804108,1.0000000000000069,0.0004464210375276223,0.0013890343296039664,1.2737843979806294,0,5.7592819402429996e-15,0.154343843460083
0,maxentw,jitter,0.45,1,5,0.1,0.5,1,101,1.1031894819661908e-05,45324,0.09999999999999999,0.011031894819661908,0.0011031894819661908,0.21006565468597582,0,5,0.0,1.0000000000000004,0.999961529541205,0.6496771090953003,1.0000000000000684,0.00048610140589655515,0.00048610140589655515,1.2737338239071756,0,5.7592819402429996e-15,0.6848289966583252
0,minnorm,jitter,0.45,1,7,0.1,0.5,1,101,1.1031894819661908e-05,45324,0.09999999999999999,0.011031894819661908,0.0011031894819661908,0.21006565468597582,0,7,-0.16369984984708033,1.5179192937710524,0.9999572258271194,0.564318446866542,1.5179192937710524,0.07087391835825263,0.07087391835825263,1.2695828680043362,0,5.7592819402429996e-15,0.11022090911865234
0,projgauss,jitter,0.45,1,7,0.1,0.5,1,101,1.1031894819661908e-05,45324,0.09999999999999999,0.011031894819661908,0.0011031894819661908,0.21006565468597582,0,7,-0.1096270283677341,1.3399212337721806,0.9999588772266004,0.5966430720266491,1.3399212337721806,0.040613881121689566,0.040613881121689566,1.2713303169735486,0,5.7592819402429996e-15,0.10819625854492188
0,spectral,jitter,0.45,1,7,0.1,0.5,1,101,1.1031894819661908e-05,45324,0.09999999999999999,0.011031894819661908,0.0011031894819661908,0.21006565468597582,0,7,-0.05437354973413869,1.11204674967929,0.999961919874541,0.7121192721971574,1.694071886517104,0.012334048414203935,0.012334048414203935,1.2737620105923628,0,5.7592819402429996e-15,0.11954402923583984
0,spectralg,jitter,0.45,1,7,0.1,0.5,1,101,1.1031894819661908e-05,45324,0.09999999999999999,0.011031894819661908,0.0011031894819661908,0.21006565468597582,0,7,-0.05437354973413869,1.11204674967929,0.999961919874541,0.7121192721971574,1.694071886517104,0.012334048414203935,0.012334048414203935,1.2737620105923628,0,5.7592819402429996e-15,0.1395859718322754
0,molfe,jitter,0.45,1,7,0.1,0.5,1,101,1.1031894819661908e-05,45324,0.09999999999999999,0.011031894819661908,0.0011031894819661908,0.21006565468597582,0,7,-0.0014968526908225941,1.0066430290450006,1.0024961933993024,2.429109371937606e+49,2.429109371937606e+49,inf,3320635.733832247,3320636.1422880013,1,5.7592819402429996e-15,0.03481411933898926
0,molrk3,jitter,0.45,1,7,0.1,0.5,1,101,1.1031894819661908e-05,45324,0.09999999999999999,0.011031894819661908,0.0011031894819661908,0.21006565468597582,0,7,-0.0014931544064052964,1.0066358795646753,1.002499311482334,2.7968714905716083e+49,2.7968714905716083e+49,inf,3413716.8392962883,3413717.2477520425,1,5.7592819402429996e-15,0.03363394737243652
0,maxent,jitter,0.45,1,7,0.1,0.5,1,101,1.1031894819661908e-05,45324,0.09999999999999999,0.011031894819661908,0.0011031894819661908,0.21006565468597582,0,7,0.0,1.0000000000000004,0.9999615295410021,0.6496771138366026,1.0000000000000355,0.0004861121610481023,0.0004861121610481023,1.2737338238877298,0,5.7592819402429996e-15,0.6450989246368408
0,lp,jitter,0.45,1,7,0.1,0.5,1,101,1.1031894819661908e-05,45324,0.09999999999999999,0.011031894819661908,0.0011031894819661908,0.21006565468597582,0,7,0.0,1.0000000000000002,0.9999616240123405,0.6578851182182116,1.0000000000000655,0.011099720364177612,0.011099720364177612,1.2735698828049882,0,5.7592819402429996e-15,0.1571638584136963
0,lprand,jitter,0.45,1,7,0.1,0.5,1,101,1.1031894819661908e-05,45324,0.09999999999999999,0.011031894819661908,0.0011031894819661908,0.21006565468597582,0,7,0.0,1.0000000000000002,0.9999617233669473,0.6553188223415722,1.000000000000022,0.0045268509738882745,0.0045268509738882745,1.2737230926929752,0,5.7592819402429996e-15,0.15563583374023438
0,maxentw,jitter,0.45,1,7,0.1,0.5,1,101,1.1031894819661908e-05,45324,0.09999999999999999,0.011031894819661908,0.0011031894819661908,0.21006565468597582,0,7,0.0,1.0000000000000004,0.9999615295410021,0.6496771138366026,1.0000000000000355,0.0004861121610481023,0.0004861121610481023,1.2737338238877298,0,5.7592819402429996e-15,0.6330711841583252
0,minnorm,jitter,0.45,2,3,0.1,0.5,1,101,2.332333921956281e-05,21438,0.09999999999999999,0.023323339219562807,0.002332333921956281,0.30543961249034357,0,3,-0.18553824870958976,1.3710764974191796,1.0000683374802035,60167.12508289478,60167.12508289478,3.5525243215145412,3.5525243215145412,4.098880879362028,0,4.3021142204224816e-15,0.057321786880493164
0,projgauss,jitter,0.45,2,3,0.1,0.5,1,101,2.332333921956281e-05,21438,0.09999999999999999,0.023323339219562807,0.002332333921956281,0.30543961249034357,0,3,-0.18553824870959001,1.3710764974191791,1.0000683374801167,60167.125948738765,60167.125948738765,3.5525243228830936,3.5525243228830936,4.09888088073058,0,4.3021142204224816e-15,0.060220956802368164
0,spectral,jitter,0.45,2,3,0.1,0.5,1,101,2.332333921956281e-05,21438,0.09999999999999999,0.023323339219562807,0.002332333921956281,0.30543961249034357,0,3,-0.18553824870958976,1.3710764974191796,1.0000683374802035,60167.12508289478,60167.12508289478,3.5525243215145412,3.5525243215145412,4.098880879362028,0,4.3021142204224816e-15,0.05554699897766113
0,spectralg,jitter,0.45,2,3,0.1,0.5,1,101,2.332333921956281e-05,21438,0.09999999999999999,0.023323339219562807,0.002332333921956281,0.30543961249034357,0,3,-0.18553824870958976,1.3710764974191796,1.0000683374802035,60167.12508289478,60167.12508289478,3.5525243215145412,3.5525243215145412,4.098880879362028,0,4.3021142204224816e-15,0.060933828353881836
0,molfe,jitter,0.45,2,3,0.1,0.5,1,101,2.332333921956281e-05,21438,0.09999999999999999,0.023323339219562807,0.002332333921956281,0.30543961249034357,0,3,-0.1855178167551072,1.371035633510214,1.0000683449940357,60165.986569051354,60165.986569051354,3.552443135744779,3.552443135744779,4.098799693592266,0,4.3021142204224816e-15,0.06108689308166504
0,molrk3,jitter,0.45,2,3,0.1,0.5,1,101,2.332333921956281e-05,21438,0.09999999999999999,0.023323339219562807,0.002332333921956281,0.30543961249034357,0,3,-0.1855382487095898,1.3710764974191791,1.0000683337307708,60166.7176296793,60166.7176296793,3.5525310878773064,3.5525310878773064,4.098887645724793,0,4.3021142204224816e-15,0.05276012420654297
0,maxent,jitter,0.45,2,3,0.1,0.5,1,101,2.332333921956281e-05,21438,0.09999999999999999,0.023323339219562807,0.002332333921956281,0.30543961249034357,8,3,-0.18553824870958976,1.3710764974191796,1.0000683374803636,60167.12421337498,60167.12421337498,3.5525241257783406,3.5525241257783406,4.098880683625827,0,4.3021142204224816e-15,0.7215170860290527
0,lp,jitter,0.45,2,3,0.1,0.5,1,101,2.332333921956281e-05,21438,0.09999999999999999,0.023323339219562807,0.002332333921956281,0.30543961249034357,8,3,-0.18553824870958976,1.3710764974191796,1.0000683374801564,60167.1260832087,60167.1260832087,3.5525243242326443,3.5525243242326443,4.098880882080131,0,4.3021142204224816e-15,0.09956812858581543
0,lprand,jitter,0.45,2,3,0.1,0.5,1,101,2.332333921956281e-05,21438,0.09999999999999999,0.023323339219562807,0.002332333921956281,0.30543961249034357,8,3,-0.18553824870958976,1.3710764974191796,1.0000683374801564,60167.1260832087,60167.1260832087,3.5525243242326443,3.5525243242326443,4.098880882080131,0,4.3021142204224816e-15,0.09814810752868652
0,maxentw,jitter,0.45,2,3,0.1,0.5,1,101,2.332333921956281e-05,21438,0.09999999999999999,0.023323339219562807,0.002332333921956281,0.30543961249034357,0,5,0.0,1.0000000000000002,0.9999186692697623,0.6495489714076735,1.0000000000000138,0.00052712333817867,0.00052712333817867,1.2738005337205662,0,4.3021142204224816e-15,0.7547111511230469
0,minnorm,jitter,0.45,2,5,0.1,0.5,1,101,2.332333921956281e-05,21438,0.09999999999999999,0.023323339219562807,0.002332333921956281,0.30543961249034357,0,5,-0.17940990901301562,1.5309342900808423,0.9999196057006842,0.6633574380074855,1.5309342900808425,0.011989036090080174,0.011989036090080174,1.2738430148758269,0,4.3021142204224816e-15,0.051595211029052734
0,projgauss,jitter,0.45,2,5,0.1,0.5,1,101,2.332333921956281e-05,21438,0.09999999999999999,0.023323339219562807,0.002332333921956281,0.30543961249034357,0,5,-0.14693634218843932,1.4624307660912073,0.999919655616117,0.6622781529839152,1.4624307660912073,0.010020986190521664,0.010020986190521664,1.2737886070905418,0,4.3021142204224816e-15,0.05684804916381836
0,spectral,jitter,0.45,2,5,0.1,0.5,1,101,2.332333921956281e-05,21438,0.09999999999999999,0.023323339219562807,0.002332333921956281,0.30543961249034357,0,5,-0.07671868163691509,1.15343736327383,0.9999185913078517,0.6551281441121579,1.5932099788409548,0.000838496863153182,0.0011526744351833124,1.2738122629397866,0,4.3021142204224816e-15,0.06467580795288086
0,spectralg,jitter,0.45,2,5,0.1,0.5,1,101,2.332333921956281e-05,21438,0.09999999999999999,0.023323339219562807,0.002332333921956281,0.30543961249034357,0,5,-0.07671868163691509,1.15343736327383,0.9999185913078517,0.6551281441121579,1.5932099788409548,0.000838496863153182,0.0011526744351833124,1.2738122629397866,0,4.3021142204224816e-15,0.07276582717895508
0,molfe,jitter,0.45,2,5,0.1,0.5,1,101,2.332333921956281e-05,21438,0.09999999999999999,0.023323339219562807,0.002332333921956281,0.30543961249034357,0,5,-0.012413153058432144,1.0340688993433205,1.0133170269544027,3.313114728062458e+123,3.313114728062458e+123,inf,11946823.637575561,11946822.501629524,1,4.3021142204224816e-15,0.012996196746826172
0,molrk3,jitter,0.45,2,5,0.1,0.5,1,101,2.332333921956281e-05,21438,0.09999999999999999,0.023323339219562807,0.002332333921956281,0.30543961249034357,0,5,-0.012293431510621776,1.0336185572234111,1.0134060921718984,2.1804277227695745e+124,2.1804277227695745e+124,inf,14307225.045205852,14307223.909259815,1,4.3021142204224816e-15,0.013636112213134766
0,maxent,jitter,0.45,2,5,0.1,0.5,1,101,2.332333921956281e-05,21438,0.09999999999999999,0.023323339219562807,0.002332333921956281,0.30543961249034357,0,5,0.0,1.0000000000000002,0.9999186698235305,0.6495584002913926,1.0000000000000138,0.0005312621678562057,0.0005312621678562057,1.2738005736379536,0,4.3021142204224816e-15,0.6478941440582275
0,lp,jitter,0.45,2,5,0.1,0.5,1,101,2.332333921956281e-05,21438,0.09999999999999999,0.023323339219562807,0.002332333921956281,0.30543961249034357,0,5,0.0,1.0000000000000002,0.9999187348712559,0.6546169109165871,1.000000000000012,0.00703933120808653,0.00703933120808653,1.2737179315618228,0,4.3021142204224816e-15,0.09209394454956055
0,lprand,jitter,0.45,2,5,0.1,0.5,1,101,2.332333921956281e-05,21438,0.09999999999999999,0.023323339219562807,0.002332333921956281,0.30543961249034357,0,5,0.0,1.0000000000000002,0.9999187538082238,0.6512575963517695,1.0000000000000087,0.002646395174181637,0.002646395174181637,1.2738415030025643,0,4.3021142204224816e-15,0.10234498977661133
0,maxentw,jitter,0.45,2,5,0.1,0.5,1,101,2.332333921956281e-05,21438,0.09999999999999999,0.023323339219562807,0.002332333921956281,0.30543961249034357,0,5,0.0,1.0000000000000002,0.9999186698235305,0.6495584002913926,1.0000000000000138,0.0005312621678562057,0.0005312621678562057,1.2738005736379536,0,4.3021142204224816e-15,0.6495132446289062
0,minnorm,jitter,0.45,2,7,0.1,0.5,1,101,2.332333921956281e-05,21438,0.09999999999999999,0.023323339219562807,0.002332333921956281,0.30543961249034357,0,7,-0.16713009538990772,1.5067113236602456,0.9999242860243769,0.7694352620944919,1.5067113236602454,0.08434244446317674,0.08434244446317674,1.2710675417234747,0,4.3021142204224816e-15,0.06188011169433594
0,projgauss,jitter,0.45,2,7,0.1,0.5,1,101,2.332333921956281e-05,21438,0.09999999999999999,0.023323339219562807,0.002332333921956281,0.30543961249034357,0,7,-0.11587399702155701,1.3306698205824485,0.9999210737309987,0.6908829147956117,1.3306698205824485,0.032032630324082434,0.032032630324082434,1.272519755764387,0,4.3021142204224816e-15,0.06048583984375
0,spectral,jitter,0.45,2,7,0.1,0.5,1,101,2.332333921956281e-05,21438,0.09999999999999999,0.023323339219562807,0.002332333921956281,0.30543961249034357,0,7,-0.08084694859206568,1.2284029846272093,0.9999184277734929,0.6614055119139008,2.170723825043326,0.0030979595310900443,0.0030979595310900443,1.2738020958726926,0,4.3021142204224816e-15,0.06244206428527832
0,spectralg,jitter,0.45,2,7,0.1,0.5,1,101,2.332333921956281e-05,21438,0.09999999999999999,0.023323339219562807,0.002332333921956281,0.30543961249034357,0,7,-0.08084694859206568,1.2284029846272093,0.9999184277734929,0.6614055119139008,2.170723825043326,0.0030979595310900443,0.0030979595310900443,1.2738020958726926,0,4.3021142204224816e-15,0.0761861801147461
0,molfe,jitter,0.45,2,7,0.1,0.5,1,101,2.332333921956281e-05,21438,0.09999999999999999,0.023323339219562807,0.002332333921956281,0.30543961249034357,0,7,-0.003329466592593024,1.0134266275889303,1.005156739268263,1.7489102373017523e+48,1.7489102373017523e+48,inf,1057379.1623167854,1057378.2594000292,1,4.3021142204224816e-15,0.017735958099365234
0,molrk3,jitter,0.45,2,7,0.1,0.5,1,101,2.332333921956281e-05,21438,0.09999999999999999,0.023323339219562807,0.002332333921956281,0.30543961249034357,0,7,-0.00331125599320653,1.0134015610797926,1.005170058102838,2.323896198135764e+48,2.323896198135764e+48,inf,1124764.5711380562,1124763.6682213,1,4.3021142204224816e-15,0.019103050231933594
0,maxent,jitter,0.45,2,7,0.1,0.5,1,101,2.332333921956281e-05,21438,0.09999999999999999,0.023323339219562807,0.002332333921956281,0.30543961249034357,0,7,0.0,1.0000000000000004,0.9999186698211584,0.6495583745106233,1.0000000000000187,0.0005312413986321984,0.0005312413986321984,1.2738005736160565,0,4.3021142204224816e-15,0.5239460468292236
0,lp,jitter,0.45,2,7,0.1,0.5,1,101,2.332333921956281e-05,21438,0.09999999999999999,0.023323339219562807,0.002332333921956281,0.30543961249034357,0,7,0.0,1.0000000000000002,0.9999186762828962,0.655693925445483,1.0000000000000184,0.008598734693004484,0.008598734693004484,1.2735535786155607,0,4.3021142204224816e-15,0.1038353443145752
0,lprand,jitter,0.45,2,7,0.1,0.5,1,101,2.332333921956281e-05,21438,0.09999999999999999,0.023323339219562807,0.002332333921956281,0.30543961249034357,0,7,0.0,1.0000000000000002,0.9999187467142752,0.6516838290679435,1.0000000000000102,0.002304711174100138,0.00252626300695713,1.2737592092314198,0,4.3021142204224816e-15,0.10028386116027832
0,maxentw,jitter,0.45,2,7,0.1,0.5,1,101,2.332333921956281e-05,21438,0.09999999999999999,0.023323339219562807,0.002332333921956281,0.30543961249034357,0,7,0.0,1.0000000000000004,0.9999186698211584,0.6495583745106233,1.0000000000000187,0.0005312413986321984,0.0005312413986321984,1.2738005736160565,0,4.3021142204224816e-15,0.5292379856109619
0,minnorm,random,0.0,0,3,0.1,0.5,1,101,1.783877195930259e-05,28029,0.09999999999999999,0.017838771959302592,0.0017838771959302591,0.267123731325411,0,3,-0.49136471882460064,1.9827294376492013,1.0619846861301183,nan,3.1715231054238716e+262,inf,6674476355.797493,6674476355.667014,1,5.578870698741412e-15,0.008194923400878906
0,projgauss,random,0.0,0,3,0.1,0.5,1,101,1.783877195930259e-05,28029,0.09999999999999999,0.017838771959302592,0.0017838771959302591,0.267123731325411,0,3,-0.49136471882460014,1.9827294376492004,1.0619846861301219,nan,3.1715231054291994e+262,inf,6674476354.570226,6674476354.439747,1,5.578870698741412e-15,0.009885787963867188
0,spectral,random,0.0,0,3,0.1,0.5,1,101,1.783877195930259e-05,28029,0.09999999999999999,0.017838771959302592,0.0017838771959302591,0.267123731325411,0,3,-0.49136471882460064,1.9827294376492013,1.0619846861301183,nan,3.1715231054238716e+262,inf,6674476355.797493,6674476355.667014,1,5.578870698741412e-15,0.010409116744995117
0,spectralg,random,0.0,0,3,0.1,0.5,1,101,1.783877195930259e-05,28029,0.09999999999999999,0.017838771959302592,0.0017838771959302591,0.267123731325411,0,3,-0.49136471882460064,1.9827294376492013,1.0619846861301183,nan,3.1715231054238716e+262,inf,6674476355.797493,6674476355.667014,1,5.578870698741412e-15,0.009570837020874023
0,molfe,random,0.0,0,3,0.1,0.5,1,101,1.783877195930259e-05,28029,0.09999999999999999,0.017838771959302592,0.0017838771959302591,0.267123731325411,0,3,-0.4913220612450139,1.9826441224900277,1.0619787148281041,nan,2.9981158134733395e+262,inf,6653493068.61413,6653493068.483651,1,5.578870698741412e-15,0.008696794509887695
0,molrk3,random,0.0,0,3,0.1,0.5,1,101,1.783877195930259e-05,28029,0.09999999999999999,0.017838771959302592,0.0017838771959302591,0.267123731325411,0,3,-0.4913647188246009,1.9827294376492022,1.063939075811252,nan,3.064239716926458e+270,inf,18688750726.29131,18688750726.16083,1,5.578870698741412e-15,0.008349180221557617
0,maxent,random,0.0,0,3,0.1,0.5,1,101,1.783877195930259e-05,28029,0.09999999999999999,0.017838771959302592,0.0017838771959302591,0.267123731325411,35,3,-0.49136471882460064,1.9827294376492013,1.0619846861301208,nan,3.171523105424077e+262,inf,6674476359.751628,6674476359.621149,1,5.578870698741412e-15,0.8341269493103027
0,lp,random,0.0,0,3,0.1,0.5,1,101,1.783877195930259e-05,28029,0.09999999999999999,0.017838771959302592,0.0017838771959302591,0.267123731325411,35,3,-0.49136471882460064,1.9827294376492013,1.0619846861301208,nan,3.171523105424076e+262,inf,6674476359.906361,6674476359.775882,1,5.578870698741412e-15,0.04877495765686035
0,lprand,random,0.0,0,3,0.1,0.5,1,101,1.783877195930259e-05,28029,0.09999999999999999,0.017838771959302592,0.0017838771959302591,0.267123731325411,35,3,-0.49136471882460064,1.9827294376492013,1.061984686130116,nan,3.171523105424076e+262,inf,6674476359.906361,6674476359.775882,1,5.578870698741412e-15,0.04860997200012207
0,maxentw,random,0.0,0,3,0.1,0.5,1,101,1.783877195930259e-05,28029,0.09999999999999999,0.017838771959302592,0.0017838771959302591,0.267123731325411,0,7,0.0,1.0000000000000002,0.999937763371602,0.649867625876458,1.0000000000000129,0.001171993880046629,0.0017400850470190021,1.2737242366790553,0,5.578870698741412e-15,1.016334056854248
0,minnorm,random,0.0,0,5,0.1,0.5,1,101,1.783877195930259e-05,28029,0.09999999999999999,0.017838771959302592,0.0017838771959302591,0.267123731325411,0,5,-0.2707006757533484,1.55414498016733,1.0000000313817916,601.3565862745216,601.3565862745216,1.988424834713671,1.988424834713671,2.351573258438697,0,5.578870698741412e-15,0.07932496070861816
0,projgauss,random,0.0,0,5,0.1,0.5,1,101,1.783877195930259e-05,28029,0.09999999999999999,0.017838771959302592,0.0017838771959302591,0.267123731325411,0,5,-0.21896317676674504,1.5218745603570114,1.000000090445454,612.7789648714854,612.7789648714854,1.993210943377046,1.993210943377046,2.3563593671020717,0,5.578870698741412e-15,0.07082700729370117
0,spectral,random,0.0,0,5,0.1,0.5,1,101,1.783877195930259e-05,28029,0.09999999999999999,0.017838771959302592,0.0017838771959302591,0.267123731325411,0,5,-0.5331511668415533,2.4522586000832796,1.0000000889355507,3642.283171071215,3642.283171071215,1.9757136996582128,1.9757136996582128,2.3388621233832385,0,5.578870698741412e-15,0.08110904693603516
0,spectralg,random,0.0,0,5,0.1,0.5,1,101,1.783877195930259e-05,28029,0.09999999999999999,0.017838771959302592,0.0017838771959302591,0.267123731325411,0,5,-0.5331511668415533,2.4522586000832796,1.0000001005614865,3642.283171071215,3642.283171071215,1.9757136996582128,1.9757136996582128,2.3388621233832385,0,5.578870698741412e-15,0.09190487861633301
0,molfe,random,0.0,0,5,0.1,0.5,1,101,1.783877195930259e-05,28029,0.09999999999999999,0.017838771959302592,0.0017838771959302591,0.267123731325411,0,5,-0.02088307000896066,1.0877226476355495,1.0072347782954956,1.5537131822341509e+88,1.5537131822341509e+88,inf,29763011.41850722,29763011.746477753,1,5.578870698741412e-15,0.015908002853393555
0,molrk3,random,0.0,0,5,0.1,0.5,1,101,1.783877195930259e-05,28029,0.09999999999999999,0.017838771959302592,0.0017838771959302591,0.267123731325411,0,5,-0.020578706119819764,1.0869432106529509,1.0072610124178012,3.2241609195852775e+88,3.2241609195852775e+88,inf,32962289.33109809,32962289.659068625,1,5.578870698741412e-15,0.015709877014160156
0,maxent,random,0.0,0,5,0.1,0.5,1,101,1.783877195930259e-05,28029,0.09999999999999999,0.017838771959302592,0.0017838771959302591,0.267123731325411,2,5,-0.2057395132931198,1.5066790938819867,1.000000051193492,647.0440731187308,647.0440731187308,1.996862466465524,1.996862466465524,2.3600108901905497,0,5.578870698741412e-15,0.6051368713378906
0,lp,random,0.0,0,5,0.1,0.5,1,101,1.783877195930259e-05,28029,0.09999999999999999,0.017838771959302592,0.0017838771959302591,0.267123731325411,2,5,-0.2057395132931198,1.5066790938819867,1.0000000510991933,721.2534722050303,721.2534722050303,1.99582151965971,1.99582151965971,2.3589699433847358,0,5.578870698741412e-15,0.11415600776672363
0,lprand,random,0.0,0,5,0.1,0.5,1,101,1.783877195930259e-05,28029,0.09999999999999999,0.017838771959302592,0.0017838771959302591,0.267123731325411,2,5,-0.2057395132931198,1.5066790938819867,1.0000000424340199,703.7023687443486,703.7023687443486,2.0073476385564404,2.0073476385564404,2.3704960622814664,0,5.578870698741412e-15,0.11187505722045898
0,maxentw,random,0.0,0,5,0.1,0.5,1,101,1.783877195930259e-05,28029,0.09999999999999999,0.017838771959302592,0.0017838771959302591,0.267123731325411,0,7,0.0,1.0000000000000004,0.9999377639710654,0.6499009269189725,1.0000000000000246,0.0012169980485701726,0.0017406810276835438,1.2737239142377437,0,5.578870698741412e-15,0.610137939453125
0,minnorm,random,0.0,0,7,0.1,0.5,1,101,1.783877195930259e-05,28029,0.09999999999999999,0.017838771959302592,0.0017838771959302591,0.267123731325411,0,7,-0.2066192212832376,1.6230877673069268,0.9999355262816281,0.6397150172694274,1.9397661456295843,0.055633382498077144,0.05907546340861003,1.2726807183248938,0,5.578870698741412e-15,0.07688212394714355
0,projgauss,random,0.0,0,7,0.1,0.5,1,101,1.783877195930259e-05,28029,0.09999999999999999,0.017838771959302592,0.0017838771959302591,0.267123731325411,0,7,-0.15318162347717096,1.4547633351136338,0.9999370663695935,0.6553271053048032,1.7747192678403467,0.018584727361272202,0.02810233109971988,1.272619069445349,0,5.578870698741412e-15,0.0791921615600586
0,spectral,random,0.0,0,7,0.1,0.5,1,101,1.783877195930259e-05,28029,0.09999999999999999,0.017838771959302592,0.0017838771959302591,0.267123731325411,0,7,-0.5006831450276953,2.4197369733708483,0.9999476581095674,1.7092256770764556,7.731615395099802,0.31190645688389695,0.31190645688389695,1.273536673490832,0,5.578870698741412e-15,0.07864975929260254
0,spectralg,random,0.0,0,7,0.1,0.5,1,101,1.783877195930259e-05,28029,0.09999999999999999,0.017838771959302592,0.0017838771959302591,0.267123731325411,0,7,-0.5006831450276953,2.4197369733708483,0.9999442118304404,1.4917894058260912,7.731615395099802,0.25928537410836794,0.25928537410836794,1.27353667349626,0,5.578870698741412e-15,0.09612298011779785
0,molfe,random,0.0,0,7,0.1,0.5,1,101,1.783877195930259e-05,28029,0.09999999999999999,0.017838771959302592,0.0017838771959302591,0.267123731325411,0,7,-0.007518728210829859,1.0274940670243002,1.0040226945852242,1.7575720389945594e+49,1.7575720389945594e+49,inf,2403793.4478705614,2403794.2297448567,1,5.578870698741412e-15,0.025123119354248047
0,molrk3,random,0.0,0,7,0.1,0.5,1,101,1.783877195930259e-05,28029,0.09999999999999999,0.017838771959302592,0.0017838771959302591,0.267123731325411,0,7,-0.00742217058432553,1.0273086693031332,1.004030796470337,2.20363950553922e+49,2.20363950553922e+49,inf,2537742.2904320178,2537743.072306313,1,5.578870698741412e-15,0.027647018432617188
0,maxent,random,0.0,0,7,0.1,0.5,1,101,1.783877195930259e-05,28029,0.09999999999999999,0.017838771959302592,0.0017838771959302591,0.267123731325411,0,7,0.0,1.0000000000000004,0.9999377668738951,0.649944410180933,1.0000000000000098,0.0012210996120572415,0.0017387877448712952,1.2737239142615835,0,5.578870698741412e-15,0.48635101318359375
0,lp,random,0.0,0,7,0.1,0.5,1,101,1.783877195930259e-05,28029,0.09999999999999999,0.017838771959302592,0.0017838771959302591,0.267123731325411,0,7,0.0,1.0000000000000002,0.9999382135100024,0.6641257851475773,1.0000000000000098,0.020202895254218478,0.020202895254218478,1.2735220754593806,0,5.578870698741412e-15,0.1179499626159668
0,lprand,random,0.0,0,7,0.1,0.5,1,101,1.783877195930259e-05,28029,0.09999999999999999,0.017838771959302592,0.0017838771959302591,0.267123731325411,0,7,0.0,1.0000000000000002,0.999937832060562,0.6513213970479843,1.0000000000000144,0.002838090058152054,0.005469431723005347,1.2736238354166403,0,5.578870698741412e-15,0.11290097236633301
0,maxentw,random,0.0,0,7,0.1,0.5,1,101,1.783877195930259e-05,28029,0.09999999999999999,0.017838771959302592,0.0017838771959302591,0.267123731325411,0,7,0.0,1.0000000000000004,0.9999377668738951,0.649944410180933,1.0000000000000098,0.0012210996120572415,0.0017387877448712952,1.2737239142615835,0,5.578870698741412e-15,0.4745669364929199
0,minnorm,random,0.0,1,3,0.1,0.5,1,101,2.2064246949604548e-05,22662,0.09999999999999999,0.02206424694960455,0.002206424694960455,0.29708077655482557,0,3,-0.3638143870133806,1.7276287740267613,1.051935587082332,nan,7.334471390915854e+220,inf,3255111822083175.5,3255111822083175.0,1,5.18855791664663e-15,0.00822901725769043
0,projgauss,random,0.0,1,3,0.1,0.5,1,101,2.2064246949604548e-05,22662,0.09999999999999999,0.02206424694960455,0.002206424694960455,0.29708077655482557,0,3,-0.3638143870133804,1.7276287740267615,1.0519355870823315,nan,7.334471390885831e+220,inf,3255111822475086.0,3255111822475085.5,1,5.18855791664663e-15,0.009331226348876953
0,spectral,random,0.0,1,3,0.1,0.5,1,101,2.2064246949604548e-05,22662,0.09999999999999999,0.02206424694960455,0.002206424694960455,0.29708077655482557,0,3,-0.3638143870133806,1.7276287740267613,1.051935587082332,nan,7.334471390915854e+220,inf,3255111822083175.5,3255111822083175.0,1,5.18855791664663e-15,0.010081052780151367
0,spectralg,random,0.0,1,3,0.1,0.5,1,101,2.2064246949604548e-05,22662,0.09999999999999999,0.02206424694960455,0.002206424694960455,0.29708077655482557,0,3,-0.3638143870133806,1.7276287740267613,1.051935587082332,nan,7.334471390915854e+220,inf,3255111822083175.5,3255111822083175.0,1,5.18855791664663e-15,0.008912801742553711
0,molfe,random,0.0,1,3,0.1,0.5,1,101,2.2064246949604548e-05,22662,0.09999999999999999,0.02206424694960455,0.002206424694960455,0.29708077655482557,0,3,-0.3637728258616105,1.7275456517232213,1.0519303746607165,nan,6.979912029741459e+220,inf,3240524528810987.5,3240524528810987.0,1,5.18855791664663e-15,0.008635282516479492
0,molrk3,random,0.0,1,3,0.1,0.5,1,101,2.2064246949604548e-05,22662,0.09999999999999999,0.02206424694960455,0.002206424694960455,0.29708077655482557,0,3,-0.346879232703323,1.6937584654066462,1.0533020972261093,nan,3.187005996557892e+226,inf,1.0552831329179908e+16,1.0552831329179908e+16,1,5.18855791664663e-15,0.009982824325561523
0,maxent,random,0.0,1,3,0.1,0.5,1,101,2.2064246949604548e-05,22662,0.09999999999999999,0.02206424694960455,0.002206424694960455,0.29708077655482557,35,3,-0.3638143870133806,1.7276287740267613,1.051935587082332,nan,7.334471390915756e+220,inf,3255111820596930.0,3255111820596929.5,1,5.18855791664663e-15,0.6633961200714111
0,lp,random,0.0,1,3,0.1,0.5,1,101,2.2064246949604548e-05,22662,0.09999999999999999,0.02206424694960455,0.002206424694960455,0.29708077655482557,35,3,-0.3638143870133806,1.7276287740267613,1.051935587082332,nan,7.334471390915759e+220,inf,3255111820648413.5,3255111820648413.0,1,5.18855791664663e-15,0.04682612419128418
0,lprand,random,0.0,1,3,0.1,0.5,1,101,2.2064246949604548e-05,22662,0.09999999999999999,0.02206424694960455,0.002206424694960455,0.29708077655482557,35,3,-0.3638143870133806,1.7276287740267613,1.051935587082332,nan,7.334471390915759e+220,inf,3255111820648413.5,3255111820648413.0,1,5.18855791664663e-15,0.047998905181884766
0,maxentw,random,0.0,1,3,0.1,0.5,1,101,2.2064246949604548e-05,22662,0.09999999999999999,0.02206424694960455,0.002206424694960455,0.29708077655482557,0,7,0.0,1.0000000000000002,0.9999229782969649,0.6503950545064795,1.000000000000015,0.0020933777183258506,0.002733291630750312,1.273447316756626,0,5.18855791664663e-15,0.9771378040313721
0,minnorm,random,0.0,1,5,0.1,0.5,1,101,2.2064246949604548e-05,22662,0.09999999999999999,0.02206424694960455,0.002206424694960455,0.29708077655482557,0,5,-0.2372380001763624,1.599682715872951,1.0000655211339313,1830.914817536779,1830.914817536779,6.0624170736729255,6.0624170736729255,6.244790627609082,0,5.18855791664663e-15,0.0651998519897461
0,projgauss,random,0.0,1,5,0.1,0.5,1,101,2.2064246949604548e-05,22662,0.09999999999999999,0.02206424694960455,0.002206424694960455,0.29708077655482557,0,5,-0.260619022096459,1.6204868355304607,1.0000644457882328,1708.948667893541,1708.948667893541,5.957763246281708,5.957763246281708,5.947451505929453,0,5.18855791664663e-15,0.061096906661987305
0,spectral,random,0.0,1,5,0.1,0.5,1,101,2.2064246949604548e-05,22662,0.09999999999999999,0.02206424694960455,0.002206424694960455,0.29708077655482557,0,5,-0.6514163260751383,3.477691431549889,1.0000601577869617,6933.45369742897,6933.45369742897,5.851642518555038,5.851642518555038,5.841330778202783,0,5.18855791664663e-15,0.068511962890625
0,spectralg,random,0.0,1,5,0.1,0.5,1,101,2.2064246949604548e-05,22662,0.09999999999999999,0.02206424694960455,0.002206424694960455,0.29708077655482557,0,5,-0.6514163260751383,3.477691431549889,1.0000600494862475,6871.308443054862,6871.308443054862,5.845115039008977,5.845115039008977,5.834803298656722,0,5.18855791664663e-15,0.07853484153747559
0,molfe,random,0.0,1,5,0.1,0.5,1,101,2.2064246949604548e-05,22662,0.09999999999999999,0.02206424694960455,0.002206424694960455,0.29708077655482557,0,5,-0.04723533594790699,1.1732009365990352,1.0026573875381002,2.2408234075736985e+27,2.2408234075736985e+27,inf,2048203.0960924544,2048202.9472129054,1,5.18855791664663e-15,0.029744863510131836
0,molrk3,random,0.0,1,5,0.1,0.5,1,101,2.2064246949604548e-05,22662,0.09999999999999999,0.02206424694960455,0.002206424694960455,0.29708077655482557,0,5,-0.04682162503747642,1.1712689982124505,1.0026609215199738,2.4271508731254225e+27,2.4271508731254225e+27,inf,2111321.684103009,2111321.53522346,1,5.18855791664663e-15,0.025794029235839844
0,maxent,random,0.0,1,5,0.1,0.5,1,101,2.2064246949604548e-05,22662,0.09999999999999999,0.02206424694960455,0.002206424694960455,0.29708077655482557,6,5,-0.23197155844440892,1.599682715872951,1.0000610298068406,1746.0218137834793,1746.0218137834793,5.870488685505883,5.870488685505883,5.860176945153628,0,5.18855791664663e-15,0.7406001091003418
0,lp,random,0.0,1,5,0.1,0.5,1,101,2.2064246949604548e-05,22662,0.09999999999999999,0.02206424694960455,0.002206424694960455,0.29708077655482557,6,5,-0.23197155844440892,1.599682715872951,1.000060954505126,1910.70443862267,1910.70443862267,5.861220633337776,5.861220633337776,5.8509088929855215,0,5.18855791664663e-15,0.10692095756530762
0,lprand,random,0.0,1,5,0.1,0.5,1,101,2.2064246949604548e-05,22662,0.09999999999999999,0.02206424694960455,0.002206424694960455,0.29708077655482557,6,5,-0.23197155844440892,1.599682715872951,1.0000610993038388,6755.654435308463,6755.654435308463,5.8687852996332435,5.8687852996332435,5.858473559280989,0,5.18855791664663e-15,0.10364890098571777
0,maxentw,random,0.0,1,5,0.1,0.5,1,101,2.2064246949604548e-05,22662,0.09999999999999999,0.02206424694960455,0.002206424694960455,0.29708077655482557,0,7,0.0,1.0000000000000002,0.9999229775696432,0.6503887001671179,1.0000000000000195,0.0020948514678066354,0.0027327908708130733,1.2734470936879836,0,5.18855791664663e-15,0.7667171955108643
0,minnorm,random,0.0,1,7,0.1,0.5,1,101,2.2064246949604548e-05,22662,0.09999999999999999,0.02206424694960455,0.002206424694960455,0.29708077655482557,0,7,-0.22136549823649346,1.599286909124552,0.9999234212686204,0.6462727345197313,1.8615628674698081,0.014118925615626332,0.0600901680636553,1.261776492899025,0,5.18855791664663e-15,0.0547327995300293
0,projgauss,random,0.0,1,7,0.1,0.5,1,101,2.2064246949604548e-05,22662,0.09999999999999999,0.02206424694960455,0.002206424694960455,0.29708077655482557,0,7,-0.16749545117378378,1.4694670359126425,0.9999229483394074,0.6498041554423637,1.5895558765212274,0.009714413680168704,0.03520731612426198,1.26619558396088,0,5.18855791664663e-15,0.06052708625793457
0,spectral,random,0.0,1,7,0.1,0.5,1,101,2.2064246949604548e-05,22662,0.09999999999999999,0.02206424694960455,0.002206424694960455,0.29708077655482557,0,7,-0.8638805187137081,3.945427456359143,0.9999230403690571,1.049315081431755,13.060523359468842,0.004913597572890227,0.01059280166810539,1.2720247750607883,0,5.18855791664663e-15,0.06929159164428711
0,spectralg,random,0.0,1,7,0.1,0.5,1,101,2.2064246949604548e-05,22662,0.09999999999999999,0.02206424694960455,0.002206424694960455,0.29708077655482557,0,7,-0.8638805187137081,3.945427456359143,0.9999230403690571,1.049315081431755,13.060523359468842,0.004913597572890227,0.01059280166810539,1.2720247750607883,0,5.18855791664663e-15,0.07560992240905762
0,molfe,random,0.0,1,7,0.1,0.5,1,101,2.2064246949604548e-05,22662,0.09999999999999999,0.02206424694960455,0.002206424694960455,0.29708077655482557,0,7,-0.007648383175126797,1.0343936863529914,1.005561731106091,1.2107233346384374e+55,1.2107233346384374e+55,inf,1111087.0429049085,1111087.877184047,1,5.18855791664663e-15,0.01771688461303711
0,molrk3,random,0.0,1,7,0.1,0.5,1,101,2.2064246949604548e-05,22662,0.09999999999999999,0.02206424694960455,0.002206424694960455,0.29708077655482557,0,7,-0.007580189752244919,1.0340252954885045,1.005577226205908,1.716732955532557e+55,1.716732955532557e+55,inf,1183128.8309577866,1183129.665236925,1,5.18855791664663e-15,0.01589345932006836
0,maxent,random,0.0,1,7,0.1,0.5,1,101,2.2064246949604548e-05,22662,0.09999999999999999,0.02206424694960455,0.002206424694960455,0.29708077655482557,0,7,0.0,1.0000000000000004,0.9999229773474446,0.6503909104982681,1.0000000000000187,0.002097530987153595,0.002736591286507578,1.2734470946746652,0,5.18855791664663e-15,0.5378038883209229
0,lp,random,0.0,1,7,0.1,0.5,1,101,2.2064246949604548e-05,22662,0.09999999999999999,0.02206424694960455,0.002206424694960455,0.29708077655482557,0,7,0.0,1.0000000000000002,0.9999230492943617,0.6572550557140951,1.000000000000009,0.00976553669052116,0.00976553669052116,1.2734881928440456,0,5.18855791664663e-15,0.1009521484375
0,lprand,random,0.0,1,7,0.1,0.5,1,101,2.2064246949604548e-05,22662,0.09999999999999999,0.02206424694960455,0.002206424694960455,0.29708077655482557,0,7,0.0,1.0000000000000002,0.9999228480296601,0.6500173138784198,1.0000000000000102,0.003954593659101224,0.0045687925500017545,1.273529016970373,0,5.18855791664663e-15,0.10602807998657227
0,maxentw,random,0.0,1,7,0.1,0.5,1,101,2.2064246949604548e-05,22662,0.09999999999999999,0.02206424694960455,0.002206424694960455,0.29708077655482557,0,7,0.0,1.0000000000000004,0.9999229773474446,0.6503909104982681,1.0000000000000187,0.002097530987153595,0.002736591286507578,1.2734470946746652,0,5.18855791664663e-15,0.5339570045471191
0,minnorm,random,0.0,2,3,0.1,0.5,1,101,2.5656667971716876e-05,19489,0.09999999999999999,0.025656667971716875,0.0025656667971716875,0.3203539790401666,0,3,-0.35375202266363337,1.7075040453272672,1.0274091791537945,9.65411798319848e+229,9.65411798319848e+229,inf,4498208828.347787,4498208827.793288,1,5.495603971894525e-15,0.00916290283203125
0,projgauss,random,0.0,2,3,0.1,0.5,1,101,2.5656667971716876e-05,19489,0.09999999999999999,0.025656667971716875,0.0025656667971716875,0.3203539790401666,0,3,-0.35375202266363337,1.707504045327267,1.0274091791537945,9.654117983198206e+229,9.654117983198206e+229,inf,4498208826.302047,4498208825.747548,1,5.495603971894525e-15,0.010076045989990234
0,spectral,random,0.0,2,3,0.1,0.5,1,101,2.5656667971716876e-05,19489,0.09999999999999999,0.025656667971716875,0.0025656667971716875,0.3203539790401666,0,3,-0.35375202266363337,1.7075040453272672,1.0274091791537945,9.65411798319848e+229,9.65411798319848e+229,inf,4498208828.347787,4498208827.793288,1,5.495603971894525e-15,0.01015615463256836
0,spectralg,random,0.0,2,3,0.1,0.5,1,101,2.5656667971716876e-05,19489,0.09999999999999999,0.025656667971716875,0.0025656667971716875,0.3203539790401666,0,3,-0.35375202266363337,1.7075040453272672,1.0274091791537945,9.65411798319848e+229,9.65411798319848e+229,inf,4498208828.347787,4498208827.793288,1,5.495603971894525e-15,0.0106658935546875
0,molfe,random,0.0,2,3,0.1,0.5,1,101,2.5656667971716876e-05,19489,0.09999999999999999,0.025656667971716875,0.0025656667971716875,0.3203539790401666,0,3,-0.35370834504511256,1.7074166900902252,1.027406117540646,9.109454847157066e+229,9.109454847157066e+229,inf,4482582339.947774,4482582339.393275,1,5.495603971894525e-15,0.009839296340942383
0,molrk3,random,0.0,2,3,0.1,0.5,1,101,2.5656667971716876e-05,19489,0.09999999999999999,0.025656667971716875,0.0025656667971716875,0.3203539790401666,0,3,-0.3195577814000467,1.6391155628000935,1.0277850959475536,1.2050698524126667e+233,1.2050698524126667e+233,inf,6893577652.19853,6893577651.644032,1,5.495603971894525e-15,0.009544849395751953
0,maxent,random,0.0,2,3,0.1,0.5,1,101,2.5656667971716876e-05,19489,0.09999999999999999,0.025656667971716875,0.0025656667971716875,0.3203539790401666,33,3,-0.35375202266363337,1.7075040453272672,1.0274091791537945,9.65411798320495e+229,9.65411798320495e+229,inf,4498208834.074944,4498208833.520445,1,5.495603971894525e-15,0.8216438293457031
0,lp,random,0.0,2,3,0.1,0.5,1,101,2.5656667971716876e-05,19489,0.09999999999999999,0.025656667971716875,0.0025656667971716875,0.3203539790401666,33,3,-0.35375202266363337,1.7075040453272672,1.0274091791537945,9.654117983198205e+229,9.654117983198205e+229,inf,4498208826.715532,4498208826.161034,1,5.495603971894525e-15,0.050913095474243164
0,lprand,random,0.0,2,3,0.1,0.5,1,101,2.5656667971716876e-05,19489,0.09999999999999999,0.025656667971716875,0.0025656667971716875,0.3203539790401666,33,3,-0.35375202266363337,1.7075040453272672,1.0274091791537945,9.654117983198205e+229,9.654117983198205e+229,inf,4498208826.715532,4498208826.161034,1,5.495603971894525e-15,0.04974007606506348
0,maxentw,random,0.0,2,3,0.1,0.5,1,101,2.5656667971716876e-05,19489,0.09999999999999999,0.025656667971716875,0.0025656667971716875,0.3203539790401666,0,7,0.0,1.0000000000000002,0.9999105703369057,0.6507338005597378,1.0000000000000124,0.0014615671877485359,0.0014615671877485359,1.273844617989362,0,5.495603971894525e-15,1.05202317237854
0,minnorm,random,0.0,2,5,0.1,0.5,1,101,2.5656667971716876e-05,19489,0.09999999999999999,0.025656667971716875,0.0025656667971716875,0.3203539790401666,0,5,-0.2533275880598492,1.5435811618460906,1.0000000816910308,4054.8367262934576,4054.8367262934576,5.368710587556267,5.368710587556267,5.308596321247417,0,5.495603971894525e-15,0.05708003044128418
0,projgauss,random,0.0,2,5,0.1,0.5,1,101,2.5656667971716876e-05,19489,0.09999999999999999,0.025656667971716875,0.0025656667971716875,0.3203539790401666,0,5,-0.21932945321127956,1.5754071447910645,1.0000001590062393,4091.68970589628,4091.68970589628,5.362743082409158,5.362743082409158,5.302628816100308,0,5.495603971894525e-15,0.051991939544677734
0,spectral,random,0.0,2,5,0.1,0.5,1,101,2.5656667971716876e-05,19489,0.09999999999999999,0.025656667971716875,0.0025656667971716875,0.3203539790401666,0,5,-0.7733052501051972,3.277194880879343,1.000000137342009,14656.080730982674,14656.080730982674,5.343450336551597,5.343450336551597,5.283336070242747,0,5.495603971894525e-15,0.05967593193054199
0,spectralg,random,0.0,2,5,0.1,0.5,1,101,2.5656667971716876e-05,19489,0.09999999999999999,0.025656667971716875,0.0025656667971716875,0.3203539790401666,0,5,-0.7733052501051972,3.277194880879343,1.0000001519418658,14656.080730982674,14656.080730982674,5.343432241941243,5.343432241941243,5.283317975632393,0,5.495603971894525e-15,0.07315802574157715
0,molfe,random,0.0,2,5,0.1,0.5,1,101,2.5656667971716876e-05,19489,0.09999999999999999,0.025656667971716875,0.0025656667971716875,0.3203539790401666,0,5,-0.03484431021981086,1.1268170854248212,1.0053790770764295,2.0913515972849716e+46,2.0913515972849716e+46,inf,1562718.2069059603,1562718.127026894,1,5.495603971894525e-15,0.017457246780395508
0,molrk3,random,0.0,2,5,0.1,0.5,1,101,2.5656667971716876e-05,19489,0.09999999999999999,0.025656667971716875,0.0025656667971716875,0.3203539790401666,0,5,-0.03409196247174384,1.1251409729526771,1.0053935702516612,2.769743941203112e+46,2.769743941203112e+46,inf,1662148.0835741255,1662148.003695059,1,5.495603971894525e-15,0.017709970474243164
0,maxent,random,0.0,2,5,0.1,0.5,1,101,2.5656667971716876e-05,19489,0.09999999999999999,0.025656667971716875,0.0025656667971716875,0.3203539790401666,4,5,-0.20692915870752943,1.5435811618460906,1.0000001548789168,4614.72556255241,4614.72556255241,5.344919521742909,5.344919521742909,5.284805255434059,0,5.495603971894525e-15,0.7284369468688965
0,lp,random,0.0,2,5,0.1,0.5,1,101,2.5656667971716876e-05,19489,0.09999999999999999,0.025656667971716875,0.0025656667971716875,0.3203539790401666,4,5,-0.20692915870752943,1.5435811618460906,1.000000144510262,5693.014068326005,5693.014068326005,5.359149691727347,5.359149691727347,5.299035425418497,0,5.495603971894525e-15,0.09993696212768555
0,lprand,random,0.0,2,5,0.1,0.5,1,101,2.5656667971716876e-05,19489,0.09999999999999999,0.025656667971716875,0.0025656667971716875,0.3203539790401666,4,5,-0.20692915870752943,1.5435811618460906,1.0000000961459279,5616.118183289971,5616.118183289971,5.341358318638663,5.341358318638663,5.2812440523298125,0,5.495603971894525e-15,0.09684610366821289
0,maxentw,random,0.0,2,5,0.1,0.5,1,101,2.5656667971716876e-05,19489,0.09999999999999999,0.025656667971716875,0.0025656667971716875,0.3203539790401666,0,7,0.0,1.0000000000000004,0.9999105708723262,0.6507147480781537,1.000000000000016,0.0014487410595853678,0.0014487410595853678,1.2738446177320202,0,5.495603971894525e-15,0.7212951183319092
0,minnorm,random,0.0,2,7,0.1,0.5,1,101,2.5656667971716876e-05,19489,0.09999999999999999,0.025656667971716875,0.0025656667971716875,0.3203539790401666,0,7,-0.2157834111276272,1.5341313856982592,0.9999171748038341,0.7242187658862577,1.7134138301544026,0.02573974197294515,0.041424199451247645,1.2735203482705688,0,5.495603971894525e-15,0.05361580848693848
0,projgauss,random,0.0,2,7,0.1,0.5,1,101,2.5656667971716876e-05,19489,0.09999999999999999,0.025656667971716875,0.0025656667971716875,0.3203539790401666,0,7,-0.1390321441173234,1.3897882418496919,0.9999150069361793,0.69931139867468,1.5031990482064057,0.01904623155369467,0.02186695609356537,1.2746498753608555,0,5.495603971894525e-15,0.05236101150512695
0,spectral,random,0.0,2,7,0.1,0.5,1,101,2.5656667971716876e-05,19489,0.09999999999999999,0.025656667971716875,0.0025656667971716875,0.3203539790401666,0,7,-0.6237485795930728,3.065673102504145,0.9999114624535401,1.4470084785976958,8.485639881640541,0.01750524225238348,0.020761802462910095,1.2740535746117225,0,5.495603971894525e-15,0.05544400215148926
0,spectralg,random,0.0,2,7,0.1,0.5,1,101,2.5656667971716876e-05,19489,0.09999999999999999,0.025656667971716875,0.0025656667971716875,0.3203539790401666,0,7,-0.6237485795930728,3.065673102504145,0.9999114624535401,1.4470084785976958,8.485639881640541,0.01750524225238348,0.020761802462910095,1.2740535746117225,0,5.495603971894525e-15,0.07507777214050293
0,molfe,random,0.0,2,7,0.1,0.5,1,101,2.5656667971716876e-05,19489,0.09999999999999999,0.025656667971716875,0.0025656667971716875,0.3203539790401666,0,7,-0.012329802828139539,1.0609628050501505,1.0033515514117755,1.1581938535327574e+29,1.1581938535327574e+29,inf,1364650.8425620312,1364650.9448051492,1,5.495603971894525e-15,0.01933598518371582
0,molrk3,random,0.0,2,7,0.1,0.5,1,101,2.5656667971716876e-05,19489,0.09999999999999999,0.025656667971716875,0.0025656667971716875,0.3203539790401666,0,7,-0.012192406211364878,1.0602623990216573,1.0033571741348106,1.2919687463697522e+29,1.2919687463697522e+29,inf,1406119.366711212,1406119.46895433,1,5.495603971894525e-15,0.02531123161315918
0,maxent,random,0.0,2,7,0.1,0.5,1,101,2.5656667971716876e-05,19489,0.09999999999999999,0.025656667971716875,0.0025656667971716875,0.3203539790401666,0,7,0.0,1.0000000000000004,0.9999105702147232,0.6506899290320906,1.0000000000000164,0.00143581317686442,0.00143581317686442,1.2738446428008188,0,5.495603971894525e-15,0.5380921363830566
0,lp,random,0.0,2,7,0.1,0.5,1,101,2.5656667971716876e-05,19489,0.09999999999999999,0.025656667971716875,0.0025656667971716875,0.3203539790401666,0,7,0.0,1.0000000000000002,0.9999107933945021,0.6594258451580477,1.0000000000000064,0.010311053406762971,0.010311053406762971,1.2736507846548695,0,5.495603971894525e-15,0.09560823440551758
0,lprand,random,0.0,2,7,0.1,0.5,1,101,2.5656667971716876e-05,19489,0.09999999999999999,0.025656667971716875,0.0025656667971716875,0.3203539790401666,0,7,0.0,1.0000000000000002,0.9999105797365464,0.653839259045547,1.00000000000001,0.004379652105596099,0.004446759110211418,1.2736598873053255,0,5.495603971894525e-15,0.11313319206237793
0,maxentw,random,0.0,2,7,0.1,0.5,1,101,2.5656667971716876e-05,19489,0.09999999999999999,0.025656667971716875,0.0025656667971716875,0.3203539790401666,0,7,0.0,1.0000000000000004,0.9999105702147232,0.6506899290320906,1.0000000000000164,0.00143581317686442,0.00143581317686442,1.2738446428008188,0,5.495603971894525e-15,0.5455179214477539
0,minnorm,jitter,0.0,0,3,0.03,0.5,1,101,0.0008333333333333164,601,0.33333333333333337,0.2499999999999949,0.08333333333333164,0.9999999999999898,0,3,0.0,1.0000000000000004,0.9928570349264746,0.9658640746113886,1.000000000000003,0.0012591289182724008,0.0012591289182724008,1.2911946231421345,0,7.254529965639023e-08,0.00943899154663086
0,projgauss,jitter,0.0,0,3,0.03,0.5,1,101,0.0008333333333333164,601,0.33333333333333337,0.2499999999999949,0.08333333333333164,0.9999999999999898,0,3,0.0,1.0000000000000002,0.9928570349264751,0.9658640746112704,1.0000000000000004,0.001259128918348118,0.001259128918348118,1.291194623142133,0,7.254529965639023e-08,0.010397911071777344
0,spectral,jitter,0.0,0,3,0.03,0.5,1,101,0.0008333333333333164,601,0.33333333333333337,0.2499999999999949,0.08333333333333164,0.9999999999999898,0,3,0.0,1.0000000000000004,0.9928570349264746,0.9658640746113886,1.000000000000003,0.0012591289182724008,0.0012591289182724008,1.2911946231421345,0,7.254529965639023e-08,0.009935855865478516
0,spectralg,jitter,0.0,0,3,0.03,0.5,1,101,0.0008333333333333164,601,0.33333333333333337,0.2499999999999949,0.08333333333333164,0.9999999999999898,0,3,0.0,1.0000000000000004,0.9928570349264746,0.9658640746113886,1.000000000000003,0.0012591289182724008,0.0012591289182724008,1.2911946231421345,0,7.254529965639023e-08,0.010982751846313477
0,molfe,jitter,0.0,0,3,0.03,0.5,1,101,0.0008333333333333164,601,0.33333333333333337,0.2499999999999949,0.08333333333333164,0.9999999999999898,0,3,0.0,1.0,0.9927633795692345,0.9673381138913428,1.0,0.004703100045960529,0.004703100045960529,1.291301047532087,0,7.254529965639023e-08,0.010302305221557617
0,molrk3,jitter,0.0,0,3,0.03,0.5,1,101,0.0008333333333333164,601,0.33333333333333337,0.2499999999999949,0.08333333333333164,0.9999999999999898,0,3,0.0,1.0,0.9927895007449584,0.9660775856723257,1.0,0.002523527880801235,0.002523527880801235,1.2911865887130758,0,7.254529965639023e-08,0.008579730987548828
0,maxent,jitter,0.0,0,3,0.03,0.5,1,101,0.0008333333333333164,601,0.33333333333333337,0.2499999999999949,0.08333333333333164,0.9999999999999898,0,3,0.0,1.0000000000000002,0.9928570349264757,0.9658640746112505,1.0000000000000007,0.0012591289182812826,0.0012591289182812826,1.291194623142132,0,7.254529965639023e-08,0.01827692985534668
0,lp,jitter,0.0,0,3,0.03,0.5,1,101,0.0008333333333333164,601,0.33333333333333337,0.2499999999999949,0.08333333333333164,0.9999999999999898,0,3,0.0,1.0,0.9928570349262325,0.9658640746113037,1.0000000000000009,0.0012591289183321308,0.0012591289183321308,1.2911946231421334,0,7.254529965639023e-08,0.050585031509399414
0,lprand,jitter,0.0,0,3,0.03,0.5,1,101,0.0008333333333333164,601,0.33333333333333337,0.2499999999999949,0.08333333333333164,0.9999999999999898,0,3,0.0,1.0,0.9928570349262275,0.9658640746112962,1.0000000000000009,0.0012591289183352394,0.0012591289183352394,1.2911946231421334,0,7.254529965639023e-08,0.04930877685546875
0,maxentw,jitter,0.0,0,3,0.03,0.5,1,101,0.0008333333333333164,601,0.33333333333333337,0.2499999999999949,0.08333333333333164,0.9999999999999898,0,3,0.0,1.0000000000000002,0.9928570349264757,0.9658640746112505,1.0000000000000007,0.0012591289182812826,0.0012591289182812826,1.291194623142132,0,7.254529965639023e-08,0.01737499237060547
0,minnorm,jitter,0.0,0,5,0.03,0.5,1,101,0.0008333333333333164,601,0.33333333333333337,0.2499999999999949,0.08333333333333164,0.9999999999999898,0,5,-0.07757936507936654,1.1551587301587327,0.9927031100336484,0.9672197073946549,1.1551587301587327,0.009586890229678957,0.009586890229678957,1.2911758385168053,0,7.254529965639023e-08,0.00849294662475586
0,projgauss,jitter,0.0,0,5,0.03,0.5,1,101,0.0008333333333333164,601,0.33333333333333337,0.2499999999999949,0.08333333333333164,0.9999999999999898,0,5,-0.03072428585663031,1.0614485717132607,0.9927656882079056,0.9666081055545029,1.0614485717132607,0.005670580880144271,0.005670580880144271,1.2911832196880373,0,7.254529965639023e-08,0.010111093521118164
0,spectral,jitter,0.0,0,5,0.03,0.5,1,101,0.0008333333333333164,601,0.33333333333333337,0.2499999999999949,0.08333333333333164,0.9999999999999898,0,5,-0.003829660334273177,1.0076593206685454,0.9928432225230782,0.9658703728873624,1.0076593206685454,0.001330778511841213,0.001330778511841213,1.2911929559261799,0,7.254529965639023e-08,0.01538991928100586
0,spectralg,jitter,0.0,0,5,0.03,0.5,1,101,0.0008333333333333164,601,0.33333333333333337,0.2499999999999949,0.08333333333333164,0.9999999999999898,0,5,-0.003829660334273177,1.0076593206685454,0.9928432225230782,0.9658703728873624,1.0076593206685454,0.001330778511841213,0.001330778511841213,1.2911929559261799,0,7.254529965639023e-08,0.02636098861694336
0,molfe,jitter,0.0,0,5,0.03,0.5,1,101,0.0008333333333333164,601,0.33333333333333337,0.2499999999999949,0.08333333333333164,0.9999999999999898,0,5,-0.09523809523809322,1.302380952380946,1.1405678025366441,6.986237275942393e+34,8.425796146308765e+57,inf,1601970.5905027913,1601970.3878711064,1,7.254529965639023e-08,0.008826255798339844
0,molrk3,jitter,0.0,0,5,0.03,0.5,1,101,0.0008333333333333164,601,0.33333333333333337,0.2499999999999949,0.08333333333333164,0.9999999999999898,0,5,-0.08615861233712896,1.2828039341728699,1.1509103764883126,1.850137888471987e+37,8.52799303950531e+61,inf,1466716.7103531694,1466716.9695590727,1,7.254529965639023e-08,0.009229183197021484
0,maxent,jitter,0.0,0,5,0.03,0.5,1,101,0.0008333333333333164,601,0.33333333333333337,0.2499999999999949,0.08333333333333164,0.9999999999999898,0,5,0.0,1.0000000000000002,0.9928345247489875,0.9658879780807159,1.0000000000000004,0.001088172812307775,0.001088172812307775,1.2911918913136873,0,7.254529965639023e-08,0.0436549186706543
0,lp,jitter,0.0,0,5,0.03,0.5,1,101,0.0008333333333333164,601,0.33333333333333337,0.2499999999999949,0.08333333333333164,0.9999999999999898,0,5,0.0,1.0,0.9924231092637744,0.9693185895348461,1.0000000000000002,0.054797335873529196,0.054797335873529196,1.2911472010263776,0,7.254529965639023e-08,0.052700042724609375
0,lprand,jitter,0.0,0,5,0.03,0.5,1,101,0.0008333333333333164,601,0.33333333333333337,0.2499999999999949,0.08333333333333164,0.9999999999999898,0,5,0.0,1.0,0.9927764021615169,0.9671888739969976,1.0000000000000002,0.04741641483611425,0.04741641483611425,1.2912177029980525,0,7.254529965639023e-08,0.05133676528930664
0,maxentw,jitter,0.0,0,5,0.03,0.5,1,101,0.0008333333333333164,601,0.33333333333333337,0.2499999999999949,0.08333333333333164,0.9999999999999898,0,5,0.0,1.0000000000000002,0.9928345247489875,0.9658879780807159,1.0000000000000004,0.001088172812307775,0.001088172812307775,1.2911918913136873,0,7.254529965639023e-08,0.043727874755859375
0,minnorm,jitter,0.0,0,7,0.03,0.5,1,101,0.0008333333333333164,601,0.33333333333333337,0.2499999999999949,0.08333333333333164,0.9999999999999898,0,7,-0.11367394179894265,1.2602513227513263,0.9921724842727155,0.9764699844928941,1.2602513227513263,0.02682429627499605,0.02682429627499605,1.2911282635173924,0,7.254529965639023e-08,0.008713960647583008
0,projgauss,jitter,0.0,0,7,0.03,0.5,1,101,0.0008333333333333164,601,0.33333333333333337,0.2499999999999949,0.08333333333333164,0.9999999999999898,0,7,-0.027711302643451778,1.099797102788125,0.9926702094393357,0.9687269429205347,1.099797102788125,0.009789408450552206,0.009789408450552206,1.2911716048766133,0,7.254529965639023e-08,0.009575843811035156
0,spectral,jitter,0.0,0,7,0.03,0.5,1,101,0.0008333333333333164,601,0.33333333333333337,0.2499999999999949,0.08333333333333164,0.9999999999999898,0,7,-0.005282848381687248,1.013312093514104,0.9928161818383288,0.9659863629906266,1.0133120935141038,0.0030494842408710365,0.0030494842408710365,1.2911896546124457,0,7.254529965639023e-08,0.01651597023010254
0,spectralg,jitter,0.0,0,7,0.03,0.5,1,101,0.0008333333333333164,601,0.33333333333333337,0.2499999999999949,0.08333333333333164,0.9999999999999898,0,7,-0.005282848381687248,1.013312093514104,0.9928161818383288,0.9659863629906266,1.0133120935141038,0.0030494842408710365,0.0030494842408710365,1.2911896546124457,0,7.254529965639023e-08,0.029625892639160156
0,molfe,jitter,0.0,0,7,0.03,0.5,1,101,0.0008333333333333164,601,0.33333333333333337,0.2499999999999949,0.08333333333333164,0.9999999999999898,0,7,-0.039682539682538924,1.2103174603174562,1.0526748733017548,86200906784003.83,2.4168076964304444e+224,inf,1199889.8283592013,1199889.6953361686,1,7.254529965639023e-08,0.009605169296264648
0,molrk3,jitter,0.0,0,7,0.03,0.5,1,101,0.0008333333333333164,601,0.33333333333333337,0.2499999999999949,0.08333333333333164,0.9999999999999898,0,7,-0.03791557402052096,1.2050754087137832,1.0540821300256142,202274497954986.0,1.5303242191639722e+230,inf,1120464.9098836286,1120464.7645731664,1,7.254529965639023e-08,0.009699821472167969
0,maxent,jitter,0.0,0,7,0.03,0.5,1,101,0.0008333333333333164,601,0.33333333333333337,0.2499999999999949,0.08333333333333164,0.9999999999999898,0,7,0.0,1.0000000000000002,0.9928338007618297,0.9658885508329318,1.0000000000000004,0.0011206756814071683,0.0011206756814071683,1.291191805139949,0,7.254529965639023e-08,0.02675604820251465
0,lp,jitter,0.0,0,7,0.03,0.5,1,101,0.0008333333333333164,601,0.33333333333333337,0.2499999999999949,0.08333333333333164,0.9999999999999898,0,7,0.0,1.0,0.9918640349971796,0.9731288514719276,1.0000000000000002,0.222824329482405,0.222824329482405,1.2911043310762143,0,7.254529965639023e-08,0.052259206771850586
0,lprand,jitter,0.0,0,7,0.03,0.5,1,101,0.0008333333333333164,601,0.33333333333333337,0.2499999999999949,0.08333333333333164,0.9999999999999898,0,7,0.0,1.0,0.9925842941995134,0.9678523259975575,1.0000000000000004,0.04838913674963208,0.04838913674963208,1.2912033340598357,0,7.254529965639023e-08,0.05330300331115723
0,maxentw,jitter,0.0,0,7,0.03,0.5,1,101,0.0008333333333333164,601,0.33333333333333337,0.2499999999999949,0.08333333333333164,0.9999999999999898,0,7,0.0,1.0000000000000002,0.9928338007618297,0.9658885508329318,1.0000000000000004,0.0011206756814071683,0.0011206756814071683,1.291191805139949,0,7.254529965639023e-08,0.026360750198364258
0,minnorm,jitter,0.1,0,3,0.03,0.5,1,101,0.0005458809766496346,916,0.33333333333333337,0.16376429299489037,0.05458809766496346,0.8093560230081454,0,3,0.0,1.0000000000000013,0.9952994004233446,0.9661975603476797,1.0000000000000062,0.0010487228080331978,0.0010487228080331978,1.2913804181474384,0,7.230830811888467e-08,0.010148048400878906
0,projgauss,jitter,0.1,0,3,0.03,0.5,1,101,0.0005458809766496346,916,0.33333333333333337,0.16376429299489037,0.05458809766496346,0.8093560230081454,0,3,0.0,1.0000000000000002,0.9952994004231952,0.9661975603477092,1.000000000000002,0.001048722808053959,0.001048722808053959,1.291380418147441,0,7.230830811888467e-08,0.010994911193847656
0,spectral,jitter,0.1,0,3,0.03,0.5,1,101,0.0005458809766496346,916,0.33333333333333337,0.16376429299489037,0.05458809766496346,0.8093560230081454,0,3,0.0,1.0000000000000013,0.9952994004233446,0.9661975603476797,1.0000000000000062,0.0010487228080331978,0.0010487228080331978,1.2913804181474384,0,7.230830811888467e-08,0.010688066482543945
0,spectralg,jitter,0.1,0,3,0.03,0.5,1,101,0.0005458809766496346,916,0.33333333333333337,0.16376429299489037,0.05458809766496346,0.8093560230081454,0,3,0.0,1.0000000000000013,0.9952994004233446,0.9661975603476797,1.0000000000000062,0.0010487228080331978,0.0010487228080331978,1.2913804181474384,0,7.230830811888467e-08,0.011767148971557617
0,molfe,jitter,0.1,0,3,0.03,0.5,1,101,0.0005458809766496346,916,0.33333333333333337,0.16376429299489037,0.05458809766496346,0.8093560230081454,0,3,0.0,1.0000000000000002,0.9952589932221734,0.9671600896385097,1.0000000000000004,0.004445074608847632,0.004445074608847632,1.2914488686435022,0,7.230830811888467e-08,0.011102914810180664
0,molrk3,jitter,0.1,0,3,0.03,0.5,1,101,0.0005458809766496346,916,0.33333333333333337,0.16376429299489037,0.05458809766496346,0.8093560230081454,0,3,0.0,1.0000000000000002,0.9952702140325693,0.9663413124697449,1.0000000000000009,0.0034460941755934393,0.0034460941755934393,1.291375196531746,0,7.230830811888467e-08,0.010665178298950195
0,maxent,jitter,0.1,0,3,0.03,0.5,1,101,0.0005458809766496346,916,0.33333333333333337,0.16376429299489037,0.05458809766496346,0.8093560230081454,0,3,0.0,1.0000000000000002,0.995299400422967,0.9661975603258707,1.0000000000000042,0.001048722842927452,0.001048722842927452,1.2913804181474173,0,7.230830811888467e-08,0.14502406120300293
0,lp,jitter,0.1,0,3,0.03,0.5,1,101,0.0005458809766496346,916,0.33333333333333337,0.16376429299489037,0.05458809766496346,0.8093560230081454,0,3,0.0,1.0,0.9952994004227077,0.9661975603476803,1.0000000000000002,0.0010487228080464095,0.0010487228080464095,1.2913804181474402,0,7.230830811888467e-08,0.0534052848815918
0,lprand,jitter,0.1,0,3,0.03,0.5,1,101,0.0005458809766496346,916,0.33333333333333337,0.16376429299489037,0.05458809766496346,0.8093560230081454,0,3,0.0,1.0,0.9952994004227076,0.966197560347681,1.0000000000000002,0.0010487228080464095,0.0010487228080464095,1.2913804181474402,0,7.230830811888467e-08,0.05190706253051758
0,maxentw,jitter,0.1,0,3,0.03,0.5,1,101,0.0005458809766496346,916,0.33333333333333337,0.16376429299489037,0.05458809766496346,0.8093560230081454,0,3,0.0,1.0000000000000002,0.995299400422967,0.9661975603258707,1.0000000000000042,0.001048722842927452,0.001048722842927452,1.2913804181474173,0,7.230830811888467e-08,0.14667296409606934
0,minnorm,jitter,0.1,0,5,0.03,0.5,1,101,0.0005458809766496346,916,0.33333333333333337,0.16376429299489037,0.05458809766496346,0.8093560230081454,0,5,-0.09424309211601242,1.211828525640198,0.9951756993566055,0.9685793139621377,1.211828525640198,0.014404651029563564,0.014404651029563564,1.29135783574762,0,7.230830811888467e-08,0.011293172836303711
0,projgauss,jitter,0.1,0,5,0.03,0.5,1,101,0.0005458809766496346,916,0.33333333333333337,0.16376429299489037,0.05458809766496346,0.8093560230081454,0,5,-0.052327581217341435,1.1661956247393404,0.9952205170433283,0.9676939251385971,1.1661956247393404,0.010040260859444539,0.010040260859444539,1.2913653297561638,0,7.230830811888467e-08,0.012227058410644531
0,spectral,jitter,0.1,0,5,0.03,0.5,1,101,0.0005458809766496346,916,0.33333333333333337,0.16376429299489037,0.05458809766496346,0.8093560230081454,0,5,-0.039827519891930514,1.0796550397838607,0.9953164510267072,0.9661007066499002,1.0796550397838607,0.0014719411626811785,0.0014719411626811785,1.291385414016355,0,7.230830811888467e-08,0.017699003219604492
0,spectralg,jitter,0.1,0,5,0.03,0.5,1,101,0.0005458809766496346,916,0.33333333333333337,0.16376429299489037,0.05458809766496346,0.8093560230081454,0,5,-0.039827519891930514,1.0796550397838607,0.9953164510267072,0.9661007066499002,1.0796550397838607,0.0014719411626811785,0.0014719411626811785,1.291385414016355,0,7.230830811888467e-08,0.028654098510742188
0,molfe,jitter,0.1,0,5,0.03,0.5,1,101,0.0005458809766496346,916,0.33333333333333337,0.16376429299489037,0.05458809766496346,0.8093560230081454,0,5,-0.06205749897342796,1.1989534477215074,1.0918901662628824,3.389588313656541e+35,5.921123624911675e+38,inf,1496621.92988278,1496622.1072076904,1,7.230830811888467e-08,0.010606050491333008
0,molrk3,jitter,0.1,0,5,0.03,0.5,1,101,0.0005458809766496346,916,0.33333333333333337,0.16376429299489037,0.05458809766496346,0.8093560230081454,0,5,-0.05807914219286609,1.1901287631231166,1.0962413846624464,1.4043952189359572e+37,3.421431777649127e+40,inf,4339363.344300869,4339363.0014119595,1,7.230830811888467e-08,0.009570121765136719
0,maxent,jitter,0.1,0,5,0.03,0.5,1,101,0.0005458809766496346,916,0.33333333333333337,0.16376429299489037,0.05458809766496346,0.8093560230081454,0,5,0.0,1.0000000000000002,0.9952953251264245,0.9662037318592204,1.0000000000000062,0.001600465889853575,0.001600465889853575,1.2913796180210473,0,7.230830811888467e-08,0.4383552074432373
0,lp,jitter,0.1,0,5,0.03,0.5,1,101,0.0005458809766496346,916,0.33333333333333337,0.16376429299489037,0.05458809766496346,0.8093560230081454,0,5,0.0,1.0,0.9951119681605788,0.9678386888616846,1.0000000000000004,0.04370629400739562,0.04370629400739562,1.2913520231582658,0,7.230830811888467e-08,0.05287313461303711
0,lprand,jitter,0.1,0,5,0.03,0.5,1,101,0.0005458809766496346,916,0.33333333333333337,0.16376429299489037,0.05458809766496346,0.8093560230081454,0,5,0.0,1.0,0.9952295738669977,0.9656697362653534,1.0000000000000004,0.040547302608488156,0.040547302608488156,1.29136139220732,0,7.230830811888467e-08,0.05124807357788086
0,maxentw,jitter,0.1,0,5,0.03,0.5,1,101,0.0005458809766496346,916,0.33333333333333337,0.16376429299489037,0.05458809766496346,0.8093560230081454,0,5,0.0,1.0000000000000002,0.9952953251264245,0.9662037318592204,1.0000000000000062,0.001600465889853575,0.001600465889853575,1.2913796180210473,0,7.230830811888467e-08,0.4370119571685791
0,minnorm,jitter,0.1,0,7,0.03,0.5,1,101,0.0005458809766496346,916,0.33333333333333337,0.16376429299489037,0.05458809766496346,0.8093560230081454,0,7,-0.12882378918336446,1.3385334538855067,0.9944659562973961,0.9870987875844953,1.3385334538855067,0.03619099373760715,0.03619099373760715,1.291284305857947,0,7.230830811888467e-08,0.009559869766235352
0,projgauss,jitter,0.1,0,7,0.03,0.5,1,101,0.0005458809766496346,916,0.33333333333333337,0.16376429299489037,0.05458809766496346,0.8093560230081454,0,7,-0.04578486542572625,1.1726181976268681,0.9950930189050458,0.9724689239833498,1.1726181976268681,0.015776105043586064,0.015776105043586064,1.2913410543637769,0,7.230830811888467e-08,0.010442972183227539
0,spectral,jitter,0.1,0,7,0.03,0.5,1,101,0.0005458809766496346,916,0.33333333333333337,0.16376429299489037,0.05458809766496346,0.8093560230081454,0,7,-0.07635494495202949,1.186565584364447,0.9952656361512463,0.9662656353066186,1.186565584364447,0.006269058133606009,0.006269058133606009,1.2913725080592737,0,7.230830811888467e-08,0.018877267837524414
0,spectralg,jitter,0.1,0,7,0.03,0.5,1,101,0.0005458809766496346,916,0.33333333333333337,0.16376429299489037,0.05458809766496346,0.8093560230081454,0,7,-0.07635494495202949,1.186565584364447,0.9952656361512463,0.9662656353066186,1.186565584364447,0.006269058133606009,0.006269058133606009,1.2913725080592737,0,7.230830811888467e-08,0.03157401084899902
0,molfe,jitter,0.1,0,7,0.03,0.5,1,101,0.0005458809766496346,916,0.33333333333333337,0.16376429299489037,0.05458809766496346,0.8093560230081454,0,7,-0.02478145866458227,1.1343245799654191,1.0344842597872408,132104122068736.72,5.468924248310321e+148,inf,1804600.4032643584,1804600.22372681,1,7.230830811888467e-08,0.011569976806640625
0,molrk3,jitter,0.1,0,7,0.03,0.5,1,101,0.0005458809766496346,916,0.33333333333333337,0.16376429299489037,0.05458809766496346,0.8093560230081454,0,7,-0.02409013865188399,1.1321638346182588,1.0350838783959517,233645173919317.8,1.6895856765649325e+151,inf,1414326.2710533233,1414326.0762494337,1,7.230830811888467e-08,0.010930299758911133
0,maxent,jitter,0.1,0,7,0.03,0.5,1,101,0.0005458809766496346,916,0.33333333333333337,0.16376429299489037,0.05458809766496346,0.8093560230081454,0,7,0.0,1.0000000000000004,0.995295308772371,0.9662037376585715,1.0000000000000082,0.0016024824947566407,0.0016024824947566407,1.2913796140796732,0,7.230830811888467e-08,0.46852707862854004
0,lp,jitter,0.1,0,7,0.03,0.5,1,101,0.0005458809766496346,916,0.33333333333333337,0.16376429299489037,0.05458809766496346,0.8093560230081454,0,7,0.0,1.0,0.9948419209838391,0.9704217130243564,1.0000000000000004,0.2182720699048395,0.2182720699048395,1.291374459068517,0,7.230830811888467e-08,0.05621504783630371
0,lprand,jitter,0.1,0,7,0.03,0.5,1,101,0.0005458809766496346,916,0.33333333333333337,0.16376429299489037,0.05458809766496346,0.8093560230081454,0,7,0.0,1.0,0.9951595133532117,0.9668866419445077,1.0000000000000002,0.04537167913546669,0.04537167913546669,1.291360660327798,0,7.230830811888467e-08,0.05387115478515625
0,maxentw,jitter,0.1,0,7,0.03,0.5,1,101,0.0005458809766496346,916,0.33333333333333337,0.16376429299489037,0.05458809766496346,0.8093560230081454,0,7,0.0,1.0000000000000004,0.995295308772371,0.9662037376585715,1.0000000000000082,0.0016024824947566407,0.0016024824947566407,1.2913796140796732,0,7.230830811888467e-08,0.46662402153015137
0,minnorm,jitter,0.1,1,3,0.03,0.5,1,101,0.0005664439161349949,883,0.33333333333333337,0.16993317484049847,0.05664439161349949,0.8244590343746583,0,3,0.0,1.0000000000000009,0.9951238450259299,0.9660803041837982,1.0000000000000067,0.000352326726098251,0.000352326726098251,1.291555348424437,0,7.226817566596822e-08,0.009525060653686523
0,projgauss,jitter,0.1,1,3,0.03,0.5,1,101,0.0005664439161349949,883,0.33333333333333337,0.16993317484049847,0.05664439161349949,0.8244590343746583,0,3,0.0,1.0000000000000004,0.9951238450257517,0.9660803041837709,1.0000000000000013,0.0003523267261022478,0.0003523267261022478,1.2915553484244322,0,7.226817566596822e-08,0.012437105178833008
0,spectral,jitter,0.1,1,3,0.03,0.5,1,101,0.0005664439161349949,883,0.33333333333333337,0.16993317484049847,0.05664439161349949,0.8244590343746583,0,3,0.0,1.0000000000000009,0.9951238450259299,0.9660803041837982,1.0000000000000067,0.000352326726098251,0.000352326726098251,1.291555348424437,0,7.226817566596822e-08,0.011985063552856445
0,spectralg,jitter,0.1,1,3,0.03,0.5,1,101,0.0005664439161349949,883,0.33333333333333337,0.16993317484049847,0.05664439161349949,0.8244590343746583,0,3,0.0,1.0000000000000009,0.9951238450259299,0.9660803041837982,1.0000000000000067,0.000352326726098251,0.000352326726098251,1.291555348424437,0,7.226817566596822e-08,0.011859893798828125
0,molfe,jitter,0.1,1,3,0.03,0.5,1,101,0.0005664439161349949,883,0.33333333333333337,0.16993317484049847,0.05664439161349949,0.8244590343746583,0,3,0.0,1.0000000000000002,0.9950803504534618,0.9670730185176032,1.0000000000000002,0.00399430330206596,0.00399430330206596,1.2916249348484379,0,7.226817566596822e-08,0.011345863342285156
0,molrk3,jitter,0.1,1,3,0.03,0.5,1,101,0.0005664439161349949,883,0.33333333333333337,0.16993317484049847,0.05664439161349949,0.8244590343746583,0,3,0.0,1.0000000000000002,0.9950924320821701,0.9662148493931683,1.0000000000000004,0.002851307790394386,0.002851307790394386,1.291550004075542,0,7.226817566596822e-08,0.010456085205078125
0,maxent,jitter,0.1,1,3,0.03,0.5,1,101,0.0005664439161349949,883,0.33333333333333337,0.16993317484049847,0.05664439161349949,0.8244590343746583,0,3,0.0,1.0000000000000002,0.9951238450255431,0.9660803041748559,1.000000000000002,0.00035232675923374535,0.00035232675923374535,1.291555348424434,0,7.226817566596822e-08,0.07923102378845215
0,lp,jitter,0.1,1,3,0.03,0.5,1,101,0.0005664439161349949,883,0.33333333333333337,0.16993317484049847,0.05664439161349949,0.8244590343746583,0,3,0.0,1.0,0.9951238450256474,0.9660803041837599,1.0000000000000002,0.00035232672609203375,0.00035232672609203375,1.2915553484244326,0,7.226817566596822e-08,0.054015159606933594
0,lprand,jitter,0.1,1,3,0.03,0.5,1,101,0.0005664439161349949,883,0.33333333333333337,0.16993317484049847,0.05664439161349949,0.8244590343746583,0,3,0.0,1.0,0.9951238450256663,0.9660803041837599,1.0000000000000002,0.00035232672609203375,0.00035232672609203375,1.2915553484244326,0,7.226817566596822e-08,0.051516056060791016
0,maxentw,jitter,0.1,1,3,0.03,0.5,1,101,0.0005664439161349949,883,0.33333333333333337,0.16993317484049847,0.05664439161349949,0.8244590343746583,0,3,0.0,1.0000000000000002,0.9951238450255431,0.9660803041748559,1.000000000000002,0.00035232675923374535,0.00035232675923374535,1.291555348424434,0,7.226817566596822e-08,0.07655096054077148
0,minnorm,jitter,0.1,1,5,0.03,0.5,1,101,0.0005664439161349949,883,0.33333333333333337,0.16993317484049847,0.05664439161349949,0.8244590343746583,0,5,-0.09878262004100796,1.1991456991611098,0.9949976973816397,0.9684496679632614,1.1991456991611098,0.013423790555698978,0.013423790555698978,1.291538198128848,0,7.226817566596822e-08,0.009624958038330078
0,projgauss,jitter,0.1,1,5,0.03,0.5,1,101,0.0005664439161349949,883,0.33333333333333337,0.16993317484049847,0.05664439161349949,0.8244590343746583,0,5,-0.0486222499910011,1.1555270021459407,0.9950437955405425,0.9675492909671264,1.155527002145941,0.009183268088084562,0.009183268088084562,1.2915435452222428,0,7.226817566596822e-08,0.010478019714355469
0,spectral,jitter,0.1,1,5,0.03,0.5,1,101,0.0005664439161349949,883,0.33333333333333337,0.16993317484049847,0.05664439161349949,0.8244590343746583,0,5,-0.03632223717432564,1.0726444743486514,0.9951388311815874,0.965964757340252,1.0726444743486514,0.0033365482300150018,0.0033365482300150018,1.291560109521948,0,7.226817566596822e-08,0.01685500144958496
0,spectralg,jitter,0.1,1,5,0.03,0.5,1,101,0.0005664439161349949,883,0.33333333333333337,0.16993317484049847,0.05664439161349949,0.8244590343746583,0,5,-0.03632223717432564,1.0726444743486514,0.9951388311815874,0.965964757340252,1.0726444743486514,0.0033365482300150018,0.0033365482300150018,1.291560109521948,0,7.226817566596822e-08,0.026494979858398438
0,molfe,jitter,0.1,1,5,0.03,0.5,1,101,0.0005664439161349949,883,0.33333333333333337,0.16993317484049847,0.05664439161349949,0.8244590343746583,0,5,-0.05939908695309856,1.2008608066294237,1.095289566873922,2.8910077760196763e+35,1.424644558839045e+40,inf,1192348.9702920525,1192348.7560017281,1,7.226817566596822e-08,0.00929403305053711
0,molrk3,jitter,0.1,1,5,0.03,0.5,1,101,0.0005664439161349949,883,0.33333333333333337,0.16993317484049847,0.05664439161349949,0.8244590343746583,0,5,-0.055505929563594646,1.1922972213721035,1.0999738241421504,1.401989681804284e+37,1.1506408939175083e+42,inf,3388682.4357576123,3388682.2214672877,1,7.226817566596822e-08,0.008826017379760742
0,maxent,jitter,0.1,1,5,0.03,0.5,1,101,0.0005664439161349949,883,0.33333333333333337,0.16993317484049847,0.05664439161349949,0.8244590343746583,0,5,0.0,1.0000000000000002,0.9951189474321657,0.9660816948841067,1.000000000000007,0.0009306075996809993,0.0009306075996809993,1.2915547406675594,0,7.226817566596822e-08,0.15973973274230957
0,lp,jitter,0.1,1,5,0.03,0.5,1,101,0.0005664439161349949,883,0.33333333333333337,0.16993317484049847,0.05664439161349949,0.8244590343746583,0,5,0.0,1.0,0.9949285775456113,0.9678022397395997,1.0000000000000004,0.042217983458413544,0.042217983458413544,1.2915312562552153,0,7.226817566596822e-08,0.052481889724731445
0,lprand,jitter,0.1,1,5,0.03,0.5,1,101,0.0005664439161349949,883,0.33333333333333337,0.16993317484049847,0.05664439161349949,0.8244590343746583,0,5,0.0,1.0,0.9950369612902269,0.966219727229157,1.0000000000000004,0.015034985182420801,0.015034985182420801,1.291541029751599,0,7.226817566596822e-08,0.0532071590423584
0,maxentw,jitter,0.1,1,5,0.03,0.5,1,101,0.0005664439161349949,883,0.33333333333333337,0.16993317484049847,0.05664439161349949,0.8244590343746583,0,5,0.0,1.0000000000000002,0.9951189474321657,0.9660816948841067,1.000000000000007,0.0009306075996809993,0.0009306075996809993,1.2915547406675594,0,7.226817566596822e-08,0.17792892456054688
0,minnorm,jitter,0.1,1,7,0.03,0.5,1,101,0.0005664439161349949,883,0.33333333333333337,0.16993317484049847,0.05664439161349949,0.8244590343746583,0,7,-0.1247832067687926,1.3298676904127529,0.994313479986316,0.9849511969391084,1.3298676904127529,0.03556787453990007,0.03556787453990007,1.2914875637475027,0,7.226817566596822e-08,0.01124882698059082
0,projgauss,jitter,0.1,1,7,0.03,0.5,1,101,0.0005664439161349949,883,0.33333333333333337,0.16993317484049847,0.05664439161349949,0.8244590343746583,0,7,-0.04446662793717222,1.1636262300887492,0.9949197733539737,0.9720156352456438,1.163626230088749,0.015677700901006508,0.015677700901006508,1.2915241674318336,0,7.226817566596822e-08,0.01928091049194336
0,spectral,jitter,0.1,1,7,0.03,0.5,1,101,0.0005664439161349949,883,0.33333333333333337,0.16993317484049847,0.05664439161349949,0.8244590343746583,0,7,-0.065606745844174,1.1546609413591937,0.9950895201586256,0.9661784345364259,1.1546609413591937,0.005597334226304096,0.005597334226304096,1.2915465515894873,0,7.226817566596822e-08,0.01801133155822754
0,spectralg,jitter,0.1,1,7,0.03,0.5,1,101,0.0005664439161349949,883,0.33333333333333337,0.16993317484049847,0.05664439161349949,0.8244590343746583,0,7,-0.065606745844174,1.1546609413591937,0.9950895201586256,0.9661784345364259,1.1546609413591937,0.005597334226304096,0.005597334226304096,1.2915465515894873,0,7.226817566596822e-08,0.037885189056396484
0,molfe,jitter,0.1,1,7,0.03,0.5,1,101,0.0005664439161349949,883,0.33333333333333337,0.16993317484049847,0.05664439161349949,0.8244590343746583,0,7,-0.026815813391205767,1.1438893055121475,1.035746834544081,123555496975688.92,1.088728543692413e+154,inf,1507750.2600149135,1507750.1228760637,1,7.226817566596822e-08,0.01031804084777832
0,molrk3,jitter,0.1,1,7,0.03,0.5,1,101,0.0005664439161349949,883,0.33333333333333337,0.16993317484049847,0.05664439161349949,0.8244590343746583,0,7,-0.026006061534873726,1.1414313319867055,1.036391510644903,221455688233447.94,5.8117980451201014e+156,inf,1204036.8098475782,1204036.6605521995,1,7.226817566596822e-08,0.010464906692504883
0,maxent,jitter,0.1,1,7,0.03,0.5,1,101,0.0005664439161349949,883,0.33333333333333337,0.16993317484049847,0.05664439161349949,0.8244590343746583,0,7,0.0,1.0000000000000004,0.9951135734562934,0.9659637245726899,1.0000000000000098,0.0007349755793921164,0.0007349755793921164,1.2915547386978083,0,7.226817566596822e-08,0.7686100006103516
0,lp,jitter,0.1,1,7,0.03,0.5,1,101,0.0005664439161349949,883,0.33333333333333337,0.16993317484049847,0.05664439161349949,0.8244590343746583,0,7,0.0,1.0,0.9946958849934776,0.9740597546704324,1.0000000000000007,0.2493396157243829,0.2493396157243829,1.2915003548455923,0,7.226817566596822e-08,0.06396865844726562
0,lprand,jitter,0.1,1,7,0.03,0.5,1,101,0.0005664439161349949,883,0.33333333333333337,0.16993317484049847,0.05664439161349949,0.8244590343746583,0,7,0.0,1.0,0.9949475256623513,0.9675032734066908,1.0000000000000004,0.019908777769020503,0.019908777769020503,1.2914846682522985,0,7.226817566596822e-08,0.05514025688171387
0,maxentw,jitter,0.1,1,7,0.03,0.5,1,101,0.0005664439161349949,883,0.33333333333333337,0.16993317484049847,0.05664439161349949,0.8244590343746583,0,7,0.0,1.0000000000000004,0.9951135734562934,0.9659637245726899,1.0000000000000098,0.0007349755793921164,0.0007349755793921164,1.2915547386978083,0,7.226817566596822e-08,0.7555410861968994
0,minnorm,jitter,0.1,2,3,0.03,0.5,1,101,0.0005959411787782209,840,0.33333333333333337,0.17878235363346623,0.05959411787782209,0.8456532472200795,0,3,0.0,1.0000000000000016,0.9948725221606218,0.9659153584678687,1.00000000000001,0.0008059953128194963,0.0008059953128194963,1.2916451361830017,0,7.309777005914952e-08,0.0116119384765625
0,projgauss,jitter,0.1,2,3,0.03,0.5,1,101,0.0005959411787782209,840,0.33333333333333337,0.17878235363346623,0.05959411787782209,0.8456532472200795,0,3,0.0,1.0000000000000002,0.9948725221603485,0.96591535846783,1.0000000000000013,0.0008059953128435882,0.0008059953128435882,1.2916451361830021,0,7.309777005914952e-08,0.013135910034179688
0,spectral,jitter,0.1,2,3,0.03,0.5,1,101,0.0005959411787782209,840,0.33333333333333337,0.17878235363346623,0.05959411787782209,0.8456532472200795,0,3,0.0,1.0000000000000016,0.9948725221606218,0.9659153584678687,1.00000000000001,0.0008059953128194963,0.0008059953128194963,1.2916451361830017,0,7.309777005914952e-08,0.01268625259399414
0,spectralg,jitter,0.1,2,3,0.03,0.5,1,101,0.0005959411787782209,840,0.33333333333333337,0.17878235363346623,0.05959411787782209,0.8456532472200795,0,3,0.0,1.0000000000000016,0.9948725221606218,0.9659153584678687,1.00000000000001,0.0008059953128194963,0.0008059953128194963,1.2916451361830017,0,7.309777005914952e-08,0.01143193244934082
0,molfe,jitter,0.1,2,3,0.03,0.5,1,101,0.0005959411787782209,840,0.33333333333333337,0.17878235363346623,0.05959411787782209,0.8456532472200795,0,3,0.0,1.0000000000000002,0.9948244121462897,0.9669654704427625,1.0000000000000002,0.00391569189715546,0.00391569189715546,1.2917176034440492,0,7.309777005914952e-08,0.011699914932250977
0,molrk3,jitter,0.1,2,3,0.03,0.5,1,101,0.0005959411787782209,840,0.33333333333333337,0.17878235363346623,0.05959411787782209,0.8456532472200795,0,3,0.0,1.0000000000000002,0.994837782394375,0.9660623221162472,1.0000000000000002,0.002448048411421877,0.002448048411421877,1.2916395390009958,0,7.309777005914952e-08,0.0123138427734375
0,maxent,jitter,0.1,2,3,0.03,0.5,1,101,0.0005959411787782209,840,0.33333333333333337,0.17878235363346623,0.05959411787782209,0.8456532472200795,0,3,0.0,1.0000000000000002,0.9948725221613567,0.9659153584637876,1.0000000000000024,0.0008059953103545237,0.0008059953103545237,1.2916451361830035,0,7.309777005914952e-08,0.16645312309265137
0,lp,jitter,0.1,2,3,0.03,0.5,1,101,0.0005959411787782209,840,0.33333333333333337,0.17878235363346623,0.05959411787782209,0.8456532472200795,0,3,0.0,1.0,0.9948725221612784,0.9659153584678222,1.0000000000000002,0.0008059953128474739,0.0008059953128474739,1.2916451361830013,0,7.309777005914952e-08,0.05181479454040527
0,lprand,jitter,0.1,2,3,0.03,0.5,1,101,0.0005959411787782209,840,0.33333333333333337,0.17878235363346623,0.05959411787782209,0.8456532472200795,0,3,0.0,1.0,0.9948725221605241,0.9659153584678232,1.0000000000000002,0.0008059953128470299,0.0008059953128470299,1.2916451361830013,0,7.309777005914952e-08,0.05106687545776367
0,maxentw,jitter,0.1,2,3,0.03,0.5,1,101,0.0005959411787782209,840,0.33333333333333337,0.17878235363346623,0.05959411787782209,0.8456532472200795,0,3,0.0,1.0000000000000002,0.9948725221613567,0.9659153584637876,1.0000000000000024,0.0008059953103545237,0.0008059953103545237,1.2916451361830035,0,7.309777005914952e-08,0.16636013984680176
0,minnorm,jitter,0.1,2,5,0.03,0.5,1,101,0.0005959411787782209,840,0.33333333333333337,0.17878235363346623,0.05959411787782209,0.8456532472200795,0,5,-0.10447021461643287,1.2089404292328652,0.9947433275757022,0.9680322023116578,1.2089404292328652,0.010548519780025467,0.010548519780025467,1.291627878572187,0,7.309777005914952e-08,0.010873794555664062
0,projgauss,jitter,0.1,2,5,0.03,0.5,1,101,0.0005959411787782209,840,0.33333333333333337,0.17878235363346623,0.05959411787782209,0.8456532472200795,0,5,-0.057380130985765415,1.1440920529276584,0.9947913486375803,0.9672557652256996,1.1440920529276584,0.007154607051555684,0.007154607051555684,1.2916334799463625,0,7.309777005914952e-08,0.010718822479248047
0,spectral,jitter,0.1,2,5,0.03,0.5,1,101,0.0005959411787782209,840,0.33333333333333337,0.17878235363346623,0.05959411787782209,0.8456532472200795,0,5,-0.030991714549464214,1.0619834290989276,0.9948851155073901,0.9658116421985498,1.0619834290989276,0.0020556135595680702,0.0020556135595680702,1.2916489086016196,0,7.309777005914952e-08,0.017599105834960938
0,spectralg,jitter,0.1,2,5,0.03,0.5,1,101,0.0005959411787782209,840,0.33333333333333337,0.17878235363346623,0.05959411787782209,0.8456532472200795,0,5,-0.030991714549464214,1.0619834290989276,0.9948851155073901,0.9658116421985498,1.0619834290989276,0.0020556135595680702,0.0020556135595680702,1.2916489086016196,0,7.309777005914952e-08,0.0263059139251709
0,molfe,jitter,0.1,2,5,0.03,0.5,1,101,0.0005959411787782209,840,0.33333333333333337,0.17878235363346623,0.05959411787782209,0.8456532472200795,0,5,-0.07669607715778733,1.2267523945236678,1.1005017860719313,3.316716864438947e+35,1.7488365599951672e+42,inf,3356623.2792206304,3356623.5726196226,1,7.309777005914952e-08,0.008507013320922852
0,molrk3,jitter,0.1,2,5,0.03,0.5,1,101,0.0005959411787782209,840,0.33333333333333337,0.17878235363346623,0.05959411787782209,0.8456532472200795,0,5,-0.0713217498471427,1.2154855053697393,1.1057212787813016,1.9233527983907655e+37,2.153825323807395e+44,inf,2241564.3650427856,2241564.6876099743,1,7.309777005914952e-08,0.00832676887512207
0,maxent,jitter,0.1,2,5,0.03,0.5,1,101,0.0005959411787782209,840,0.33333333333333337,0.17878235363346623,0.05959411787782209,0.8456532472200795,0,5,0.0,1.0000000000000002,0.9948665345872281,0.9659264906101468,1.0000000000000069,0.0004451023717909619,0.0004451023717909619,1.2916443348891655,0,7.309777005914952e-08,0.2861001491546631
0,lp,jitter,0.1,2,5,0.03,0.5,1,101,0.0005959411787782209,840,0.33333333333333337,0.17878235363346623,0.05959411787782209,0.8456532472200795,0,5,0.0,1.0,0.9946718738809607,0.9683100753724857,1.0000000000000004,0.048182736790223835,0.048182736790223835,1.2916220896170703,0,7.309777005914952e-08,0.05234694480895996
0,lprand,jitter,0.1,2,5,0.03,0.5,1,101,0.0005959411787782209,840,0.33333333333333337,0.17878235363346623,0.05959411787782209,0.8456532472200795,0,5,0.0,1.0,0.9948127913105539,0.9670518231764258,1.0000000000000004,0.04438470228413044,0.04438470228413044,1.291652972155069,0,7.309777005914952e-08,0.052555084228515625
0,maxentw,jitter,0.1,2,5,0.03,0.5,1,101,0.0005959411787782209,840,0.33333333333333337,0.17878235363346623,0.05959411787782209,0.8456532472200795,0,5,0.0,1.0000000000000002,0.9948665345872281,0.9659264906101468,1.0000000000000069,0.0004451023717909619,0.0004451023717909619,1.2916443348891655,0,7.309777005914952e-08,0.28411006927490234
0,minnorm,jitter,0.1,2,7,0.03,0.5,1,101,0.0005959411787782209,840,0.33333333333333337,0.17878235363346623,0.05959411787782209,0.8456532472200795,0,7,-0.11974584806850469,1.326877135592115,0.9941112307078627,0.982391483352119,1.326877135592115,0.030436952982988763,0.030436952982988763,1.2915782310742887,0,7.309777005914952e-08,0.010574817657470703
0,projgauss,jitter,0.1,2,7,0.03,0.5,1,101,0.0005959411787782209,840,0.33333333333333337,0.17878235363346623,0.05959411787782209,0.8456532472200795,0,7,-0.04585178685818565,1.1589070132079287,0.9946706178739746,0.9712860620744528,1.1589070132079287,0.014844763174903852,0.014844763174903852,1.291615874890215,0,7.309777005914952e-08,0.011891841888427734
0,spectral,jitter,0.1,2,7,0.03,0.5,1,101,0.0005959411787782209,840,0.33333333333333337,0.17878235363346623,0.05959411787782209,0.8456532472200795,0,7,-0.06614988353999826,1.1684810150229445,0.9948391361498603,0.9662205639739202,1.1684810150229443,0.005567684743705836,0.005567684743705836,1.291638465207228,0,7.309777005914952e-08,0.017262935638427734
0,spectralg,jitter,0.1,2,7,0.03,0.5,1,101,0.0005959411787782209,840,0.33333333333333337,0.17878235363346623,0.05959411787782209,0.8456532472200795,0,7,-0.06614988353999826,1.1684810150229445,0.9948391361498603,0.9662205639739202,1.1684810150229443,0.005567684743705836,0.005567684743705836,1.291638465207228,0,7.309777005914952e-08,0.030646085739135742
0,molfe,jitter,0.1,2,7,0.03,0.5,1,101,0.0005959411787782209,840,0.33333333333333337,0.17878235363346623,0.05959411787782209,0.8456532472200795,0,7,-0.028244197674059217,1.150862440702839,1.0376646617713239,144474318027061.47,1.3305673894596815e+162,inf,1449274.7691947143,1449274.6395160411,1,7.309777005914952e-08,0.010090827941894531
0,molrk3,jitter,0.1,2,7,0.03,0.5,1,101,0.0005959411787782209,840,0.33333333333333337,0.17878235363346623,0.05959411787782209,0.8456532472200795,0,7,-0.02735815401858015,1.148290194628376,1.0383807251716084,267810715417762.2,1.3004503843441958e+165,inf,1192157.818468062,1192157.6773731702,1,7.309777005914952e-08,0.009677886962890625
0,maxent,jitter,0.1,2,7,0.03,0.5,1,101,0.0005959411787782209,840,0.33333333333333337,0.17878235363346623,0.05959411787782209,0.8456532472200795,0,7,0.0,1.0000000000000004,0.9948664952241699,0.9659266472792483,1.0000000000000122,0.00044955155366555033,0.00044955155366555033,1.2916443323349156,0,7.309777005914952e-08,0.49893808364868164
0,lp,jitter,0.1,2,7,0.03,0.5,1,101,0.0005959411787782209,840,0.33333333333333337,0.17878235363346623,0.05959411787782209,0.8456532472200795,0,7,0.0,1.0,0.9943964808776664,0.9701736944167254,1.0000000000000002,0.2230203142225502,0.2230203142225502,1.2915708724868036,0,7.309777005914952e-08,0.056169986724853516
0,lprand,jitter,0.1,2,7,0.03,0.5,1,101,0.0005959411787782209,840,0.33333333333333337,0.17878235363346623,0.05959411787782209,0.8456532472200795,0,7,0.0,1.0,0.9946884922300586,0.9665095183057594,1.0000000000000004,0.019232374903484284,0.019232374903484284,1.2916320871425468,0,7.309777005914952e-08,0.055374860763549805
0,maxentw,jitter,0.1,2,7,0.03,0.5,1,101,0.0005959411787782209,840,0.33333333333333337,0.17878235363346623,0.05959411787782209,0.8456532472200795,0,7,0.0,1.0000000000000004,0.9948664952241699,0.9659266472792483,1.0000000000000122,0.00044955155366555033,0.00044955155366555033,1.2916443323349156,0,7.309777005914952e-08,0.485867977142334
0,minnorm,jitter,0.25,0,3,0.03,0.5,1,101,0.00022828096025931144,2191,0.33333333333333337,0.06848428807779343,0.022828096025931145,0.5233900575203676,0,3,0.0,1.0000000000000013,0.9980231203044799,0.9661128804276397,1.0000000000000413,0.005063013879833822,0.005063013879833822,1.2914327052821672,0,7.163213289196335e-08,0.014027118682861328
0,projgauss,jitter,0.25,0,3,0.03,0.5,1,101,0.00022828096025931144,2191,0.33333333333333337,0.06848428807779343,0.022828096025931145,0.5233900575203676,0,3,0.0,1.0000000000000004,0.9980231203042427,0.9661128804276478,1.0000000000000175,0.00506301387982222,0.00506301387982222,1.2914327052821666,0,7.163213289196335e-08,0.014658212661743164
0,spectral,jitter,0.25,0,3,0.03,0.5,1,101,0.00022828096025931144,2191,0.33333333333333337,0.06848428807779343,0.022828096025931145,0.5233900575203676,0,3,0.0,1.0000000000000013,0.9980231203044799,0.9661128804276397,1.0000000000000413,0.005063013879833822,0.005063013879833822,1.2914327052821672,0,7.163213289196335e-08,0.015017986297607422
0,spectralg,jitter,0.25,0,3,0.03,0.5,1,101,0.00022828096025931144,2191,0.33333333333333337,0.06848428807779343,0.022828096025931145,0.5233900575203676,0,3,0.0,1.0000000000000013,0.9980231203044799,0.9661128804276397,1.0000000000000413,0.005063013879833822,0.005063013879833822,1.2914327052821672,0,7.163213289196335e-08,0.015413999557495117
0,molfe,jitter,0.25,0,3,0.03,0.5,1,101,0.00022828096025931144,2191,0.33333333333333337,0.06848428807779343,0.022828096025931145,0.5233900575203676,0,3,0.0,1.0000000000000002,0.9980159976083393,0.9665172156263075,1.0000000000000004,0.006466902053750723,0.006466902053750723,1.2914612744851999,0,7.163213289196335e-08,0.014161348342895508
0,molrk3,jitter,0.25,0,3,0.03,0.5,1,101,0.00022828096025931144,2191,0.33333333333333337,0.06848428807779343,0.022828096025931145,0.5233900575203676,0,3,0.0,1.0000000000000002,0.9980179644389805,0.9661756163540248,1.0000000000000009,0.00607013284444996,0.00607013284444996,1.2914305076391623,0,7.163213289196335e-08,0.014126777648925781
0,maxent,jitter,0.25,0,3,0.03,0.5,1,101,0.00022828096025931144,2191,0.33333333333333337,0.06848428807779343,0.022828096025931145,0.5233900575203676,0,3,0.0,1.0000000000000002,0.9980231203049158,0.9661128804394464,1.0000000000000067,0.005063013821168361,0.005063013821168361,1.2914327052821841,0,7.163213289196335e-08,0.13634896278381348
0,lp,jitter,0.25,0,3,0.03,0.5,1,101,0.00022828096025931144,2191,0.33333333333333337,0.06848428807779343,0.022828096025931145,0.5233900575203676,0,3,0.0,1.0,0.9980231203044614,0.9661128804275353,1.0000000000000016,0.005063013879784084,0.005063013879784084,1.2914327052821586,0,7.163213289196335e-08,0.054972171783447266
0,lprand,jitter,0.25,0,3,0.03,0.5,1,101,0.00022828096025931144,2191,0.33333333333333337,0.06848428807779343,0.022828096025931145,0.5233900575203676,0,3,0.0,1.0,0.9980231203044447,0.9661128804275355,1.0000000000000016,0.005063013879784084,0.005063013879784084,1.2914327052821586,0,7.163213289196335e-08,0.05449485778808594
0,maxentw,jitter,0.25,0,3,0.03,0.5,1,101,0.00022828096025931144,2191,0.33333333333333337,0.06848428807779343,0.022828096025931145,0.5233900575203676,0,3,0.0,1.0000000000000002,0.9980231203049158,0.9661128804394464,1.0000000000000067,0.005063013821168361,0.005063013821168361,1.2914327052821841,0,7.163213289196335e-08,0.13565587997436523
0,minnorm,jitter,0.25,0,5,0.03,0.5,1,101,0.00022828096025931144,2191,0.33333333333333337,0.06848428807779343,0.022828096025931145,0.5233900575203676,0,5,-0.12362432865940168,1.405050494451142,0.9979338600954903,0.9711200551643336,1.405050494451142,0.028876358163162252,0.028876358163162252,1.2913877574662473,0,7.163213289196335e-08,0.01252603530883789
0,projgauss,jitter,0.25,0,5,0.03,0.5,1,101,0.00022828096025931144,2191,0.33333333333333337,0.06848428807779343,0.022828096025931145,0.5233900575203676,0,5,-0.10319456246143742,1.3434466145607524,0.9979581504295256,0.9702491647957644,1.3434466145607524,0.020677970569664583,0.020677970569664583,1.291397409125026,0,7.163213289196335e-08,0.01310110092163086
0,spectral,jitter,0.25,0,5,0.03,0.5,1,101,0.00022828096025931144,2191,0.33333333333333337,0.06848428807779343,0.022828096025931145,0.5233900575203676,0,5,-0.07103845303769005,1.1420769060753793,0.9980518863156282,0.9662343044382492,1.2004199509788225,0.0038069277108498945,0.0038069277108498945,1.291448483168561,0,7.163213289196335e-08,0.018038034439086914
0,spectralg,jitter,0.25,0,5,0.03,0.5,1,101,0.00022828096025931144,2191,0.33333333333333337,0.06848428807779343,0.022828096025931145,0.5233900575203676,0,5,-0.07103845303769005,1.1420769060753793,0.9980518863156282,0.9662343044382492,1.2004199509788225,0.0038069277108498945,0.0038069277108498945,1.291448483168561,0,7.163213289196335e-08,0.029169082641601562
0,molfe,jitter,0.25,0,5,0.03,0.5,1,101,0.00022828096025931144,2191,0.33333333333333337,0.06848428807779343,0.022828096025931145,0.5233900575203676,0,5,-0.025732834255413742,1.0837276452039424,1.0381425734306884,1.223885560816984e+36,1.5315213533861626e+163,inf,1538667.8727439523,1538667.5316287607,1,7.163213289196335e-08,0.010053873062133789
0,molrk3,jitter,0.25,0,5,0.03,0.5,1,101,0.00022828096025931144,2191,0.33333333333333337,0.06848428807779343,0.022828096025931145,0.5233900575203676,0,5,-0.025019443511192854,1.0820846660579426,1.0388792500426993,5.827983333598832e+36,1.845001746867997e+166,inf,2402870.7812453154,2402870.440130124,1,7.163213289196335e-08,0.010310173034667969
0,maxent,jitter,0.25,0,5,0.03,0.5,1,101,0.00022828096025931144,2191,0.33333333333333337,0.06848428807779343,0.022828096025931145,0.5233900575203676,0,5,0.0,1.0000000000000004,0.9980229954780264,0.9661193948203036,1.000000000000017,0.005350652965200375,0.005350652965200375,1.2914326149379483,0,7.163213289196335e-08,0.527946949005127
0,lp,jitter,0.25,0,5,0.03,0.5,1,101,0.00022828096025931144,2191,0.33333333333333337,0.06848428807779343,0.022828096025931145,0.5233900575203676,0,5,0.0,1.0,0.9979368812571691,0.9683274913165489,1.0000000000000018,0.04126923737388011,0.04126923737388011,1.2914036012785148,0,7.163213289196335e-08,0.055216073989868164
0,lprand,jitter,0.25,0,5,0.03,0.5,1,101,0.00022828096025931144,2191,0.33333333333333337,0.06848428807779343,0.022828096025931145,0.5233900575203676,0,5,0.0,1.0,0.9979945625577342,0.9664381502219733,1.0000000000000009,0.04116313702200808,0.04116313702200808,1.2914122201268337,0,7.163213289196335e-08,0.05535888671875
0,maxentw,jitter,0.25,0,5,0.03,0.5,1,101,0.00022828096025931144,2191,0.33333333333333337,0.06848428807779343,0.022828096025931145,0.5233900575203676,0,5,0.0,1.0000000000000004,0.9980229954780264,0.9661193948203036,1.000000000000017,0.005350652965200375,0.005350652965200375,1.2914326149379483,0,7.163213289196335e-08,0.5249230861663818
0,minnorm,jitter,0.25,0,7,0.03,0.5,1,101,0.00022828096025931144,2191,0.33333333333333337,0.06848428807779343,0.022828096025931145,0.5233900575203676,0,7,-0.14817959011602647,1.4429070985642594,0.9977152132011695,1.0281533422359568,1.4429070985642594,0.059303035804932014,0.059303035804932014,1.291217898413541,0,7.163213289196335e-08,0.014162063598632812
0,projgauss,jitter,0.25,0,7,0.03,0.5,1,101,0.00022828096025931144,2191,0.33333333333333337,0.06848428807779343,0.022828096025931145,0.5233900575203676,0,7,-0.0738148692165364,1.2669922854473938,0.9976735641595041,0.9914327380703648,1.2669922854473936,0.033440694268488225,0.033440694268488225,1.291326143289127,0,7.163213289196335e-08,0.015820980072021484
0,spectral,jitter,0.25,0,7,0.03,0.5,1,101,0.00022828096025931144,2191,0.33333333333333337,0.06848428807779343,0.022828096025931145,0.5233900575203676,0,7,-0.12771227414486316,1.3180246551361436,0.9979886825919966,0.9667717190954513,1.371392648238411,0.023541443734832634,0.023541443734832634,1.2914098441112707,0,7.163213289196335e-08,0.019927024841308594
0,spectralg,jitter,0.25,0,7,0.03,0.5,1,101,0.00022828096025931144,2191,0.33333333333333337,0.06848428807779343,0.022828096025931145,0.5233900575203676,0,7,-0.12771227414486316,1.3180246551361436,0.9979886825919966,0.9667717190954513,1.371392648238411,0.023541443734832634,0.023541443734832634,1.2914098441112707,0,7.163213289196335e-08,0.03309202194213867
0,molfe,jitter,0.25,0,7,0.03,0.5,1,101,0.00022828096025931144,2191,0.33333333333333337,0.06848428807779343,0.022828096025931145,0.5233900575203676,0,7,-0.009835430118076952,1.0542624419370659,1.014371430794387,252114873065202.53,3.708107893586453e+63,inf,1131730.2084208473,1131730.0121657667,1,7.163213289196335e-08,0.012419700622558594
0,molrk3,jitter,0.25,0,7,0.03,0.5,1,101,0.00022828096025931144,2191,0.33333333333333337,0.06848428807779343,0.022828096025931145,0.5233900575203676,0,7,-0.00973690366163233,1.0539039840745184,1.0144749537361184,321875896041418.8,1.0599313583368922e+64,inf,1335294.2851278337,1335294.088872753,1,7.163213289196335e-08,0.012609720230102539
0,maxent,jitter,0.25,0,7,0.03,0.5,1,101,0.00022828096025931144,2191,0.33333333333333337,0.06848428807779343,0.022828096025931145,0.5233900575203676,0,7,0.0,1.0000000000000004,0.9980229954685521,0.9661193922617417,1.0000000000000082,0.005350724660767525,0.005350724660767525,1.2914326149227788,0,7.163213289196335e-08,0.6275608539581299
0,lp,jitter,0.25,0,7,0.03,0.5,1,101,0.00022828096025931144,2191,0.33333333333333337,0.06848428807779343,0.022828096025931145,0.5233900575203676,0,7,0.0,1.0,0.9978392513627258,0.9739746010293009,1.0000000000000022,0.23358441280379538,0.23358441280379538,1.2913624148354927,0,7.163213289196335e-08,0.054665327072143555
0,lprand,jitter,0.25,0,7,0.03,0.5,1,101,0.00022828096025931144,2191,0.33333333333333337,0.06848428807779343,0.022828096025931145,0.5233900575203676,0,7,0.0,1.0,0.9979635787938421,0.9667584551846288,1.0000000000000018,0.04472270535194278,0.04472270535194278,1.291413455477907,0,7.163213289196335e-08,0.05757594108581543
0,maxentw,jitter,0.25,0,7,0.03,0.5,1,101,0.00022828096025931144,2191,0.33333333333333337,0.06848428807779343,0.022828096025931145,0.5233900575203676,0,7,0.0,1.0000000000000004,0.9980229954685521,0.9661193922617417,1.0000000000000082,0.005350724660767525,0.005350724660767525,1.2914326149227788,0,7.163213289196335e-08,0.6254336833953857
0,minnorm,jitter,0.25,1,3,0.03,0.5,1,101,0.00026240551100211346,1906,0.33333333333333337,0.07872165330063402,0.026240551100211347,0.5611475859366555,0,3,0.0,1.0000000000000007,0.9977287375780342,0.9659657048789526,1.000000000000027,0.002650307003773944,0.002650307003773944,1.2913228833909678,0,7.115938893687002e-08,0.013262033462524414
0,projgauss,jitter,0.25,1,3,0.03,0.5,1,101,0.00026240551100211346,1906,0.33333333333333337,0.07872165330063402,0.026240551100211347,0.5611475859366555,0,3,0.0,1.0000000000000004,0.9977287375774968,0.9659657048788577,1.0000000000000118,0.002650307003739416,0.002650307003739416,1.2913228833909673,0,7.115938893687002e-08,0.014683008193969727
0,spectral,jitter,0.25,1,3,0.03,0.5,1,101,0.00026240551100211346,1906,0.33333333333333337,0.07872165330063402,0.026240551100211347,0.5611475859366555,0,3,0.0,1.0000000000000007,0.9977287375780342,0.9659657048789526,1.000000000000027,0.002650307003773944,0.002650307003773944,1.2913228833909678,0,7.115938893687002e-08,0.014505863189697266
0,spectralg,jitter,0.25,1,3,0.03,0.5,1,101,0.00026240551100211346,1906,0.33333333333333337,0.07872165330063402,0.026240551100211347,0.5611475859366555,0,3,0.0,1.0000000000000007,0.9977287375780342,0.9659657048789526,1.000000000000027,0.002650307003773944,0.002650307003773944,1.2913228833909678,0,7.115938893687002e-08,0.012980937957763672
0,molfe,jitter,0.25,1,3,0.03,0.5,1,101,0.00026240551100211346,1906,0.33333333333333337,0.07872165330063402,0.026240551100211347,0.5611475859366555,0,3,0.0,1.0000000000000002,0.9977193304404409,0.9664220056578069,1.0000000000000007,0.004300891500823134,0.004300891500823134,1.2913562328032164,0,7.115938893687002e-08,0.012742280960083008
0,molrk3,jitter,0.25,1,3,0.03,0.5,1,101,0.00026240551100211346,1906,0.33333333333333337,0.07872165330063402,0.026240551100211347,0.5611475859366555,0,3,0.0,1.0000000000000002,0.9977219291924354,0.9660207629373645,1.0000000000000007,0.0038159435417534637,0.0038159435417534637,1.2913203108091318,0,7.115938893687002e-08,0.013836145401000977
0,maxent,jitter,0.25,1,3,0.03,0.5,1,101,0.00026240551100211346,1906,0.33333333333333337,0.07872165330063402,0.026240551100211347,0.5611475859366555,0,3,0.0,1.0000000000000002,0.9977287375823957,0.9659657049179232,1.0000000000000098,0.0026503067576476025,0.0026503067576476025,1.2913228833900288,0,7.115938893687002e-08,0.23351120948791504
0,lp,jitter,0.25,1,3,0.03,0.5,1,101,0.00026240551100211346,1906,0.33333333333333337,0.07872165330063402,0.026240551100211347,0.5611475859366555,0,3,0.0,1.0,0.9977287375783377,0.96596570487885,1.0000000000000018,0.0026503070037336984,0.0026503070037336984,1.291322883390961,0,7.115938893687002e-08,0.053642988204956055
0,lprand,jitter,0.25,1,3,0.03,0.5,1,101,0.00026240551100211346,1906,0.33333333333333337,0.07872165330063402,0.026240551100211347,0.5611475859366555,0,3,0.0,1.0,0.9977287375783377,0.96596570487885,1.0000000000000018,0.0026503070037336984,0.0026503070037336984,1.291322883390961,0,7.115938893687002e-08,0.052139997482299805
0,maxentw,jitter,0.25,1,3,0.03,0.5,1,101,0.00026240551100211346,1906,0.33333333333333337,0.07872165330063402,0.026240551100211347,0.5611475859366555,0,3,0.0,1.0000000000000002,0.9977287375823957,0.9659657049179232,1.0000000000000098,0.0026503067576476025,0.0026503067576476025,1.2913228833900288,0,7.115938893687002e-08,0.23096203804016113
0,minnorm,jitter,0.25,1,5,0.03,0.5,1,101,0.00026240551100211346,1906,0.33333333333333337,0.07872165330063402,0.026240551100211347,0.5611475859366555,0,5,-0.1207121753387765,1.3972479912858018,0.9976339725582841,0.9723068962002315,1.3972479912858018,0.02675187858219219,0.02675187858219219,1.2913150405203837,0,7.115938893687002e-08,0.012217998504638672
0,projgauss,jitter,0.25,1,5,0.03,0.5,1,101,0.00026240551100211346,1906,0.33333333333333337,0.07872165330063402,0.026240551100211347,0.5611475859366555,0,5,-0.09770049555449506,1.3370536095925252,0.9976593487521247,0.9708106678716212,1.337053609592525,0.02065167738439555,0.02065167738439555,1.2913140773899818,0,7.115938893687002e-08,0.013599872589111328
0,spectral,jitter,0.25,1,5,0.03,0.5,1,101,0.00026240551100211346,1906,0.33333333333333337,0.07872165330063402,0.026240551100211347,0.5611475859366555,0,5,-0.07310314272254709,1.1462062854450945,0.9977541447417911,0.9652408990347869,1.1462062854450945,0.009585773701711708,0.009585773701711708,1.2913407013589706,0,7.115938893687002e-08,0.01840376853942871
0,spectralg,jitter,0.25,1,5,0.03,0.5,1,101,0.00026240551100211346,1906,0.33333333333333337,0.07872165330063402,0.026240551100211347,0.5611475859366555,0,5,-0.07310314272254709,1.1462062854450945,0.9977541447417911,0.9652408990347869,1.1462062854450945,0.009585773701711708,0.009585773701711708,1.2913407013589706,0,7.115938893687002e-08,0.028053998947143555
0,molfe,jitter,0.25,1,5,0.03,0.5,1,101,0.00026240551100211346,1906,0.33333333333333337,0.07872165330063402,0.026240551100211347,0.5611475859366555,0,5,-0.024534398585892576,1.0893709014533708,1.0435655979452265,8.175295440610276e+35,3.3435342763114134e+186,inf,3855380.167365089,3855379.906976711,1,7.115938893687002e-08,0.011013269424438477
0,molrk3,jitter,0.25,1,5,0.03,0.5,1,101,0.00026240551100211346,1906,0.33333333333333337,0.07872165330063402,0.026240551100211347,0.5611475859366555,0,5,-0.02378038798758561,1.0876479629756244,1.0445283595773882,4.9392681508228327e+36,3.444821082977373e+190,inf,1256486.7251523095,1256486.5009199888,1,7.115938893687002e-08,0.009521007537841797
0,maxent,jitter,0.25,1,5,0.03,0.5,1,101,0.00026240551100211346,1906,0.33333333333333337,0.07872165330063402,0.026240551100211347,0.5611475859366555,0,5,0.0,1.0000000000000002,0.9977284273849388,0.9659616377733348,1.0000000000000087,0.00271079264367291,0.00271079264367291,1.2913229892735378,0,7.115938893687002e-08,0.291262149810791
0,lp,jitter,0.25,1,5,0.03,0.5,1,101,0.00026240551100211346,1906,0.33333333333333337,0.07872165330063402,0.026240551100211347,0.5611475859366555,0,5,0.0,1.0,0.9976410577002366,0.9691009472619314,1.0000000000000004,0.049675461600935666,0.049675461600935666,1.291295785367682,0,7.115938893687002e-08,0.056452035903930664
0,lprand,jitter,0.25,1,5,0.03,0.5,1,101,0.00026240551100211346,1906,0.33333333333333337,0.07872165330063402,0.026240551100211347,0.5611475859366555,0,5,0.0,1.0,0.9976863024943671,0.9659247331403011,1.0000000000000013,0.01757567401190918,0.01757567401190918,1.291303495817194,0,7.115938893687002e-08,0.05512118339538574
0,maxentw,jitter,0.25,1,5,0.03,0.5,1,101,0.00026240551100211346,1906,0.33333333333333337,0.07872165330063402,0.026240551100211347,0.5611475859366555,0,5,0.0,1.0000000000000002,0.9977284273849388,0.9659616377733348,1.0000000000000087,0.00271079264367291,0.00271079264367291,1.2913229892735378,0,7.115938893687002e-08,0.29094505310058594
0,minnorm,jitter,0.25,1,7,0.03,0.5,1,101,0.00026240551100211346,1906,0.33333333333333337,0.07872165330063402,0.026240551100211347,0.5611475859366555,0,7,-0.13860700381958851,1.4176381511378502,0.9972974570758582,1.0227865481053506,1.41763815113785,0.06080888329711631,0.06080888329711631,1.291214033964453,0,7.115938893687002e-08,0.012613058090209961
0,projgauss,jitter,0.25,1,7,0.03,0.5,1,101,0.00026240551100211346,1906,0.33333333333333337,0.07872165330063402,0.026240551100211347,0.5611475859366555,0,7,-0.07175137696509794,1.2505148671890807,0.9973848899936488,0.9877025422109785,1.2505148671890804,0.03363014054809588,0.03363014054809588,1.2912593272350223,0,7.115938893687002e-08,0.01190805435180664
0,spectral,jitter,0.25,1,7,0.03,0.5,1,101,0.00026240551100211346,1906,0.33333333333333337,0.07872165330063402,0.026240551100211347,0.5611475859366555,0,7,-0.10947429026423999,1.2545171938755646,0.9976840165115315,0.9666030031150253,1.2545171938755644,0.018843955713422955,0.018843955713422955,1.2912887047101438,0,7.115938893687002e-08,0.019030094146728516
0,spectralg,jitter,0.25,1,7,0.03,0.5,1,101,0.00026240551100211346,1906,0.33333333333333337,0.07872165330063402,0.026240551100211347,0.5611475859366555,0,7,-0.10947429026423999,1.2545171938755646,0.9976840165115315,0.9666030031150253,1.2545171938755644,0.018843955713422955,0.018843955713422955,1.2912887047101438,0,7.115938893687002e-08,0.0345458984375
0,molfe,jitter,0.25,1,7,0.03,0.5,1,101,0.00026240551100211346,1906,0.33333333333333337,0.07872165330063402,0.026240551100211347,0.5611475859366555,0,7,-0.012339337257359997,1.0672481613715614,1.016456842870629,191606003279446.2,2.5743091937256626e+72,inf,1429111.0096092664,1429110.8627051604,1,7.115938893687002e-08,0.010169744491577148
0,molrk3,jitter,0.25,1,7,0.03,0.5,1,101,0.00026240551100211346,1906,0.33333333333333337,0.07872165330063402,0.026240551100211347,0.5611475859366555,0,7,-0.012169098904016445,1.066710186221098,1.0165928007612268,250879666313484.66,1.0008778349095088e+73,inf,1721594.9848353607,1721594.8379312546,1,7.115938893687002e-08,0.01133584976196289
0,maxent,jitter,0.25,1,7,0.03,0.5,1,101,0.00026240551100211346,1906,0.33333333333333337,0.07872165330063402,0.026240551100211347,0.5611475859366555,0,7,0.0,1.0000000000000004,0.9977284272874333,0.9659616368823514,1.0000000000000078,0.002710805132659755,0.002710805132659755,1.2913229890602567,0,7.115938893687002e-08,0.43462109565734863
0,lp,jitter,0.25,1,7,0.03,0.5,1,101,0.00026240551100211346,1906,0.33333333333333337,0.07872165330063402,0.026240551100211347,0.5611475859366555,0,7,0.0,1.0,0.9975064769034805,0.9715014022398176,1.000000000000001,0.27092388888449837,0.27092388888449837,1.2912624292674464,0,7.115938893687002e-08,0.05719590187072754
0,lprand,jitter,0.25,1,7,0.03,0.5,1,101,0.00026240551100211346,1906,0.33333333333333337,0.07872165330063402,0.026240551100211347,0.5611475859366555,0,7,0.0,1.0,0.9976385957169969,0.9672990022120558,1.0000000000000018,0.022341683320824868,0.022341683320824868,1.29124793059267,0,7.115938893687002e-08,0.05631089210510254
0,maxentw,jitter,0.25,1,7,0.03,0.5,1,101,0.00026240551100211346,1906,0.33333333333333337,0.07872165330063402,0.026240551100211347,0.5611475859366555,0,7,0.0,1.0000000000000004,0.9977284272874333,0.9659616368823514,1.0000000000000078,0.002710805132659755,0.002710805132659755,1.2913229890602567,0,7.115938893687002e-08,0.43364572525024414
0,minnorm,jitter,0.25,2,3,0.03,0.5,1,101,0.0003142995722383815,1591,0.33333333333333337,0.09428987167151444,0.03142995722383815,0.6141331180501974,0,3,0.0,1.0000000000000016,0.9972825732980759,0.9661082798064355,1.000000000000027,0.001007212702690996,0.001007212702690996,1.291530235432151,0,7.239845156714608e-08,0.011161088943481445
0,projgauss,jitter,0.25,2,3,0.03,0.5,1,101,0.0003142995722383815,1591,0.33333333333333337,0.09428987167151444,0.03142995722383815,0.6141331180501974,0,3,0.0,1.0000000000000004,0.9972825732992037,0.9661082798063474,1.000000000000009,0.0010072127026432565,0.0010072127026432565,1.2915302354321412,0,7.239845156714608e-08,0.012925386428833008
0,spectral,jitter,0.25,2,3,0.03,0.5,1,101,0.0003142995722383815,1591,0.33333333333333337,0.09428987167151444,0.03142995722383815,0.6141331180501974,0,3,0.0,1.0000000000000016,0.9972825732980759,0.9661082798064355,1.000000000000027,0.001007212702690996,0.001007212702690996,1.291530235432151,0,7.239845156714608e-08,0.011590957641601562
0,spectralg,jitter,0.25,2,3,0.03,0.5,1,101,0.0003142995722383815,1591,0.33333333333333337,0.09428987167151444,0.03142995722383815,0.6141331180501974,0,3,0.0,1.0000000000000016,0.9972825732980759,0.9661082798064355,1.000000000000027,0.001007212702690996,0.001007212702690996,1.291530235432151,0,7.239845156714608e-08,0.010776042938232422
0,molfe,jitter,0.25,2,3,0.03,0.5,1,101,0.0003142995722383815,1591,0.33333333333333337,0.09428987167151444,0.03142995722383815,0.6141331180501974,0,3,0.0,1.0000000000000002,0.9972691026646305,0.9666576650944956,1.0000000000000004,0.003205225839711723,0.003205225839711723,1.2915692354547712,0,7.239845156714608e-08,0.012824058532714844
0,molrk3,jitter,0.25,2,3,0.03,0.5,1,101,0.0003142995722383815,1591,0.33333333333333337,0.09428987167151444,0.03142995722383815,0.6141331180501974,0,3,0.0,1.0000000000000002,0.9972728281684471,0.9661810988771757,1.000000000000001,0.0024349224331146058,0.0024349224331146058,1.2915271922159506,0,7.239845156714608e-08,0.012500286102294922
0,maxent,jitter,0.25,2,3,0.03,0.5,1,101,0.0003142995722383815,1591,0.33333333333333337,0.09428987167151444,0.03142995722383815,0.6141331180501974,0,3,0.0,1.0000000000000002,0.9972825732982598,0.9661082798817631,1.0000000000000062,0.0010072131055064437,0.0010072131055064437,1.2915302354312639,0,7.239845156714608e-08,0.3335607051849365
0,lp,jitter,0.25,2,3,0.03,0.5,1,101,0.0003142995722383815,1591,0.33333333333333337,0.09428987167151444,0.03142995722383815,0.6141331180501974,0,3,0.0,1.0,0.9972825732985084,0.9661082798063259,1.0000000000000004,0.001007212702635818,0.001007212702635818,1.2915302354321392,0,7.239845156714608e-08,0.052313804626464844
0,lprand,jitter,0.25,2,3,0.03,0.5,1,101,0.0003142995722383815,1591,0.33333333333333337,0.09428987167151444,0.03142995722383815,0.6141331180501974,0,3,0.0,1.0,0.9972825732985124,0.9661082798063272,1.0000000000000004,0.001007212702635818,0.001007212702635818,1.2915302354321392,0,7.239845156714608e-08,0.05312514305114746
0,maxentw,jitter,0.25,2,3,0.03,0.5,1,101,0.0003142995722383815,1591,0.33333333333333337,0.09428987167151444,0.03142995722383815,0.6141331180501974,0,3,0.0,1.0000000000000002,0.9972825732982598,0.9661082798817631,1.0000000000000062,0.0010072131055064437,0.0010072131055064437,1.2915302354312639,0,7.239845156714608e-08,0.3354041576385498
0,minnorm,jitter,0.25,2,5,0.03,0.5,1,101,0.0003142995722383815,1591,0.33333333333333337,0.09428987167151444,0.03142995722383815,0.6141331180501974,0,5,-0.13894231763109466,1.3759877855772513,0.9971840087399164,0.9700280579949278,1.3759877855772513,0.016843415406452122,0.016843415406452122,1.2915163309293942,0,7.239845156714608e-08,0.013393878936767578
0,projgauss,jitter,0.25,2,5,0.03,0.5,1,101,0.0003142995722383815,1591,0.33333333333333337,0.09428987167151444,0.03142995722383815,0.6141331180501974,0,5,-0.0916567250984954,1.3177466722691726,0.9972131836286741,0.9694044719932078,1.3177466722691726,0.01397398458606297,0.01397398458606297,1.2915179682349687,0,7.239845156714608e-08,0.013559818267822266
0,spectral,jitter,0.25,2,5,0.03,0.5,1,101,0.0003142995722383815,1591,0.33333333333333337,0.09428987167151444,0.03142995722383815,0.6141331180501974,0,5,-0.05459698611455868,1.1091939722291162,0.997311159519738,0.9654246551024613,1.1091939722291162,0.007143225110526785,0.007143225110526785,1.2915432320670426,0,7.239845156714608e-08,0.016894102096557617
0,spectralg,jitter,0.25,2,5,0.03,0.5,1,101,0.0003142995722383815,1591,0.33333333333333337,0.09428987167151444,0.03142995722383815,0.6141331180501974,0,5,-0.05459698611455868,1.1091939722291162,0.997311159519738,0.9654246551024613,1.1091939722291162,0.007143225110526785,0.007143225110526785,1.2915432320670426,0,7.239845156714608e-08,0.028455018997192383
0,molfe,jitter,0.25,2,5,0.03,0.5,1,101,0.0003142995722383815,1591,0.33333333333333337,0.09428987167151444,0.03142995722383815,0.6141331180501974,0,5,-0.0486754691248989,1.1268481566311594,1.0529431524577637,2.1237660473776888e+36,9.84040148136864e+224,inf,1709125.5483902239,1709125.2019475577,1,7.239845156714608e-08,0.009341955184936523
0,molrk3,jitter,0.25,2,5,0.03,0.5,1,101,0.0003142995722383815,1591,0.33333333333333337,0.09428987167151444,0.03142995722383815,0.6141331180501974,0,5,-0.04678672759155719,1.1230991500102983,1.0543693742304094,1.9054468878388217e+37,7.4421915442121155e+230,inf,3185672.248007045,3185671.901564379,1,7.239845156714608e-08,0.010720968246459961
0,maxent,jitter,0.25,2,5,0.03,0.5,1,101,0.0003142995722383815,1591,0.33333333333333337,0.09428987167151444,0.03142995722383815,0.6141331180501974,0,5,0.0,1.0000000000000004,0.9972821944060465,0.966111814550884,1.000000000000007,0.0011424018036078065,0.0011424018036078065,1.2915301728474835,0,7.239845156714608e-08,0.15576887130737305
0,lp,jitter,0.25,2,5,0.03,0.5,1,101,0.0003142995722383815,1591,0.33333333333333337,0.09428987167151444,0.03142995722383815,0.6141331180501974,0,5,0.0,1.0,0.997177775769847,0.968944518291404,1.0000000000000004,0.048700398563912284,0.048700398563912284,1.2915015628679705,0,7.239845156714608e-08,0.055191755294799805
0,lprand,jitter,0.25,2,5,0.03,0.5,1,101,0.0003142995722383815,1591,0.33333333333333337,0.09428987167151444,0.03142995722383815,0.6141331180501974,0,5,0.0,1.0,0.9972493696852921,0.967261999661874,1.0000000000000013,0.043651552113067316,0.043651552113067316,1.2915375114509515,0,7.239845156714608e-08,0.054763078689575195
0,maxentw,jitter,0.25,2,5,0.03,0.5,1,101,0.0003142995722383815,1591,0.33333333333333337,0.09428987167151444,0.03142995722383815,0.6141331180501974,0,5,0.0,1.0000000000000004,0.9972821944060465,0.966111814550884,1.000000000000007,0.0011424018036078065,0.0011424018036078065,1.2915301728474835,0,7.239845156714608e-08,0.15322494506835938
0,minnorm,jitter,0.25,2,7,0.03,0.5,1,101,0.0003142995722383815,1591,0.33333333333333337,0.09428987167151444,0.03142995722383815,0.6141331180501974,0,7,-0.12845873200888128,1.419433944627827,0.9967341480485424,1.0011865442329884,1.4194339446278272,0.042372846308868506,0.042372846308868506,1.291437647967975,0,7.239845156714608e-08,0.012000083923339844
0,projgauss,jitter,0.25,2,7,0.03,0.5,1,101,0.0003142995722383815,1591,0.33333333333333337,0.09428987167151444,0.03142995722383815,0.6141331180501974,0,7,-0.07640775688665623,1.2426660921231845,0.9970004783430321,0.9808204519507852,1.2426660921231845,0.029200602251800434,0.029200602251800434,1.2914774672431437,0,7.239845156714608e-08,0.01382899284362793
0,spectral,jitter,0.25,2,7,0.03,0.5,1,101,0.0003142995722383815,1591,0.33333333333333337,0.09428987167151444,0.03142995722383815,0.6141331180501974,0,7,-0.10653643089037522,1.3047270204966095,0.9972494382332425,0.967065401190923,1.3047270204966095,0.012076746614979705,0.012076746614979705,1.2915168638072136,0,7.239845156714608e-08,0.018157005310058594
0,spectralg,jitter,0.25,2,7,0.03,0.5,1,101,0.0003142995722383815,1591,0.33333333333333337,0.09428987167151444,0.03142995722383815,0.6141331180501974,0,7,-0.10653643089037522,1.3047270204966095,0.9972494382332425,0.967065401190923,1.3047270204966095,0.012076746614979705,0.012076746614979705,1.2915168638072136,0,7.239845156714608e-08,0.03192710876464844
0,molfe,jitter,0.25,2,7,0.03,0.5,1,101,0.0003142995722383815,1591,0.33333333333333337,0.09428987167151444,0.03142995722383815,0.6141331180501974,0,7,-0.01480138537992581,1.0798184791790082,1.019811749998663,291688648819543.56,1.0484913123771296e+87,inf,1214618.335969516,1214618.204059282,1,7.239845156714608e-08,0.011213064193725586
0,molrk3,jitter,0.25,2,7,0.03,0.5,1,101,0.0003142995722383815,1591,0.33333333333333337,0.09428987167151444,0.03142995722383815,0.6141331180501974,0,7,-0.014563956965824696,1.079148260867672,1.020008870475539,407422562707719.4,7.562877578238605e+87,inf,1505452.6702597125,1505452.490515623,1,7.239845156714608e-08,0.010209083557128906
0,maxent,jitter,0.25,2,7,0.03,0.5,1,101,0.0003142995722383815,1591,0.33333333333333337,0.09428987167151444,0.03142995722383815,0.6141331180501974,0,7,0.0,1.0000000000000004,0.9972821941450316,0.9661118141090996,1.0000000000000093,0.0011424602581368015,0.0011424602581368015,1.2915301728031299,0,7.239845156714608e-08,0.19099903106689453
0,lp,jitter,0.25,2,7,0.03,0.5,1,101,0.0003142995722383815,1591,0.33333333333333337,0.09428987167151444,0.03142995722383815,0.6141331180501974,0,7,0.0,1.0,0.9970179094779494,0.9711109739974189,1.0000000000000007,0.23124154520110485,0.23124154520110485,1.2914503026245718,0,7.239845156714608e-08,0.05568504333496094
0,lprand,jitter,0.25,2,7,0.03,0.5,1,101,0.0003142995722383815,1591,0.33333333333333337,0.09428987167151444,0.03142995722383815,0.6141331180501974,0,7,0.0,1.0,0.9971895593742768,0.9666914537379654,1.0000000000000007,0.019702608714240677,0.019702608714240677,1.2915163416944375,0,7.239845156714608e-08,0.05446195602416992
0,maxentw,jitter,0.25,2,7,0.03,0.5,1,101,0.0003142995722383815,1591,0.33333333333333337,0.09428987167151444,0.03142995722383815,0.6141331180501974,0,7,0.0,1.0000000000000004,0.9972821941450316,0.9661118141090996,1.0000000000000093,0.0011424602581368015,0.0011424602581368015,1.2915301728031299,0,7.239845156714608e-08,0.1926429271697998
0,minnorm,jitter,0.45,0,3,0.03,0.5,1,101,1.6827506524616247e-05,29714,0.33333333333333337,0.005048251957384874,0.0016827506524616247,0.14210210353664543,0,3,-0.08203682139054302,1.164073642781086,1.0000584141724471,38825.32036329752,38825.32036329752,4.554777066201615,4.554777066201615,4.547248487997431,0,7.055944184486407e-08,0.07830595970153809
0,projgauss,jitter,0.45,0,3,0.03,0.5,1,101,1.6827506524616247e-05,29714,0.33333333333333337,0.005048251957384874,0.0016827506524616247,0.14210210353664543,0,3,-0.08203682139054219,1.1640736427810838,1.000058414172471,38825.32021437217,38825.32021437217,4.554777066438485,4.554777066438485,4.5472484882343,0,7.055944184486407e-08,0.08099102973937988
0,spectral,jitter,0.45,0,3,0.03,0.5,1,101,1.6827506524616247e-05,29714,0.33333333333333337,0.005048251957384874,0.0016827506524616247,0.14210210353664543,0,3,-0.08203682139054302,1.164073642781086,1.0000584141724471,38825.32036329752,38825.32036329752,4.554777066201615,4.554777066201615,4.547248487997431,0,7.055944184486407e-08,0.07645416259765625
0,spectralg,jitter,0.45,0,3,0.03,0.5,1,101,1.6827506524616247e-05,29714,0.33333333333333337,0.005048251957384874,0.0016827506524616247,0.14210210353664543,0,3,-0.08203682139054302,1.164073642781086,1.0000584141724471,38825.32036329752,38825.32036329752,4.554777066201615,4.554777066201615,4.547248487997431,0,7.055944184486407e-08,0.07535409927368164
0,molfe,jitter,0.45,0,3,0.03,0.5,1,101,1.6827506524616247e-05,29714,0.33333333333333337,0.005048251957384874,0.0016827506524616247,0.14210210353664543,0,3,-0.08201759535150745,1.164035190703015,1.0000584026026569,38824.17724741704,38824.17724741704,4.554635555135602,4.554635555135602,4.547106976931417,0,7.055944184486407e-08,0.0748898983001709
0,molrk3,jitter,0.45,0,3,0.03,0.5,1,101,1.6827506524616247e-05,29714,0.33333333333333337,0.005048251957384874,0.0016827506524616247,0.14210210353664543,0,3,-0.0820368213905432,1.1640736427810865,1.0000584017316672,38825.32004683678,38825.32004683678,4.554739129875406,4.554739129875406,4.547210551671221,0,7.055944184486407e-08,0.08282685279846191
0,maxent,jitter,0.45,0,3,0.03,0.5,1,101,1.6827506524616247e-05,29714,0.33333333333333337,0.005048251957384874,0.0016827506524616247,0.14210210353664543,14,3,-0.08203682139054302,1.164073642781086,1.0000584142441669,38825.317667284195,38825.317667284195,4.554776816946739,4.554776816946739,4.547248238742554,0,7.055944184486407e-08,0.7122199535369873
0,lp,jitter,0.45,0,3,0.03,0.5,1,101,1.6827506524616247e-05,29714,0.33333333333333337,0.005048251957384874,0.0016827506524616247,0.14210210353664543,14,3,-0.08203682139054302,1.164073642781086,1.0000584141724762,38825.31960575704,38825.31960575704,4.554777065671544,4.554777065671544,4.5472484874673595,0,7.055944184486407e-08,0.1138150691986084
0,lprand,jitter,0.45,0,3,0.03,0.5,1,101,1.6827506524616247e-05,29714,0.33333333333333337,0.005048251957384874,0.0016827506524616247,0.14210210353664543,14,3,-0.08203682139054302,1.164073642781086,1.0000584141724762,38825.31960575704,38825.31960575704,4.554777065679582,4.554777065679582,4.547248487475398,0,7.055944184486407e-08,0.12257790565490723
0,maxentw,jitter,0.45,0,3,0.03,0.5,1,101,1.6827506524616247e-05,29714,0.33333333333333337,0.005048251957384874,0.0016827506524616247,0.14210210353664543,0,5,0.0,1.0000000000000002,0.9998535182173424,0.9661886225224734,1.0000000000001112,0.011682286372970752,0.011682286372970752,1.2913291627681278,0,7.055944184486407e-08,0.8136961460113525
0,minnorm,jitter,0.45,0,5,0.03,0.5,1,101,1.6827506524616247e-05,29714,0.33333333333333337,0.005048251957384874,0.0016827506524616247,0.14210210353664543,0,5,-0.19899103904035548,1.5629414280651037,0.9998478996522558,0.9897292754479999,1.566648021840492,0.1302235321449534,0.1302235321449534,1.2911189663889924,0,7.055944184486407e-08,0.07494401931762695
0,projgauss,jitter,0.45,0,5,0.03,0.5,1,101,1.6827506524616247e-05,29714,0.33333333333333337,0.005048251957384874,0.0016827506524616247,0.14210210353664543,0,5,-0.1570767741367445,1.4880649854212538,0.9998428168215644,0.984117596158417,1.5252951093887281,0.10751253911556757,0.10751253911556757,1.291098441310898,0,7.055944184486407e-08,0.08128476142883301
0,spectral,jitter,0.45,0,5,0.03,0.5,1,101,1.6827506524616247e-05,29714,0.33333333333333337,0.005048251957384874,0.0016827506524616247,0.14210210353664543,0,5,-0.0224347788474967,1.0478817086449808,1.0074684266094018,3.4849391954488347e+96,3.4849391954488347e+96,inf,13836991.466219435,13836991.109623615,1,7.055944184486407e-08,0.020800113677978516
0,spectralg,jitter,0.45,0,5,0.03,0.5,1,101,1.6827506524616247e-05,29714,0.33333333333333337,0.005048251957384874,0.0016827506524616247,0.14210210353664543,0,5,-0.0224347788474967,1.0478817086449808,1.0074684266094018,3.4849391954488347e+96,3.4849391954488347e+96,inf,13836991.466219435,13836991.109623615,1,7.055944184486407e-08,0.033215999603271484
0,molfe,jitter,0.45,0,5,0.03,0.5,1,101,1.6827506524616247e-05,29714,0.33333333333333337,0.005048251957384874,0.0016827506524616247,0.14210210353664543,0,5,-0.0030737649677649846,1.0062948327549361,1.0028013747752236,2.110547448629679e+36,2.110547448629679e+36,inf,5025469.206412833,5025469.952566604,1,7.055944184486407e-08,0.03810310363769531
0,molrk3,jitter,0.45,0,5,0.03,0.5,1,101,1.6827506524616247e-05,29714,0.33333333333333337,0.005048251957384874,0.0016827506524616247,0.14210210353664543,0,5,-0.0030630332608569707,1.006276421254787,1.0028053022895989,2.3710272069915655e+36,2.3710272069915655e+36,inf,5227337.049499469,5227337.79565324,1,7.055944184486407e-08,0.029919147491455078
0,maxent,jitter,0.45,0,5,0.03,0.5,1,101,1.6827506524616247e-05,29714,0.33333333333333337,0.005048251957384874,0.0016827506524616247,0.14210210353664543,0,5,0.0,1.0000000000000004,0.9998535173348801,0.9662180774258456,1.000000000000125,0.011800626732580755,0.011800626732580755,1.291329163524614,0,7.055944184486407e-08,0.7466909885406494
0,lp,jitter,0.45,0,5,0.03,0.5,1,101,1.6827506524616247e-05,29714,0.33333333333333337,0.005048251957384874,0.0016827506524616247,0.14210210353664543,0,5,0.0,1.0000000000000002,0.9998466950345292,0.9697820977650351,1.000000000000112,0.043114722128947375,0.043114722128947375,1.291294897893306,0,7.055944184486407e-08,0.12694764137268066
0,lprand,jitter,0.45,0,5,0.03,0.5,1,101,1.6827506524616247e-05,29714,0.33333333333333337,0.005048251957384874,0.0016827506524616247,0.14210210353664543,0,5,0.0,1.0000000000000002,0.9998518319841189,0.9673650750172123,1.0000000000000469,0.0373301330250215,0.0373301330250215,1.2913090551912187,0,7.055944184486407e-08,0.12302780151367188
0,maxentw,jitter,0.45,0,5,0.03,0.5,1,101,1.6827506524616247e-05,29714,0.33333333333333337,0.005048251957384874,0.0016827506524616247,0.14210210353664543,0,5,0.0,1.0000000000000004,0.9998535173348801,0.9662180774258456,1.000000000000125,0.011800626732580755,0.011800626732580755,1.291329163524614,0,7.055944184486407e-08,0.7399113178253174
0,minnorm,jitter,0.45,0,7,0.03,0.5,1,101,1.6827506524616247e-05,29714,0.33333333333333337,0.005048251957384874,0.0016827506524616247,0.14210210353664543,0,7,-0.18855396862783366,1.522676809464984,0.9999225077881196,1.0021245478157441,1.522676809464984,0.08970025205837934,0.08970025205837934,1.2891316569814864,0,7.055944184486407e-08,0.07713603973388672
0,projgauss,jitter,0.45,0,7,0.03,0.5,1,101,1.6827506524616247e-05,29714,0.33333333333333337,0.005048251957384874,0.0016827506524616247,0.14210210353664543,0,7,-0.10358376892435181,1.3399244425535284,0.9999047056338363,1.0431565048347144,1.3582801022154327,0.06376572561142979,0.06376572561142979,1.2900384122460387,0,7.055944184486407e-08,0.07912015914916992
0,spectral,jitter,0.45,0,7,0.03,0.5,1,101,1.6827506524616247e-05,29714,0.33333333333333337,0.005048251957384874,0.0016827506524616247,0.14210210353664543,0,7,-0.04790774096380465,1.106190433264301,0.9998515903099963,1.1714632491925878,3.102630786676257,0.0421450051352627,0.0421450051352627,1.2912508243839127,0,7.055944184486407e-08,0.0856618881225586
0,spectralg,jitter,0.45,0,7,0.03,0.5,1,101,1.6827506524616247e-05,29714,0.33333333333333337,0.005048251957384874,0.0016827506524616247,0.14210210353664543,0,7,-0.04790774096380465,1.106190433264301,0.9998515903099963,1.1714632491925878,3.102630786676257,0.0421450051352627,0.0421450051352627,1.2912508243839127,0,7.055944184486407e-08,0.10381698608398438
0,molfe,jitter,0.45,0,7,0.03,0.5,1,101,1.6827506524616247e-05,29714,0.33333333333333337,0.005048251957384874,0.0016827506524616247,0.14210210353664543,0,7,-0.0007911110149678161,1.0038435122311122,1.0010678309991832,239731508755531.53,239731508755531.53,inf,1824291.808947975,1824291.998306147,1,7.055944184486407e-08,0.053933143615722656
0,molrk3,jitter,0.45,0,7,0.03,0.5,1,101,1.6827506524616247e-05,29714,0.33333333333333337,0.005048251957384874,0.0016827506524616247,0.14210210353664543,0,7,-0.0007901320451924143,1.0038416653677285,1.0010684013336435,243931863582537.66,243931863582537.66,inf,1848513.2144423944,1848513.4038005664,1,7.055944184486407e-08,0.055129051208496094
0,maxent,jitter,0.45,0,7,0.03,0.5,1,101,1.6827506524616247e-05,29714,0.33333333333333337,0.005048251957384874,0.0016827506524616247,0.14210210353664543,0,7,0.0,1.0000000000000004,0.9998535173335932,0.9662180762402948,1.0000000000001208,0.011800626036833517,0.011800626036833517,1.291329163524956,0,7.055944184486407e-08,0.5234329700469971
0,lp,jitter,0.45,0,7,0.03,0.5,1,101,1.6827506524616247e-05,29714,0.33333333333333337,0.005048251957384874,0.0016827506524616247,0.14210210353664543,0,7,0.0,1.0000000000000002,0.9998403994242253,0.9727147787196613,1.0000000000001141,0.22247216980252738,0.22247216980252738,1.2912810179078014,0,7.055944184486407e-08,0.11956667900085449
0,lprand,jitter,0.45,0,7,0.03,0.5,1,101,1.6827506524616247e-05,29714,0.33333333333333337,0.005048251957384874,0.0016827506524616247,0.14210210353664543,0,7,0.0,1.0000000000000002,0.9998496526786937,0.9669269711551834,1.0000000000001374,0.04570580364372562,0.04570580364372562,1.2913118269729913,0,7.055944184486407e-08,0.12468409538269043
0,maxentw,jitter,0.45,0,7,0.03,0.5,1,101,1.6827506524616247e-05,29714,0.33333333333333337,0.005048251957384874,0.0016827506524616247,0.14210210353664543,0,7,0.0,1.0000000000000004,0.9998535173335932,0.9662180762402948,1.0000000000001208,0.011800626036833517,0.011800626036833517,1.291329163524956,0,7.055944184486407e-08,0.5321950912475586
0,minnorm,jitter,0.45,1,3,0.03,0.5,1,101,3.677298273220637e-05,13597,0.33333333333333337,0.011031894819661908,0.003677298273220637,0.21006565468597582,0,3,-0.07029701315859388,1.1405940263171879,1.0003256700421144,15122.876536860573,15122.876536860573,4.73883994989393,4.73883994989393,4.736634946536413,0,7.004587798675743e-08,0.04291892051696777
0,projgauss,jitter,0.45,1,3,0.03,0.5,1,101,3.677298273220637e-05,13597,0.33333333333333337,0.011031894819661908,0.003677298273220637,0.21006565468597582,0,3,-0.07029701315859349,1.1405940263171872,1.0003256700421126,15122.876504128859,15122.876504128859,4.738839949737894,4.738839949737894,4.736634946380377,0,7.004587798675743e-08,0.03776693344116211
0,spectral,jitter,0.45,1,3,0.03,0.5,1,101,3.677298273220637e-05,13597,0.33333333333333337,0.011031894819661908,0.003677298273220637,0.21006565468597582,0,3,-0.07029701315859388,1.1405940263171879,1.0003256700421144,15122.876536860573,15122.876536860573,4.73883994989393,4.73883994989393,4.736634946536413,0,7.004587798675743e-08,0.04278969764709473
0,spectralg,jitter,0.45,1,3,0.03,0.5,1,101,3.677298273220637e-05,13597,0.33333333333333337,0.011031894819661908,0.003677298273220637,0.21006565468597582,0,3,-0.07029701315859388,1.1405940263171879,1.0003256700421144,15122.876536860573,15122.876536860573,4.73883994989393,4.73883994989393,4.736634946536413,0,7.004587798675743e-08,0.03548073768615723
0,molfe,jitter,0.45,1,3,0.03,0.5,1,101,3.677298273220637e-05,13597,0.33333333333333337,0.011031894819661908,0.003677298273220637,0.21006565468597582,0,3,-0.07026128375344388,1.140522567506888,1.0003257507580936,15121.904903140166,15121.904903140166,4.738482176899632,4.738482176899632,4.736277173542115,0,7.004587798675743e-08,0.03807783126831055
0,molrk3,jitter,0.45,1,3,0.03,0.5,1,101,3.677298273220637e-05,13597,0.33333333333333337,0.011031894819661908,0.003677298273220637,0.21006565468597582,0,3,-0.07029701315859384,1.1405940263171876,1.0003256253134194,15122.876513932335,15122.876513932335,4.738663500009847,4.738663500009847,4.73645849665233,0,7.004587798675743e-08,0.041745901107788086
0,maxent,jitter,0.45,1,3,0.03,0.5,1,101,3.677298273220637e-05,13597,0.33333333333333337,0.011031894819661908,0.003677298273220637,0.21006565468597582,11,3,-0.07029701315859388,1.1405940263171879,1.0003256700394292,15122.876519546047,15122.876519546047,4.738840575615147,4.738840575615147,4.73663557225763,0,7.004587798675743e-08,0.747560977935791
0,lp,jitter,0.45,1,3,0.03,0.5,1,101,3.677298273220637e-05,13597,0.33333333333333337,0.011031894819661908,0.003677298273220637,0.21006565468597582,11,3,-0.07029701315859388,1.1405940263171879,1.0003256700421137,15122.876518499274,15122.876518499274,4.73883995055911,4.73883995055911,4.736634947201593,0,7.004587798675743e-08,0.08086991310119629
0,lprand,jitter,0.45,1,3,0.03,0.5,1,101,3.677298273220637e-05,13597,0.33333333333333337,0.011031894819661908,0.003677298273220637,0.21006565468597582,11,3,-0.07029701315859388,1.1405940263171879,1.0003256700421173,15122.876518499274,15122.876518499274,4.738839950554568,4.738839950554568,4.736634947197051,0,7.004587798675743e-08,0.07837891578674316
0,maxentw,jitter,0.45,1,3,0.03,0.5,1,101,3.677298273220637e-05,13597,0.33333333333333337,0.011031894819661908,0.003677298273220637,0.21006565468597582,0,5,0.0,1.0000000000000002,0.9996799525260648,0.9658843087500238,1.0000000000000793,0.005595193523108832,0.005595193523108832,1.2913771568279742,0,7.004587798675743e-08,0.8733260631561279
0,minnorm,jitter,0.45,1,5,0.03,0.5,1,101,3.677298273220637e-05,13597,0.33333333333333337,0.011031894819661908,0.003677298273220637,0.21006565468597582,0,5,-0.18576350857871018,1.5326980766181528,0.9996433646184916,1.0360253660582974,1.5326980766181526,0.09905598501963075,0.09905598501963075,1.2911822445527177,0,7.004587798675743e-08,0.03680706024169922
0,projgauss,jitter,0.45,1,5,0.03,0.5,1,101,3.677298273220637e-05,13597,0.33333333333333337,0.011031894819661908,0.003677298273220637,0.21006565468597582,0,5,-0.16012911151307285,1.4700240871105237,0.9996353559799974,1.0296954042083708,1.5024246869893227,0.09144051401176923,0.09144051401176923,1.291200775664565,0,7.004587798675743e-08,0.04188704490661621
0,spectral,jitter,0.45,1,5,0.03,0.5,1,101,3.677298273220637e-05,13597,0.33333333333333337,0.011031894819661908,0.003677298273220637,0.21006565468597582,0,5,-0.04472351706913545,1.0899779052977427,1.0074222373777169,1.5146399457872921e+44,1.5146399457872921e+44,inf,3389819.9609130644,3389820.2267932,1,7.004587798675743e-08,0.02333378791809082
0,spectralg,jitter,0.45,1,5,0.03,0.5,1,101,3.677298273220637e-05,13597,0.33333333333333337,0.011031894819661908,0.003677298273220637,0.21006565468597582,0,5,-0.04472351706913545,1.0899779052977427,1.0074222373777169,1.5146399457872921e+44,1.5146399457872921e+44,inf,3389819.9609130644,3389820.2267932,1,7.004587798675743e-08,0.033296823501586914
0,molfe,jitter,0.45,1,5,0.03,0.5,1,101,3.677298273220637e-05,13597,0.33333333333333337,0.011031894819661908,0.003677298273220637,0.21006565468597582,0,5,-0.005643637911554188,1.0157189842163281,1.0054432746961854,1.8567584126198487e+32,1.8567584126198487e+32,inf,1353658.4760794449,1353658.2686633407,1,7.004587798675743e-08,0.01846623420715332
0,molrk3,jitter,0.45,1,5,0.03,0.5,1,101,3.677298273220637e-05,13597,0.33333333333333337,0.011031894819661908,0.003677298273220637,0.21006565468597582,0,5,-0.005614010929576883,1.0156557074852777,1.0054581161959124,2.2694518015884453e+32,2.2694518015884453e+32,inf,1448915.5808255759,1448915.3734094717,1,7.004587798675743e-08,0.022075891494750977
0,maxent,jitter,0.45,1,5,0.03,0.5,1,101,3.677298273220637e-05,13597,0.33333333333333337,0.011031894819661908,0.003677298273220637,0.21006565468597582,0,5,0.0,1.0000000000000004,0.999679935893373,0.9658815107390754,1.000000000000058,0.005601288361353873,0.005601288361353873,1.2913774421443225,0,7.004587798675743e-08,0.6574788093566895
0,lp,jitter,0.45,1,5,0.03,0.5,1,101,3.677298273220637e-05,13597,0.33333333333333337,0.011031894819661908,0.003677298273220637,0.21006565468597582,0,5,0.0,1.0000000000000002,0.9996685189702834,0.9683328289093329,1.000000000000013,0.05436548786588524,0.05436548786588524,1.2913542049950701,0,7.004587798675743e-08,0.0825810432434082
0,lprand,jitter,0.45,1,5,0.03,0.5,1,101,3.677298273220637e-05,13597,0.33333333333333337,0.011031894819661908,0.003677298273220637,0.21006565468597582,0,5,0.0,1.0000000000000002,0.999676976287127,0.9657171676678561,1.000000000000015,0.0204363640648218,0.0204363640648218,1.2913908346992375,0,7.004587798675743e-08,0.08391690254211426
0,maxentw,jitter,0.45,1,5,0.03,0.5,1,101,3.677298273220637e-05,13597,0.33333333333333337,0.011031894819661908,0.003677298273220637,0.21006565468597582,0,5,0.0,1.0000000000000004,0.999679935893373,0.9658815107390754,1.000000000000058,0.005601288361353873,0.005601288361353873,1.2913774421443225,0,7.004587798675743e-08,0.6659948825836182
0,minnorm,jitter,0.45,1,7,0.03,0.5,1,101,3.677298273220637e-05,13597,0.33333333333333337,0.011031894819661908,0.003677298273220637,0.21006565468597582,0,7,-0.1636847373961983,1.518162559667748,0.999773440842149,0.9974923035737568,1.5181625596677482,0.10917958197605676,0.10917958197605676,1.2896211620016165,0,7.004587798675743e-08,0.04192090034484863
0,projgauss,jitter,0.45,1,7,0.03,0.5,1,101,3.677298273220637e-05,13597,0.33333333333333337,0.011031894819661908,0.003677298273220637,0.21006565468597582,0,7,-0.109496226314058,1.3398786464319352,0.9997224324189278,1.0589105526260976,1.3398786464319352,0.0923145260873196,0.09589258596046424,1.2904379166185014,0,7.004587798675743e-08,0.0421910285949707
0,spectral,jitter,0.45,1,7,0.03,0.5,1,101,3.677298273220637e-05,13597,0.33333333333333337,0.011031894819661908,0.003677298273220637,0.21006565468597582,0,7,-0.06028895084417346,1.1235270704101499,0.9996612319943949,1.05791218544964,1.7690745277687845,0.03564485071267415,0.03564485071267415,1.2913590594783086,0,7.004587798675743e-08,0.04738974571228027
0,spectralg,jitter,0.45,1,7,0.03,0.5,1,101,3.677298273220637e-05,13597,0.33333333333333337,0.011031894819661908,0.003677298273220637,0.21006565468597582,0,7,-0.06028895084417346,1.1235270704101499,0.9996612319943949,1.05791218544964,1.7690745277687845,0.03564485071267415,0.03564485071267415,1.2913590594783086,0,7.004587798675743e-08,0.056615352630615234
0,molfe,jitter,0.45,1,7,0.03,0.5,1,101,3.677298273220637e-05,13597,0.33333333333333337,0.011031894819661908,0.003677298273220637,0.21006565468597582,0,7,-0.0017191828500533757,1.0095165102295482,1.0024239741571421,839858943881071.2,839858943881071.2,inf,1280973.6340890457,1280973.6688601677,1,7.004587798675743e-08,0.028280019760131836
0,molrk3,jitter,0.45,1,7,0.03,0.5,1,101,3.677298273220637e-05,13597,0.33333333333333337,0.011031894819661908,0.003677298273220637,0.21006565468597582,0,7,-0.0017159812244910539,1.0095057183111862,1.0024269143562416,874881554573405.2,874881554573405.2,inf,1311129.6358902177,1311129.6706613398,1,7.004587798675743e-08,0.031118154525756836
0,maxent,jitter,0.45,1,7,0.03,0.5,1,101,3.677298273220637e-05,13597,0.33333333333333337,0.011031894819661908,0.003677298273220637,0.21006565468597582,0,7,0.0,1.0000000000000004,0.9996799358899411,0.9658815109371198,1.0000000000000544,0.005601288768047219,0.005601288768047219,1.2913774421040873,0,7.004587798675743e-08,0.4451930522918701
0,lp,jitter,0.45,1,7,0.03,0.5,1,101,3.677298273220637e-05,13597,0.33333333333333337,0.011031894819661908,0.003677298273220637,0.21006565468597582,0,7,0.0,1.0000000000000002,0.9996456200215503,0.9750278154780232,1.0000000000000218,0.3158571176024088,0.3158571176024088,1.2912831825723916,0,7.004587798675743e-08,0.08728384971618652
0,lprand,jitter,0.45,1,7,0.03,0.5,1,101,3.677298273220637e-05,13597,0.33333333333333337,0.011031894819661908,0.003677298273220637,0.21006565468597582,0,7,0.0,1.0000000000000002,0.9996672527927656,0.9677747908096767,1.000000000000016,0.024691832379698908,0.024691832379698908,1.2913320736439002,0,7.004587798675743e-08,0.08549904823303223
0,maxentw,jitter,0.45,1,7,0.03,0.5,1,101,3.677298273220637e-05,13597,0.33333333333333337,0.011031894819661908,0.003677298273220637,0.21006565468597582,0,7,0.0,1.0000000000000004,0.9996799358899411,0.9658815109371198,1.0000000000000544,0.005601288768047219,0.005601288768047219,1.2913774421040873,0,7.004587798675743e-08,0.44046711921691895
0,minnorm,jitter,0.45,2,3,0.03,0.5,1,101,7.774446406520936e-05,6432,0.33333333333333337,0.023323339219562807,0.007774446406520936,0.30543961249034357,0,3,-0.20980555162867237,1.4196111032573446,1.0005782736480122,21481.078368810526,58688.47494051166,2.703254160522687,2.703254160522687,3.4450056175794352,0,7.270615098864397e-08,0.021925926208496094
0,projgauss,jitter,0.45,2,3,0.03,0.5,1,101,7.774446406520936e-05,6432,0.33333333333333337,0.023323339219562807,0.007774446406520936,0.30543961249034357,0,3,-0.20980555162867248,1.4196111032573446,1.0005782736480193,21481.07839801645,58688.47501107708,2.703254162452159,2.703254162452159,3.4450056195089074,0,7.270615098864397e-08,0.02102208137512207
0,spectral,jitter,0.45,2,3,0.03,0.5,1,101,7.774446406520936e-05,6432,0.33333333333333337,0.023323339219562807,0.007774446406520936,0.30543961249034357,0,3,-0.20980555162867237,1.4196111032573446,1.0005782736480122,21481.078368810526,58688.47494051166,2.703254160522687,2.703254160522687,3.4450056175794352,0,7.270615098864397e-08,0.023761987686157227
0,spectralg,jitter,0.45,2,3,0.03,0.5,1,101,7.774446406520936e-05,6432,0.33333333333333337,0.023323339219562807,0.007774446406520936,0.30543961249034357,0,3,-0.20980555162867237,1.4196111032573446,1.0005782736480122,21481.078368810526,58688.47494051166,2.703254160522687,2.703254160522687,3.4450056175794352,0,7.270615098864397e-08,0.023309707641601562
0,molfe,jitter,0.45,2,3,0.03,0.5,1,101,7.774446406520936e-05,6432,0.33333333333333337,0.023323339219562807,0.007774446406520936,0.30543961249034357,0,3,-0.2095785299121991,1.4191570598243979,1.0005783269991615,21478.15787649803,58458.8486120864,2.702815350601234,2.702815350601234,3.4445668076579823,0,7.270615098864397e-08,0.02052021026611328
0,molrk3,jitter,0.45,2,3,0.03,0.5,1,101,7.774446406520936e-05,6432,0.33333333333333337,0.023323339219562807,0.007774446406520936,0.30543961249034357,0,3,-0.20980555162867273,1.4196111032573453,1.000578099390597,21481.07838914959,58499.84525107914,2.7030480798355545,2.7030480798355545,3.444799536892303,0,7.270615098864397e-08,0.024705886840820312
0,maxent,jitter,0.45,2,3,0.03,0.5,1,101,7.774446406520936e-05,6432,0.33333333333333337,0.023323339219562807,0.007774446406520936,0.30543961249034357,8,3,-0.20980555162867237,1.4196111032573446,1.0005782736465663,21481.078304821796,58688.4743300752,2.7032540610501665,2.7032540610501665,3.445005518106915,0,7.270615098864397e-08,0.5667529106140137
0,lp,jitter,0.45,2,3,0.03,0.5,1,101,7.774446406520936e-05,6432,0.33333333333333337,0.023323339219562807,0.007774446406520936,0.30543961249034357,8,3,-0.20980555162867237,1.4196111032573446,1.0005782736480204,21481.078393806303,58688.4750047115,2.7032541612447014,2.7032541612447014,3.4450056183014497,0,7.270615098864397e-08,0.0655050277709961
0,lprand,jitter,0.45,2,3,0.03,0.5,1,101,7.774446406520936e-05,6432,0.33333333333333337,0.023323339219562807,0.007774446406520936,0.30543961249034357,8,3,-0.20980555162867237,1.4196111032573446,1.0005782736480138,21481.078393806303,58688.475007231806,2.7032541612540206,2.7032541612540206,3.445005618310769,0,7.270615098864397e-08,0.06553506851196289
0,maxentw,jitter,0.45,2,3,0.03,0.5,1,101,7.774446406520936e-05,6432,0.33333333333333337,0.023323339219562807,0.007774446406520936,0.30543961249034357,0,5,0.0,1.0000000000000002,0.9993244731627,0.9661994308965969,1.0000000000000162,0.002537211480384882,0.002537211480384882,1.2914048730522814,0,7.270615098864397e-08,0.6177761554718018
0,minnorm,jitter,0.45,2,5,0.03,0.5,1,101,7.774446406520936e-05,6432,0.33333333333333337,0.023323339219562807,0.007774446406520936,0.30543961249034357,0,5,-0.17940670805769993,1.5319484164606518,0.9992648949011835,1.0240828959508788,1.5319484164606518,0.05773613435606695,0.05773613435606695,1.2914537639615493,0,7.270615098864397e-08,0.022445201873779297
0,projgauss,jitter,0.45,2,5,0.03,0.5,1,101,7.774446406520936e-05,6432,0.33333333333333337,0.023323339219562807,0.007774446406520936,0.30543961249034357,0,5,-0.14798444889534917,1.4644762965038294,0.9992445025862178,1.0106725202380702,1.4644762965038294,0.050752901842845144,0.050752901842845144,1.291416808331171,0,7.270615098864397e-08,0.02388477325439453
0,spectral,jitter,0.45,2,5,0.03,0.5,1,101,7.774446406520936e-05,6432,0.33333333333333337,0.023323339219562807,0.007774446406520936,0.30543961249034357,0,5,-0.08719715233424369,1.1743943046684875,0.9993391057819895,0.9713667492239701,1.7597929897968299,0.014141820894605472,0.014141820894605472,1.291423529002852,0,7.270615098864397e-08,0.02905893325805664
0,spectralg,jitter,0.45,2,5,0.03,0.5,1,101,7.774446406520936e-05,6432,0.33333333333333337,0.023323339219562807,0.007774446406520936,0.30543961249034357,0,5,-0.08719715233424369,1.1743943046684875,0.9993389537698738,0.9707946839898152,1.7597929897968299,0.014155612937998052,0.014155612937998052,1.291423529002852,0,7.270615098864397e-08,0.039179086685180664
0,molfe,jitter,0.45,2,5,0.03,0.5,1,101,7.774446406520936e-05,6432,0.33333333333333337,0.023323339219562807,0.007774446406520936,0.30543961249034357,0,5,-0.015222394144843441,1.0405246062763474,1.013147060409522,1.1334481629327018e+37,2.0865284505639372e+57,inf,3185290.137137823,3185288.957884609,1,7.270615098864397e-08,0.01447296142578125
0,molrk3,jitter,0.45,2,5,0.03,0.5,1,101,7.774446406520936e-05,6432,0.33333333333333337,0.023323339219562807,0.007774446406520936,0.30543961249034357,0,5,-0.01506747823927503,1.039984000454968,1.0132338617426058,1.971406658595419e+37,4.919639137660119e+57,inf,3773180.874725089,3773179.695471875,1,7.270615098864397e-08,0.011577129364013672
0,maxent,jitter,0.45,2,5,0.03,0.5,1,101,7.774446406520936e-05,6432,0.33333333333333337,0.023323339219562807,0.007774446406520936,0.30543961249034357,0,5,0.0,1.0000000000000004,0.9993244499716192,0.9661918648811223,1.0000000000000178,0.00254425296590588,0.00254425296590588,1.2914048718935836,0,7.270615098864397e-08,0.7645328044891357
0,lp,jitter,0.45,2,5,0.03,0.5,1,101,7.774446406520936e-05,6432,0.33333333333333337,0.023323339219562807,0.007774446406520936,0.30543961249034357,0,5,0.0,1.0000000000000002,0.9992957674259422,0.9684933292369838,1.0000000000000084,0.05090821053230132,0.05090821053230132,1.291371267394694,0,7.270615098864397e-08,0.06404614448547363
0,lprand,jitter,0.45,2,5,0.03,0.5,1,101,7.774446406520936e-05,6432,0.33333333333333337,0.023323339219562807,0.007774446406520936,0.30543961249034357,0,5,0.0,1.0000000000000002,0.9993147098075127,0.9675909060847069,1.0000000000000044,0.04151740342456933,0.04151740342456933,1.2914106511789734,0,7.270615098864397e-08,0.0683450698852539
0,maxentw,jitter,0.45,2,5,0.03,0.5,1,101,7.774446406520936e-05,6432,0.33333333333333337,0.023323339219562807,0.007774446406520936,0.30543961249034357,0,5,0.0,1.0000000000000004,0.9993244499716192,0.9661918648811223,1.0000000000000178,0.00254425296590588,0.00254425296590588,1.2914048718935836,0,7.270615098864397e-08,0.762293815612793
0,minnorm,jitter,0.45,2,7,0.03,0.5,1,101,7.774446406520936e-05,6432,0.33333333333333337,0.023323339219562807,0.007774446406520936,0.30543961249034357,0,7,-0.1669626023551302,1.506118717432756,0.9995171104101054,1.3771771467771576,1.506118717432756,0.2347065780136226,0.2347065780136226,1.2904824609600805,0,7.270615098864397e-08,0.021275997161865234
0,projgauss,jitter,0.45,2,7,0.03,0.5,1,101,7.774446406520936e-05,6432,0.33333333333333337,0.023323339219562807,0.007774446406520936,0.30543961249034357,0,7,-0.11583076643824587,1.3306089235996859,0.9993384259939255,1.1018303036655945,1.330608923599686,0.09711480776974402,0.09711480776974402,1.2909518665045432,0,7.270615098864397e-08,0.02221083641052246
0,spectral,jitter,0.45,2,7,0.03,0.5,1,101,7.774446406520936e-05,6432,0.33333333333333337,0.023323339219562807,0.007774446406520936,0.30543961249034357,0,7,-0.09122291409036518,1.2134118399775276,0.9993118327965603,0.9912792471215589,2.086122059494679,0.0287561773720848,0.0287561773720848,1.2913924845052946,0,7.270615098864397e-08,0.029935836791992188
0,spectralg,jitter,0.45,2,7,0.03,0.5,1,101,7.774446406520936e-05,6432,0.33333333333333337,0.023323339219562807,0.007774446406520936,0.30543961249034357,0,7,-0.09122291409036518,1.2134118399775276,0.9993118368752694,0.9912794544276716,2.086122059494679,0.02875655174727243,0.02875655174727243,1.2913924845052946,0,7.270615098864397e-08,0.04307413101196289
0,molfe,jitter,0.45,2,7,0.03,0.5,1,101,7.774446406520936e-05,6432,0.33333333333333337,0.023323339219562807,0.007774446406520936,0.30543961249034357,0,7,-0.003699641100771494,1.0197942993753857,1.0050320805288466,456499612876355.56,3.709198575062444e+22,inf,1266616.1351459164,1266617.1492893368,1,7.270615098864397e-08,0.019537925720214844
0,molrk3,jitter,0.45,2,7,0.03,0.5,1,101,7.774446406520936e-05,6432,0.33333333333333337,0.023323339219562807,0.007774446406520936,0.30543961249034357,0,7,-0.003678999633107487,1.0197568620062147,1.0050447626829888,496898051062679.4,4.220799254858122e+22,inf,1344813.3847946776,1344814.398938098,1,7.270615098864397e-08,0.020483970642089844
0,maxent,jitter,0.45,2,7,0.03,0.5,1,101,7.774446406520936e-05,6432,0.33333333333333337,0.023323339219562807,0.007774446406520936,0.30543961249034357,0,7,0.0,1.0000000000000004,0.999324449964623,0.9661918436557312,1.0000000000000209,0.002544117841704052,0.002544117841704052,1.2914048718936213,0,7.270615098864397e-08,0.5184798240661621
0,lp,jitter,0.45,2,7,0.03,0.5,1,101,7.774446406520936e-05,6432,0.33333333333333337,0.023323339219562807,0.007774446406520936,0.30543961249034357,0,7,0.0,1.0000000000000002,0.9992541356048833,0.9676964050592769,1.000000000000009,0.2408122137278938,0.2408122137278938,1.2913039582935513,0,7.270615098864397e-08,0.06696510314941406
0,lprand,jitter,0.45,2,7,0.03,0.5,1,101,7.774446406520936e-05,6432,0.33333333333333337,0.023323339219562807,0.007774446406520936,0.30543961249034357,0,7,0.0,1.0000000000000002,0.9993027831603611,0.9666901293630938,1.0000000000000042,0.020409242397867122,0.020409242397867122,1.2913888252150851,0,7.270615098864397e-08,0.06653189659118652
0,maxentw,jitter,0.45,2,7,0.03,0.5,1,101,7.774446406520936e-05,6432,0.33333333333333337,0.023323339219562807,0.007774446406520936,0.30543961249034357,0,7,0.0,1.0000000000000004,0.999324449964623,0.9661918436557312,1.0000000000000209,0.002544117841704052,0.002544117841704052,1.2914048718936213,0,7.270615098864397e-08,0.51920485496521
0,minnorm,random,0.0,0,3,0.03,0.5,1,101,5.9462573197675306e-05,8409,0.33333333333333337,0.017838771959302592,0.00594625731976753,0.267123731325411,0,3,-0.5222813922355662,2.0445627844711325,1.0504513328067746,1.1721276812328421e+181,1.1969879809562692e+215,inf,3654467526.4196663,3654467526.3631244,1,7.290297665552004e-08,0.009618997573852539
0,projgauss,random,0.0,0,3,0.03,0.5,1,101,5.9462573197675306e-05,8409,0.33333333333333337,0.017838771959302592,0.00594625731976753,0.267123731325411,0,3,-0.5222813922355665,2.044562784471133,1.050451332806777,1.1721276812389907e+181,1.1969879809637733e+215,inf,3654467521.0482225,3654467520.9916806,1,7.290297665552004e-08,0.010541200637817383
0,spectral,random,0.0,0,3,0.03,0.5,1,101,5.9462573197675306e-05,8409,0.33333333333333337,0.017838771959302592,0.00594625731976753,0.267123731325411,0,3,-0.5222813922355662,2.0445627844711325,1.0504513328067746,1.1721276812328421e+181,1.1969879809562692e+215,inf,3654467526.4196663,3654467526.3631244,1,7.290297665552004e-08,0.00957489013671875
0,spectralg,random,0.0,0,3,0.03,0.5,1,101,5.9462573197675306e-05,8409,0.33333333333333337,0.017838771959302592,0.00594625731976753,0.267123731325411,0,3,-0.5222813922355662,2.0445627844711325,1.0504513328067746,1.1721276812328421e+181,1.1969879809562692e+215,inf,3654467526.4196663,3654467526.3631244,1,7.290297665552004e-08,0.009300947189331055
0,molfe,random,0.0,0,3,0.03,0.5,1,101,5.9462573197675306e-05,8409,0.33333333333333337,0.017838771959302592,0.00594625731976753,0.267123731325411,0,3,-0.5218074191290453,2.0436148382580908,1.0503849850065519,6.891344117420189e+180,6.36466253694086e+214,inf,3502597059.0127296,3502597058.9561877,1,7.290297665552004e-08,0.009229183197021484
0,molrk3,random,0.0,0,3,0.03,0.5,1,101,5.9462573197675306e-05,8409,0.33333333333333337,0.017838771959302592,0.00594625731976753,0.267123731325411,0,3,-0.5222813922355668,2.044562784471134,1.0516756266430471,2.103085036045901e+185,1.3702974798427905e+220,inf,1685103.3901805833,1685103.3198444045,1,7.290297665552004e-08,0.00872492790222168
0,maxent,random,0.0,0,3,0.03,0.5,1,101,5.9462573197675306e-05,8409,0.33333333333333337,0.017838771959302592,0.00594625731976753,0.267123731325411,35,3,-0.5222813922355662,2.0445627844711325,1.050451332806776,1.172127681232712e+181,1.1969879809561364e+215,inf,3654467523.3277917,3654467523.27125,1,7.290297665552004e-08,0.7855610847473145
0,lp,random,0.0,0,3,0.03,0.5,1,101,5.9462573197675306e-05,8409,0.33333333333333337,0.017838771959302592,0.00594625731976753,0.267123731325411,35,3,-0.5222813922355662,2.0445627844711325,1.0504513328067766,1.1721276812327207e+181,1.1969879809561452e+215,inf,3654467523.4158864,3654467523.3593445,1,7.290297665552004e-08,0.04997897148132324
0,lprand,random,0.0,0,3,0.03,0.5,1,101,5.9462573197675306e-05,8409,0.33333333333333337,0.017838771959302592,0.00594625731976753,0.267123731325411,35,3,-0.5222813922355662,2.0445627844711325,1.0504513328067793,1.1721276812327207e+181,1.1969879809561452e+215,inf,3654467523.4158864,3654467523.3593445,1,7.290297665552004e-08,0.046682119369506836
0,maxentw,random,0.0,0,3,0.03,0.5,1,101,5.9462573197675306e-05,8409,0.33333333333333337,0.017838771959302592,0.00594625731976753,0.267123731325411,0,7,0.0,1.0000000000000002,0.9994796718188041,0.9667966971791253,1.000000000000012,0.015534790830801004,0.015534790830801004,1.2911357475632805,0,7.290297665552004e-08,0.9638819694519043
0,minnorm,random,0.0,0,5,0.03,0.5,1,101,5.9462573197675306e-05,8409,0.33333333333333337,0.017838771959302592,0.00594625731976753,0.267123731325411,0,5,-0.270836071218122,1.5544640252919695,1.000658454073321,1221.1475457426018,3849.0808449139813,41.14215303746233,41.14215303746233,42.02056587140676,1,7.290297665552004e-08,0.02698206901550293
0,projgauss,random,0.0,0,5,0.03,0.5,1,101,5.9462573197675306e-05,8409,0.33333333333333337,0.017838771959302592,0.00594625731976753,0.267123731325411,0,5,-0.22389933208934207,1.5402460244455027,1.0001345908482182,1151.3164099191986,1557.9288522679146,3.1431404827820373,3.1431404827820373,4.02155331672647,0,7.290297665552004e-08,0.03270459175109863
0,spectral,random,0.0,0,5,0.03,0.5,1,101,5.9462573197675306e-05,8409,0.33333333333333337,0.017838771959302592,0.00594625731976753,0.267123731325411,0,5,-0.5661284394601638,2.533025487524854,1.000000325746051,7011.348485999846,9479.445295038553,1.4537892242082058,1.4537892242082058,1.7909884345171772,0,7.290297665552004e-08,0.03475618362426758
0,spectralg,random,0.0,0,5,0.03,0.5,1,101,5.9462573197675306e-05,8409,0.33333333333333337,0.017838771959302592,0.00594625731976753,0.267123731325411,0,5,-0.5661284394601638,2.533025487524854,1.0000002479871255,7011.348485999846,9479.445295038553,1.4537892242082058,1.4537892242082058,1.7909884345171772,0,7.290297665552004e-08,0.047389984130859375
0,molfe,random,0.0,0,5,0.03,0.5,1,101,5.9462573197675306e-05,8409,0.33333333333333337,0.017838771959302592,0.00594625731976753,0.267123731325411,0,5,-0.02559062124214794,1.1053707892175408,1.0070208990298153,1.0389921224854174e+26,7.093161083642174e+30,inf,3091544.9224864617,3091545.6495445697,1,7.290297665552004e-08,0.014908313751220703
0,molrk3,random,0.0,0,5,0.03,0.5,1,101,5.9462573197675306e-05,8409,0.33333333333333337,0.017838771959302592,0.00594625731976753,0.267123731325411,0,5,-0.025480811962809897,1.1047561508636805,1.0070456032216322,1.2770309499865219e+26,9.065242884648029e+30,inf,1040632.7771434525,1040633.475907763,1,7.290297665552004e-08,0.018802165985107422
0,maxent,random,0.0,0,5,0.03,0.5,1,101,5.9462573197675306e-05,8409,0.33333333333333337,0.017838771959302592,0.00594625731976753,0.267123731325411,2,5,-0.21068044601126762,1.5250253278736903,1.0000000738374912,1327.7825539225562,1794.826898156662,1.4750581623235879,1.4750581623235879,1.8122573726325593,0,7.290297665552004e-08,0.5639758110046387
0,lp,random,0.0,0,5,0.03,0.5,1,101,5.9462573197675306e-05,8409,0.33333333333333337,0.017838771959302592,0.00594625731976753,0.267123731325411,2,5,-0.21068044601126762,1.5250253278736903,1.0000000825065452,1492.464519159218,2017.974536327488,1.4559313758329189,1.4559313758329189,1.7931305861418902,0,7.290297665552004e-08,0.07050275802612305
0,lprand,random,0.0,0,5,0.03,0.5,1,101,5.9462573197675306e-05,8409,0.33333333333333337,0.017838771959302592,0.00594625731976753,0.267123731325411,2,5,-0.21068044601126762,1.5250253278736903,1.0000000707328993,1451.518194238547,1961.445665831237,1.4771789561466477,1.4771789561466477,1.8143781664556191,0,7.290297665552004e-08,0.0726170539855957
0,maxentw,random,0.0,0,5,0.03,0.5,1,101,5.9462573197675306e-05,8409,0.33333333333333337,0.017838771959302592,0.00594625731976753,0.267123731325411,0,7,0.0,1.0000000000000004,0.9994796756691657,0.9668060212728686,1.000000000000029,0.015645471921709397,0.015645471921709397,1.2911356916594783,0,7.290297665552004e-08,0.5608780384063721
0,minnorm,random,0.0,0,7,0.03,0.5,1,101,5.9462573197675306e-05,8409,0.33333333333333337,0.017838771959302592,0.00594625731976753,0.267123731325411,0,7,-0.20670441686114802,1.6234035781377756,0.9996149090928607,0.9449151465872653,1.9125337990828253,0.2056380417477875,0.2056380417477875,1.2906679477919982,0,7.290297665552004e-08,0.0274200439453125
0,projgauss,random,0.0,0,7,0.03,0.5,1,101,5.9462573197675306e-05,8409,0.33333333333333337,0.017838771959302592,0.00594625731976753,0.267123731325411,0,7,-0.15270680334432973,1.4548821910056264,0.9995413740045331,1.125306483355464,1.6949377537393207,0.1472127719880052,0.1472127719880052,1.2907405735310657,0,7.290297665552004e-08,0.03116893768310547
0,spectral,random,0.0,0,7,0.03,0.5,1,101,5.9462573197675306e-05,8409,0.33333333333333337,0.017838771959302592,0.00594625731976753,0.267123731325411,0,7,-0.532368292292007,2.4990950788635975,0.9999722464066535,5.269489410100074,8.569551935985352,0.7338792742779129,0.7338792742779129,1.66131266200038,0,7.290297665552004e-08,0.03672981262207031
0,spectralg,random,0.0,0,7,0.03,0.5,1,101,5.9462573197675306e-05,8409,0.33333333333333337,0.017838771959302592,0.00594625731976753,0.267123731325411,0,7,-0.532368292292007,2.4990950788635975,0.9999679374862642,5.20967658420238,8.569551935985352,0.7504394219028886,0.7504394219028886,1.6774726426972812,0,7.290297665552004e-08,0.04939699172973633
0,molfe,random,0.0,0,7,0.03,0.5,1,101,5.9462573197675306e-05,8409,0.33333333333333337,0.017838771959302592,0.00594625731976753,0.267123731325411,0,7,-0.008604502579461331,1.033469749962637,1.0038298673301065,238073356471822.0,1.0422074730815429e+17,inf,1018989.7066295845,1018989.8290218639,1,7.290297665552004e-08,0.027731895446777344
0,molrk3,random,0.0,0,7,0.03,0.5,1,101,5.9462573197675306e-05,8409,0.33333333333333337,0.017838771959302592,0.00594625731976753,0.267123731325411,0,7,-0.008493911102779928,1.0332260600558916,1.0038372106346698,253178069722947.44,1.1213056406461912e+17,inf,1070331.3786772632,1070331.5010695425,1,7.290297665552004e-08,0.02489614486694336
0,maxent,random,0.0,0,7,0.03,0.5,1,101,5.9462573197675306e-05,8409,0.33333333333333337,0.017838771959302592,0.00594625731976753,0.267123731325411,0,7,0.0,1.0000000000000004,0.9994796419858016,0.9668004308389618,1.0000000000000173,0.015633528617633785,0.015633528617633785,1.2911356916538996,0,7.290297665552004e-08,0.4772069454193115
0,lp,random,0.0,0,7,0.03,0.5,1,101,5.9462573197675306e-05,8409,0.33333333333333337,0.017838771959302592,0.00594625731976753,0.267123731325411,0,7,0.0,1.0000000000000002,0.9994413956018424,0.9950165265283474,1.0000000000000588,0.6899731945362345,0.6899731945362345,1.2910296411244788,0,7.290297665552004e-08,0.07376384735107422
0,lprand,random,0.0,0,7,0.03,0.5,1,101,5.9462573197675306e-05,8409,0.33333333333333337,0.017838771959302592,0.00594625731976753,0.267123731325411,0,7,0.0,1.0000000000000002,0.9994674482197821,0.9656785586838181,1.000000000000011,0.07543306184358645,0.07543306184358645,1.2910714275158173,0,7.290297665552004e-08,0.06765413284301758
0,maxentw,random,0.0,0,7,0.03,0.5,1,101,5.9462573197675306e-05,8409,0.33333333333333337,0.017838771959302592,0.00594625731976753,0.267123731325411,0,7,0.0,1.0000000000000004,0.9994796419858016,0.9668004308389618,1.0000000000000173,0.015633528617633785,0.015633528617633785,1.2911356916538996,0,7.290297665552004e-08,0.4821760654449463
0,minnorm,random,0.0,1,3,0.03,0.5,1,101,7.354748983201516e-05,6799,0.33333333333333337,0.02206424694960455,0.007354748983201516,0.29708077655482557,0,3,-0.3798796602238357,1.7597593204476707,1.062914594525259,1.4534179788694177e+181,9.631051083261157e+265,inf,2012224.5668617745,2012223.8631880162,1,7.279588454256469e-08,0.006803035736083984
0,projgauss,random,0.0,1,3,0.03,0.5,1,101,7.354748983201516e-05,6799,0.33333333333333337,0.02206424694960455,0.007354748983201516,0.29708077655482557,0,3,-0.37987966022383657,1.7597593204476734,1.0629145945252598,1.4534179788771973e+181,9.631051083336859e+265,inf,2012224.5686596239,2012223.8649858655,1,7.279588454256469e-08,0.007578134536743164
0,spectral,random,0.0,1,3,0.03,0.5,1,101,7.354748983201516e-05,6799,0.33333333333333337,0.02206424694960455,0.007354748983201516,0.29708077655482557,0,3,-0.3798796602238357,1.7597593204476707,1.062914594525259,1.4534179788694177e+181,9.631051083261157e+265,inf,2012224.5668617745,2012223.8631880162,1,7.279588454256469e-08,0.007320880889892578
0,spectralg,random,0.0,1,3,0.03,0.5,1,101,7.354748983201516e-05,6799,0.33333333333333337,0.02206424694960455,0.007354748983201516,0.29708077655482557,0,3,-0.3798796602238357,1.7597593204476707,1.062914594525259,1.4534179788694177e+181,9.631051083261157e+265,inf,2012224.5668617745,2012223.8631880162,1,7.279588454256469e-08,0.009074926376342773
0,molfe,random,0.0,1,3,0.03,0.5,1,101,7.354748983201516e-05,6799,0.33333333333333337,0.02206424694960455,0.007354748983201516,0.29708077655482557,0,3,-0.3794653741249054,1.7589307482498109,1.0628566787295357,1.0035586911795673e+181,5.585683346241306e+265,inf,1968163.6268483005,1968162.9231745421,1,7.279588454256469e-08,0.008243083953857422
0,molrk3,random,0.0,1,3,0.03,0.5,1,101,7.354748983201516e-05,6799,0.33333333333333337,0.02206424694960455,0.007354748983201516,0.29708077655482557,0,3,-0.3756622491464274,1.7513244982928549,1.064873550485479,3.9755024487679236e+186,9.559129512886697e+273,inf,4241422.681505624,4241421.977831866,1,7.279588454256469e-08,0.008968830108642578
0,maxent,random,0.0,1,3,0.03,0.5,1,101,7.354748983201516e-05,6799,0.33333333333333337,0.02206424694960455,0.007354748983201516,0.29708077655482557,35,3,-0.3798796602238357,1.7597593204476707,1.062914594525259,1.4534179788694186e+181,9.631051083261162e+265,inf,2012224.5669119575,2012223.8632381991,1,7.279588454256469e-08,0.8610830307006836
0,lp,random,0.0,1,3,0.03,0.5,1,101,7.354748983201516e-05,6799,0.33333333333333337,0.02206424694960455,0.007354748983201516,0.29708077655482557,35,3,-0.3798796602238357,1.7597593204476707,1.062914594525259,1.4534179788694256e+181,9.631051083261208e+265,inf,2012224.5672025639,2012223.8635288056,1,7.279588454256469e-08,0.04813814163208008
0,lprand,random,0.0,1,3,0.03,0.5,1,101,7.354748983201516e-05,6799,0.33333333333333337,0.02206424694960455,0.007354748983201516,0.29708077655482557,35,3,-0.3798796602238357,1.7597593204476707,1.062914594525259,1.4534179788694256e+181,9.631051083261208e+265,inf,2012224.5672025639,2012223.8635288056,1,7.279588454256469e-08,0.04802107810974121
0,maxentw,random,0.0,1,3,0.03,0.5,1,101,7.354748983201516e-05,6799,0.33333333333333337,0.02206424694960455,0.007354748983201516,0.29708077655482557,1,7,-0.06914052963343742,1.138281059266875,1.0000007097576362,2579.008767182712,5110.363120789608,1.8694073092233983,1.8694073092233983,1.7843584297807362,0,7.279588454256469e-08,1.2337770462036133
0,minnorm,random,0.0,1,5,0.03,0.5,1,101,7.354748983201516e-05,6799,0.33333333333333337,0.02206424694960455,0.007354748983201516,0.29708077655482557,0,5,-0.23664231059622803,1.6240176727814954,1.0003383084302924,1329.2392284405482,6150.606978727861,4.720854275007557,4.720854275007557,4.7203869728016254,0,7.279588454256469e-08,0.023472070693969727
0,projgauss,random,0.0,1,5,0.03,0.5,1,101,7.354748983201516e-05,6799,0.33333333333333337,0.02206424694960455,0.007354748983201516,0.29708077655482557,0,5,-0.2642260793994969,1.644875868528723,1.0002974787203363,984.5544705989714,4057.4794937367105,4.736882052943855,4.736882052943855,4.736414750737923,0,7.279588454256469e-08,0.02244091033935547
0,spectral,random,0.0,1,5,0.03,0.5,1,101,7.354748983201516e-05,6799,0.33333333333333337,0.02206424694960455,0.007354748983201516,0.29708077655482557,0,5,-0.6797954172465674,3.6128869902859013,1.0001139452628072,6054.08436508,11966.77048481431,4.669734405656212,4.669734405656212,4.66926710345028,0,7.279588454256469e-08,0.03127002716064453
0,spectralg,random,0.0,1,5,0.03,0.5,1,101,7.354748983201516e-05,6799,0.33333333333333337,0.02206424694960455,0.007354748983201516,0.29708077655482557,0,5,-0.6797954172465674,3.6128869902859013,1.0001113363582237,6056.425383494865,11972.469956672694,4.661699800267067,4.661699800267067,4.6612324980611355,0,7.279588454256469e-08,0.045719146728515625
0,molfe,random,0.0,1,5,0.03,0.5,1,101,7.354748983201516e-05,6799,0.33333333333333337,0.02206424694960455,0.007354748983201516,0.29708077655482557,0,5,-0.05561049028385172,1.2035745766792298,1.003319364201061,83658615493.39331,3056520508024314.0,inf,1462510.2696373938,1462509.815213934,1,7.279588454256469e-08,0.02326798439025879
0,molrk3,random,0.0,1,5,0.03,0.5,1,101,7.354748983201516e-05,6799,0.33333333333333337,0.02206424694960455,0.007354748983201516,0.29708077655482557,0,5,-0.05534191929860596,1.2021554127662062,1.003324879385969,86636657686.14569,3229238705744128.0,inf,1515543.9767961102,1515543.5223726504,1,7.279588454256469e-08,0.024348735809326172
0,maxent,random,0.0,1,5,0.03,0.5,1,101,7.354748983201516e-05,6799,0.33333333333333337,0.02206424694960455,0.007354748983201516,0.29708077655482557,6,5,-0.2358934789301966,1.6240176727814954,1.0001346129469864,1391.022598740995,2754.4097443548335,4.684070051602218,4.684070051602218,4.683602749396286,0,7.279588454256469e-08,0.6562631130218506
0,lp,random,0.0,1,5,0.03,0.5,1,101,7.354748983201516e-05,6799,0.33333333333333337,0.02206424694960455,0.007354748983201516,0.29708077655482557,6,5,-0.2358934789301966,1.6240176727814954,1.0001153059173271,1612.3551564213026,3194.245119507441,4.651393889817621,4.651393889817621,4.650926587611689,0,7.279588454256469e-08,0.06829285621643066
0,lprand,random,0.0,1,5,0.03,0.5,1,101,7.354748983201516e-05,6799,0.33333333333333337,0.02206424694960455,0.007354748983201516,0.29708077655482557,6,5,-0.2358934789301966,1.6240176727814954,1.000126997633721,5929.6874757366695,11829.230611961606,4.679827124338118,4.679827124338118,4.679359822132186,0,7.279588454256469e-08,0.06804108619689941
0,maxentw,random,0.0,1,5,0.03,0.5,1,101,7.354748983201516e-05,6799,0.33333333333333337,0.02206424694960455,0.007354748983201516,0.29708077655482557,1,7,-0.15173549168225267,1.412404016228099,1.0000008533641567,539.0360728943813,1057.2400900951725,1.674646009933388,1.674646009933388,1.5895971304907262,0,7.279588454256469e-08,0.7547147274017334
0,minnorm,random,0.0,1,7,0.03,0.5,1,101,7.354748983201516e-05,6799,0.33333333333333337,0.02206424694960455,0.007354748983201516,0.29708077655482557,0,7,-0.22095259790376082,1.5983705222343236,0.9995320955927856,1.180682963924669,1.8540675690707826,0.1257385368403282,0.1257385368403282,1.2838466206414796,0,7.279588454256469e-08,0.0241849422454834
0,projgauss,random,0.0,1,7,0.03,0.5,1,101,7.354748983201516e-05,6799,0.33333333333333337,0.02206424694960455,0.007354748983201516,0.29708077655482557,0,7,-0.167133897808131,1.469262564839718,0.999483656997581,1.0795369884512507,1.5588316924674517,0.10527303756455553,0.10527303756455553,1.2870141520900495,0,7.279588454256469e-08,0.02633190155029297
0,spectral,random,0.0,1,7,0.03,0.5,1,101,7.354748983201516e-05,6799,0.33333333333333337,0.02206424694960455,0.007354748983201516,0.29708077655482557,0,7,-0.9012661653189044,4.100346983585475,0.9992969840069729,1.5923372165684784,14.732633819375472,0.06610912238067246,0.06610912238067246,1.2901551235013857,0,7.279588454256469e-08,0.03195691108703613
0,spectralg,random,0.0,1,7,0.03,0.5,1,101,7.354748983201516e-05,6799,0.33333333333333337,0.02206424694960455,0.007354748983201516,0.29708077655482557,0,7,-0.9012661653189044,4.100346983585475,0.9992969840069729,1.5923372165684784,14.732633819375472,0.06610912238067246,0.06610912238067246,1.2901551235013857,0,7.279588454256469e-08,0.0475921630859375
0,molfe,random,0.0,1,7,0.03,0.5,1,101,7.354748983201516e-05,6799,0.33333333333333337,0.02206424694960455,0.007354748983201516,0.29708077655482557,0,7,-0.01005626918508635,1.0408398286530682,1.0054228663519085,2.8376095312788904e+16,9.361114205483564e+23,inf,1488342.4247046069,1488343.5098544792,1,7.279588454256469e-08,0.01617884635925293
0,molrk3,random,0.0,1,7,0.03,0.5,1,101,7.354748983201516e-05,6799,0.33333333333333337,0.02206424694960455,0.007354748983201516,0.29708077655482557,0,7,-0.009965364676429576,1.0404771072770578,1.0054375966704516,3.134822366034852e+16,1.0838145885311427e+24,inf,1582453.4696717479,1582454.5548216202,1,7.279588454256469e-08,0.017309188842773438
0,maxent,random,0.0,1,7,0.03,0.5,1,101,7.354748983201516e-05,6799,0.33333333333333337,0.02206424694960455,0.007354748983201516,0.29708077655482557,1,7,-0.1693902935171847,1.338780587034368,0.9992698064784484,0.9633275922737617,1.5690772735629517,0.013050983687896034,0.018030409517711676,1.2900623467099765,0,7.279588454256469e-08,0.5202429294586182
0,lp,random,0.0,1,7,0.03,0.5,1,101,7.354748983201516e-05,6799,0.33333333333333337,0.02206424694960455,0.007354748983201516,0.29708077655482557,1,7,-0.1693902935171847,1.338780587034368,0.9992514819384748,0.9735478833248726,1.577716637711458,0.26144217811853876,0.26144217811853876,1.2900247216658016,0,7.279588454256469e-08,0.06607913970947266
0,lprand,random,0.0,1,7,0.03,0.5,1,101,7.354748983201516e-05,6799,0.33333333333333337,0.02206424694960455,0.007354748983201516,0.29708077655482557,1,7,-0.1693902935171847,1.338780587034368,0.9992755655626068,0.9636908612998235,1.548609049946838,0.2279931370090535,0.2279931370090535,1.2902244263305271,0,7.279588454256469e-08,0.06320309638977051
0,maxentw,random,0.0,1,7,0.03,0.5,1,101,7.354748983201516e-05,6799,0.33333333333333337,0.02206424694960455,0.007354748983201516,0.29708077655482557,1,7,-0.1693902935171847,1.338780587034368,0.9992698064784484,0.9633275922737617,1.5690772735629517,0.013050983687896034,0.018030409517711676,1.2900623467099765,0,7.279588454256469e-08,0.563892126083374
0,minnorm,random,0.0,2,3,0.03,0.5,1,101,8.552222657238959e-05,5847,0.33333333333333337,0.025656667971716875,0.00855222265723896,0.3203539790401666,0,3,-0.38506512033360396,1.7701302406672084,1.035700355873423,1.667677079644473e+90,3.086278048950303e+153,inf,3413043.473493074,3413042.8278415916,1,7.237944965599041e-08,0.009019851684570312
0,projgauss,random,0.0,2,3,0.03,0.5,1,101,8.552222657238959e-05,5847,0.33333333333333337,0.025656667971716875,0.00855222265723896,0.3203539790401666,0,3,-0.3850651203336045,1.7701302406672093,1.0357003558734224,1.6676770796384569e+90,3.0862780489310796e+153,inf,3413043.475483596,3413042.8298321133,1,7.237944965599041e-08,0.011147022247314453
0,spectral,random,0.0,2,3,0.03,0.5,1,101,8.552222657238959e-05,5847,0.33333333333333337,0.025656667971716875,0.00855222265723896,0.3203539790401666,0,3,-0.38506512033360396,1.7701302406672084,1.035700355873423,1.667677079644473e+90,3.086278048950303e+153,inf,3413043.473493074,3413042.8278415916,1,7.237944965599041e-08,0.010178089141845703
0,spectralg,random,0.0,2,3,0.03,0.5,1,101,8.552222657238959e-05,5847,0.33333333333333337,0.025656667971716875,0.00855222265723896,0.3203539790401666,0,3,-0.38506512033360396,1.7701302406672084,1.035700355873423,1.667677079644473e+90,3.086278048950303e+153,inf,3413043.473493074,3413042.8278415916,1,7.237944965599041e-08,0.010406970977783203
0,molfe,random,0.0,2,3,0.03,0.5,1,101,8.552222657238959e-05,5847,0.33333333333333337,0.025656667971716875,0.00855222265723896,0.3203539790401666,0,3,-0.3845798134611542,1.7691596269223084,1.0356663379495366,1.376461976150085e+90,2.222519966963367e+153,inf,3335627.650292171,3335627.0046406887,1,7.237944965599041e-08,0.00973200798034668
0,molrk3,random,0.0,2,3,0.03,0.5,1,101,8.552222657238959e-05,5847,0.33333333333333337,0.025656667971716875,0.00855222265723896,0.3203539790401666,0,3,-0.35108548222968083,1.7021709644593614,1.0363099435656487,5.20369429932165e+91,1.1088984445731756e+156,inf,5139981.726013466,5139981.080361983,1,7.237944965599041e-08,0.009629011154174805
0,maxent,random,0.0,2,3,0.03,0.5,1,101,8.552222657238959e-05,5847,0.33333333333333337,0.025656667971716875,0.00855222265723896,0.3203539790401666,33,3,-0.38506512033360396,1.7701302406672084,1.035700355873423,1.6676770796465243e+90,3.0862780489540995e+153,inf,3413043.4794536554,3413042.833802173,1,7.237944965599041e-08,0.8162469863891602
0,lp,random,0.0,2,3,0.03,0.5,1,101,8.552222657238959e-05,5847,0.33333333333333337,0.025656667971716875,0.00855222265723896,0.3203539790401666,33,3,-0.38506512033360396,1.7701302406672084,1.035700355873423,1.6676770796444428e+90,3.086278048950246e+153,inf,3413043.4724627202,3413042.8268112377,1,7.237944965599041e-08,0.048269033432006836
0,lprand,random,0.0,2,3,0.03,0.5,1,101,8.552222657238959e-05,5847,0.33333333333333337,0.025656667971716875,0.00855222265723896,0.3203539790401666,33,3,-0.38506512033360396,1.7701302406672084,1.035700355873423,1.6676770796444428e+90,3.086278048950246e+153,inf,3413043.4724627202,3413042.8268112377,1,7.237944965599041e-08,0.049833059310913086
0,maxentw,random,0.0,2,3,0.03,0.5,1,101,8.552222657238959e-05,5847,0.33333333333333337,0.025656667971716875,0.00855222265723896,0.3203539790401666,0,7,0.0,1.0000000000000004,0.9992507387681093,0.9660493823953648,1.0000000000000204,0.007731399761787272,0.007731399761787272,1.2914282877342211,0,7.237944965599041e-08,1.1204960346221924
0,minnorm,random,0.0,2,5,0.03,0.5,1,101,8.552222657238959e-05,5847,0.33333333333333337,0.025656667971716875,0.00855222265723896,0.3203539790401666,0,5,-0.25192907343063453,1.5665671379571642,1.0000213988059545,4740.415435906624,21621.027687403533,4.399330048603913,4.399330048603913,4.3899309521214995,0,7.237944965599041e-08,0.02208113670349121
0,projgauss,random,0.0,2,5,0.03,0.5,1,101,8.552222657238959e-05,5847,0.33333333333333337,0.025656667971716875,0.00855222265723896,0.3203539790401666,0,5,-0.22624368461458055,1.5835355463094887,1.0000003512766396,3322.772589880391,12330.365919189737,4.411784015844457,4.411784015844457,4.402384919362044,0,7.237944965599041e-08,0.020161151885986328
0,spectral,random,0.0,2,5,0.03,0.5,1,101,8.552222657238959e-05,5847,0.33333333333333337,0.025656667971716875,0.00855222265723896,0.3203539790401666,0,5,-0.8232958222267488,3.409841448797283,1.0000003379696407,11871.241859992628,32517.249490144965,4.46097264589956,4.46097264589956,4.451573549417147,0,7.237944965599041e-08,0.02706599235534668
0,spectralg,random,0.0,2,5,0.03,0.5,1,101,8.552222657238959e-05,5847,0.33333333333333337,0.025656667971716875,0.00855222265723896,0.3203539790401666,0,5,-0.8232958222267488,3.409841448797283,1.0000004729902472,11871.241859992628,32517.249490144965,4.460972645899197,4.460972645899197,4.451573549416784,0,7.237944965599041e-08,0.03856205940246582
0,molfe,random,0.0,2,5,0.03,0.5,1,101,8.552222657238959e-05,5847,0.33333333333333337,0.025656667971716875,0.00855222265723896,0.3203539790401666,0,5,-0.03605894512459343,1.1523058528769436,1.0035992597581853,35639455473.42435,1.0764481466230608e+17,2224.136345060719,2224.136345060719,2223.8803154169577,1,7.237944965599041e-08,0.0234372615814209
0,molrk3,random,0.0,2,5,0.03,0.5,1,101,8.552222657238959e-05,5847,0.33333333333333337,0.025656667971716875,0.00855222265723896,0.3203539790401666,0,5,-0.035900175005311646,1.1509392600924717,1.0036057448648001,37011764687.43055,1.1483030037102482e+17,2308.9334677270044,2308.9334677270044,2308.677438083243,1,7.237944965599041e-08,0.020845890045166016
0,maxent,random,0.0,2,5,0.03,0.5,1,101,8.552222657238959e-05,5847,0.33333333333333337,0.025656667971716875,0.00855222265723896,0.3203539790401666,4,5,-0.21384534162856772,1.5665671379571642,1.0000002257627656,3721.863019879483,10198.431212843558,4.4771366772528,4.4771366772528,4.467737580770387,0,7.237944965599041e-08,0.7123739719390869
0,lp,random,0.0,2,5,0.03,0.5,1,101,8.552222657238959e-05,5847,0.33333333333333337,0.025656667971716875,0.00855222265723896,0.3203539790401666,4,5,-0.21384534162856772,1.5665671379571642,1.000000243873778,4477.50383795274,12302.640679754393,4.473142170435609,4.473142170435609,4.463743073953196,0,7.237944965599041e-08,0.06357502937316895
0,lprand,random,0.0,2,5,0.03,0.5,1,101,8.552222657238959e-05,5847,0.33333333333333337,0.025656667971716875,0.00855222265723896,0.3203539790401666,4,5,-0.21384534162856772,1.5665671379571642,1.0000001792456519,4202.784026811227,11511.456578973446,4.473336446513741,4.473336446513741,4.463937350031328,0,7.237944965599041e-08,0.06436991691589355
0,maxentw,random,0.0,2,5,0.03,0.5,1,101,8.552222657238959e-05,5847,0.33333333333333337,0.025656667971716875,0.00855222265723896,0.3203539790401666,0,7,0.0,1.0000000000000004,0.9992507469668367,0.9660450048888484,1.0000000000000215,0.007733571613710244,0.007733571613710244,1.2914282742612226,0,7.237944965599041e-08,0.7129859924316406
0,minnorm,random,0.0,2,7,0.03,0.5,1,101,8.552222657238959e-05,5847,0.33333333333333337,0.025656667971716875,0.00855222265723896,0.3203539790401666,0,7,-0.2156130111506289,1.5334236151794556,0.9994631058907599,1.414964149616451,1.73387967701899,0.24737496472537412,0.24737496472537412,1.2920294337669662,0,7.237944965599041e-08,0.023967981338500977
0,projgauss,random,0.0,2,7,0.03,0.5,1,101,8.552222657238959e-05,5847,0.33333333333333337,0.025656667971716875,0.00855222265723896,0.3203539790401666,0,7,-0.13926425600960432,1.3926678461949298,0.9993708242699634,1.2665977870581127,1.528860083927806,0.23924000235379073,0.23924000235379073,1.2920139368655947,0,7.237944965599041e-08,0.020641088485717773
0,spectral,random,0.0,2,7,0.03,0.5,1,101,8.552222657238959e-05,5847,0.33333333333333337,0.025656667971716875,0.00855222265723896,0.3203539790401666,0,7,-0.666827651307458,3.1856999966392303,0.9992353272532302,2.337535075543225,9.437249676301505,0.03465622107944588,0.03465622107944588,1.2914434896110418,0,7.237944965599041e-08,0.028748035430908203
0,spectralg,random,0.0,2,7,0.03,0.5,1,101,8.552222657238959e-05,5847,0.33333333333333337,0.025656667971716875,0.00855222265723896,0.3203539790401666,0,7,-0.666827651307458,3.1856999966392303,0.9992353272532302,2.337535075543225,9.437249676301505,0.03465622107944588,0.03465622107944588,1.2914434896110418,0,7.237944965599041e-08,0.040316104888916016
0,molfe,random,0.0,2,7,0.03,0.5,1,101,8.552222657238959e-05,5847,0.33333333333333337,0.025656667971716875,0.00855222265723896,0.3203539790401666,0,7,-0.015152125882829418,1.0769970741979527,1.003098397728395,650377531.3544071,265006288814207.12,1050223.425514022,1050223.425514022,1050223.4263298397,1,7.237944965599041e-08,0.026355266571044922
0,molrk3,random,0.0,2,7,0.03,0.5,1,101,8.552222657238959e-05,5847,0.33333333333333337,0.025656667971716875,0.00855222265723896,0.3203539790401666,0,7,-0.01499273539540279,1.0761512761015495,1.0031032027201054,669126077.4379895,278107777963818.62,1077252.1624831462,1077252.1624831462,1077252.163298964,1,7.237944965599041e-08,0.020739078521728516
0,maxent,random,0.0,2,7,0.03,0.5,1,101,8.552222657238959e-05,5847,0.33333333333333337,0.025656667971716875,0.00855222265723896,0.3203539790401666,0,7,0.0,1.0000000000000004,0.9992507336957465,0.9660086145772298,1.0000000000000158,0.007822245176023812,0.007822245176023812,1.291428273019989,0,7.237944965599041e-08,0.6103880405426025
0,lp,random,0.0,2,7,0.03,0.5,1,101,8.552222657238959e-05,5847,0.33333333333333337,0.025656667971716875,0.00855222265723896,0.3203539790401666,0,7,0.0,1.0000000000000002,0.9991663380781189,0.9682672324604892,1.0000000000000135,0.0993695867070758,0.0993695867070758,1.2913161532047146,0,7.237944965599041e-08,0.06765007972717285
0,lprand,random,0.0,2,7,0.03,0.5,1,101,8.552222657238959e-05,5847,0.33333333333333337,0.025656667971716875,0.00855222265723896,0.3203539790401666,0,7,0.0,1.0000000000000002,0.9992149436137191,0.964312676122342,1.0000000000000036,0.006798171414492349,0.008286719178317692,1.2913256576788128,0,7.237944965599041e-08,0.06342101097106934
0,maxentw,random,0.0,2,7,0.03,0.5,1,101,8.552222657238959e-05,5847,0.33333333333333337,0.025656667971716875,0.00855222265723896,0.3203539790401666,0,7,0.0,1.0000000000000004,0.9992507336957465,0.9660086145772298,1.0000000000000158,0.007822245176023812,0.007822245176023812,1.291428273019989,0,7.237944965599041e-08,0.6069061756134033
0,minnorm,jitter,0.0,0,3,0.01,0.5,1,101,0.002499999999999949,201,1.0,0.2499999999999949,0.2499999999999949,0.9999999999999898,0,3,0.0,1.0000000000000009,0.9411399420934006,0.9999255385657214,1.0000000000000067,0.015315031745445573,0.015315031745445573,1.296323717636069,0,8.174808409089351e-07,0.007929086685180664
0,projgauss,jitter,0.0,0,3,0.01,0.5,1,101,0.002499999999999949,201,1.0,0.2499999999999949,0.2499999999999949,0.9999999999999898,0,3,0.0,1.0000000000000002,0.9411422945891224,0.9999255385656093,1.000000000000001,0.015315031745516738,0.015315031745516738,1.2963237176360658,0,8.174808409089351e-07,0.009115934371948242
0,spectral,jitter,0.0,0,3,0.01,0.5,1,101,0.002499999999999949,201,1.0,0.2499999999999949,0.2499999999999949,0.9999999999999898,0,3,0.0,1.0000000000000009,0.9411399420934006,0.9999255385657214,1.0000000000000067,0.015315031745445573,0.015315031745445573,1.296323717636069,0,8.174808409089351e-07,0.00853872299194336
0,spectralg,jitter,0.0,0,3,0.01,0.5,1,101,0.002499999999999949,201,1.0,0.2499999999999949,0.2499999999999949,0.9999999999999898,0,3,0.0,1.0000000000000009,0.9411399420934006,0.9999255385657214,1.0000000000000067,0.015315031745445573,0.015315031745445573,1.296323717636069,0,8.174808409089351e-07,0.009709835052490234
0,molfe,jitter,0.0,0,3,0.01,0.5,1,101,0.002499999999999949,201,1.0,0.2499999999999949,0.2499999999999949,0.9999999999999898,0,3,0.0,1.0,0.9327934880036441,0.9999792163934077,1.0,0.037319077690125546,0.037319077690125546,1.2966439780083672,0,8.174808409089351e-07,0.008410930633544922
0,molrk3,jitter,0.0,0,3,0.01,0.5,1,101,0.002499999999999949,201,1.0,0.2499999999999949,0.2499999999999949,0.9999999999999898,0,3,0.0,1.0,0.9414315586807929,0.9999122025664937,1.0,0.031648313245716486,0.031648313245716486,1.2963132591790971,0,8.174808409089351e-07,0.008156776428222656
0,maxent,jitter,0.0,0,3,0.01,0.5,1,101,0.002499999999999949,201,1.0,0.2499999999999949,0.2499999999999949,0.9999999999999898,0,3,0.0,1.0,0.9411428024268963,0.9999255385656322,1.0000000000000009,0.015315031745501195,0.015315031745501195,1.2963237176360662,0,8.174808409089351e-07,0.019448041915893555
0,lp,jitter,0.0,0,3,0.01,0.5,1,101,0.002499999999999949,201,1.0,0.2499999999999949,0.2499999999999949,0.9999999999999898,0,3,0.0,1.0,0.9411428024270275,0.9999255385656217,1.0000000000000002,0.015315031745510743,0.015315031745510743,1.2963237176360658,0,8.174808409089351e-07,0.04764699935913086
0,lprand,jitter,0.0,0,3,0.01,0.5,1,101,0.002499999999999949,201,1.0,0.2499999999999949,0.2499999999999949,0.9999999999999898,0,3,0.0,1.0,0.9411428024270275,0.9999255385656217,1.0000000000000002,0.015315031745510743,0.015315031745510743,1.2963237176360658,0,8.174808409089351e-07,0.0486447811126709
0,maxentw,jitter,0.0,0,3,0.01,0.5,1,101,0.002499999999999949,201,1.0,0.2499999999999949,0.2499999999999949,0.9999999999999898,0,3,0.0,1.0,0.9411428024268963,0.9999255385656322,1.0000000000000009,0.015315031745501195,0.015315031745501195,1.2963237176360662,0,8.174808409089351e-07,0.018913984298706055
0,minnorm,jitter,0.0,0,5,0.01,0.5,1,101,0.002499999999999949,201,1.0,0.2499999999999949,0.2499999999999949,0.9999999999999898,0,5,-0.08392857142857277,1.1678571428571454,0.9398152960674094,1.0157896790449117,1.1678571428571456,0.059113241666420735,0.059113241666420735,1.2963052945632412,0,8.174808409089351e-07,0.0077762603759765625
0,projgauss,jitter,0.0,0,5,0.01,0.5,1,101,0.002499999999999949,201,1.0,0.2499999999999949,0.2499999999999949,0.9999999999999898,0,5,-0.038114794812606836,1.0762295896252136,0.9383422747299686,1.0007328636432964,1.0762295896252136,0.03508979572058435,0.03508979572058435,1.2963122560445277,0,8.174808409089351e-07,0.008870840072631836
0,spectral,jitter,0.0,0,5,0.01,0.5,1,101,0.002499999999999949,201,1.0,0.2499999999999949,0.2499999999999949,0.9999999999999898,0,5,-0.008721800894537488,1.0174436017890753,0.9432442794627762,0.9999180596345002,1.0174436017890753,0.007630621731581466,0.007630621731581466,1.2963210683349056,0,8.174808409089351e-07,0.012927055358886719
0,spectralg,jitter,0.0,0,5,0.01,0.5,1,101,0.002499999999999949,201,1.0,0.2499999999999949,0.2499999999999949,0.9999999999999898,0,5,-0.008721800894537488,1.0174436017890753,0.9432442794627762,0.9999180596345002,1.0174436017890753,0.007630621731581466,0.007630621731581466,1.2963210683349056,0,8.174808409089351e-07,0.02479696273803711
0,molfe,jitter,0.0,0,5,0.01,0.5,1,101,0.002499999999999949,201,1.0,0.2499999999999949,0.2499999999999949,0.9999999999999898,0,5,-0.14285714285713982,1.4785714285714184,1.1235337558304601,453291263365.9823,3.169694525484222e+56,inf,1489483.2951263923,1489483.2862386338,1,8.174808409089351e-07,0.008526086807250977
0,molrk3,jitter,0.0,0,5,0.01,0.5,1,101,0.002499999999999949,201,1.0,0.2499999999999949,0.2499999999999949,0.9999999999999898,0,5,-0.12863934189747084,1.4394826439504287,1.13147825715764,2944929200009.604,7.201489742927754e+59,inf,1264152.7407062664,1264152.7619350217,1,8.174808409089351e-07,0.00846099853515625
0,maxent,jitter,0.0,0,5,0.01,0.5,1,101,0.002499999999999949,201,1.0,0.2499999999999949,0.2499999999999949,0.9999999999999898,0,5,0.0,1.0000000000000002,0.9435057310261482,0.9999173983149108,1.0000000000000004,0.00871473458957539,0.00871473458957539,1.29631994686094,0,8.174808409089351e-07,0.025223255157470703
0,lp,jitter,0.0,0,5,0.01,0.5,1,101,0.002499999999999949,201,1.0,0.2499999999999949,0.2499999999999949,0.9999999999999898,0,5,0.0,1.0,0.9171598874511022,0.9999950670601528,1.0000000000000002,0.34056980859701547,0.34056980859701547,1.2963010435514806,0,8.174808409089351e-07,0.05059981346130371
0,lprand,jitter,0.0,0,5,0.01,0.5,1,101,0.002499999999999949,201,1.0,0.2499999999999949,0.2499999999999949,0.9999999999999898,0,5,0.0,1.0,0.9419327902641205,0.999997968591328,1.0000000000000004,0.34161403879609675,0.34161403879609675,1.296330411684186,0,8.174808409089351e-07,0.04997587203979492
0,maxentw,jitter,0.0,0,5,0.01,0.5,1,101,0.002499999999999949,201,1.0,0.2499999999999949,0.2499999999999949,0.9999999999999898,0,5,0.0,1.0000000000000002,0.9435057310261482,0.9999173983149108,1.0000000000000004,0.00871473458957539,0.00871473458957539,1.29631994686094,0,8.174808409089351e-07,0.025915861129760742
0,minnorm,jitter,0.0,0,7,0.01,0.5,1,101,0.002499999999999949,201,1.0,0.2499999999999949,0.2499999999999949,0.9999999999999898,0,7,-0.11235119047619135,1.2470238095238135,0.9493748383702795,1.1100918740201486,1.2470238095238138,0.10726564725950505,0.10726564725950505,1.2962712073457743,0,8.174808409089351e-07,0.008357048034667969
0,projgauss,jitter,0.0,0,7,0.01,0.5,1,101,0.002499999999999949,201,1.0,0.2499999999999949,0.2499999999999949,0.9999999999999898,0,7,-0.02831673490531739,1.0953377866541618,0.9396071621259038,1.0221170131613015,1.0953377866541618,0.040529838731286794,0.040529838731286794,1.2963058454413936,0,8.174808409089351e-07,0.009116172790527344
0,spectral,jitter,0.0,0,7,0.01,0.5,1,101,0.002499999999999949,201,1.0,0.2499999999999949,0.2499999999999949,0.9999999999999898,0,7,-0.012063695389188408,1.035337923795462,0.9430036789184525,0.9999298184683544,1.035337923795462,0.014621655798313204,0.014621655798313204,1.296317505984121,0,8.174808409089351e-07,0.014370918273925781
0,spectralg,jitter,0.0,0,7,0.01,0.5,1,101,0.002499999999999949,201,1.0,0.2499999999999949,0.2499999999999949,0.9999999999999898,0,7,-0.012063695389188408,1.035337923795462,0.9430036789184525,0.9999298184683544,1.035337923795462,0.014621655798313204,0.014621655798313204,1.296317505984121,0,8.174808409089351e-07,0.029442787170410156
0,molfe,jitter,0.0,0,7,0.01,0.5,1,101,0.002499999999999949,201,1.0,0.2499999999999949,0.2499999999999949,0.9999999999999898,0,7,-0.07142857142857006,1.3928571428571355,1.0389765057085982,54448.638757271925,1.442788350048428e+174,30.696013535692654,30.696013535692654,30.69852391532094,1,8.174808409089351e-07,0.00894021987915039
0,molrk3,jitter,0.0,0,7,0.01,0.5,1,101,0.002499999999999949,201,1.0,0.2499999999999949,0.2499999999999949,0.9999999999999898,0,7,-0.06822258138126161,1.3813195804735516,1.03968549668178,71997.91865081472,1.3089926924518321e+177,40.73431786735461,40.73431786735461,40.736828246982896,1,8.174808409089351e-07,0.008893013000488281
0,maxent,jitter,0.0,0,7,0.01,0.5,1,101,0.002499999999999949,201,1.0,0.2499999999999949,0.2499999999999949,0.9999999999999898,0,7,0.0,1.0000000000000002,0.9435806207214805,0.9999169064089896,1.0000000000000009,0.008934280867371802,0.008934280867371802,1.2963198243537841,0,8.174808409089351e-07,0.07535004615783691
0,lp,jitter,0.0,0,7,0.01,0.5,1,101,0.002499999999999949,201,1.0,0.2499999999999949,0.2499999999999949,0.9999999999999898,0,7,0.0,1.0,0.9052462709639625,0.9999759474158644,1.0000000000000002,0.23298454373440258,0.23298454373440258,1.2962904564767934,0,8.174808409089351e-07,0.049681901931762695
0,lprand,jitter,0.0,0,7,0.01,0.5,1,101,0.002499999999999949,201,1.0,0.2499999999999949,0.2499999999999949,0.9999999999999898,0,7,0.0,1.0000000000000002,0.9403213708442879,0.9999965161386856,1.0000000000000004,0.34118235500269145,0.34118235500269145,1.296325840823173,0,8.174808409089351e-07,0.05155491828918457
0,maxentw,jitter,0.0,0,7,0.01,0.5,1,101,0.002499999999999949,201,1.0,0.2499999999999949,0.2499999999999949,0.9999999999999898,0,7,0.0,1.0000000000000002,0.9435806207214805,0.9999169064089896,1.0000000000000009,0.008934280867371802,0.008934280867371802,1.2963198243537841,0,8.174808409089351e-07,0.07358884811401367
0,minnorm,jitter,0.1,0,3,0.01,0.5,1,101,0.0016376429299489038,306,1.0,0.16376429299489037,0.16376429299489037,0.8093560230081454,0,3,0.0,1.0000000000000013,0.9626739777990664,0.9999199690567829,1.0000000000000209,0.008376992153451224,0.008376992153451224,1.2964143017379908,0,8.142793472831755e-07,0.010303974151611328
0,projgauss,jitter,0.1,0,3,0.01,0.5,1,101,0.0016376429299489038,306,1.0,0.16376429299489037,0.16376429299489037,0.8093560230081454,0,3,0.0,1.0000000000000007,0.9626669131239303,0.9999199690567674,1.0000000000000109,0.008376992153435125,0.008376992153435125,1.2964143017379914,0,8.142793472831755e-07,0.008926868438720703
0,spectral,jitter,0.1,0,3,0.01,0.5,1,101,0.0016376429299489038,306,1.0,0.16376429299489037,0.16376429299489037,0.8093560230081454,0,3,0.0,1.0000000000000013,0.9626739777990664,0.9999199690567829,1.0000000000000209,0.008376992153451224,0.008376992153451224,1.2964143017379908,0,8.142793472831755e-07,0.009134054183959961
0,spectralg,jitter,0.1,0,3,0.01,0.5,1,101,0.0016376429299489038,306,1.0,0.16376429299489037,0.16376429299489037,0.8093560230081454,0,3,0.0,1.0000000000000013,0.9626739777990664,0.9999199690567829,1.0000000000000209,0.008376992153451224,0.008376992153451224,1.2964143017379908,0,8.142793472831755e-07,0.009444236755371094
0,molfe,jitter,0.1,0,3,0.01,0.5,1,101,0.0016376429299489038,306,1.0,0.16376429299489037,0.16376429299489037,0.8093560230081454,0,3,0.0,1.0000000000000002,0.9609099500826634,0.9999636772324466,1.0000000000000009,0.04435198812941821,0.04435198812941821,1.2966204724082213,0,8.142793472831755e-07,0.009684085845947266
0,molrk3,jitter,0.1,0,3,0.01,0.5,1,101,0.0016376429299489038,306,1.0,0.16376429299489037,0.16376429299489037,0.8093560230081454,0,3,0.0,1.0000000000000002,0.961474610477015,0.999915772248365,1.0000000000000004,0.0408037150973205,0.0408037150973205,1.2964077098013076,0,8.142793472831755e-07,0.010386943817138672
0,maxent,jitter,0.1,0,3,0.01,0.5,1,101,0.0016376429299489038,306,1.0,0.16376429299489037,0.16376429299489037,0.8093560230081454,0,3,0.0,1.0000000000000002,0.9620602049268488,0.9999199690568057,1.000000000000003,0.008376992162724695,0.008376992162724695,1.2964143017379914,0,8.142793472831755e-07,0.1690518856048584
0,lp,jitter,0.1,0,3,0.01,0.5,1,101,0.0016376429299489038,306,1.0,0.16376429299489037,0.16376429299489037,0.8093560230081454,0,3,0.0,1.0,0.9600372274442112,0.9999199690567563,1.0000000000000004,0.00837699215342702,0.00837699215342702,1.2964143017379912,0,8.142793472831755e-07,0.048590898513793945
0,lprand,jitter,0.1,0,3,0.01,0.5,1,101,0.0016376429299489038,306,1.0,0.16376429299489037,0.16376429299489037,0.8093560230081454,0,3,0.0,1.0,0.9600372274442112,0.9999199690567563,1.0000000000000004,0.00837699215342702,0.00837699215342702,1.2964143017379912,0,8.142793472831755e-07,0.04913496971130371
0,maxentw,jitter,0.1,0,3,0.01,0.5,1,101,0.0016376429299489038,306,1.0,0.16376429299489037,0.16376429299489037,0.8093560230081454,0,3,0.0,1.0000000000000002,0.9620602049268488,0.9999199690568057,1.000000000000003,0.008376992162724695,0.008376992162724695,1.2964143017379914,0,8.142793472831755e-07,0.1703481674194336
0,minnorm,jitter,0.1,0,5,0.01,0.5,1,101,0.0016376429299489038,306,1.0,0.16376429299489037,0.16376429299489037,0.8093560230081454,0,5,-0.10311594724386713,1.206231894487734,0.9599533458067573,1.0504583031661792,1.2062318944877337,0.08620456587241943,0.08620456587241943,1.2963966720570328,0,8.142793472831755e-07,0.009437322616577148
0,projgauss,jitter,0.1,0,5,0.01,0.5,1,101,0.0016376429299489038,306,1.0,0.16376429299489037,0.16376429299489037,0.8093560230081454,0,5,-0.06256428086262081,1.1628799489961732,0.9600745320471524,1.0167890580651813,1.1628799489961732,0.06335640510607365,0.06335640510607365,1.2964027321206857,0,8.142793472831755e-07,0.008759021759033203
0,spectral,jitter,0.1,0,5,0.01,0.5,1,101,0.0016376429299489038,306,1.0,0.16376429299489037,0.16376429299489037,0.8093560230081454,0,5,-0.04735777004638084,1.0947155400927608,0.9637007541874928,0.9999194314195309,1.094715540092761,0.02139262230465977,0.02139262230465977,1.29642001935802,0,8.142793472831755e-07,0.013868093490600586
0,spectralg,jitter,0.1,0,5,0.01,0.5,1,101,0.0016376429299489038,306,1.0,0.16376429299489037,0.16376429299489037,0.8093560230081454,0,5,-0.04735777004638084,1.0947155400927608,0.9637007541874928,0.9999194314195309,1.094715540092761,0.02139262230465977,0.02139262230465977,1.29642001935802,0,8.142793472831755e-07,0.026735782623291016
0,molfe,jitter,0.1,0,5,0.01,0.5,1,101,0.0016376429299489038,306,1.0,0.16376429299489037,0.16376429299489037,0.8093560230081454,0,5,-0.09127532880355826,1.3095561074123194,1.0805411683676587,776080801448.5433,inf,inf,1259070.4959789438,1259070.4783503197,1,8.142793472831755e-07,0.009244918823242188
0,molrk3,jitter,0.1,0,5,0.01,0.5,1,101,0.0016376429299489038,306,1.0,0.16376429299489037,0.16376429299489037,0.8093560230081454,0,5,-0.08512890853142423,1.2924553299211798,1.083871681924833,2680834028921.0967,inf,inf,1167026.225736637,1167026.2756356876,1,8.142793472831755e-07,0.00918889045715332
0,maxent,jitter,0.1,0,5,0.01,0.5,1,101,0.0016376429299489038,306,1.0,0.16376429299489037,0.16376429299489037,0.8093560230081454,0,5,0.0,1.0000000000000002,0.9625117400962131,0.9999169591094251,1.000000000000001,0.012847515752165029,0.012847515752165029,1.2964133688594084,0,8.142793472831755e-07,0.04849815368652344
0,lp,jitter,0.1,0,5,0.01,0.5,1,101,0.0016376429299489038,306,1.0,0.16376429299489037,0.16376429299489037,0.8093560230081454,0,5,0.0,1.0,0.9616902127070727,0.9999942062621612,1.000000000000001,0.3674626122356578,0.3674626122356578,1.2963933964345,0,8.142793472831755e-07,0.05189990997314453
0,lprand,jitter,0.1,0,5,0.01,0.5,1,101,0.0016376429299489038,306,1.0,0.16376429299489037,0.16376429299489037,0.8093560230081454,0,5,0.0,1.0,0.9601817936937848,0.999997185244184,1.0000000000000007,0.3685154568312232,0.3685154568312232,1.2963951186173235,0,8.142793472831755e-07,0.05100703239440918
0,maxentw,jitter,0.1,0,5,0.01,0.5,1,101,0.0016376429299489038,306,1.0,0.16376429299489037,0.16376429299489037,0.8093560230081454,0,5,0.0,1.0000000000000002,0.9625117400962131,0.9999169591094251,1.000000000000001,0.012847515752165029,0.012847515752165029,1.2964133688594084,0,8.142793472831755e-07,0.0495600700378418
0,minnorm,jitter,0.1,0,7,0.01,0.5,1,101,0.0016376429299489038,306,1.0,0.16376429299489037,0.16376429299489037,0.8093560230081454,0,7,-0.12966921203714776,1.3344795406636898,0.9704613127560106,1.1405828910876075,1.3344795406636898,0.12201038917607843,0.12201038917607843,1.2963510929881261,0,8.142793472831755e-07,0.008264780044555664
0,projgauss,jitter,0.1,0,7,0.01,0.5,1,101,0.0016376429299489038,306,1.0,0.16376429299489037,0.16376429299489037,0.8093560230081454,0,7,-0.04657860546779853,1.1732835208714258,0.959224045354994,1.0492269820069944,1.1732835208714258,0.07830338773281642,0.07830338773281642,1.2963902979478523,0,8.142793472831755e-07,0.009319067001342773
0,spectral,jitter,0.1,0,7,0.01,0.5,1,101,0.0016376429299489038,306,1.0,0.16376429299489037,0.16376429299489037,0.8093560230081454,0,7,-0.09249573864393876,1.2287438137840727,0.9612213365692891,1.0006831122245647,1.2287438137840727,0.03757060681274138,0.03757060681274138,1.296405002921844,0,8.142793472831755e-07,0.015757083892822266
0,spectralg,jitter,0.1,0,7,0.01,0.5,1,101,0.0016376429299489038,306,1.0,0.16376429299489037,0.16376429299489037,0.8093560230081454,0,7,-0.09249573864393876,1.2287438137840727,0.9612213365692891,1.0006831122245647,1.2287438137840727,0.03757060681274138,0.03757060681274138,1.296405002921844,0,8.142793472831755e-07,0.030030012130737305
0,molfe,jitter,0.1,0,7,0.01,0.5,1,101,0.0016376429299489038,306,1.0,0.16376429299489037,0.16376429299489037,0.8093560230081454,0,7,-0.04459035922725431,1.2512181085002605,1.0253912883753544,66056.49293230897,7.997379472750113e+116,26.735350957022234,26.735350957022234,26.741431227726178,1,8.142793472831755e-07,0.00820302963256836
0,molrk3,jitter,0.1,0,7,0.01,0.5,1,101,0.0016376429299489038,306,1.0,0.16376429299489037,0.16376429299489037,0.8093560230081454,0,7,-0.043355482602331526,1.2463745919977494,1.0256903385927214,79899.9654672273,1.7460080961945721e+118,32.51860597985735,32.51860597985735,32.52468625056129,1,8.142793472831755e-07,0.008534908294677734
0,maxent,jitter,0.1,0,7,0.01,0.5,1,101,0.0016376429299489038,306,1.0,0.16376429299489037,0.16376429299489037,0.8093560230081454,0,7,0.0,1.0000000000000002,0.962899945555775,0.9999169631904975,1.0000000000000013,0.012854624132739412,0.012854624132739412,1.2964133648304883,0,8.142793472831755e-07,0.11493110656738281
0,lp,jitter,0.1,0,7,0.01,0.5,1,101,0.0016376429299489038,306,1.0,0.16376429299489037,0.16376429299489037,0.8093560230081454,0,7,0.0,1.0,0.9607741270077458,0.9999329982146696,1.0000000000000007,0.25756039662918495,0.25756039662918495,1.296385638647757,0,8.142793472831755e-07,0.05177760124206543
0,lprand,jitter,0.1,0,7,0.01,0.5,1,101,0.0016376429299489038,306,1.0,0.16376429299489037,0.16376429299489037,0.8093560230081454,0,7,0.0,1.0,0.9608066163991134,0.9999956708836858,1.0000000000000009,0.36783988558986114,0.36783988558986114,1.2963926620118575,0,8.142793472831755e-07,0.05249810218811035
0,maxentw,jitter,0.1,0,7,0.01,0.5,1,101,0.0016376429299489038,306,1.0,0.16376429299489037,0.16376429299489037,0.8093560230081454,0,7,0.0,1.0000000000000002,0.962899945555775,0.9999169631904975,1.0000000000000013,0.012854624132739412,0.012854624132739412,1.2964133648304883,0,8.142793472831755e-07,0.11387300491333008
0,minnorm,jitter,0.1,1,3,0.01,0.5,1,101,0.0016993317484049848,295,1.0,0.16993317484049847,0.16993317484049847,0.8244590343746583,0,3,0.0,1.0000000000000018,0.9615102780227652,0.9999203721164321,1.0000000000000169,0.0031933457925181763,0.0031933457925181763,1.296835804783104,0,8.138090245024543e-07,0.009231090545654297
0,projgauss,jitter,0.1,1,3,0.01,0.5,1,101,0.0016993317484049848,295,1.0,0.16993317484049847,0.16993317484049847,0.8244590343746583,0,3,0.0,1.0000000000000007,0.9615711219161462,0.9999203721164014,1.000000000000003,0.0031933457925388264,0.0031933457925388264,1.2968358047831026,0,8.138090245024543e-07,0.009179830551147461
0,spectral,jitter,0.1,1,3,0.01,0.5,1,101,0.0016993317484049848,295,1.0,0.16993317484049847,0.16993317484049847,0.8244590343746583,0,3,0.0,1.0000000000000018,0.9615102780227652,0.9999203721164321,1.0000000000000169,0.0031933457925181763,0.0031933457925181763,1.296835804783104,0,8.138090245024543e-07,0.00970911979675293
0,spectralg,jitter,0.1,1,3,0.01,0.5,1,101,0.0016993317484049848,295,1.0,0.16993317484049847,0.16993317484049847,0.8244590343746583,0,3,0.0,1.0000000000000018,0.9615102780227652,0.9999203721164321,1.0000000000000169,0.0031933457925181763,0.0031933457925181763,1.296835804783104,0,8.138090245024543e-07,0.01088714599609375
0,molfe,jitter,0.1,1,3,0.01,0.5,1,101,0.0016993317484049848,295,1.0,0.16993317484049847,0.16993317484049847,0.8244590343746583,0,3,0.0,1.0000000000000002,0.959697388683222,0.9999636992135701,1.0000000000000004,0.03256014039013788,0.03256014039013788,1.2970203888027245,0,8.138090245024543e-07,0.010434865951538086
0,molrk3,jitter,0.1,1,3,0.01,0.5,1,101,0.0016993317484049848,295,1.0,0.16993317484049847,0.16993317484049847,0.8244590343746583,0,3,0.0,1.0000000000000002,0.9602500645584396,0.9999129884207805,1.0000000000000004,0.028707100962484633,0.028707100962484633,1.296829725617688,0,8.138090245024543e-07,0.00985097885131836
0,maxent,jitter,0.1,1,3,0.01,0.5,1,101,0.0016993317484049848,295,1.0,0.16993317484049847,0.16993317484049847,0.8244590343746583,0,3,0.0,1.0000000000000002,0.9615743085533277,0.9999203721164498,1.0000000000000009,0.003193345791769886,0.003193345791769886,1.2968358047831035,0,8.138090245024543e-07,0.04754209518432617
0,lp,jitter,0.1,1,3,0.01,0.5,1,101,0.0016993317484049848,295,1.0,0.16993317484049847,0.16993317484049847,0.8244590343746583,0,3,0.0,1.0,0.9615128500114131,0.9999203721163816,1.0000000000000004,0.003193345792550817,0.003193345792550817,1.296835804783103,0,8.138090245024543e-07,0.04934811592102051
0,lprand,jitter,0.1,1,3,0.01,0.5,1,101,0.0016993317484049848,295,1.0,0.16993317484049847,0.16993317484049847,0.8244590343746583,0,3,0.0,1.0,0.9615128500114131,0.9999203721163816,1.0000000000000004,0.003193345792550817,0.003193345792550817,1.296835804783103,0,8.138090245024543e-07,0.04893088340759277
0,maxentw,jitter,0.1,1,3,0.01,0.5,1,101,0.0016993317484049848,295,1.0,0.16993317484049847,0.16993317484049847,0.8244590343746583,0,3,0.0,1.0000000000000002,0.9615743085533277,0.9999203721164498,1.0000000000000009,0.003193345791769886,0.003193345791769886,1.2968358047831035,0,8.138090245024543e-07,0.04694509506225586
0,minnorm,jitter,0.1,1,5,0.01,0.5,1,101,0.0016993317484049848,295,1.0,0.16993317484049847,0.16993317484049847,0.8244590343746583,0,5,-0.10440459046451894,1.208809180929038,0.9582375744876597,1.0390440432475267,1.2088091809290378,0.07475334020702518,0.07475334020702518,1.2968207376144925,0,8.138090245024543e-07,0.008193016052246094
0,projgauss,jitter,0.1,1,5,0.01,0.5,1,101,0.0016993317484049848,295,1.0,0.16993317484049847,0.16993317484049847,0.8244590343746583,0,5,-0.05758433391506206,1.1441891705953346,0.9589961804019054,1.0153098829565006,1.1441891705953349,0.0498967119483269,0.0498967119483269,1.2968260707187298,0,8.138090245024543e-07,0.010522842407226562
0,spectral,jitter,0.1,1,5,0.01,0.5,1,101,0.0016993317484049848,295,1.0,0.16993317484049847,0.16993317484049847,0.8244590343746583,0,5,-0.043514628878162986,1.0870292577563259,0.961855403869209,0.9999155093766723,1.0870292577563256,0.02305920495353475,0.02305920495353475,1.296839995826102,0,8.138090245024543e-07,0.013545036315917969
0,spectralg,jitter,0.1,1,5,0.01,0.5,1,101,0.0016993317484049848,295,1.0,0.16993317484049847,0.16993317484049847,0.8244590343746583,0,5,-0.043514628878162986,1.0870292577563259,0.961855403869209,0.9999155093766723,1.0870292577563256,0.02305920495353475,0.02305920495353475,1.296839995826102,0,8.138090245024543e-07,0.024898052215576172
0,molfe,jitter,0.1,1,5,0.01,0.5,1,101,0.0016993317484049848,295,1.0,0.16993317484049847,0.16993317484049847,0.8244590343746583,0,5,-0.09036998582530263,1.3197565934824174,1.0833831365837092,717919889180.4513,inf,inf,1159811.4796061392,1159811.4947683238,1,8.138090245024543e-07,0.008477926254272461
0,molrk3,jitter,0.1,1,5,0.01,0.5,1,101,0.0016993317484049848,295,1.0,0.16993317484049847,0.16993317484049847,0.8244590343746583,0,5,-0.08438307613869044,1.3027875276458294,1.0869561494067914,2612498397315.8047,inf,inf,1255917.1446933264,1255917.1659620497,1,8.138090245024543e-07,0.009686946868896484
0,maxent,jitter,0.1,1,5,0.01,0.5,1,101,0.0016993317484049848,295,1.0,0.16993317484049847,0.16993317484049847,0.8244590343746583,0,5,0.0,1.0000000000000002,0.9604675728324211,0.9999139262712023,1.0000000000000013,0.0064228280351918965,0.0064228280351918965,1.2968350382285543,0,8.138090245024543e-07,0.20765900611877441
0,lp,jitter,0.1,1,5,0.01,0.5,1,101,0.0016993317484049848,295,1.0,0.16993317484049847,0.16993317484049847,0.8244590343746583,0,5,0.0,1.0,0.9590988884080335,0.9999941480731996,1.0000000000000004,0.33086324482961316,0.33086324482961316,1.2968165717281286,0,8.138090245024543e-07,0.05066800117492676
0,lprand,jitter,0.1,1,5,0.01,0.5,1,101,0.0016993317484049848,295,1.0,0.16993317484049847,0.16993317484049847,0.8244590343746583,0,5,0.0,1.0,0.9596100643475514,0.9999401106255773,1.0000000000000004,0.26376946921251854,0.26376946921251854,1.2968172295228373,0,8.138090245024543e-07,0.05154299736022949
0,maxentw,jitter,0.1,1,5,0.01,0.5,1,101,0.0016993317484049848,295,1.0,0.16993317484049847,0.16993317484049847,0.8244590343746583,0,5,0.0,1.0000000000000002,0.9604675728324211,0.9999139262712023,1.0000000000000013,0.0064228280351918965,0.0064228280351918965,1.2968350382285543,0,8.138090245024543e-07,0.20558905601501465
0,minnorm,jitter,0.1,1,7,0.01,0.5,1,101,0.0016993317484049848,295,1.0,0.16993317484049847,0.16993317484049847,0.8244590343746583,0,7,-0.12416258241984258,1.3266799959157025,0.9690199505756434,1.1393054169122618,1.3266799959157023,0.12825259393465882,0.12825259393465882,1.296794057165613,0,8.138090245024543e-07,0.009604692459106445
0,projgauss,jitter,0.1,1,7,0.01,0.5,1,101,0.0016993317484049848,295,1.0,0.16993317484049847,0.16993317484049847,0.8244590343746583,0,7,-0.04586937819037727,1.1612377399282754,0.9571394116201761,1.047674629429375,1.1612377399282752,0.07433817977375945,0.07433817977375945,1.2968184496341353,0,8.138090245024543e-07,0.008626937866210938
0,spectral,jitter,0.1,1,7,0.01,0.5,1,101,0.0016993317484049848,295,1.0,0.16993317484049847,0.16993317484049847,0.8244590343746583,0,7,-0.0798184558245151,1.1918408531885736,0.9604158130669608,0.9999993519337058,1.1918408531885736,0.024887540786675988,0.024887540786675988,1.2968278827237083,0,8.138090245024543e-07,0.014506101608276367
0,spectralg,jitter,0.1,1,7,0.01,0.5,1,101,0.0016993317484049848,295,1.0,0.16993317484049847,0.16993317484049847,0.8244590343746583,0,7,-0.0798184558245151,1.1918408531885736,0.9604158130669608,0.9999993519337058,1.1918408531885736,0.024887540786675988,0.024887540786675988,1.2968278827237083,0,8.138090245024543e-07,0.02831292152404785
0,molfe,jitter,0.1,1,7,0.01,0.5,1,101,0.0016993317484049848,295,1.0,0.16993317484049847,0.16993317484049847,0.8244590343746583,0,7,-0.04799824502453236,1.2685965270391324,1.026199933100705,65770.66100403601,4.1344567339711364e+120,32.96319453277566,32.96319453277566,32.96128117218823,1,8.138090245024543e-07,0.008567094802856445
0,molrk3,jitter,0.1,1,7,0.01,0.5,1,101,0.0016993317484049848,295,1.0,0.16993317484049847,0.16993317484049847,0.8244590343746583,0,7,-0.04656074318195131,1.2632052110959604,1.0265181104172774,79461.92761996255,1.1111343596238153e+122,38.0111693097754,38.0111693097754,38.01371218281696,1,8.138090245024543e-07,0.008536815643310547
0,maxent,jitter,0.1,1,7,0.01,0.5,1,101,0.0016993317484049848,295,1.0,0.16993317484049847,0.16993317484049847,0.8244590343746583,0,7,0.0,1.0000000000000004,0.9613540377923152,0.9999125580965101,1.0000000000000013,0.006283497595618748,0.006283497595618748,1.296835034614466,0,8.138090245024543e-07,0.21656298637390137
0,lp,jitter,0.1,1,7,0.01,0.5,1,101,0.0016993317484049848,295,1.0,0.16993317484049847,0.16993317484049847,0.8244590343746583,0,7,0.0,1.0,0.9553369702239024,0.9999845110220088,1.0000000000000013,0.26918409861635995,0.26918409861635995,1.2968094491959936,0,8.138090245024543e-07,0.05380582809448242
0,lprand,jitter,0.1,1,7,0.01,0.5,1,101,0.0016993317484049848,295,1.0,0.16993317484049847,0.16993317484049847,0.8244590343746583,0,7,0.0,1.0,0.9594809040000482,0.9999897198314576,1.0000000000000013,0.2703910669077302,0.2703910669077302,1.2968139303029853,0,8.138090245024543e-07,0.050874948501586914
0,maxentw,jitter,0.1,1,7,0.01,0.5,1,101,0.0016993317484049848,295,1.0,0.16993317484049847,0.16993317484049847,0.8244590343746583,0,7,0.0,1.0000000000000004,0.9613540377923152,0.9999125580965101,1.0000000000000013,0.006283497595618748,0.006283497595618748,1.296835034614466,0,8.138090245024543e-07,0.21855521202087402
0,minnorm,jitter,0.1,2,3,0.01,0.5,1,101,0.0017878235363346625,280,1.0,0.17878235363346623,0.17878235363346623,0.8456532472200795,0,3,0.0,1.000000000000001,0.9592472449436694,0.9999235040566746,1.000000000000014,0.0066655784023846865,0.0066655784023846865,1.2967108897894262,0,8.084861741197713e-07,0.008346080780029297
0,projgauss,jitter,0.1,2,3,0.01,0.5,1,101,0.0017878235363346625,280,1.0,0.17878235363346623,0.17878235363346623,0.8456532472200795,0,3,0.0,1.0000000000000004,0.9594479191906351,0.9999235040566427,1.000000000000002,0.006665578402406003,0.006665578402406003,1.2967108897894248,0,8.084861741197713e-07,0.009838104248046875
0,spectral,jitter,0.1,2,3,0.01,0.5,1,101,0.0017878235363346625,280,1.0,0.17878235363346623,0.17878235363346623,0.8456532472200795,0,3,0.0,1.000000000000001,0.9592472449436694,0.9999235040566746,1.000000000000014,0.0066655784023846865,0.0066655784023846865,1.2967108897894262,0,8.084861741197713e-07,0.00906991958618164
0,spectralg,jitter,0.1,2,3,0.01,0.5,1,101,0.0017878235363346625,280,1.0,0.17878235363346623,0.17878235363346623,0.8456532472200795,0,3,0.0,1.000000000000001,0.9592472449436694,0.9999235040566746,1.000000000000014,0.0066655784023846865,0.0066655784023846865,1.2967108897894262,0,8.084861741197713e-07,0.008322954177856445
0,molfe,jitter,0.1,2,3,0.01,0.5,1,101,0.0017878235363346625,280,1.0,0.17878235363346623,0.17878235363346623,0.8456532472200795,0,3,0.0,1.0000000000000002,0.9574794842634132,0.9999665679880043,1.0000000000000002,0.031077045268953385,0.031077045268953385,1.2969152710407983,0,8.084861741197713e-07,0.00869607925415039
0,molrk3,jitter,0.1,2,3,0.01,0.5,1,101,0.0017878235363346625,280,1.0,0.17878235363346623,0.17878235363346623,0.8456532472200795,0,3,0.0,1.0000000000000002,0.9582704461692256,0.9999154926414906,1.0000000000000004,0.0269533140102175,0.0269533140102175,1.2967041307486502,0,8.084861741197713e-07,0.008124113082885742
0,maxent,jitter,0.1,2,3,0.01,0.5,1,101,0.0017878235363346625,280,1.0,0.17878235363346623,0.17878235363346623,0.8456532472200795,0,3,0.0,1.0000000000000002,0.9578624374377931,0.99992350405675,1.0000000000000044,0.006665578403351025,0.006665578403351025,1.2967108897894253,0,8.084861741197713e-07,0.23750996589660645
0,lp,jitter,0.1,2,3,0.01,0.5,1,101,0.0017878235363346625,280,1.0,0.17878235363346623,0.17878235363346623,0.8456532472200795,0,3,0.0,1.0,0.95908629501602,0.9999235040566378,1.0000000000000002,0.00666557840240789,0.00666557840240789,1.296710889789425,0,8.084861741197713e-07,0.04892683029174805
0,lprand,jitter,0.1,2,3,0.01,0.5,1,101,0.0017878235363346625,280,1.0,0.17878235363346623,0.17878235363346623,0.8456532472200795,0,3,0.0,1.0,0.9590533096947623,0.999923504056638,1.0000000000000002,0.00666557840240789,0.00666557840240789,1.296710889789425,0,8.084861741197713e-07,0.0499110221862793
0,maxentw,jitter,0.1,2,3,0.01,0.5,1,101,0.0017878235363346625,280,1.0,0.17878235363346623,0.17878235363346623,0.8456532472200795,0,3,0.0,1.0000000000000002,0.9578624374377931,0.99992350405675,1.0000000000000044,0.006665578403351025,0.006665578403351025,1.2967108897894253,0,8.084861741197713e-07,0.23875713348388672
0,minnorm,jitter,0.1,2,5,0.01,0.5,1,101,0.0017878235363346625,280,1.0,0.17878235363346623,0.17878235363346623,0.8456532472200795,0,5,-0.10831920436007376,1.2166384087201472,0.9560137355213489,1.0240068132031046,1.216638408720147,0.057932346233463994,0.057932346233463994,1.2966957338600738,0,8.084861741197713e-07,0.00886988639831543
0,projgauss,jitter,0.1,2,5,0.01,0.5,1,101,0.0017878235363346625,280,1.0,0.17878235363346623,0.17878235363346623,0.8456532472200795,0,5,-0.06244715782139922,1.134692137046668,0.9575153743215715,1.008031674336178,1.134692137046668,0.037696671801642045,0.037696671801642045,1.2967009317722757,0,8.084861741197713e-07,0.01034092903137207
0,spectral,jitter,0.1,2,5,0.01,0.5,1,101,0.0017878235363346625,280,1.0,0.17878235363346623,0.17878235363346623,0.8456532472200795,0,5,-0.03605289398111082,1.0721057879622213,0.9602562116566653,0.9999226259768883,1.0721057879622211,0.005515543247324839,0.005515543247324839,1.2967138290659892,0,8.084861741197713e-07,0.016117334365844727
0,spectralg,jitter,0.1,2,5,0.01,0.5,1,101,0.0017878235363346625,280,1.0,0.17878235363346623,0.17878235363346623,0.8456532472200795,0,5,-0.03605289398111082,1.0721057879622213,0.9602562116566653,0.9999226259768883,1.0721057879622211,0.005515543247324839,0.005515543247324839,1.2967138290659892,0,8.084861741197713e-07,0.027899742126464844
0,molfe,jitter,0.1,2,5,0.01,0.5,1,101,0.0017878235363346625,280,1.0,0.17878235363346623,0.17878235363346623,0.8456532472200795,0,5,-0.1152597463659451,1.3604293031410952,1.088211086592149,724271509841.6519,inf,inf,1284278.227295092,1284278.2093467405,1,8.084861741197713e-07,0.009325027465820312
0,molrk3,jitter,0.1,2,5,0.01,0.5,1,101,0.0017878235363346625,280,1.0,0.17878235363346623,0.17878235363346623,0.8456532472200795,0,5,-0.10666643466854955,1.3380327266378387,1.092216078765833,2814225391634.4663,3.4217359251930024e+43,inf,1420649.113231523,1420649.0878050188,1,8.084861741197713e-07,0.009344100952148438
0,maxent,jitter,0.1,2,5,0.01,0.5,1,101,0.0017878235363346625,280,1.0,0.17878235363346623,0.17878235363346623,0.8456532472200795,0,5,0.0,1.0000000000000002,0.959086810968379,0.9999192147141402,1.0000000000000018,0.0031632901121382284,0.0031632901121382284,1.2967097853399663,0,8.084861741197713e-07,0.24601316452026367
0,lp,jitter,0.1,2,5,0.01,0.5,1,101,0.0017878235363346625,280,1.0,0.17878235363346623,0.17878235363346623,0.8456532472200795,0,5,0.0,1.0,0.9550039729637894,0.9999943866372053,1.0000000000000004,0.3147026534977089,0.3147026534977089,1.2966909091791285,0,8.084861741197713e-07,0.050230979919433594
0,lprand,jitter,0.1,2,5,0.01,0.5,1,101,0.0017878235363346625,280,1.0,0.17878235363346623,0.17878235363346623,0.8456532472200795,0,5,0.0,1.0,0.9583759910331237,0.9999970424128114,1.0000000000000007,0.31542377382008424,0.31542377382008424,1.296710540536436,0,8.084861741197713e-07,0.05225396156311035
0,maxentw,jitter,0.1,2,5,0.01,0.5,1,101,0.0017878235363346625,280,1.0,0.17878235363346623,0.17878235363346623,0.8456532472200795,0,5,0.0,1.0000000000000002,0.959086810968379,0.9999192147141402,1.0000000000000018,0.0031632901121382284,0.0031632901121382284,1.2967097853399663,0,8.084861741197713e-07,0.24482393264770508
0,minnorm,jitter,0.1,2,7,0.01,0.5,1,101,0.0017878235363346625,280,1.0,0.17878235363346623,0.17878235363346623,0.8456532472200795,0,7,-0.11766131096025835,1.3175551663282592,0.9669403730007694,1.1198018887095103,1.3175551663282592,0.11248007707313801,0.11248007707313801,1.2966669255080212,0,8.084861741197713e-07,0.008076190948486328
0,projgauss,jitter,0.1,2,7,0.01,0.5,1,101,0.0017878235363346625,280,1.0,0.17878235363346623,0.17878235363346623,0.8456532472200795,0,7,-0.04690392884452203,1.1567997368733578,0.9554973356512065,1.045686209763216,1.1567997368733574,0.07095454246541133,0.07095454246541133,1.2966934916344286,0,8.084861741197713e-07,0.009028196334838867
0,spectral,jitter,0.1,2,7,0.01,0.5,1,101,0.0017878235363346625,280,1.0,0.17878235363346623,0.17878235363346623,0.8456532472200795,0,7,-0.08011961439288795,1.2098529495601476,0.9585698661575027,1.0002414234645842,1.2098529495601478,0.023452507403106893,0.023452507403106893,1.2967045737989662,0,8.084861741197713e-07,0.015136003494262695
0,spectralg,jitter,0.1,2,7,0.01,0.5,1,101,0.0017878235363346625,280,1.0,0.17878235363346623,0.17878235363346623,0.8456532472200795,0,7,-0.08011961439288795,1.2098529495601476,0.9585698661575027,1.0002414234645842,1.2098529495601478,0.023452507403106893,0.023452507403106893,1.2967045737989662,0,8.084861741197713e-07,0.029561996459960938
0,molfe,jitter,0.1,2,7,0.01,0.5,1,101,0.0017878235363346625,280,1.0,0.17878235363346623,0.17878235363346623,0.8456532472200795,0,7,-0.05141469112182944,1.2835607302349925,1.0277285582571618,69186.86198895882,7.143696950438288e+126,28.84007914314575,28.84007914314575,28.842726089147398,1,8.084861741197713e-07,0.007921934127807617
0,molrk3,jitter,0.1,2,7,0.01,0.5,1,101,0.0017878235363346625,280,1.0,0.17878235363346623,0.17878235363346623,0.8456532472200795,0,7,-0.04983330078753828,1.2780254338372303,1.02808556847336,84482.26119551023,2.4221898339482686e+128,35.2525477675171,35.2525477675171,35.25519471351875,1,8.084861741197713e-07,0.008369922637939453
0,maxent,jitter,0.1,2,7,0.01,0.5,1,101,0.0017878235363346625,280,1.0,0.17878235363346623,0.17878235363346623,0.8456532472200795,0,7,0.0,1.0000000000000004,0.9590586107605756,0.9999191741802921,1.0000000000000033,0.0031865807161381987,0.0031865807161381987,1.2967097816244053,0,8.084861741197713e-07,0.24712491035461426
0,lp,jitter,0.1,2,7,0.01,0.5,1,101,0.0017878235363346625,280,1.0,0.17878235363346623,0.17878235363346623,0.8456532472200795,0,7,0.0,1.0,0.9538979220522537,0.9999798878429148,1.0000000000000004,0.21941299996018404,0.21941299996018404,1.2966926094274522,0,8.084861741197713e-07,0.051718950271606445
0,lprand,jitter,0.1,2,7,0.01,0.5,1,101,0.0017878235363346625,280,1.0,0.17878235363346623,0.17878235363346623,0.8456532472200795,0,7,0.0,1.0,0.9563167163222792,0.9999788929980364,1.0000000000000004,0.0055971259924740835,0.005649016728257628,1.2967075263923824,0,8.084861741197713e-07,0.050924062728881836
0,maxentw,jitter,0.1,2,7,0.01,0.5,1,101,0.0017878235363346625,280,1.0,0.17878235363346623,0.17878235363346623,0.8456532472200795,0,7,0.0,1.0000000000000004,0.9590586107605756,0.9999191741802921,1.0000000000000033,0.0031865807161381987,0.0031865807161381987,1.2967097816244053,0,8.084861741197713e-07,0.24839282035827637
0,minnorm,jitter,0.25,0,3,0.01,0.5,1,101,0.0006848428807779343,731,1.0,0.06848428807779343,0.06848428807779343,0.5233900575203676,0,3,0.0,1.0000000000000018,0.9834895075488967,0.9999230663437332,1.000000000000025,0.0471785433186942,0.0471785433186942,1.2965258238390682,0,8.022153805686827e-07,0.011029243469238281
0,projgauss,jitter,0.25,0,3,0.01,0.5,1,101,0.0006848428807779343,731,1.0,0.06848428807779343,0.06848428807779343,0.5233900575203676,0,3,0.0,1.0000000000000004,0.9840757375725061,0.9999230663436977,1.000000000000013,0.04717854331863269,0.04717854331863269,1.296525823839059,0,8.022153805686827e-07,0.010596752166748047
0,spectral,jitter,0.25,0,3,0.01,0.5,1,101,0.0006848428807779343,731,1.0,0.06848428807779343,0.06848428807779343,0.5233900575203676,0,3,0.0,1.0000000000000018,0.9834895075488967,0.9999230663437332,1.000000000000025,0.0471785433186942,0.0471785433186942,1.2965258238390682,0,8.022153805686827e-07,0.010797977447509766
0,spectralg,jitter,0.25,0,3,0.01,0.5,1,101,0.0006848428807779343,731,1.0,0.06848428807779343,0.06848428807779343,0.5233900575203676,0,3,0.0,1.0000000000000018,0.9834895075488967,0.9999230663437332,1.000000000000025,0.0471785433186942,0.0471785433186942,1.2965258238390682,0,8.022153805686827e-07,0.01046609878540039
0,molfe,jitter,0.25,0,3,0.01,0.5,1,101,0.0006848428807779343,731,1.0,0.06848428807779343,0.06848428807779343,0.5233900575203676,0,3,0.0,1.0000000000000002,0.9836509166893097,0.9999434853667262,1.0000000000000002,0.06293487606547976,0.06293487606547976,1.2966099499724193,0,8.022153805686827e-07,0.009913921356201172
0,molrk3,jitter,0.25,0,3,0.01,0.5,1,101,0.0006848428807779343,731,1.0,0.06848428807779343,0.06848428807779343,0.5233900575203676,0,3,0.0,1.0000000000000002,0.9842621207777665,0.9999178016025025,1.0000000000000009,0.06153168630065109,0.06153168630065109,1.2965232270242217,0,8.022153805686827e-07,0.010432720184326172
0,maxent,jitter,0.25,0,3,0.01,0.5,1,101,0.0006848428807779343,731,1.0,0.06848428807779343,0.06848428807779343,0.5233900575203676,0,3,0.0,1.0000000000000002,0.9823865001047588,0.9999230663436474,1.000000000000005,0.04717854301003155,0.04717854301003155,1.2965258238390585,0,8.022153805686827e-07,0.20691299438476562
0,lp,jitter,0.25,0,3,0.01,0.5,1,101,0.0006848428807779343,731,1.0,0.06848428807779343,0.06848428807779343,0.5233900575203676,0,3,0.0,1.0,0.9841820161054581,0.9999230663436686,1.0000000000000013,0.04717854331859228,0.04717854331859228,1.2965258238390576,0,8.022153805686827e-07,0.0546870231628418
0,lprand,jitter,0.25,0,3,0.01,0.5,1,101,0.0006848428807779343,731,1.0,0.06848428807779343,0.06848428807779343,0.5233900575203676,0,3,0.0,1.0,0.9841820189495728,0.9999230663436681,1.0000000000000013,0.04717854331859228,0.04717854331859228,1.2965258238390576,0,8.022153805686827e-07,0.05129814147949219
0,maxentw,jitter,0.25,0,3,0.01,0.5,1,101,0.0006848428807779343,731,1.0,0.06848428807779343,0.06848428807779343,0.5233900575203676,0,3,0.0,1.0000000000000002,0.9823865001047588,0.9999230663436474,1.000000000000005,0.04717854301003155,0.04717854301003155,1.2965258238390585,0,8.022153805686827e-07,0.20360517501831055
0,minnorm,jitter,0.25,0,5,0.01,0.5,1,101,0.0006848428807779343,731,1.0,0.06848428807779343,0.06848428807779343,0.5233900575203676,0,5,-0.12713267639584674,1.4124631191799861,0.98302830492076,1.1508023013264472,1.4124631191799861,0.1764034516972144,0.1764034516972144,1.2965050855632025,0,8.022153805686827e-07,0.00966191291809082
0,projgauss,jitter,0.25,0,5,0.01,0.5,1,101,0.0006848428807779343,731,1.0,0.06848428807779343,0.06848428807779343,0.5233900575203676,0,5,-0.10837372763221115,1.352692777574733,0.9831919890291856,1.0989357202484424,1.352692777574733,0.13319225174852567,0.13319225174852567,1.2965103379806464,0,8.022153805686827e-07,0.011510133743286133
0,spectral,jitter,0.25,0,5,0.01,0.5,1,101,0.0006848428807779343,731,1.0,0.06848428807779343,0.06848428807779343,0.5233900575203676,0,5,-0.08482969291147073,1.1966035336230987,0.9850817276182612,0.9999298091676543,1.2050752883928357,0.055310360976064565,0.055310360976064565,1.296544714148227,0,8.022153805686827e-07,0.01636505126953125
0,spectralg,jitter,0.25,0,5,0.01,0.5,1,101,0.0006848428807779343,731,1.0,0.06848428807779343,0.06848428807779343,0.5233900575203676,0,5,-0.08482969291147073,1.1966035336230987,0.9850817276182612,0.9999298091676543,1.2050752883928357,0.055310360976064565,0.055310360976064565,1.296544714148227,0,8.022153805686827e-07,0.026575088500976562
0,molfe,jitter,0.25,0,5,0.01,0.5,1,101,0.0006848428807779343,731,1.0,0.06848428807779343,0.06848428807779343,0.5233900575203676,0,5,-0.03665023506304018,1.1266890908075236,1.03296821100932,939012146648.7068,2.2976435883334928e+147,inf,1206372.9065137103,1206372.941819687,1,8.022153805686827e-07,0.008832931518554688
0,molrk3,jitter,0.25,0,5,0.01,0.5,1,101,0.0006848428807779343,731,1.0,0.06848428807779343,0.06848428807779343,0.5233900575203676,0,5,-0.035583897982942626,1.1236573076294838,1.0335176346862662,1563504174042.3296,4.72448624308239e+149,inf,1094626.2516822885,1094626.2936332282,1,8.022153805686827e-07,0.011612892150878906
0,maxent,jitter,0.25,0,5,0.01,0.5,1,101,0.0006848428807779343,731,1.0,0.06848428807779343,0.06848428807779343,0.5233900575203676,0,5,0.0,1.0000000000000004,0.9837131491926058,0.9999235188071485,1.0000000000000089,0.048661566272776846,0.048661566272776846,1.2965257462278745,0,8.022153805686827e-07,0.5352630615234375
0,lp,jitter,0.25,0,5,0.01,0.5,1,101,0.0006848428807779343,731,1.0,0.06848428807779343,0.06848428807779343,0.5233900575203676,0,5,0.0,1.0,0.9827550464119734,0.9999698006417227,1.0000000000000018,0.4028552295138845,0.4028552295138845,1.2965078496840297,0,8.022153805686827e-07,0.05209088325500488
0,lprand,jitter,0.25,0,5,0.01,0.5,1,101,0.0006848428807779343,731,1.0,0.06848428807779343,0.06848428807779343,0.5233900575203676,0,5,0.0,1.0,0.983387583123672,0.9999960048711484,1.0000000000000022,0.4147886241221833,0.4147886241221833,1.296509366920711,0,8.022153805686827e-07,0.0540769100189209
0,maxentw,jitter,0.25,0,5,0.01,0.5,1,101,0.0006848428807779343,731,1.0,0.06848428807779343,0.06848428807779343,0.5233900575203676,0,5,0.0,1.0000000000000004,0.9837131491926058,0.9999235188071485,1.0000000000000089,0.048661566272776846,0.048661566272776846,1.2965257462278745,0,8.022153805686827e-07,0.5379400253295898
0,minnorm,jitter,0.25,0,7,0.01,0.5,1,101,0.0006848428807779343,731,1.0,0.06848428807779343,0.06848428807779343,0.5233900575203676,0,7,-0.14961720938488904,1.4439981693382562,0.990435168256,1.211312841261069,1.4439981693382562,0.17333378342741756,0.17333378342741756,1.2964112088805653,0,8.022153805686827e-07,0.00968790054321289
0,projgauss,jitter,0.25,0,7,0.01,0.5,1,101,0.0006848428807779343,731,1.0,0.06848428807779343,0.06848428807779343,0.5233900575203676,0,7,-0.07416738430876509,1.2695846396919641,0.9873150651001266,1.122166442648493,1.2695846396919641,0.14648240032727278,0.14648240032727278,1.2964731078652734,0,8.022153805686827e-07,0.010522127151489258
0,spectral,jitter,0.25,0,7,0.01,0.5,1,101,0.0006848428807779343,731,1.0,0.06848428807779343,0.06848428807779343,0.5233900575203676,0,7,-0.1540327762718906,1.3798104859888236,0.9833658542227547,1.0219429321429043,1.379810485988824,0.12331907933705044,0.12331907933705044,1.2965007543052907,0,8.022153805686827e-07,0.01657700538635254
0,spectralg,jitter,0.25,0,7,0.01,0.5,1,101,0.0006848428807779343,731,1.0,0.06848428807779343,0.06848428807779343,0.5233900575203676,0,7,-0.1540327762718906,1.3798104859888236,0.9833658542227547,1.0219429321429043,1.379810485988824,0.12331907933705044,0.12331907933705044,1.2965007543052907,0,8.022153805686827e-07,0.029404878616333008
0,molfe,jitter,0.25,0,7,0.01,0.5,1,101,0.0006848428807779343,731,1.0,0.06848428807779343,0.06848428807779343,0.5233900575203676,0,7,-0.01859162089331469,1.101667835621076,1.010300828555235,87669.98228587692,2.96620122415165e+52,20.325370639226847,20.325370639226847,20.32572015906938,1,8.022153805686827e-07,0.009727954864501953
0,molrk3,jitter,0.25,0,7,0.01,0.5,1,101,0.0006848428807779343,731,1.0,0.06848428807779343,0.06848428807779343,0.5233900575203676,0,7,-0.018364500291023763,1.1008543463126161,1.0103492782424148,94776.74905149215,5.295599057422234e+52,21.7070366184038,21.7070366184038,21.713272747862444,1,8.022153805686827e-07,0.009174108505249023
0,maxent,jitter,0.25,0,7,0.01,0.5,1,101,0.0006848428807779343,731,1.0,0.06848428807779343,0.06848428807779343,0.5233900575203676,0,7,0.0,1.0000000000000004,0.9842810626222155,0.9999235188155752,1.0000000000000075,0.048661680904105276,0.048661680904105276,1.2965257462198554,0,8.022153805686827e-07,0.22867774963378906
0,lp,jitter,0.25,0,7,0.01,0.5,1,101,0.0006848428807779343,731,1.0,0.06848428807779343,0.06848428807779343,0.5233900575203676,0,7,0.0,1.0,0.9830550675345203,0.999987082734725,1.0000000000000018,0.4129987319907543,0.4129987319907543,1.2965033278690292,0,8.022153805686827e-07,0.05214214324951172
0,lprand,jitter,0.25,0,7,0.01,0.5,1,101,0.0006848428807779343,731,1.0,0.06848428807779343,0.06848428807779343,0.5233900575203676,0,7,0.0,1.0,0.983595962630793,0.9999948419528651,1.0000000000000018,0.4144522717099327,0.4144522717099327,1.2965072657328387,0,8.022153805686827e-07,0.0533449649810791
0,maxentw,jitter,0.25,0,7,0.01,0.5,1,101,0.0006848428807779343,731,1.0,0.06848428807779343,0.06848428807779343,0.5233900575203676,0,7,0.0,1.0000000000000004,0.9842810626222155,0.9999235188155752,1.0000000000000075,0.048661680904105276,0.048661680904105276,1.2965257462198554,0,8.022153805686827e-07,0.22849774360656738
0,minnorm,jitter,0.25,1,3,0.01,0.5,1,101,0.0007872165330063403,636,1.0,0.07872165330063402,0.07872165330063403,0.5611475859366555,0,3,0.0,1.0000000000000016,0.9795059275289728,0.9999153227652543,1.0000000000000275,0.023242325474814196,0.023242325474814196,1.2965827945479564,0,8.094557109039613e-07,0.008365154266357422
0,projgauss,jitter,0.25,1,3,0.01,0.5,1,101,0.0007872165330063403,636,1.0,0.07872165330063402,0.07872165330063403,0.5611475859366555,0,3,0.0,1.0000000000000004,0.9794700504861248,0.9999153227651714,1.0000000000000122,0.02324232547476368,0.02324232547476368,1.2965827945479453,0,8.094557109039613e-07,0.010045289993286133
0,spectral,jitter,0.25,1,3,0.01,0.5,1,101,0.0007872165330063403,636,1.0,0.07872165330063402,0.07872165330063403,0.5611475859366555,0,3,0.0,1.0000000000000016,0.9795059275289728,0.9999153227652543,1.0000000000000275,0.023242325474814196,0.023242325474814196,1.2965827945479564,0,8.094557109039613e-07,0.009519100189208984
0,spectralg,jitter,0.25,1,3,0.01,0.5,1,101,0.0007872165330063403,636,1.0,0.07872165330063402,0.07872165330063403,0.5611475859366555,0,3,0.0,1.0000000000000016,0.9795059275289728,0.9999153227652543,1.0000000000000275,0.023242325474814196,0.023242325474814196,1.2965827945479564,0,8.094557109039613e-07,0.009552001953125
0,molfe,jitter,0.25,1,3,0.01,0.5,1,101,0.0007872165330063403,636,1.0,0.07872165330063402,0.07872165330063403,0.5611475859366555,0,3,0.0,1.0000000000000002,0.9797291516526104,0.9999402865615308,1.0000000000000004,0.036729953274197924,0.036729953274197924,1.2966779921264777,0,8.094557109039613e-07,0.009592771530151367
0,molrk3,jitter,0.25,1,3,0.01,0.5,1,101,0.0007872165330063403,636,1.0,0.07872165330063402,0.07872165330063403,0.5611475859366555,0,3,0.0,1.0000000000000002,0.9818725607819567,0.9999094135606759,1.0000000000000004,0.034302159871892446,0.034302159871892446,1.2965797794962866,0,8.094557109039613e-07,0.010232925415039062
0,maxent,jitter,0.25,1,3,0.01,0.5,1,101,0.0007872165330063403,636,1.0,0.07872165330063402,0.07872165330063403,0.5611475859366555,0,3,0.0,1.0000000000000002,0.9800604182857965,0.9999153227644935,1.0000000000000075,0.023242324351728016,0.023242324351728016,1.2965827945478794,0,8.094557109039613e-07,0.261333703994751
0,lp,jitter,0.25,1,3,0.01,0.5,1,101,0.0007872165330063403,636,1.0,0.07872165330063402,0.07872165330063403,0.5611475859366555,0,3,0.0,1.0,0.9795184588848265,0.9999153227651356,1.0000000000000013,0.023242325474733483,0.023242325474733483,1.2965827945479473,0,8.094557109039613e-07,0.05090618133544922
0,lprand,jitter,0.25,1,3,0.01,0.5,1,101,0.0007872165330063403,636,1.0,0.07872165330063402,0.07872165330063403,0.5611475859366555,0,3,0.0,1.0,0.9795184588894198,0.9999153227651356,1.0000000000000013,0.023242325474733594,0.023242325474733594,1.2965827945479473,0,8.094557109039613e-07,0.05211687088012695
0,maxentw,jitter,0.25,1,3,0.01,0.5,1,101,0.0007872165330063403,636,1.0,0.07872165330063402,0.07872165330063403,0.5611475859366555,0,3,0.0,1.0000000000000002,0.9800604182857965,0.9999153227644935,1.0000000000000075,0.023242324351728016,0.023242324351728016,1.2965827945478794,0,8.094557109039613e-07,0.26447200775146484
0,minnorm,jitter,0.25,1,5,0.01,0.5,1,101,0.0007872165330063403,636,1.0,0.07872165330063402,0.07872165330063403,0.5611475859366555,0,5,-0.12834445754167112,1.3879826502504131,0.9803439478070712,1.0925866760223322,1.3879826502504133,0.11242561387293792,0.11242561387293792,1.296574925618151,0,8.094557109039613e-07,0.008414983749389648
0,projgauss,jitter,0.25,1,5,0.01,0.5,1,101,0.0007872165330063403,636,1.0,0.07872165330063402,0.07872165330063403,0.5611475859366555,0,5,-0.10329429805992764,1.3297487461054769,0.9807281535265626,1.0630567493822747,1.3297487461054769,0.08512376105400221,0.08512376105400221,1.2965761107920457,0,8.094557109039613e-07,0.010508060455322266
0,spectral,jitter,0.25,1,5,0.01,0.5,1,101,0.0007872165330063403,636,1.0,0.07872165330063402,0.07872165330063403,0.5611475859366555,0,5,-0.08945809780090744,1.2068335847431177,0.9828119330726435,0.9999067356019243,1.2068335847431177,0.06453841131050253,0.06453841131050253,1.2965994144016548,0,8.094557109039613e-07,0.015505075454711914
0,spectralg,jitter,0.25,1,5,0.01,0.5,1,101,0.0007872165330063403,636,1.0,0.07872165330063402,0.07872165330063403,0.5611475859366555,0,5,-0.08945809780090744,1.2068335847431177,0.9828119330726435,0.9999067356019243,1.2068335847431177,0.06453841131050253,0.06453841131050253,1.2965994144016548,0,8.094557109039613e-07,0.02677011489868164
0,molfe,jitter,0.25,1,5,0.01,0.5,1,101,0.0007872165330063403,636,1.0,0.07872165330063402,0.07872165330063403,0.5611475859366555,0,5,-0.038206992124521576,1.143713204386617,1.0374109571344654,718939150244.9756,2.6763020744235353e+167,inf,1389402.3308638649,1389402.3459746072,1,8.094557109039613e-07,0.009827136993408203
0,molrk3,jitter,0.25,1,5,0.01,0.5,1,101,0.0007872165330063403,636,1.0,0.07872165330063402,0.07872165330063403,0.5611475859366555,0,5,-0.03705999851892913,1.1403254097782187,1.0381194679549524,1286985583826.6736,2.5543546949457755e+170,inf,1325357.4472707761,1325357.4655292104,1,8.094557109039613e-07,0.009679079055786133
0,maxent,jitter,0.25,1,5,0.01,0.5,1,101,0.0007872165330063403,636,1.0,0.07872165330063402,0.07872165330063403,0.5611475859366555,0,5,0.0,1.0000000000000002,0.9818340735408422,0.9999148347060667,1.000000000000006,0.023471231470937992,0.023471231470937992,1.2965827349268804,0,8.094557109039613e-07,0.3094520568847656
0,lp,jitter,0.25,1,5,0.01,0.5,1,101,0.0007872165330063403,636,1.0,0.07872165330063402,0.07872165330063403,0.5611475859366555,0,5,0.0,1.0,0.9803546538490193,0.9999924237250828,1.0000000000000022,0.3178776119676934,0.3178776119676934,1.2965629486444865,0,8.094557109039613e-07,0.051892995834350586
0,lprand,jitter,0.25,1,5,0.01,0.5,1,101,0.0007872165330063403,636,1.0,0.07872165330063402,0.07872165330063403,0.5611475859366555,0,5,0.0,1.0,0.9813341071534434,0.9999953032657996,1.0000000000000024,0.3186803501415709,0.3186803501415709,1.29656359440313,0,8.094557109039613e-07,0.05221199989318848
0,maxentw,jitter,0.25,1,5,0.01,0.5,1,101,0.0007872165330063403,636,1.0,0.07872165330063402,0.07872165330063403,0.5611475859366555,0,5,0.0,1.0000000000000002,0.9818340735408422,0.9999148347060667,1.000000000000006,0.023471231470937992,0.023471231470937992,1.2965827349268804,0,8.094557109039613e-07,0.3098139762878418
0,minnorm,jitter,0.25,1,7,0.01,0.5,1,101,0.0007872165330063403,636,1.0,0.07872165330063402,0.07872165330063403,0.5611475859366555,0,7,-0.13905504611197678,1.418906159081316,0.9884166788753037,1.231581626411244,1.4189061590813161,0.19122293019381287,0.19122293019381287,1.2965368706396692,0,8.094557109039613e-07,0.009780168533325195
0,projgauss,jitter,0.25,1,7,0.01,0.5,1,101,0.0007872165330063403,636,1.0,0.07872165330063402,0.07872165330063403,0.5611475859366555,0,7,-0.07066471722005677,1.2497166376157793,0.9846600610910401,1.1123120024929731,1.2497166376157796,0.14287069938886554,0.14287069938886554,1.2965562846557115,0,8.094557109039613e-07,0.010394096374511719
0,spectral,jitter,0.25,1,7,0.01,0.5,1,101,0.0007872165330063403,636,1.0,0.07872165330063402,0.07872165330063403,0.5611475859366555,0,7,-0.13347709127417742,1.3115141893910294,0.9806253752346333,1.0018438428497147,1.3115141893910294,0.0820412518167476,0.0820412518167476,1.2965567536585856,0,8.094557109039613e-07,0.0159149169921875
0,spectralg,jitter,0.25,1,7,0.01,0.5,1,101,0.0007872165330063403,636,1.0,0.07872165330063402,0.07872165330063403,0.5611475859366555,0,7,-0.13347709127417742,1.3115141893910294,0.9806253752346333,1.0018438428497147,1.3115141893910294,0.0820412518167476,0.0820412518167476,1.2965567536585856,0,8.094557109039613e-07,0.03116297721862793
0,molfe,jitter,0.25,1,7,0.01,0.5,1,101,0.0007872165330063403,636,1.0,0.07872165330063402,0.07872165330063403,0.5611475859366555,0,7,-0.021897718703641024,1.1254095051000568,1.0116360784895129,72643.48576160747,4.149987507979504e+58,37.742273795199296,37.742273795199296,37.74032610472228,1,8.094557109039613e-07,0.009959220886230469
0,molrk3,jitter,0.25,1,7,0.01,0.5,1,101,0.0007872165330063403,636,1.0,0.07872165330063402,0.07872165330063403,0.5611475859366555,0,7,-0.021605429298293292,1.1242329781640605,1.0116983502483758,79148.80990784081,7.259340019251411e+58,40.11185871072133,40.11185871072133,40.10991102024431,1,8.094557109039613e-07,0.00982809066772461
0,maxent,jitter,0.25,1,7,0.01,0.5,1,101,0.0007872165330063403,636,1.0,0.07872165330063402,0.07872165330063403,0.5611475859366555,0,7,0.0,1.0000000000000004,0.981861343372199,0.9999148345876914,1.000000000000006,0.023471226900991793,0.023471226900991793,1.2965827348459145,0,8.094557109039613e-07,0.5299618244171143
0,lp,jitter,0.25,1,7,0.01,0.5,1,101,0.0007872165330063403,636,1.0,0.07872165330063402,0.07872165330063403,0.5611475859366555,0,7,0.0,1.0,0.9801456829117616,0.9999859477301227,1.0000000000000013,0.3170258921773961,0.3170258921773961,1.29655746098499,0,8.094557109039613e-07,0.0533447265625
0,lprand,jitter,0.25,1,7,0.01,0.5,1,101,0.0007872165330063403,636,1.0,0.07872165330063402,0.07872165330063403,0.5611475859366555,0,7,0.0,1.0,0.9800229265382464,0.9999938481489884,1.0000000000000013,0.3183423144327375,0.3183423144327375,1.2965614433032622,0,8.094557109039613e-07,0.053592681884765625
0,maxentw,jitter,0.25,1,7,0.01,0.5,1,101,0.0007872165330063403,636,1.0,0.07872165330063402,0.07872165330063403,0.5611475859366555,0,7,0.0,1.0000000000000004,0.981861343372199,0.9999148345876914,1.000000000000006,0.023471226900991793,0.023471226900991793,1.2965827348459145,0,8.094557109039613e-07,0.5260951519012451
0,minnorm,jitter,0.25,2,3,0.01,0.5,1,101,0.0009428987167151443,531,1.0,0.09428987167151444,0.09428987167151442,0.6141331180501974,0,3,0.0,1.0000000000000009,0.9760468612628083,0.999918563435366,1.0000000000000173,0.004386585390997455,0.004386585390997455,1.2966019008609067,0,7.95977413647897e-07,0.008874177932739258
0,projgauss,jitter,0.25,2,3,0.01,0.5,1,101,0.0009428987167151443,531,1.0,0.09428987167151444,0.09428987167151442,0.6141331180501974,0,3,0.0,1.0000000000000002,0.9763592169489346,0.9999185634353711,1.0000000000000024,0.004386585390993791,0.004386585390993791,1.2966019008609067,0,7.95977413647897e-07,0.009418964385986328
0,spectral,jitter,0.25,2,3,0.01,0.5,1,101,0.0009428987167151443,531,1.0,0.09428987167151444,0.09428987167151442,0.6141331180501974,0,3,0.0,1.0000000000000009,0.9760468612628083,0.999918563435366,1.0000000000000173,0.004386585390997455,0.004386585390997455,1.2966019008609067,0,7.95977413647897e-07,0.0086212158203125
0,spectralg,jitter,0.25,2,3,0.01,0.5,1,101,0.0009428987167151443,531,1.0,0.09428987167151444,0.09428987167151442,0.6141331180501974,0,3,0.0,1.0000000000000009,0.9760468612628083,0.999918563435366,1.0000000000000173,0.004386585390997455,0.004386585390997455,1.2966019008609067,0,7.95977413647897e-07,0.008524894714355469
0,molfe,jitter,0.25,2,3,0.01,0.5,1,101,0.0009428987167151443,531,1.0,0.09428987167151444,0.09428987167151442,0.6141331180501974,0,3,0.0,1.0000000000000002,0.9754744752780098,0.9999466446326642,1.0000000000000002,0.024451804613293104,0.024451804613293104,1.2967156323212352,0,7.95977413647897e-07,0.008443117141723633
0,molrk3,jitter,0.25,2,3,0.01,0.5,1,101,0.0009428987167151443,531,1.0,0.09428987167151444,0.09428987167151442,0.6141331180501974,0,3,0.0,1.0000000000000002,0.978562819405627,0.9999100020330831,1.0000000000000007,0.02217124057137121,0.02217124057137121,1.2965982109220195,0,7.95977413647897e-07,0.008866071701049805
0,maxent,jitter,0.25,2,3,0.01,0.5,1,101,0.0009428987167151443,531,1.0,0.09428987167151444,0.09428987167151442,0.6141331180501974,0,3,0.0,1.0000000000000002,0.9770142819853798,0.9999185634355484,1.0000000000000047,0.004386585387643915,0.004386585387643915,1.2966019008609067,0,7.95977413647897e-07,0.14737796783447266
0,lp,jitter,0.25,2,3,0.01,0.5,1,101,0.0009428987167151443,531,1.0,0.09428987167151444,0.09428987167151442,0.6141331180501974,0,3,0.0,1.0,0.9781670762713446,0.999918563435392,1.0000000000000013,0.004386585391013886,0.004386585391013886,1.2966019008609067,0,7.95977413647897e-07,0.04889106750488281
0,lprand,jitter,0.25,2,3,0.01,0.5,1,101,0.0009428987167151443,531,1.0,0.09428987167151444,0.09428987167151442,0.6141331180501974,0,3,0.0,1.0,0.978167077248395,0.9999185634353918,1.0000000000000013,0.004386585391013886,0.004386585391013886,1.2966019008609067,0,7.95977413647897e-07,0.04981112480163574
0,maxentw,jitter,0.25,2,3,0.01,0.5,1,101,0.0009428987167151443,531,1.0,0.09428987167151444,0.09428987167151442,0.6141331180501974,0,3,0.0,1.0000000000000002,0.9770142819853798,0.9999185634355484,1.0000000000000047,0.004386585387643915,0.004386585387643915,1.2966019008609067,0,7.95977413647897e-07,0.14826607704162598
0,minnorm,jitter,0.25,2,5,0.01,0.5,1,101,0.0009428987167151443,531,1.0,0.09428987167151444,0.09428987167151442,0.6141331180501974,0,5,-0.14024191380513126,1.376364266752062,0.9754553508503954,1.030147018761582,1.376364266752062,0.08243654116604704,0.08243654116604704,1.296592303136709,0,7.95977413647897e-07,0.008045196533203125
0,projgauss,jitter,0.25,2,5,0.01,0.5,1,101,0.0009428987167151443,531,1.0,0.09428987167151444,0.09428987167151442,0.6141331180501974,0,5,-0.09645711822806945,1.3192664896729978,0.9768383319303563,1.0207338376148836,1.3192664896729978,0.07328578715092582,0.07328578715092582,1.296594670843668,0,7.95977413647897e-07,0.009677886962890625
0,spectral,jitter,0.25,2,5,0.01,0.5,1,101,0.0009428987167151443,531,1.0,0.09428987167151444,0.09428987167151442,0.6141331180501974,0,5,-0.07270236822172434,1.196461817737573,0.9792633694325377,0.9999065900355113,1.196461817737573,0.020246538907261913,0.020246538907261913,1.2966144399228998,0,7.95977413647897e-07,0.015082120895385742
0,spectralg,jitter,0.25,2,5,0.01,0.5,1,101,0.0009428987167151443,531,1.0,0.09428987167151444,0.09428987167151442,0.6141331180501974,0,5,-0.07270236822172434,1.196461817737573,0.9792633694325377,0.9999065900355113,1.196461817737573,0.020246538907261913,0.020246538907261913,1.2966144399228998,0,7.95977413647897e-07,0.026534318923950195
0,molfe,jitter,0.25,2,5,0.01,0.5,1,101,0.0009428987167151443,531,1.0,0.09428987167151444,0.09428987167151442,0.6141331180501974,0,5,-0.07352711764591197,1.203261602924339,1.0463569652342761,1285806183802.3057,4.643280131180674e+202,inf,1154017.919199581,1154017.8998665283,1,7.95977413647897e-07,0.00960683822631836
0,molrk3,jitter,0.25,2,5,0.01,0.5,1,101,0.0009428987167151443,531,1.0,0.09428987167151444,0.09428987167151442,0.6141331180501974,0,5,-0.07039939526951762,1.195810177088798,1.0474480525542038,2636626415390.604,1.560827410765728e+207,inf,1212263.3780697088,1212263.3548300213,1,7.95977413647897e-07,0.010096073150634766
0,maxent,jitter,0.25,2,5,0.01,0.5,1,101,0.0009428987167151443,531,1.0,0.09428987167151444,0.09428987167151442,0.6141331180501974,0,5,0.0,1.0000000000000002,0.9781934472203359,0.9999182884362079,1.0000000000000073,0.007518661474744448,0.007518661474744448,1.2966018150652565,0,7.95977413647897e-07,0.32146716117858887
0,lp,jitter,0.25,2,5,0.01,0.5,1,101,0.0009428987167151443,531,1.0,0.09428987167151444,0.09428987167151442,0.6141331180501974,0,5,0.0,1.0,0.9770786947917349,0.9999927789203124,1.0000000000000013,0.2818836781665798,0.2818836781665798,1.2965831554362144,0,7.95977413647897e-07,0.05197715759277344
0,lprand,jitter,0.25,2,5,0.01,0.5,1,101,0.0009428987167151443,531,1.0,0.09428987167151444,0.09428987167151442,0.6141331180501974,0,5,0.0,1.0,0.9781372390801087,0.9999957225339403,1.0000000000000009,0.2824999992744287,0.2824999992744287,1.296601489009927,0,7.95977413647897e-07,0.051347970962524414
0,maxentw,jitter,0.25,2,5,0.01,0.5,1,101,0.0009428987167151443,531,1.0,0.09428987167151444,0.09428987167151442,0.6141331180501974,0,5,0.0,1.0000000000000002,0.9781934472203359,0.9999182884362079,1.0000000000000073,0.007518661474744448,0.007518661474744448,1.2966018150652565,0,7.95977413647897e-07,0.3220658302307129
0,minnorm,jitter,0.25,2,7,0.01,0.5,1,101,0.0009428987167151443,531,1.0,0.09428987167151444,0.09428987167151442,0.6141331180501974,0,7,-0.13308139732810312,1.414047315761294,0.9855121015170805,1.155893119974152,1.4140473157612938,0.17387328295819626,0.17387328295819626,1.2965632666047786,0,7.95977413647897e-07,0.008765935897827148
0,projgauss,jitter,0.25,2,7,0.01,0.5,1,101,0.0009428987167151443,531,1.0,0.09428987167151444,0.09428987167151442,0.6141331180501974,0,7,-0.07788047460696342,1.2413145983943932,0.9805455873751802,1.0883944542222037,1.2413145983943934,0.12942540034925032,0.12942540034925032,1.296580275218652,0,7.95977413647897e-07,0.010033845901489258
0,spectral,jitter,0.25,2,7,0.01,0.5,1,101,0.0009428987167151443,531,1.0,0.09428987167151444,0.09428987167151442,0.6141331180501974,0,7,-0.1308052013153813,1.3998853082487683,0.9769432500201858,1.0191116871223453,1.3998853082487681,0.053334140229780225,0.053334140229780225,1.296590624597037,0,7.95977413647897e-07,0.015616893768310547
0,spectralg,jitter,0.25,2,7,0.01,0.5,1,101,0.0009428987167151443,531,1.0,0.09428987167151444,0.09428987167151442,0.6141331180501974,0,7,-0.1308052013153813,1.3998853082487683,0.9769432500201858,1.0191116871223453,1.3998853082487681,0.053334140229780225,0.053334140229780225,1.296590624597037,0,7.95977413647897e-07,0.029736995697021484
0,molfe,jitter,0.25,2,7,0.01,0.5,1,101,0.0009428987167151443,531,1.0,0.09428987167151444,0.09428987167151442,0.6141331180501974,0,7,-0.027380608446537957,1.1514011965493027,1.014293279096868,95032.38710528675,4.69346738691953e+69,28.62643956182777,28.62643956182777,28.627441641535967,1,7.95977413647897e-07,0.009405851364135742
0,molrk3,jitter,0.25,2,7,0.01,0.5,1,101,0.0009428987167151443,531,1.0,0.09428987167151444,0.09428987167151442,0.6141331180501974,0,7,-0.026967578860223187,1.1500122550572982,1.014387384536281,106137.53135912253,8.813140647540734e+69,31.38388299329075,31.38388299329075,31.384885072998948,1,7.95977413647897e-07,0.00986623764038086
0,maxent,jitter,0.25,2,7,0.01,0.5,1,101,0.0009428987167151443,531,1.0,0.09428987167151444,0.09428987167151442,0.6141331180501974,0,7,0.0,1.0000000000000004,0.9782119766004577,0.999918288092461,1.0000000000000107,0.007518708365502169,0.007518708365502169,1.2966018150516874,0,7.95977413647897e-07,0.4637451171875
0,lp,jitter,0.25,2,7,0.01,0.5,1,101,0.0009428987167151443,531,1.0,0.09428987167151444,0.09428987167151442,0.6141331180501974,0,7,0.0,1.0,0.9767895866220463,0.9999013856202391,1.0000000000000004,0.035948643805297165,0.035948643805297165,1.296574191435497,0,7.95977413647897e-07,0.05378079414367676
0,lprand,jitter,0.25,2,7,0.01,0.5,1,101,0.0009428987167151443,531,1.0,0.09428987167151444,0.09428987167151442,0.6141331180501974,0,7,0.0,1.0,0.977033104845015,0.9999747374160868,1.0000000000000007,0.006331580095212841,0.006331580095212841,1.2965984171830447,0,7.95977413647897e-07,0.05326581001281738
0,maxentw,jitter,0.25,2,7,0.01,0.5,1,101,0.0009428987167151443,531,1.0,0.09428987167151444,0.09428987167151442,0.6141331180501974,0,7,0.0,1.0000000000000004,0.9782119766004577,0.999918288092461,1.0000000000000107,0.007518708365502169,0.007518708365502169,1.2966018150516874,0,7.95977413647897e-07,0.46454906463623047
0,minnorm,jitter,0.45,0,3,0.01,0.5,1,101,5.048251957384874e-05,9905,1.0,0.005048251957384874,0.005048251957384874,0.14210210353664543,0,3,-0.1091214501941289,1.2182429003882578,1.0005647652666452,36111.73165377733,36786.83916018195,4.194989160068253,4.194989160068253,4.19498636928145,0,7.594543563471667e-07,0.030601978302001953
0,projgauss,jitter,0.45,0,3,0.01,0.5,1,101,5.048251957384874e-05,9905,1.0,0.005048251957384874,0.005048251957384874,0.14210210353664543,0,3,-0.10912145019412922,1.2182429003882587,1.0005647652666454,36111.73053863639,36786.837956802134,4.194989158838254,4.194989158838254,4.194986368051451,0,7.594543563471667e-07,0.03190112113952637
0,spectral,jitter,0.45,0,3,0.01,0.5,1,101,5.048251957384874e-05,9905,1.0,0.005048251957384874,0.005048251957384874,0.14210210353664543,0,3,-0.1091214501941289,1.2182429003882578,1.0005647652666452,36111.73165377733,36786.83916018195,4.194989160068253,4.194989160068253,4.19498636928145,0,7.594543563471667e-07,0.030601024627685547
0,spectralg,jitter,0.45,0,3,0.01,0.5,1,101,5.048251957384874e-05,9905,1.0,0.005048251957384874,0.005048251957384874,0.14210210353664543,0,3,-0.1091214501941289,1.2182429003882578,1.0005647652666452,36111.73165377733,36786.83916018195,4.194989160068253,4.194989160068253,4.19498636928145,0,7.594543563471667e-07,0.031812191009521484
0,molfe,jitter,0.45,0,3,0.01,0.5,1,101,5.048251957384874e-05,9905,1.0,0.005048251957384874,0.005048251957384874,0.14210210353664543,0,3,-0.10894841584280701,1.217896831685614,1.0005772259250127,36108.30364976336,36783.3782618236,4.194786977411295,4.194786977411295,4.194784186624491,0,7.594543563471667e-07,0.03082418441772461
0,molrk3,jitter,0.45,0,3,0.01,0.5,1,101,5.048251957384874e-05,9905,1.0,0.005048251957384874,0.005048251957384874,0.14210210353664543,0,3,-0.10912145019412883,1.2182429003882578,1.000552609507243,36111.73125651418,36786.83873621641,4.194989153886941,4.194989153886941,4.194986363100138,0,7.594543563471667e-07,0.027729034423828125
0,maxent,jitter,0.45,0,3,0.01,0.5,1,101,5.048251957384874e-05,9905,1.0,0.005048251957384874,0.005048251957384874,0.14210210353664543,14,3,-0.1091214501941289,1.2182429003882578,1.000564765266645,36111.73074557191,36786.8381828391,4.194989155457955,4.194989155457955,4.194986364671151,0,7.594543563471667e-07,0.7022902965545654
0,lp,jitter,0.45,0,3,0.01,0.5,1,101,5.048251957384874e-05,9905,1.0,0.005048251957384874,0.005048251957384874,0.14210210353664543,14,3,-0.1091214501941289,1.2182429003882578,1.000564765266645,36111.73148000128,36786.83897208055,4.194989155260628,4.194989155260628,4.194986364473825,0,7.594543563471667e-07,0.07277083396911621
0,lprand,jitter,0.45,0,3,0.01,0.5,1,101,5.048251957384874e-05,9905,1.0,0.005048251957384874,0.005048251957384874,0.14210210353664543,14,3,-0.1091214501941289,1.2182429003882578,1.000564765266645,36111.73148000128,36786.83897208055,4.194989155260628,4.194989155260628,4.194986364473825,0,7.594543563471667e-07,0.07369685173034668
0,maxentw,jitter,0.45,0,3,0.01,0.5,1,101,5.048251957384874e-05,9905,1.0,0.005048251957384874,0.005048251957384874,0.14210210353664543,0,5,0.0,1.0000000000000004,0.9988543220816923,0.999936733432287,1.0000000000001168,0.1265629338623937,0.1265629338623937,1.2964362707253756,0,7.594543563471667e-07,0.8441541194915771
0,minnorm,jitter,0.45,0,5,0.01,0.5,1,101,5.048251957384874e-05,9905,1.0,0.005048251957384874,0.005048251957384874,0.14210210353664543,0,5,-0.19872752810296543,1.564722286547571,0.9995181876958718,1.1053544361031387,1.5647222865475707,0.2793846497966471,0.2793846497966471,1.29627604774283,0,7.594543563471667e-07,0.027765989303588867
0,projgauss,jitter,0.45,0,5,0.01,0.5,1,101,5.048251957384874e-05,9905,1.0,0.005048251957384874,0.005048251957384874,0.14210210353664543,0,5,-0.15793733220185668,1.4896799819896027,0.9994705954152492,1.070613434854647,1.4896799819896027,0.23367598099247622,0.23367598099247622,1.2962811242317036,0,7.594543563471667e-07,0.035117149353027344
0,spectral,jitter,0.45,0,5,0.01,0.5,1,101,5.048251957384874e-05,9905,1.0,0.005048251957384874,0.005048251957384874,0.14210210353664543,0,5,-0.025710972199359118,1.0748364669529338,1.0033535113433876,3044447583312593.5,4184428138753305.5,inf,1217787.0464027708,1217787.0454239675,1,7.594543563471667e-07,0.029874801635742188
0,spectralg,jitter,0.45,0,5,0.01,0.5,1,101,5.048251957384874e-05,9905,1.0,0.005048251957384874,0.005048251957384874,0.14210210353664543,0,5,-0.025710972199359118,1.0748364669529338,1.0033535113433876,3044447583312593.5,4184428138753305.5,inf,1217787.0464027708,1217787.0454239675,1,7.594543563471667e-07,0.038266897201538086
0,molfe,jitter,0.45,0,5,0.01,0.5,1,101,5.048251957384874e-05,9905,1.0,0.005048251957384874,0.005048251957384874,0.14210210353664543,0,5,-0.004257724418957548,1.0095975332972018,1.002357761485756,150003479392.29596,188415325599.40738,inf,1387066.493583957,1387066.4255025946,1,7.594543563471667e-07,0.030380964279174805
0,molrk3,jitter,0.45,0,5,0.01,0.5,1,101,5.048251957384874e-05,9905,1.0,0.005048251957384874,0.005048251957384874,0.14210210353664543,0,5,-0.004243539876120467,1.0095677548827005,1.0023605431898492,154337686484.4923,193906188225.68732,inf,1432065.5203016568,1432065.4522202944,1,7.594543563471667e-07,0.035218000411987305
0,maxent,jitter,0.45,0,5,0.01,0.5,1,101,5.048251957384874e-05,9905,1.0,0.005048251957384874,0.005048251957384874,0.14210210353664543,0,5,0.0,1.0000000000000004,0.9988360858896649,0.9999381917441953,1.000000000000107,0.12656487124310078,0.12656487124310078,1.2964362704822971,0,7.594543563471667e-07,0.90576171875
0,lp,jitter,0.45,0,5,0.01,0.5,1,101,5.048251957384874e-05,9905,1.0,0.005048251957384874,0.005048251957384874,0.14210210353664543,0,5,0.0,1.0000000000000002,0.9987776300173697,0.9999921059602567,1.0000000000000913,0.4853600800111628,0.4853600800111628,1.2964240859841378,0,7.594543563471667e-07,0.07307124137878418
0,lprand,jitter,0.45,0,5,0.01,0.5,1,101,5.048251957384874e-05,9905,1.0,0.005048251957384874,0.005048251957384874,0.14210210353664543,0,5,0.0,1.0000000000000002,0.9988438829803215,0.9999875654459216,1.0000000000001252,0.44453207491596003,0.44453207491596003,1.296423679561447,0,7.594543563471667e-07,0.07131814956665039
0,maxentw,jitter,0.45,0,5,0.01,0.5,1,101,5.048251957384874e-05,9905,1.0,0.005048251957384874,0.005048251957384874,0.14210210353664543,0,5,0.0,1.0000000000000004,0.9988360858896649,0.9999381917441953,1.000000000000107,0.12656487124310078,0.12656487124310078,1.2964362704822971,0,7.594543563471667e-07,0.9058151245117188
0,minnorm,jitter,0.45,0,7,0.01,0.5,1,101,5.048251957384874e-05,9905,1.0,0.005048251957384874,0.005048251957384874,0.14210210353664543,0,7,-0.1883080038342366,1.5229862340361717,0.9998445380781037,3.5315812801774107,3.5394646536998464,1.261505626993638,1.261505626993638,2.3112137096213954,0,7.594543563471667e-07,0.032095909118652344
0,projgauss,jitter,0.45,0,7,0.01,0.5,1,101,5.048251957384874e-05,9905,1.0,0.005048251957384874,0.005048251957384874,0.14210210353664543,0,7,-0.10364403302588747,1.3408404933561973,0.9997594824909022,2.2709923536455925,2.272432852009879,0.7746571141575884,0.7746571141575884,1.85196637343692,0,7.594543563471667e-07,0.03663206100463867
0,spectral,jitter,0.45,0,7,0.01,0.5,1,101,5.048251957384874e-05,9905,1.0,0.005048251957384874,0.005048251957384874,0.14210210353664543,0,7,-0.05949004088132298,1.1428030541533938,0.9988127170628998,1.306118324501354,3.677224408648173,0.2150957765515582,0.2150957765515582,1.2963755116104296,0,7.594543563471667e-07,0.03434300422668457
0,spectralg,jitter,0.45,0,7,0.01,0.5,1,101,5.048251957384874e-05,9905,1.0,0.005048251957384874,0.005048251957384874,0.14210210353664543,0,7,-0.05949004088132298,1.1428030541533938,0.9988127170628998,1.306118324501354,3.677224408648173,0.2150957765515582,0.2150957765515582,1.2963755116104296,0,7.594543563471667e-07,0.055908918380737305
0,molfe,jitter,0.45,0,7,0.01,0.5,1,101,5.048251957384874e-05,9905,1.0,0.005048251957384874,0.005048251957384874,0.14210210353664543,0,7,-0.0014241405083891675,1.0072172612913772,1.000709635055706,67686.13493455661,74707.8433945649,6.833629421937537,6.833629421937537,6.786547279612199,0,7.594543563471667e-07,0.030618906021118164
0,molrk3,jitter,0.45,0,7,0.01,0.5,1,101,5.048251957384874e-05,9905,1.0,0.005048251957384874,0.005048251957384874,0.14210210353664543,0,7,-0.0014227924691037573,1.007212923769273,1.0007098520759454,68040.62110324488,75101.07332144918,6.8744765656306415,6.8744765656306415,6.827394423305304,0,7.594543563471667e-07,0.03475213050842285
0,maxent,jitter,0.45,0,7,0.01,0.5,1,101,5.048251957384874e-05,9905,1.0,0.005048251957384874,0.005048251957384874,0.14210210353664543,0,7,0.0,1.0000000000000002,0.9988620611277377,0.99993819175773,1.0000000000001261,0.12656491731814257,0.12656491731814257,1.296436270482189,0,7.594543563471667e-07,0.5761251449584961
0,lp,jitter,0.45,0,7,0.01,0.5,1,101,5.048251957384874e-05,9905,1.0,0.005048251957384874,0.005048251957384874,0.14210210353664543,0,7,0.0,1.0000000000000002,0.998830913826148,0.9999872594034053,1.0000000000000995,0.48457281999833013,0.48457281999833013,1.2964194061657883,0,7.594543563471667e-07,0.07255697250366211
0,lprand,jitter,0.45,0,7,0.01,0.5,1,101,5.048251957384874e-05,9905,1.0,0.005048251957384874,0.005048251957384874,0.14210210353664543,0,7,0.0,1.0000000000000002,0.9988468596527883,0.9999945646064858,1.0000000000000837,0.4859617254513754,0.4859617254513754,1.2964229132859035,0,7.594543563471667e-07,0.07074499130249023
0,maxentw,jitter,0.45,0,7,0.01,0.5,1,101,5.048251957384874e-05,9905,1.0,0.005048251957384874,0.005048251957384874,0.14210210353664543,0,7,0.0,1.0000000000000002,0.9988620611277377,0.99993819175773,1.0000000000001261,0.12656491731814257,0.12656491731814257,1.296436270482189,0,7.594543563471667e-07,0.5796740055084229
0,minnorm,jitter,0.45,1,3,0.01,0.5,1,101,0.00011031894819661909,4533,1.0,0.011031894819661908,0.011031894819661908,0.21006565468597582,0,3,-0.09451088646049992,1.1890217729209998,1.000611613461381,14069.998334119415,319926.30585143226,5.834232425061124,5.834232425061124,5.834232337687342,0,8.036569016933726e-07,0.018853187561035156
0,projgauss,jitter,0.45,1,3,0.01,0.5,1,101,0.00011031894819661909,4533,1.0,0.011031894819661908,0.011031894819661908,0.21006565468597582,0,3,-0.09451088646049982,1.1890217729209998,1.0006116134613883,14069.998336828423,319926.3062559711,5.834232425511886,5.834232425511886,5.834232338138104,0,8.036569016933726e-07,0.02064204216003418
0,spectral,jitter,0.45,1,3,0.01,0.5,1,101,0.00011031894819661909,4533,1.0,0.011031894819661908,0.011031894819661908,0.21006565468597582,0,3,-0.09451088646049992,1.1890217729209998,1.000611613461381,14069.998334119415,319926.30585143226,5.834232425061124,5.834232425061124,5.834232337687342,0,8.036569016933726e-07,0.021976232528686523
0,spectralg,jitter,0.45,1,3,0.01,0.5,1,101,0.00011031894819661909,4533,1.0,0.011031894819661908,0.011031894819661908,0.21006565468597582,0,3,-0.09451088646049992,1.1890217729209998,1.000611613461381,14069.998334119415,319926.30585143226,5.834232425061124,5.834232425061124,5.834232337687342,0,8.036569016933726e-07,0.020638227462768555
0,molfe,jitter,0.45,1,3,0.01,0.5,1,101,0.00011031894819661909,4533,1.0,0.011031894819661908,0.011031894819661908,0.21006565468597582,0,3,-0.09418932181415025,1.1883786436283006,1.0006057857445756,14067.0830354468,302048.75303805823,5.779480934819199,5.779480934819199,5.779480847445417,0,8.036569016933726e-07,0.01815509796142578
0,molrk3,jitter,0.45,1,3,0.01,0.5,1,101,0.00011031894819661909,4533,1.0,0.011031894819661908,0.011031894819661908,0.21006565468597582,0,3,-0.09451088646049981,1.1890217729209998,1.0006056815763094,14069.998335440938,302090.8720608673,5.782746265332492,5.782746265332492,5.78274617795871,0,8.036569016933726e-07,0.02007603645324707
0,maxent,jitter,0.45,1,3,0.01,0.5,1,101,0.00011031894819661909,4533,1.0,0.011031894819661908,0.011031894819661908,0.21006565468597582,11,3,-0.09451088646049992,1.1890217729209998,1.0006116134613499,14069.998359657417,319926.4094178731,5.83422583262259,5.83422583262259,5.834225745248808,0,8.036569016933726e-07,0.6590869426727295
0,lp,jitter,0.45,1,3,0.01,0.5,1,101,0.00011031894819661909,4533,1.0,0.011031894819661908,0.011031894819661908,0.21006565468597582,11,3,-0.09451088646049992,1.1890217729209998,1.0006116134613698,14069.998333523978,319926.30593979184,5.834232427305966,5.834232427305966,5.834232339932184,0,8.036569016933726e-07,0.0570530891418457
0,lprand,jitter,0.45,1,3,0.01,0.5,1,101,0.00011031894819661909,4533,1.0,0.011031894819661908,0.011031894819661908,0.21006565468597582,11,3,-0.09451088646049992,1.1890217729209998,1.0006116134613665,14069.998333523978,319926.3059392442,5.834232427305966,5.834232427305966,5.834232339932184,0,8.036569016933726e-07,0.05940604209899902
0,maxentw,jitter,0.45,1,3,0.01,0.5,1,101,0.00011031894819661909,4533,1.0,0.011031894819661908,0.011031894819661908,0.21006565468597582,0,5,0.0,1.0000000000000002,0.9973392452986999,0.9999069203729789,1.000000000000063,0.0522582774071334,0.0522582774071334,1.2964745524968848,0,8.036569016933726e-07,0.7052450180053711
0,minnorm,jitter,0.45,1,5,0.01,0.5,1,101,0.00011031894819661909,4533,1.0,0.011031894819661908,0.011031894819661908,0.21006565468597582,0,5,-0.18594380360378368,1.5304380977974668,0.9988904609611957,1.3212227123200053,1.5304380977974668,0.24527454568923868,0.24527454568923868,1.3121916174471435,0,8.036569016933726e-07,0.020190954208374023
0,projgauss,jitter,0.45,1,5,0.01,0.5,1,101,0.00011031894819661909,4533,1.0,0.011031894819661908,0.011031894819661908,0.21006565468597582,0,5,-0.1617347823676075,1.4680055747003313,0.9987298775534821,1.2959337850741002,1.5063495286147415,0.23108964678106392,0.23108964678106392,1.2980067185389688,0,8.036569016933726e-07,0.02138209342956543
0,spectral,jitter,0.45,1,5,0.01,0.5,1,101,0.00011031894819661909,4533,1.0,0.011031894819661908,0.011031894819661908,0.21006565468597582,0,5,-0.05836339408891317,1.137880502106263,0.9977121653833864,1.044317769327002,4.142215636034434,0.10279345070842638,0.10279345070842638,1.296461896653913,0,8.036569016933726e-07,0.02642202377319336
0,spectralg,jitter,0.45,1,5,0.01,0.5,1,101,0.00011031894819661909,4533,1.0,0.011031894819661908,0.011031894819661908,0.21006565468597582,0,5,-0.05836339408891317,1.137880502106263,0.9977121653833848,1.0395831359771897,4.142215636034434,0.1027934396777993,0.1027934396777993,1.2964618821685343,0,8.036569016933726e-07,0.03484606742858887
0,molfe,jitter,0.45,1,5,0.01,0.5,1,101,0.00011031894819661909,4533,1.0,0.011031894819661908,0.011031894819661908,0.21006565468597582,0,5,-0.007728617891497556,1.0231817253057516,1.0047885095446458,11815833881.642706,1.854208438436704e+21,589952.9090451238,589952.9090451238,589952.9089327941,1,8.036569016933726e-07,0.017780065536499023
0,molrk3,jitter,0.45,1,5,0.01,0.5,1,101,0.00011031894819661909,4533,1.0,0.011031894819661908,0.011031894819661908,0.21006565468597582,0,5,-0.0076899178298745225,1.02307995001979,1.0047999927564257,12409733831.278221,2.078698759689395e+21,621341.5316957682,621341.5316957682,621341.5315834385,1,8.036569016933726e-07,0.01753401756286621
0,maxent,jitter,0.45,1,5,0.01,0.5,1,101,0.00011031894819661909,4533,1.0,0.011031894819661908,0.011031894819661908,0.21006565468597582,0,5,0.0,1.0000000000000004,0.9974207988837418,0.999906798676338,1.000000000000086,0.052261927471509706,0.052261927471509706,1.2964745820774242,0,8.036569016933726e-07,0.6107513904571533
0,lp,jitter,0.45,1,5,0.01,0.5,1,101,0.00011031894819661909,4533,1.0,0.011031894819661908,0.011031894819661908,0.21006565468597582,0,5,0.0,1.0000000000000002,0.9973900994625723,0.9999912331684758,1.0000000000000226,0.30176732929536065,0.30176732929536065,1.2964658373553786,0,8.036569016933726e-07,0.05923819541931152
0,lprand,jitter,0.45,1,5,0.01,0.5,1,101,0.00011031894819661909,4533,1.0,0.011031894819661908,0.011031894819661908,0.21006565468597582,0,5,0.0,1.0,0.997491761856395,0.9999943325861735,1.0000000000000036,0.30250630770958953,0.30250630770958953,1.2964750188017715,0,8.036569016933726e-07,0.06270003318786621
0,maxentw,jitter,0.45,1,5,0.01,0.5,1,101,0.00011031894819661909,4533,1.0,0.011031894819661908,0.011031894819661908,0.21006565468597582,0,5,0.0,1.0000000000000004,0.9974207988837418,0.999906798676338,1.000000000000086,0.052261927471509706,0.052261927471509706,1.2964745820774242,0,8.036569016933726e-07,0.6113758087158203
0,minnorm,jitter,0.45,1,7,0.01,0.5,1,101,0.00011031894819661909,4533,1.0,0.011031894819661908,0.011031894819661908,0.21006565468597582,0,7,-0.16363606190889296,1.5188380094238731,0.9993671417550586,1.8431232314072503,1.8431232314072503,0.4954648284820826,0.4954648284820826,1.6037489702292655,0,8.036569016933726e-07,0.019763946533203125
0,projgauss,jitter,0.45,1,7,0.01,0.5,1,101,0.00011031894819661909,4533,1.0,0.011031894819661908,0.011031894819661908,0.21006565468597582,0,7,-0.1091172262235876,1.3397495679476317,0.9991437817088639,1.5129099669909656,1.5129099669909656,0.3337937193025604,0.3337937193025604,1.4341480629676218,0,8.036569016933726e-07,0.017544031143188477
0,spectral,jitter,0.45,1,7,0.01,0.5,1,101,0.00011031894819661909,4533,1.0,0.011031894819661908,0.011031894819661908,0.21006565468597582,0,7,-0.07734939126651896,1.159897756580849,0.9977225636595494,1.236648575508738,2.0244284186733448,0.14080768347235462,0.14080768347235462,1.2964383771792165,0,8.036569016933726e-07,0.024214982986450195
0,spectralg,jitter,0.45,1,7,0.01,0.5,1,101,0.00011031894819661909,4533,1.0,0.011031894819661908,0.011031894819661908,0.21006565468597582,0,7,-0.07734939126651896,1.159897756580849,0.9977225636595494,1.236648575508738,2.0244284186733448,0.14080768347235462,0.14080768347235462,1.2964383771792165,0,8.036569016933726e-07,0.03855109214782715
0,molfe,jitter,0.45,1,7,0.01,0.5,1,101,0.00011031894819661909,4533,1.0,0.011031894819661908,0.011031894819661908,0.21006565468597582,0,7,-0.0030160980439927617,1.0177264564711133,1.00151753406694,79582.19836129138,13918217858.208796,36.7973666218468,36.7973666218468,36.799860292729676,1,8.036569016933726e-07,0.016709089279174805
0,molrk3,jitter,0.45,1,7,0.01,0.5,1,101,0.00011031894819661909,4533,1.0,0.011031894819661908,0.011031894819661908,0.21006565468597582,0,7,-0.003010867398011168,1.0177028839910613,1.0015185765966017,80526.12782738167,14213347479.354483,37.10394585883514,37.10394585883514,37.10643952971802,1,8.036569016933726e-07,0.01835012435913086
0,maxent,jitter,0.45,1,7,0.01,0.5,1,101,0.00011031894819661909,4533,1.0,0.011031894819661908,0.011031894819661908,0.21006565468597582,0,7,0.0,1.0000000000000004,0.9974980951660667,0.9999067986812437,1.0000000000000746,0.05226192967550736,0.05226192967550736,1.2964745820697168,0,8.036569016933726e-07,0.6726291179656982
0,lp,jitter,0.45,1,7,0.01,0.5,1,101,0.00011031894819661909,4533,1.0,0.011031894819661908,0.011031894819661908,0.21006565468597582,0,7,0.0,1.0000000000000002,0.9973415544957396,0.9999847326845974,1.0000000000000484,0.30087916561644934,0.30087916561644934,1.2964517399501885,0,8.036569016933726e-07,0.061749935150146484
0,lprand,jitter,0.45,1,7,0.01,0.5,1,101,0.00011031894819661909,4533,1.0,0.011031894819661908,0.011031894819661908,0.21006565468597582,0,7,0.0,1.0000000000000002,0.9972822664284411,0.9999924972026567,1.0000000000000142,0.3020831374053764,0.3020831374053764,1.2964544596587388,0,8.036569016933726e-07,0.061277151107788086
0,maxentw,jitter,0.45,1,7,0.01,0.5,1,101,0.00011031894819661909,4533,1.0,0.011031894819661908,0.011031894819661908,0.21006565468597582,0,7,0.0,1.0000000000000004,0.9974980951660667,0.9999067986812437,1.0000000000000746,0.05226192967550736,0.05226192967550736,1.2964745820697168,0,8.036569016933726e-07,0.6727950572967529
0,minnorm,jitter,0.45,2,3,0.01,0.5,1,101,0.0002332333921956281,2144,1.0,0.023323339219562807,0.023323339219562807,0.30543961249034357,0,3,-0.28036662009501034,1.5607332401900202,1.0007002246865344,19978.51097413606,709070.3127664292,2.377510981141561,2.377510981141561,3.20702715915853,0,7.675680876451096e-07,0.012006044387817383
0,projgauss,jitter,0.45,2,3,0.01,0.5,1,101,0.0002332333921956281,2144,1.0,0.023323339219562807,0.023323339219562807,0.30543961249034357,0,3,-0.28036662009500946,1.5607332401900187,1.000700224686472,19978.51101048682,709070.2931008051,2.377510982640138,2.377510982640138,3.2070271606571077,0,7.675680876451096e-07,0.014638185501098633
0,spectral,jitter,0.45,2,3,0.01,0.5,1,101,0.0002332333921956281,2144,1.0,0.023323339219562807,0.023323339219562807,0.30543961249034357,0,3,-0.28036662009501034,1.5607332401900202,1.0007002246865344,19978.51097413606,709070.3127664292,2.377510981141561,2.377510981141561,3.20702715915853,0,7.675680876451096e-07,0.012924909591674805
0,spectralg,jitter,0.45,2,3,0.01,0.5,1,101,0.0002332333921956281,2144,1.0,0.023323339219562807,0.023323339219562807,0.30543961249034357,0,3,-0.28036662009501034,1.5607332401900202,1.0007002246865344,19978.51097413606,709070.3127664292,2.377510981141561,2.377510981141561,3.20702715915853,0,7.675680876451096e-07,0.011752843856811523
0,molfe,jitter,0.45,2,3,0.01,0.5,1,101,0.0002332333921956281,2144,1.0,0.023323339219562807,0.023323339219562807,0.30543961249034357,0,3,-0.2783234246467474,1.5566468492934944,1.0006801334481206,19969.74977005959,768088.5157259216,2.3759240151925827,2.3759240151925827,3.205440193209552,0,7.675680876451096e-07,0.012089014053344727
0,molrk3,jitter,0.45,2,3,0.01,0.5,1,101,0.0002332333921956281,2144,1.0,0.023323339219562807,0.023323339219562807,0.30543961249034357,0,3,-0.28036662009501034,1.5607332401900202,1.0006799687326746,19978.511011914405,762985.8740546096,2.376451740218659,2.376451740218659,3.205967918235628,0,7.675680876451096e-07,0.013692855834960938
0,maxent,jitter,0.45,2,3,0.01,0.5,1,101,0.0002332333921956281,2144,1.0,0.023323339219562807,0.023323339219562807,0.30543961249034357,8,3,-0.28036662009501034,1.5607332401900202,1.0007002246864334,19978.51100541058,709070.2972558431,2.377513798591357,2.377513798591357,3.2070299766083266,0,7.675680876451096e-07,0.5345280170440674
0,lp,jitter,0.45,2,3,0.01,0.5,1,101,0.0002332333921956281,2144,1.0,0.023323339219562807,0.023323339219562807,0.30543961249034357,8,3,-0.28036662009501034,1.5607332401900202,1.0007002246864583,19978.511003325024,709070.3017759008,2.3775109818676077,2.3775109818676077,3.207027159884577,0,7.675680876451096e-07,0.052555084228515625
0,lprand,jitter,0.45,2,3,0.01,0.5,1,101,0.0002332333921956281,2144,1.0,0.023323339219562807,0.023323339219562807,0.30543961249034357,8,3,-0.28036662009501034,1.5607332401900202,1.0007002246864571,19978.511003325024,709070.3017759008,2.3775109818676077,2.3775109818676077,3.207027159884577,0,7.675680876451096e-07,0.05228900909423828
0,maxentw,jitter,0.45,2,3,0.01,0.5,1,101,0.0002332333921956281,2144,1.0,0.023323339219562807,0.023323339219562807,0.30543961249034357,0,5,0.0,1.0000000000000002,0.9945219009235858,0.99992925885979,1.0000000000000122,0.014422112664327469,0.014422112664327469,1.2965213014160812,0,7.675680876451096e-07,0.574498176574707
0,minnorm,jitter,0.45,2,5,0.01,0.5,1,101,0.0002332333921956281,2144,1.0,0.023323339219562807,0.023323339219562807,0.30543961249034357,0,5,-0.17934262962874384,1.5346025070925184,0.9965927255122412,1.0472672865085968,1.5346025070925184,0.23533135400290528,0.23533135400290528,1.2965397827869614,0,7.675680876451096e-07,0.01236581802368164
0,projgauss,jitter,0.45,2,5,0.01,0.5,1,101,0.0002332333921956281,2144,1.0,0.023323339219562807,0.023323339219562807,0.30543961249034357,0,5,-0.15090471746819234,1.4700546046548075,0.9962308305798788,1.0236394715952215,1.4700546046548075,0.21060937267420865,0.21060937267420865,1.2965258699999938,0,7.675680876451096e-07,0.01238703727722168
0,spectral,jitter,0.45,2,5,0.01,0.5,1,101,0.0002332333921956281,2144,1.0,0.023323339219562807,0.023323339219562807,0.30543961249034357,0,5,-0.11756066776033466,1.235121335520669,0.9949592622711213,1.0069021745199087,2.2401635067635426,0.03572781110163059,0.03572781110163059,1.2965429845288439,0,7.675680876451096e-07,0.01732611656188965
0,spectralg,jitter,0.45,2,5,0.01,0.5,1,101,0.0002332333921956281,2144,1.0,0.023323339219562807,0.023323339219562807,0.30543961249034357,0,5,-0.11756066776033466,1.235121335520669,0.9949342479956539,1.0057403394051043,2.2198918667346677,0.03578858956200415,0.03578858956200415,1.2965429845288439,0,7.675680876451096e-07,0.030976057052612305
0,molfe,jitter,0.45,2,5,0.01,0.5,1,101,0.0002332333921956281,2144,1.0,0.023323339219562807,0.023323339219562807,0.30543961249034357,0,5,-0.023248797248875727,1.0589694832278531,1.0114748813593015,1206868158755.8948,7.06866008788067e+51,inf,1366446.3768925527,1366445.7229438112,1,7.675680876451096e-07,0.011913061141967773
0,molrk3,jitter,0.45,2,5,0.01,0.5,1,101,0.0002332333921956281,2144,1.0,0.023323339219562807,0.023323339219562807,0.30543961249034357,0,5,-0.02298106868441199,1.058213838481675,1.011540969632221,1417327898514.2356,1.3696844489764614e+52,inf,1573006.7516948413,1573006.0977460998,1,7.675680876451096e-07,0.013979196548461914
0,maxent,jitter,0.45,2,5,0.01,0.5,1,101,0.0002332333921956281,2144,1.0,0.023323339219562807,0.023323339219562807,0.30543961249034357,0,5,0.0,1.0000000000000002,0.9946234833334376,0.9999292159948945,1.0000000000000173,0.01602140513207506,0.01602140513207506,1.2965212990285848,0,7.675680876451096e-07,0.6351480484008789
0,lp,jitter,0.45,2,5,0.01,0.5,1,101,0.0002332333921956281,2144,1.0,0.023323339219562807,0.023323339219562807,0.30543961249034357,0,5,0.0,1.0,0.9941879264647359,0.9999838178298266,1.0000000000000038,0.2012119590182655,0.2012119590182655,1.2965034991894844,0,7.675680876451096e-07,0.05466198921203613
0,lprand,jitter,0.45,2,5,0.01,0.5,1,101,0.0002332333921956281,2144,1.0,0.023323339219562807,0.023323339219562807,0.30543961249034357,0,5,0.0,1.0,0.9946354800643884,0.9999942684130111,1.000000000000006,0.2433743849160005,0.2433743849160005,1.2965213426542206,0,7.675680876451096e-07,0.054406166076660156
0,maxentw,jitter,0.45,2,5,0.01,0.5,1,101,0.0002332333921956281,2144,1.0,0.023323339219562807,0.023323339219562807,0.30543961249034357,0,5,0.0,1.0000000000000002,0.9946234833334376,0.9999292159948945,1.0000000000000173,0.01602140513207506,0.01602140513207506,1.2965212990285848,0,7.675680876451096e-07,0.6342580318450928
0,minnorm,jitter,0.45,2,7,0.01,0.5,1,101,0.0002332333921956281,2144,1.0,0.023323339219562807,0.023323339219562807,0.30543961249034357,0,7,-0.16749471060395846,1.5043337443191265,0.997811885032244,1.3235022629222526,1.5043337443191265,0.25413359108661115,0.25413359108661115,1.3056626950082968,0,7.675680876451096e-07,0.013003826141357422
0,projgauss,jitter,0.45,2,7,0.01,0.5,1,101,0.0002332333921956281,2144,1.0,0.023323339219562807,0.023323339219562807,0.30543961249034357,0,7,-0.11569386656632659,1.3304126033771277,0.9973526416236582,1.1904674405383031,1.3304126033771277,0.2201329338376743,0.2201329338376743,1.2963624380914764,0,7.675680876451096e-07,0.012930870056152344
0,spectral,jitter,0.45,2,7,0.01,0.5,1,101,0.0002332333921956281,2144,1.0,0.023323339219562807,0.023323339219562807,0.30543961249034357,0,7,-0.12131449606548014,1.310019070639738,0.9950259384739231,1.073774264263224,2.3995688095440357,0.08472093916164147,0.08472093916164147,1.2965072039574619,0,7.675680876451096e-07,0.019609928131103516
0,spectralg,jitter,0.45,2,7,0.01,0.5,1,101,0.0002332333921956281,2144,1.0,0.023323339219562807,0.023323339219562807,0.30543961249034357,0,7,-0.12131449606548014,1.310019070639738,0.9950259128136613,1.0737750587761417,2.3995688095440357,0.08471927559827219,0.08471927559827219,1.2965072039574619,0,7.675680876451096e-07,0.035859107971191406
0,molfe,jitter,0.45,2,7,0.01,0.5,1,101,0.0002332333921956281,2144,1.0,0.023323339219562807,0.023323339219562807,0.30543961249034357,0,7,-0.006864673954201742,1.037987647336686,1.0032490210707479,92683.5463962481,5.5878565473805605e+20,33.78667937166488,33.78667937166488,33.78767219599153,1,7.675680876451096e-07,0.012598037719726562
0,molrk3,jitter,0.45,2,7,0.01,0.5,1,101,0.0002332333921956281,2144,1.0,0.023323339219562807,0.023323339219562807,0.30543961249034357,0,7,-0.006841808888547275,1.0379162617704718,1.0032543094481654,95287.47379436347,6.053350437446037e+20,34.56862252954303,34.56862252954303,34.56961535386968,1,7.675680876451096e-07,0.014561891555786133
0,maxent,jitter,0.45,2,7,0.01,0.5,1,101,0.0002332333921956281,2144,1.0,0.023323339219562807,0.023323339219562807,0.30543961249034357,0,7,0.0,1.0000000000000002,0.9946593456842064,0.9999292153197821,1.0000000000000182,0.01602139364017896,0.01602139364017896,1.2965212990272275,0,7.675680876451096e-07,0.4011807441711426
0,lp,jitter,0.45,2,7,0.01,0.5,1,101,0.0002332333921956281,2144,1.0,0.023323339219562807,0.023323339219562807,0.30543961249034357,0,7,0.0,1.0000000000000002,0.9940073886334416,0.9999734785307764,1.0000000000000044,0.18436104493453687,0.18436104493453687,1.296494860968217,0,7.675680876451096e-07,0.05606675148010254
0,lprand,jitter,0.45,2,7,0.01,0.5,1,101,0.0002332333921956281,2144,1.0,0.023323339219562807,0.023323339219562807,0.30543961249034357,0,7,0.0,1.0000000000000002,0.9945226219209664,0.9999249792694525,1.0000000000000124,0.015190008524329723,0.015190008524329723,1.296517691883981,0,7.675680876451096e-07,0.055158138275146484
0,maxentw,jitter,0.45,2,7,0.01,0.5,1,101,0.0002332333921956281,2144,1.0,0.023323339219562807,0.023323339219562807,0.30543961249034357,0,7,0.0,1.0000000000000002,0.9946593456842064,0.9999292153197821,1.0000000000000182,0.01602139364017896,0.01602139364017896,1.2965212990272275,0,7.675680876451096e-07,0.3946988582611084
0,minnorm,random,0.0,0,3,0.01,0.5,1,101,0.0001783877195930259,2803,1.0,0.017838771959302592,0.017838771959302592,0.267123731325411,0,3,-0.613174199613542,2.2263483992270854,1.0207064969744144,6.581878300842378e+26,7.550522673992338e+90,inf,2683677.891194609,2683677.9092149446,1,7.325626945053898e-07,0.010781049728393555
0,projgauss,random,0.0,0,3,0.01,0.5,1,101,0.0001783877195930259,2803,1.0,0.017838771959302592,0.017838771959302592,0.267123731325411,0,3,-0.6131741996135427,2.2263483992270863,1.0207064969744148,6.581878300853339e+26,7.550522674029447e+90,inf,2683677.8892177627,2683677.9072380983,1,7.325626945053898e-07,0.010617971420288086
0,spectral,random,0.0,0,3,0.01,0.5,1,101,0.0001783877195930259,2803,1.0,0.017838771959302592,0.017838771959302592,0.267123731325411,0,3,-0.613174199613542,2.2263483992270854,1.0207064969744144,6.581878300842378e+26,7.550522673992338e+90,inf,2683677.891194609,2683677.9092149446,1,7.325626945053898e-07,0.01151585578918457
0,spectralg,random,0.0,0,3,0.01,0.5,1,101,0.0001783877195930259,2803,1.0,0.017838771959302592,0.017838771959302592,0.267123731325411,0,3,-0.613174199613542,2.2263483992270854,1.0207064969744144,6.581878300842378e+26,7.550522673992338e+90,inf,2683677.891194609,2683677.9092149446,1,7.325626945053898e-07,0.009942054748535156
0,molfe,random,0.0,0,3,0.01,0.5,1,101,0.0001783877195930259,2803,1.0,0.017838771959302592,0.017838771959302592,0.267123731325411,0,3,-0.6089084416548494,2.217816883309699,1.0206529803338478,5.702705968280125e+26,4.485642658647648e+90,inf,2539209.4803889384,2539209.498409274,1,7.325626945053898e-07,0.011021852493286133
0,molrk3,random,0.0,0,3,0.01,0.5,1,101,0.0001783877195930259,2803,1.0,0.017838771959302592,0.017838771959302592,0.267123731325411,0,3,-0.6131741996135421,2.2263483992270845,1.0208677213718194,1.0284295459722819e+27,3.676763094626508e+91,inf,3176215.459747945,3176215.4777682805,1,7.325626945053898e-07,0.010935068130493164
0,maxent,random,0.0,0,3,0.01,0.5,1,101,0.0001783877195930259,2803,1.0,0.017838771959302592,0.017838771959302592,0.267123731325411,36,3,-0.613174199613542,2.2263483992270854,1.0207064969744144,6.581878300596872e+26,7.550522673710702e+90,inf,2683677.8111028043,2683677.82912314,1,7.325626945053898e-07,0.793938159942627
0,lp,random,0.0,0,3,0.01,0.5,1,101,0.0001783877195930259,2803,1.0,0.017838771959302592,0.017838771959302592,0.267123731325411,36,3,-0.613174199613542,2.2263483992270854,1.0207064969744144,6.581878300843205e+26,7.550522673993288e+90,inf,2683677.890693996,2683677.9087143317,1,7.325626945053898e-07,0.050477027893066406
0,lprand,random,0.0,0,3,0.01,0.5,1,101,0.0001783877195930259,2803,1.0,0.017838771959302592,0.017838771959302592,0.267123731325411,36,3,-0.613174199613542,2.2263483992270854,1.0207064969744144,6.581878300843205e+26,7.550522673993288e+90,inf,2683677.890693996,2683677.9087143317,1,7.325626945053898e-07,0.04905104637145996
0,maxentw,random,0.0,0,3,0.01,0.5,1,101,0.0001783877195930259,2803,1.0,0.017838771959302592,0.017838771959302592,0.267123731325411,11,5,-0.3395331063898138,1.6790662127796279,1.0207064969744144,3.946257936971785e+26,4.527022328370037e+90,inf,1404532.8244322182,1404532.8424525538,1,7.325626945053898e-07,1.499497890472412
0,minnorm,random,0.0,0,5,0.01,0.5,1,101,0.0001783877195930259,2803,1.0,0.017838771959302592,0.017838771959302592,0.267123731325411,0,5,-0.27119754219204695,1.5778440772905544,1.0041939868394165,202908.29574520272,2.448097427204781e+18,2138.080783703879,2138.080783703879,2139.1259386414636,1,7.325626945053898e-07,0.014738798141479492
0,projgauss,random,0.0,0,5,0.01,0.5,1,101,0.0001783877195930259,2803,1.0,0.017838771959302592,0.017838771959302592,0.267123731325411,0,5,-0.23809852364754794,1.5931330545264908,1.0019882112543974,2470.0955473914037,1838065427.0775023,25.650947598217122,25.650947598217122,26.696102535801444,1,7.325626945053898e-07,0.017281770706176758
0,spectral,random,0.0,0,5,0.01,0.5,1,101,0.0001783877195930259,2803,1.0,0.017838771959302592,0.017838771959302592,0.267123731325411,0,5,-0.6630247325037374,2.77113920249246,1.0000006842772644,15910.11477764675,967578.4033466784,4.009503057596603,4.009503057596603,4.929776280983849,0,7.325626945053898e-07,0.0188291072845459
0,spectralg,random,0.0,0,5,0.01,0.5,1,101,0.0001783877195930259,2803,1.0,0.017838771959302592,0.017838771959302592,0.267123731325411,0,5,-0.6630247325037374,2.77113920249246,1.0000003521692606,15910.11477764675,1004092.1394125929,4.043248375868698,4.043248375868698,4.9635215992559445,0,7.325626945053898e-07,0.034757137298583984
0,molfe,random,0.0,0,5,0.01,0.5,1,101,0.0001783877195930259,2803,1.0,0.017838771959302592,0.017838771959302592,0.267123731325411,0,5,-0.03965975827087231,1.1557940508803732,1.0065124596030182,288839325.6685163,5.819617065445974e+28,5517.009155194544,5517.009155194544,5517.242389548841,1,7.325626945053898e-07,0.013854026794433594
0,molrk3,random,0.0,0,5,0.01,0.5,1,101,0.0001783877195930259,2803,1.0,0.017838771959302592,0.017838771959302592,0.267123731325411,0,5,-0.03978432557270964,1.1563139899147974,1.0065337117026034,306444186.0089788,7.187976583033735e+28,5767.704334865395,5767.704334865395,5767.937569219692,1,7.325626945053898e-07,0.014515876770019531
0,maxent,random,0.0,0,5,0.01,0.5,1,101,0.0001783877195930259,2803,1.0,0.017838771959302592,0.017838771959302592,0.267123731325411,11,5,-0.2565659408120112,1.5778440772905544,1.0000000033727594,3328.3750574736246,38746.69484185625,1.3514304548266791,1.3514304548266791,1.6189347446869637,0,7.325626945053898e-07,0.7030417919158936
0,lp,random,0.0,0,5,0.01,0.5,1,101,0.0001783877195930259,2803,1.0,0.017838771959302592,0.017838771959302592,0.267123731325411,11,5,-0.2565659408120112,1.5778440772905544,1.000000444923671,4331.054341691763,50857.61646424148,1.3233808065008432,1.3233808065008432,1.6012406919997622,0,7.325626945053898e-07,0.05725216865539551
0,lprand,random,0.0,0,5,0.01,0.5,1,101,0.0001783877195930259,2803,1.0,0.017838771959302592,0.017838771959302592,0.267123731325411,11,5,-0.2565659408120112,1.5778440772905544,1.0000002051011025,4216.994480004522,49281.01367548194,1.342390419698615,1.342390419698615,1.6132219106657555,0,7.325626945053898e-07,0.058528900146484375
0,maxentw,random,0.0,0,5,0.01,0.5,1,101,0.0001783877195930259,2803,1.0,0.017838771959302592,0.017838771959302592,0.267123731325411,11,5,-0.2565659408120112,1.5778440772905544,1.0000000033727594,3328.3750574736246,38746.69484185625,1.3514304548266791,1.3514304548266791,1.6189347446869637,0,7.325626945053898e-07,1.210697889328003
0,minnorm,random,0.0,0,7,0.01,0.5,1,101,0.0001783877195930259,2803,1.0,0.017838771959302592,0.017838771959302592,0.267123731325411,0,7,-0.20694363631686186,1.6242319442387432,0.9988980682443592,1.69776231414006,1.9227096876911123,0.3979184963655755,0.3979184963655755,1.525878298678336,0,7.325626945053898e-07,0.01553487777709961
0,projgauss,random,0.0,0,7,0.01,0.5,1,101,0.0001783877195930259,2803,1.0,0.017838771959302592,0.017838771959302592,0.267123731325411,0,7,-0.1513201419674206,1.4551990467245435,0.9991350101370226,1.9848647975224194,1.9848647975224194,0.5377019115278883,0.5377019115278883,1.6346718521380768,0,7.325626945053898e-07,0.014999151229858398
0,spectral,random,0.0,0,7,0.01,0.5,1,101,0.0001783877195930259,2803,1.0,0.017838771959302592,0.017838771959302592,0.267123731325411,0,7,-0.625320428539512,2.7327671427205917,0.9992739750176086,3.342217207572037,11.26279644287317,0.611688192830744,0.611688192830744,1.2961578907928017,0,7.325626945053898e-07,0.022124052047729492
0,spectralg,random,0.0,0,7,0.01,0.5,1,101,0.0001783877195930259,2803,1.0,0.017838771959302592,0.017838771959302592,0.267123731325411,0,7,-0.625320428539512,2.7327671427205917,0.9992321841234395,3.50645250768811,11.26279644287317,0.666552591072153,0.666552591072153,1.2961578907928022,0,7.325626945053898e-07,0.03801083564758301
0,molfe,random,0.0,0,7,0.01,0.5,1,101,0.0001783877195930259,2803,1.0,0.017838771959302592,0.017838771959302592,0.267123731325411,0,7,-0.01229617327414965,1.0520546461153086,1.0038297472098126,190868.12064339238,1.694817263880821e+17,3.6402538592180482,3.6402538592180482,3.9602292848710334,0,7.325626945053898e-07,0.017646074295043945
0,molrk3,random,0.0,0,7,0.01,0.5,1,101,0.0001783877195930259,2803,1.0,0.017838771959302592,0.017838771959302592,0.267123731325411,0,7,-0.01218433056232593,1.0516248466688964,1.003837090053447,194818.5549185986,1.8234365884302973e+17,3.714450984350803,3.714450984350803,4.034426410003788,0,7.325626945053898e-07,0.016566038131713867
0,maxent,random,0.0,0,7,0.01,0.5,1,101,0.0001783877195930259,2803,1.0,0.017838771959302592,0.017838771959302592,0.267123731325411,11,7,-0.20694363631686186,1.5994161986341253,0.9989365684251669,2.774370512277494,2.774370512277494,1.0676348084297345,1.0676348084297345,2.1127897460140552,0,7.325626945053898e-07,0.507439136505127
0,lp,random,0.0,0,7,0.01,0.5,1,101,0.0001783877195930259,2803,1.0,0.017838771959302592,0.017838771959302592,0.267123731325411,11,7,-0.20694363631686186,1.5994161986341253,0.9988360330726322,2.896951363593189,2.9828496464543766,1.351310281782303,1.351310281782303,2.088598879813701,0,7.325626945053898e-07,0.05944991111755371
0,lprand,random,0.0,0,7,0.01,0.5,1,101,0.0001783877195930259,2803,1.0,0.017838771959302592,0.017838771959302592,0.267123731325411,11,7,-0.20694363631686186,1.5994161986341253,0.9989654958456787,2.9963083266622887,2.9963083266622887,1.4730311520911026,1.4730311520911026,2.1902790620016868,0,7.325626945053898e-07,0.05834603309631348
0,maxentw,random,0.0,0,7,0.01,0.5,1,101,0.0001783877195930259,2803,1.0,0.017838771959302592,0.017838771959302592,0.267123731325411,11,7,-0.20694363631686186,1.5994161986341253,0.9989365684251669,2.774370512277494,2.774370512277494,1.0676348084297345,1.0676348084297345,2.1127897460140552,0,7.325626945053898e-07,1.0170748233795166
0,minnorm,random,0.0,1,3,0.01,0.5,1,101,0.0002206424694960455,2267,1.0,0.02206424694960455,0.02206424694960455,0.29708077655482557,0,3,-0.4661759737245228,1.9323519474490454,1.0945959325162502,1.129829399591872e+90,1.129829399591872e+90,inf,1335413.7369740088,1335412.9305103153,1,8.018758284045191e-07,0.007651090621948242
0,projgauss,random,0.0,1,3,0.01,0.5,1,101,0.0002206424694960455,2267,1.0,0.02206424694960455,0.02206424694960455,0.29708077655482557,0,3,-0.46617597372452274,1.932351947449046,1.09459593251625,1.1298293995913298e+90,1.1298293995913298e+90,inf,1335413.7378831466,1335412.9314194531,1,8.018758284045191e-07,0.008254051208496094
0,spectral,random,0.0,1,3,0.01,0.5,1,101,0.0002206424694960455,2267,1.0,0.02206424694960455,0.02206424694960455,0.29708077655482557,0,3,-0.4661759737245228,1.9323519474490454,1.0945959325162502,1.129829399591872e+90,1.129829399591872e+90,inf,1335413.7369740088,1335412.9305103153,1,8.018758284045191e-07,0.00817108154296875
0,spectralg,random,0.0,1,3,0.01,0.5,1,101,0.0002206424694960455,2267,1.0,0.02206424694960455,0.02206424694960455,0.29708077655482557,0,3,-0.4661759737245228,1.9323519474490454,1.0945959325162502,1.129829399591872e+90,1.129829399591872e+90,inf,1335413.7369740088,1335412.9305103153,1,8.018758284045191e-07,0.008253812789916992
0,molfe,random,0.0,1,3,0.01,0.5,1,101,0.0002206424694960455,2267,1.0,0.02206424694960455,0.02206424694960455,0.29708077655482557,0,3,-0.46244739883415514,1.9248947976683104,1.094074690354733,3.8458892650874383e+89,3.8458892650874383e+89,inf,1172473.333359212,1172472.5268955184,1,8.018758284045191e-07,0.007692813873291016
0,molrk3,random,0.0,1,3,0.01,0.5,1,101,0.0002206424694960455,2267,1.0,0.02206424694960455,0.02206424694960455,0.29708077655482557,0,3,-0.46011468975522746,1.920229379510455,1.0986384749483222,4.823403595566115e+93,4.823403595566115e+93,inf,3607595.341581352,3607594.5351176583,1,8.018758284045191e-07,0.0076580047607421875
0,maxent,random,0.0,1,3,0.01,0.5,1,101,0.0002206424694960455,2267,1.0,0.02206424694960455,0.02206424694960455,0.29708077655482557,36,3,-0.4661759737245228,1.9323519474490454,1.0945959325162502,1.1298293995923903e+90,1.1298293995923903e+90,inf,1335413.7392118475,1335412.932748154,1,8.018758284045191e-07,0.7638351917266846
0,lp,random,0.0,1,3,0.01,0.5,1,101,0.0002206424694960455,2267,1.0,0.02206424694960455,0.02206424694960455,0.29708077655482557,36,3,-0.4661759737245228,1.9323519474490454,1.0945959325162502,1.1298293995918796e+90,1.1298293995918796e+90,inf,1335413.7371548838,1335412.9306911903,1,8.018758284045191e-07,0.046838998794555664
0,lprand,random,0.0,1,3,0.01,0.5,1,101,0.0002206424694960455,2267,1.0,0.02206424694960455,0.02206424694960455,0.29708077655482557,36,3,-0.4661759737245228,1.9323519474490454,1.0945959325162502,1.1298293995918796e+90,1.1298293995918796e+90,inf,1335413.7371548838,1335412.9306911903,1,8.018758284045191e-07,0.04726123809814453
0,maxentw,random,0.0,1,3,0.01,0.5,1,101,0.0002206424694960455,2267,1.0,0.02206424694960455,0.02206424694960455,0.29708077655482557,7,7,-0.3220999194274334,1.6441998388548662,1.0001046467107066,7256.085000333661,129635.85039585104,4.062981826751674,4.062981826751674,4.062844368519386,0,8.018758284045191e-07,1.292943000793457
0,minnorm,random,0.0,1,5,0.01,0.5,1,101,0.0002206424694960455,2267,1.0,0.02206424694960455,0.02206424694960455,0.29708077655482557,0,5,-0.2471553794615548,1.6942916573104956,1.0006762918231165,2025.396889051246,740832.0191657585,4.278028580152365,4.278028580152365,4.278028402588915,0,8.018758284045191e-07,0.01408696174621582
0,projgauss,random,0.0,1,5,0.01,0.5,1,101,0.0002206424694960455,2267,1.0,0.02206424694960455,0.02206424694960455,0.29708077655482557,0,5,-0.27458217102664156,1.7152962397384426,1.000355507134007,2015.2384560856335,121927.5304480878,4.293718835063203,4.293718835063203,4.293718657499753,0,8.018758284045191e-07,0.012951850891113281
0,spectral,random,0.0,1,5,0.01,0.5,1,101,0.0002206424694960455,2267,1.0,0.02206424694960455,0.02206424694960455,0.29708077655482557,0,5,-0.7650499131073135,4.014750974017349,1.0001751819866846,15032.972456184907,264714.9266508763,4.259267767543428,4.259267767543428,4.259267589979978,0,8.018758284045191e-07,0.020228862762451172
0,spectralg,random,0.0,1,5,0.01,0.5,1,101,0.0002206424694960455,2267,1.0,0.02206424694960455,0.02206424694960455,0.29708077655482557,0,5,-0.7650499131073135,4.014750974017349,1.0001544992776503,15032.923125965703,264713.3470355158,4.248825124756216,4.248825124756216,4.248824947192766,0,8.018758284045191e-07,0.03510284423828125
0,molfe,random,0.0,1,5,0.01,0.5,1,101,0.0002206424694960455,2267,1.0,0.02206424694960455,0.02206424694960455,0.29708077655482557,0,5,-0.07953950267226521,1.2903564054797858,1.0059595753095127,13029872.345211122,1.1766821268056109e+27,490.17823671989464,490.17823671989464,489.8643802556347,1,8.018758284045191e-07,0.014564752578735352
0,molrk3,random,0.0,1,5,0.01,0.5,1,101,0.0002206424694960455,2267,1.0,0.02206424694960455,0.02206424694960455,0.29708077655482557,0,5,-0.08008107599709668,1.2918840651175059,1.0059773688556921,13563487.287423475,1.404355503309077e+27,510.229707944446,510.229707944446,509.91585148018606,1,8.018758284045191e-07,0.013944625854492188
0,maxent,random,0.0,1,5,0.01,0.5,1,101,0.0002206424694960455,2267,1.0,0.02206424694960455,0.02206424694960455,0.29708077655482557,8,5,-0.2471553794615548,1.6942916573104956,1.0000541607279338,3283.7134607741973,58053.433628222134,4.2483289695361774,4.2483289695361774,4.248328791972727,0,8.018758284045191e-07,0.78501296043396
0,lp,random,0.0,1,5,0.01,0.5,1,101,0.0002206424694960455,2267,1.0,0.02206424694960455,0.02206424694960455,0.29708077655482557,8,5,-0.2471553794615548,1.6942916573104956,1.0000009172646322,5307.7557519633065,94924.86522658322,4.221745561559223,4.221745561559223,4.221745383995773,0,8.018758284045191e-07,0.05415987968444824
0,lprand,random,0.0,1,5,0.01,0.5,1,101,0.0002206424694960455,2267,1.0,0.02206424694960455,0.02206424694960455,0.29708077655482557,8,5,-0.2471553794615548,1.6942916573104956,1.0000007073819084,14674.984445776261,269560.3311294147,4.239314423075295,4.239314423075295,4.239314245511845,0,8.018758284045191e-07,0.053540945053100586
0,maxentw,random,0.0,1,5,0.01,0.5,1,101,0.0002206424694960455,2267,1.0,0.02206424694960455,0.02206424694960455,0.29708077655482557,7,7,-0.2471553794615548,1.6121387947142156,1.0000004891516723,2181.3676595135607,38259.20253629435,4.2483289695361774,4.2483289695361774,4.248328791972727,0,8.018758284045191e-07,1.1392788887023926
0,minnorm,random,0.0,1,7,0.01,0.5,1,101,0.0002206424694960455,2267,1.0,0.02206424694960455,0.02206424694960455,0.29708077655482557,0,7,-0.2197638543014163,1.5957144661450091,0.99846971642256,1.7623365740644072,2.0366153646396135,0.352956961368566,0.352956961368566,1.2922646539077816,0,8.018758284045191e-07,0.013154983520507812
0,projgauss,random,0.0,1,7,0.01,0.5,1,101,0.0002206424694960455,2267,1.0,0.02206424694960455,0.02206424694960455,0.29708077655482557,0,7,-0.16605193624952513,1.4684238145688417,0.9981791899669252,1.3750459250158176,1.6003354505633796,0.3400841162153266,0.3400841162153266,1.294484838599645,0,8.018758284045191e-07,0.015142202377319336
0,spectral,random,0.0,1,7,0.01,0.5,1,101,0.0002206424694960455,2267,1.0,0.02206424694960455,0.02206424694960455,0.29708077655482557,0,7,-1.0133299152725503,4.560627168068277,0.9974784568521146,2.058694285695836,20.176643724416707,0.27433516712121764,0.27433516712121764,1.29558687530709,0,8.018758284045191e-07,0.018480777740478516
0,spectralg,random,0.0,1,7,0.01,0.5,1,101,0.0002206424694960455,2267,1.0,0.02206424694960455,0.02206424694960455,0.29708077655482557,0,7,-1.0133299152725503,4.560627168068277,0.9974807000228408,2.053122821317327,20.176643724416703,0.27433530339346557,0.27433530339346557,1.2955848864123,0,8.018758284045191e-07,0.03826403617858887
0,molfe,random,0.0,1,7,0.01,0.5,1,101,0.0002206424694960455,2267,1.0,0.02206424694960455,0.02206424694960455,0.29708077655482557,0,7,-0.01693594349925651,1.0676708510740012,1.0052297306780895,398504.75247061445,1.3128691424809044e+23,39.40008143096778,39.40008143096778,40.081319337794994,1,8.018758284045191e-07,0.014217138290405273
0,molrk3,random,0.0,1,7,0.01,0.5,1,101,0.0002206424694960455,2267,1.0,0.02206424694960455,0.02206424694960455,0.29708077655482557,0,7,-0.01677474920211833,1.0674589839608015,1.0052434295584955,411008.8341597924,1.5045443810492225e+23,40.63540559292249,40.63540559292249,41.3166434997497,1,8.018758284045191e-07,0.014481782913208008
0,maxent,random,0.0,1,7,0.01,0.5,1,101,0.0002206424694960455,2267,1.0,0.02206424694960455,0.02206424694960455,0.29708077655482557,7,7,-0.2197638543014163,1.5957144661450091,0.9974693027709656,1.311901749203064,2.217809098432821,0.15066264919399552,0.15066264919399552,1.2953915584151512,0,8.018758284045191e-07,0.5146698951721191
0,lp,random,0.0,1,7,0.01,0.5,1,101,0.0002206424694960455,2267,1.0,0.02206424694960455,0.02206424694960455,0.29708077655482557,7,7,-0.2197638543014163,1.5957144661450091,0.9974502530097503,1.3539883131676067,2.4738685199455723,0.49605578824471397,0.49605578824471397,1.2953794757573478,0,8.018758284045191e-07,0.05808305740356445
0,lprand,random,0.0,1,7,0.01,0.5,1,101,0.0002206424694960455,2267,1.0,0.02206424694960455,0.02206424694960455,0.29708077655482557,7,7,-0.2197638543014163,1.5957144661450091,0.9973921327154193,1.390792627357658,2.1672057541214325,0.6238449030000719,0.6238449030000719,1.2954655208280763,0,8.018758284045191e-07,0.055212974548339844
0,maxentw,random,0.0,1,7,0.01,0.5,1,101,0.0002206424694960455,2267,1.0,0.02206424694960455,0.02206424694960455,0.29708077655482557,7,7,-0.2197638543014163,1.5957144661450091,0.9974693027709656,1.311901749203064,2.217809098432821,0.15066264919399552,0.15066264919399552,1.2953915584151512,0,8.018758284045191e-07,0.8405060768127441
0,minnorm,random,0.0,2,3,0.01,0.5,1,101,0.00025656667971716874,1949,1.0,0.02565666797171687,0.025656667971716875,0.3203539790401666,0,3,-0.47715177078760773,1.9543035415752157,1.0595731290042028,1.56109442242998e+50,3.331153420603572e+252,inf,2451488.5757073006,2451487.769281522,1,8.118973884307934e-07,0.0072629451751708984
0,projgauss,random,0.0,2,3,0.01,0.5,1,101,0.00025656667971716874,1949,1.0,0.02565666797171687,0.025656667971716875,0.3203539790401666,0,3,-0.4771517707876082,1.9543035415752161,1.0595731290042032,1.5610944224311668e+50,3.3311534206163716e+252,inf,2451488.5761060924,2451487.7696803138,1,8.118973884307934e-07,0.009924888610839844
0,spectral,random,0.0,2,3,0.01,0.5,1,101,0.00025656667971716874,1949,1.0,0.02565666797171687,0.025656667971716875,0.3203539790401666,0,3,-0.47715177078760773,1.9543035415752157,1.0595731290042028,1.56109442242998e+50,3.331153420603572e+252,inf,2451488.5757073006,2451487.769281522,1,8.118973884307934e-07,0.009063005447387695
0,spectralg,random,0.0,2,3,0.01,0.5,1,101,0.00025656667971716874,1949,1.0,0.02565666797171687,0.025656667971716875,0.3203539790401666,0,3,-0.47715177078760773,1.9543035415752157,1.0595731290042028,1.56109442242998e+50,3.331153420603572e+252,inf,2451488.5757073006,2451487.769281522,1,8.118973884307934e-07,0.00890493392944336
0,molfe,random,0.0,2,3,0.01,0.5,1,101,0.00025656667971716874,1949,1.0,0.02565666797171687,0.025656667971716875,0.3203539790401666,0,3,-0.4727840089355588,1.9455680178711177,1.0592669676892235,8.909040025957404e+49,1.8558506472364513e+251,inf,2168510.2668352104,2168509.4604094317,1,8.118973884307934e-07,0.008780241012573242
0,molrk3,random,0.0,2,3,0.01,0.5,1,101,0.00025656667971716874,1949,1.0,0.02565666797171687,0.025656667971716875,0.3203539790401666,0,3,-0.44442583976327465,1.8888516795265493,1.0610579510150453,2.397523513320903e+51,4.029859390306782e+258,inf,4393771.891503669,4393771.085077891,1,8.118973884307934e-07,0.008709907531738281
0,maxent,random,0.0,2,3,0.01,0.5,1,101,0.00025656667971716874,1949,1.0,0.02565666797171687,0.025656667971716875,0.3203539790401666,35,3,-0.47715177078760773,1.9543035415752157,1.0595731290042028,1.5610944223182196e+50,3.3311534203650908e+252,inf,2451487.4629621003,2451486.6565363216,1,8.118973884307934e-07,0.8517038822174072
0,lp,random,0.0,2,3,0.01,0.5,1,101,0.00025656667971716874,1949,1.0,0.02565666797171687,0.025656667971716875,0.3203539790401666,35,3,-0.47715177078760773,1.9543035415752157,1.0595731290042028,1.561094422430005e+50,3.3311534206036253e+252,inf,2451488.5766561627,2451487.770230384,1,8.118973884307934e-07,0.04783010482788086
0,lprand,random,0.0,2,3,0.01,0.5,1,101,0.00025656667971716874,1949,1.0,0.02565666797171687,0.025656667971716875,0.3203539790401666,35,3,-0.47715177078760773,1.9543035415752157,1.0595731290042028,1.561094422430005e+50,3.3311534206036253e+252,inf,2451488.5766561627,2451487.770230384,1,8.118973884307934e-07,0.04920387268066406
0,maxentw,random,0.0,2,3,0.01,0.5,1,101,0.00025656667971716874,1949,1.0,0.02565666797171687,0.025656667971716875,0.3203539790401666,11,7,-0.47715177078760773,1.9543035415752157,1.0308581984548255,1.0229273970210718e+27,1.8811529026797499e+133,inf,1524214.8796647668,1524214.0144448294,1,8.118973884307934e-07,1.5661299228668213
0,minnorm,random,0.0,2,5,0.01,0.5,1,101,0.00025656667971716874,1949,1.0,0.02565666797171687,0.025656667971716875,0.3203539790401666,0,5,-0.24785799020603386,1.6407658807691698,1.0001707901462948,4226.187669192671,1264080.0896772088,3.8683182503421887,3.8683182503421887,3.868212176521452,0,8.118973884307934e-07,0.012812137603759766
0,projgauss,random,0.0,2,5,0.01,0.5,1,101,0.00025656667971716874,1949,1.0,0.02565666797171687,0.025656667971716875,0.3203539790401666,0,5,-0.24619387104249474,1.6578386036437338,1.0000005076233043,3388.0076096758457,228430.1856363709,3.9347819681321257,3.9347819681321257,3.934675894311389,0,8.118973884307934e-07,0.014661073684692383
0,spectral,random,0.0,2,5,0.01,0.5,1,101,0.00025656667971716874,1949,1.0,0.02565666797171687,0.025656667971716875,0.3203539790401666,0,5,-0.9716185281725933,3.805194718898396,1.000000202665698,19979.96156007424,795631.5552277511,4.075797608173068,4.075797608173068,4.075691534352331,0,8.118973884307934e-07,0.017854928970336914
0,spectralg,random,0.0,2,5,0.01,0.5,1,101,0.00025656667971716874,1949,1.0,0.02565666797171687,0.025656667971716875,0.3203539790401666,0,5,-0.9716185281725933,3.805194718898396,1.0000010328637372,23289.560631745288,1041458.3804401415,4.452328551477328,4.452328551477328,4.452349310894545,0,8.118973884307934e-07,0.03132796287536621
0,molfe,random,0.0,2,5,0.01,0.5,1,101,0.00025656667971716874,1949,1.0,0.02565666797171687,0.025656667971716875,0.3203539790401666,0,5,-0.055722270413697594,1.2251309027401505,1.006346192186444,389890.74937010923,5.2622514448762e+27,453.0353032020477,453.0353032020477,453.03530320084144,1,8.118973884307934e-07,0.01217198371887207
0,molrk3,random,0.0,2,5,0.01,0.5,1,101,0.00025656667971716874,1949,1.0,0.02565666797171687,0.025656667971716875,0.3203539790401666,0,5,-0.05609723186532506,1.2259759716830252,1.0063663718619984,405792.8565205541,6.430685527888635e+27,468.80164038180004,468.80164038180004,468.80164038059377,1,8.118973884307934e-07,0.01289510726928711
0,maxent,random,0.0,2,5,0.01,0.5,1,101,0.00025656667971716874,1949,1.0,0.02565666797171687,0.025656667971716875,0.3203539790401666,12,5,-0.24437437418235314,1.6407658807691698,1.000000759561542,4299.909695697733,155869.2838579648,5.061930845475395,5.061930845475395,5.061951604892611,0,8.118973884307934e-07,0.7639329433441162
0,lp,random,0.0,2,5,0.01,0.5,1,101,0.00025656667971716874,1949,1.0,0.02565666797171687,0.025656667971716875,0.3203539790401666,12,5,-0.24437437418235314,1.6407658807691698,1.0000006849037548,5201.925406961277,161936.14692646798,4.107825930119691,4.107825930119691,4.107719856298954,0,8.118973884307934e-07,0.05512189865112305
0,lprand,random,0.0,2,5,0.01,0.5,1,101,0.00025656667971716874,1949,1.0,0.02565666797171687,0.025656667971716875,0.3203539790401666,12,5,-0.24437437418235314,1.6407658807691698,1.0000007711868932,4795.92582991563,144883.19172594984,4.933977225643079,4.933977225643079,4.933997985060295,0,8.118973884307934e-07,0.054489850997924805
0,maxentw,random,0.0,2,5,0.01,0.5,1,101,0.00025656667971716874,1949,1.0,0.02565666797171687,0.025656667971716875,0.3203539790401666,11,7,-0.24437437418235314,1.6407658807691698,1.0011355897136978,4299.909695697733,31155003.907860853,5.061930845475395,5.061930845475395,5.061951604892611,0,8.118973884307934e-07,1.2754700183868408
0,minnorm,random,0.0,2,7,0.01,0.5,1,101,0.00025656667971716874,1949,1.0,0.02565666797171687,0.025656667971716875,0.3203539790401666,0,7,-0.21656820965016932,1.5312824978448158,1.0003001730142176,5.636174898331319,74.63005683070719,1.2554283323119177,1.2554283323119177,2.3090571814108083,0,8.118973884307934e-07,0.012896060943603516
0,projgauss,random,0.0,2,7,0.01,0.5,1,101,0.00025656667971716874,1949,1.0,0.02565666797171687,0.025656667971716875,0.3203539790401666,0,7,-0.13990751762618878,1.4006475030585968,0.9989594987669308,2.6758848766447962,2.6758848766447962,0.8582163755099104,0.8582163755099104,1.911845224608801,0,8.118973884307934e-07,0.012665033340454102
0,spectral,random,0.0,2,7,0.01,0.5,1,101,0.00025656667971716874,1949,1.0,0.02565666797171687,0.025656667971716875,0.3203539790401666,0,7,-0.7940403159293878,3.542789201699296,0.9971245659046127,3.9324247152551597,12.396227045751369,0.015205493623679622,0.026674146354263906,1.2964785473004228,0,8.118973884307934e-07,0.017910003662109375
0,spectralg,random,0.0,2,7,0.01,0.5,1,101,0.00025656667971716874,1949,1.0,0.02565666797171687,0.025656667971716875,0.3203539790401666,0,7,-0.7940403159293878,3.542789201699296,0.9971245749953261,3.9323767832797194,12.396227045751369,0.015207088606591257,0.02667414635426646,1.2964785473004228,0,8.118973884307934e-07,0.03363299369812012
0,molfe,random,0.0,2,7,0.01,0.5,1,101,0.00025656667971716874,1949,1.0,0.02565666797171687,0.025656667971716875,0.3203539790401666,0,7,-0.023215906039086222,1.1228092717631015,1.0048816544604935,46890.54955947569,4.3705505984744747e+21,3.4307403074899456,3.4307403074899456,3.6770725961604027,0,8.118973884307934e-07,0.014271974563598633
0,molrk3,random,0.0,2,7,0.01,0.5,1,101,0.00025656667971716874,1949,1.0,0.02565666797171687,0.025656667971716875,0.3203539790401666,0,7,-0.02303905667494288,1.1217622694572762,1.0048935891243789,47791.16595239411,4.921705842343179e+21,3.5075097056304614,3.5075097056304614,3.7202608556984282,0,8.118973884307934e-07,0.01155400276184082
0,maxent,random,0.0,2,7,0.01,0.5,1,101,0.00025656667971716874,1949,1.0,0.02565666797171687,0.025656667971716875,0.3203539790401666,11,7,-0.21656820965016932,1.498275800758959,0.9967011051556558,1.0603656219276063,1.7386772525766565,0.02333577599940473,0.02333577599940473,1.2965231938530744,0,8.118973884307934e-07,0.6038520336151123
0,lp,random,0.0,2,7,0.01,0.5,1,101,0.00025656667971716874,1949,1.0,0.02565666797171687,0.025656667971716875,0.3203539790401666,11,7,-0.21656820965016932,1.498275800758959,0.9964314232707265,1.1306530662591185,1.8952720179408828,0.3586326646942295,0.3586326646942295,1.296509916190902,0,8.118973884307934e-07,0.05493807792663574
0,lprand,random,0.0,2,7,0.01,0.5,1,101,0.00025656667971716874,1949,1.0,0.02565666797171687,0.025656667971716875,0.3203539790401666,11,7,-0.21656820965016932,1.498275800758959,0.9966636791574814,1.0666359912818588,1.9251584342560457,0.01769313469348399,0.01769313469348399,1.2965156110769367,0,8.118973884307934e-07,0.05696272850036621
0,maxentw,random,0.0,2,7,0.01,0.5,1,101,0.00025656667971716874,1949,1.0,0.02565666797171687,0.025656667971716875,0.3203539790401666,11,7,-0.21656820965016932,1.498275800758959,0.9967011051556558,1.0603656219276063,1.7386772525766565,0.02333577599940473,0.02333577599940473,1.2965231938530744,0,8.118973884307934e-07,1.1208698749542236
0,minnorm,jitter,0.0,0,3,0.003,0.5,1,101,0.004999999999999949,101,3.3333333333333335,0.14999999999999847,0.4999999999999949,0.9999999999999898,0,3,0.0,1.000000000000001,0.6806351015606406,1.0000000000000795,1.0000000000000813,0.011456317819699247,0.011456317819699247,1.2981229733706365,0,3.094076914234023e-06,0.007704019546508789
0,projgauss,jitter,0.0,0,3,0.003,0.5,1,101,0.004999999999999949,101,3.3333333333333335,0.14999999999999847,0.4999999999999949,0.9999999999999898,0,3,0.0,1.0000000000000004,0.6800439395165391,1.000000000000027,1.0000000000000293,0.011456317819754425,0.011456317819754425,1.2981229733706354,0,3.094076914234023e-06,0.008688926696777344
0,spectral,jitter,0.0,0,3,0.003,0.5,1,101,0.004999999999999949,101,3.3333333333333335,0.14999999999999847,0.4999999999999949,0.9999999999999898,0,3,0.0,1.000000000000001,0.6806351015606406,1.0000000000000795,1.0000000000000813,0.011456317819699247,0.011456317819699247,1.2981229733706365,0,3.094076914234023e-06,0.0077822208404541016
0,spectralg,jitter,0.0,0,3,0.003,0.5,1,101,0.004999999999999949,101,3.3333333333333335,0.14999999999999847,0.4999999999999949,0.9999999999999898,0,3,0.0,1.000000000000001,0.6806351015606406,1.0000000000000795,1.0000000000000813,0.011456317819699247,0.011456317819699247,1.2981229733706365,0,3.094076914234023e-06,0.008445024490356445
0,molfe,jitter,0.0,0,3,0.003,0.5,1,101,0.004999999999999949,101,3.3333333333333335,0.14999999999999847,0.4999999999999949,0.9999999999999898,0,3,-0.10000000000000236,1.2000000000000046,0.8484029573910608,1.4395610070627267,1.4395610070627267,0.2939027267633776,0.2939027267633776,1.2987617351039122,0,3.094076914234023e-06,0.007760047912597656
0,molrk3,jitter,0.0,0,3,0.003,0.5,1,101,0.004999999999999949,101,3.3333333333333335,0.14999999999999847,0.4999999999999949,0.9999999999999898,0,3,-0.0858333333333329,1.1716666666666657,0.8465630654789709,1.250279444967942,1.2556806681313128,0.27595755335260064,0.27595755335260064,1.2981147639313053,0,3.094076914234023e-06,0.01029205322265625
0,maxent,jitter,0.0,0,3,0.003,0.5,1,101,0.004999999999999949,101,3.3333333333333335,0.14999999999999847,0.4999999999999949,0.9999999999999898,0,3,0.0,1.0000000000000002,0.6789031263791622,1.0000000000000002,1.0000000000000029,0.01145631781978218,0.01145631781978218,1.2981229733706345,0,3.094076914234023e-06,0.02467203140258789
0,lp,jitter,0.0,0,3,0.003,0.5,1,101,0.004999999999999949,101,3.3333333333333335,0.14999999999999847,0.4999999999999949,0.9999999999999898,0,3,0.0,1.0,0.6789343256536672,0.999999999999994,1.0,0.011456317819787398,0.011456317819787398,1.298122973370634,0,3.094076914234023e-06,0.048935890197753906
0,lprand,jitter,0.0,0,3,0.003,0.5,1,101,0.004999999999999949,101,3.3333333333333335,0.14999999999999847,0.4999999999999949,0.9999999999999898,0,3,0.0,1.0,0.6789824126044309,0.9999999999999944,1.0000000000000002,0.011456317819787398,0.011456317819787398,1.298122973370634,0,3.094076914234023e-06,0.048110008239746094
0,maxentw,jitter,0.0,0,3,0.003,0.5,1,101,0.004999999999999949,101,3.3333333333333335,0.14999999999999847,0.4999999999999949,0.9999999999999898,0,3,0.0,1.0000000000000002,0.6789031263791622,1.0000000000000002,1.0000000000000029,0.01145631781978218,0.01145631781978218,1.2981229733706345,0,3.094076914234023e-06,0.024343013763427734
0,minnorm,jitter,0.0,0,5,0.003,0.5,1,101,0.004999999999999949,101,3.3333333333333335,0.14999999999999847,0.4999999999999949,0.9999999999999898,0,5,-0.10714285714285797,1.2142857142857155,0.8657756005928822,1.2611611701013326,1.2611611701013326,0.22468290006590474,0.22468290006590474,1.2981037934439998,0,3.094076914234023e-06,0.00745701789855957
0,projgauss,jitter,0.0,0,5,0.003,0.5,1,101,0.004999999999999949,101,3.3333333333333335,0.14999999999999847,0.4999999999999949,0.9999999999999898,0,5,-0.0683241526449018,1.1366483052898038,0.8487899000731031,1.1514815711799453,1.151618298062373,0.13801506415287124,0.13801506415287124,1.2981103450179834,0,3.094076914234023e-06,0.008158206939697266
0,spectral,jitter,0.0,0,5,0.003,0.5,1,101,0.004999999999999949,101,3.3333333333333335,0.14999999999999847,0.4999999999999949,0.9999999999999898,0,5,-0.02574539735911552,1.0574324949469536,0.8457885271486387,1.0000002629464169,1.0574324949469536,0.028104350526463984,0.028104350526463984,1.2981245394732115,0,3.094076914234023e-06,0.012749671936035156
0,spectralg,jitter,0.0,0,5,0.003,0.5,1,101,0.004999999999999949,101,3.3333333333333335,0.14999999999999847,0.4999999999999949,0.9999999999999898,0,5,-0.02574539735911552,1.0574324949469536,0.8457885271486387,1.0000002629464169,1.0574324949469536,0.028104350526463984,0.028104350526463984,1.2981245394732115,0,3.094076914234023e-06,0.024807214736938477
0,molfe,jitter,0.0,0,5,0.003,0.5,1,101,0.004999999999999949,101,3.3333333333333335,0.14999999999999847,0.4999999999999949,0.9999999999999898,0,5,-0.19999999999999782,1.65714285714285,1.0154403920231045,5251.229002511243,3.5947426143297905e+76,2.5115208560340374,2.5115208560340374,3.505300013023926,0,3.094076914234023e-06,0.00880575180053711
0,molrk3,jitter,0.0,0,5,0.003,0.5,1,101,0.004999999999999949,101,3.3333333333333335,0.14999999999999847,0.4999999999999949,0.9999999999999898,0,5,-0.20231972789115424,1.6078036929057278,1.01012028222048,7397.632910118103,3.932925653864429e+53,2.4773755892476417,2.4773755892476417,3.4711547462375303,0,3.094076914234023e-06,0.0077817440032958984
0,maxent,jitter,0.0,0,5,0.003,0.5,1,101,0.004999999999999949,101,3.3333333333333335,0.14999999999999847,0.4999999999999949,0.9999999999999898,0,5,0.0,1.0,0.8463134805301609,0.9999999999999643,1.0000000000000002,0.010390496956702133,0.010390496956702133,1.298121877546769,0,3.094076914234023e-06,0.025058269500732422
0,lp,jitter,0.0,0,5,0.003,0.5,1,101,0.004999999999999949,101,3.3333333333333335,0.14999999999999847,0.4999999999999949,0.9999999999999898,0,5,0.0,1.0,0.8507234553976394,0.9999999999992251,1.0,0.019738583290590972,0.019738583290590972,1.29812383087206,0,3.094076914234023e-06,0.04892396926879883
0,lprand,jitter,0.0,0,5,0.003,0.5,1,101,0.004999999999999949,101,3.3333333333333335,0.14999999999999847,0.4999999999999949,0.9999999999999898,0,5,0.0,1.0000000000000004,0.8498650784949198,1.0000000000000016,1.0000000000000016,0.03462619957069846,0.03462619957069846,1.2981236253147892,0,3.094076914234023e-06,0.04834413528442383
0,maxentw,jitter,0.0,0,5,0.003,0.5,1,101,0.004999999999999949,101,3.3333333333333335,0.14999999999999847,0.4999999999999949,0.9999999999999898,0,5,0.0,1.0,0.8463134805301609,0.9999999999999643,1.0000000000000002,0.010390496956702133,0.010390496956702133,1.298121877546769,0,3.094076914234023e-06,0.02546095848083496
0,minnorm,jitter,0.0,0,7,0.003,0.5,1,101,0.004999999999999949,101,3.3333333333333335,0.14999999999999847,0.4999999999999949,0.9999999999999898,0,7,-0.11607142857142921,1.2500000000000038,0.9255267556223982,1.3914604607909193,1.3924397091534904,0.2666587323094425,0.2666587323094425,1.3485661433933038,0,3.094076914234023e-06,0.00762486457824707
0,projgauss,jitter,0.0,0,7,0.003,0.5,1,101,0.004999999999999949,101,3.3333333333333335,0.14999999999999847,0.4999999999999949,0.9999999999999898,0,7,-0.04570878495717842,1.1883394425776526,0.8670553786517863,1.1248252490724604,1.1883394425776523,0.09823452831891943,0.09823452831891943,1.298103888335469,0,3.094076914234023e-06,0.008025884628295898
0,spectral,jitter,0.0,0,7,0.003,0.5,1,101,0.004999999999999949,101,3.3333333333333335,0.14999999999999847,0.4999999999999949,0.9999999999999898,0,7,-0.023419110861658834,1.095738860912796,0.8434923690244481,1.0279438484549988,1.0957388609127963,0.03147197556521597,0.03147197556521597,1.29811650843885,0,3.094076914234023e-06,0.014338970184326172
0,spectralg,jitter,0.0,0,7,0.003,0.5,1,101,0.004999999999999949,101,3.3333333333333335,0.14999999999999847,0.4999999999999949,0.9999999999999898,0,7,-0.023419110861658834,1.095738860912796,0.8434923690244481,1.0279438484549988,1.0957388609127963,0.03147197556521597,0.03147197556521597,1.29811650843885,0,3.094076914234023e-06,0.02818918228149414
0,molfe,jitter,0.0,0,7,0.003,0.5,1,101,0.004999999999999949,101,3.3333333333333335,0.14999999999999847,0.4999999999999949,0.9999999999999898,0,7,-0.15476190476190327,1.6190476190476135,1.0083598572084187,55.23002741650257,3.813970241725899e+39,1.4944255059604972,1.4944255059604972,2.488204662950386,0,3.094076914234023e-06,0.007786989212036133
0,molrk3,jitter,0.0,0,7,0.003,0.5,1,101,0.004999999999999949,101,3.3333333333333335,0.14999999999999847,0.4999999999999949,0.9999999999999898,0,7,-0.1551838016952798,1.6068365187344729,1.0056405976829161,56.46416325639464,6.106028780047402e+27,1.4636757190006136,1.4636757190006136,2.457454875990502,0,3.094076914234023e-06,0.008061885833740234
0,maxent,jitter,0.0,0,7,0.003,0.5,1,101,0.004999999999999949,101,3.3333333333333335,0.14999999999999847,0.4999999999999949,0.9999999999999898,0,7,0.0,1.0000000000000002,0.8474135763395689,0.9999999999999791,1.000000000000001,0.0103907943103132,0.0103907943103132,1.2981218759872442,0,3.094076914234023e-06,0.05948519706726074
0,lp,jitter,0.0,0,7,0.003,0.5,1,101,0.004999999999999949,101,3.3333333333333335,0.14999999999999847,0.4999999999999949,0.9999999999999898,0,7,0.0,1.0,0.8514371921980182,1.000000000000003,1.000000000000003,0.03451909517024343,0.03451909517024343,1.2981209765529473,0,3.094076914234023e-06,0.04986977577209473
0,lprand,jitter,0.0,0,7,0.003,0.5,1,101,0.004999999999999949,101,3.3333333333333335,0.14999999999999847,0.4999999999999949,0.9999999999999898,0,7,0.0,1.0000000000000004,0.8341638703315103,0.9999999999999938,1.0000000000000009,0.034623756163737474,0.034623756163737474,1.2981236075204594,0,3.094076914234023e-06,0.04822707176208496
0,maxentw,jitter,0.0,0,7,0.003,0.5,1,101,0.004999999999999949,101,3.3333333333333335,0.14999999999999847,0.4999999999999949,0.9999999999999898,0,7,0.0,1.0000000000000002,0.8474135763395689,0.9999999999999791,1.000000000000001,0.0103907943103132,0.0103907943103132,1.2981218759872442,0,3.094076914234023e-06,0.05957794189453125
0,minnorm,jitter,0.1,0,3,0.003,0.5,1,101,0.004046780115040727,124,3.3333333333333335,0.1214034034512218,0.4046780115040727,0.8093560230081454,0,3,-0.040152052741822056,1.0803041054836444,0.8735658281574206,1.0011700535453147,1.0803041054836444,0.0342836345763321,0.0342836345763321,1.298400318338479,0,3.679233111286706e-06,0.008111715316772461
0,projgauss,jitter,0.1,0,3,0.003,0.5,1,101,0.004046780115040727,124,3.3333333333333335,0.1214034034512218,0.4046780115040727,0.8093560230081454,0,3,-0.0401520527418221,1.0803041054836442,0.8748543597215481,1.0011700535453003,1.080304105483644,0.034283634576319,0.034283634576319,1.2984003183384805,0,3.679233111286706e-06,0.01032400131225586
0,spectral,jitter,0.1,0,3,0.003,0.5,1,101,0.004046780115040727,124,3.3333333333333335,0.1214034034512218,0.4046780115040727,0.8093560230081454,0,3,-0.040152052741822056,1.0803041054836444,0.8735658281574206,1.0011700535453147,1.0803041054836444,0.0342836345763321,0.0342836345763321,1.298400318338479,0,3.679233111286706e-06,0.008741140365600586
0,spectralg,jitter,0.1,0,3,0.003,0.5,1,101,0.004046780115040727,124,3.3333333333333335,0.1214034034512218,0.4046780115040727,0.8093560230081454,0,3,-0.040152052741822056,1.0803041054836444,0.8735658281574206,1.0011700535453147,1.0803041054836444,0.0342836345763321,0.0342836345763321,1.298400318338479,0,3.679233111286706e-06,0.009032964706420898
0,molfe,jitter,0.1,0,3,0.003,0.5,1,101,0.004046780115040727,124,3.3333333333333335,0.1214034034512218,0.4046780115040727,0.8093560230081454,0,3,-0.13788528668570615,1.2757705733714122,0.8690766154228778,1.2908887544160441,1.4609305643400188,0.25203492244917525,0.25203492244917525,1.298817812044464,0,3.679233111286706e-06,0.009154796600341797
0,molrk3,jitter,0.1,0,3,0.003,0.5,1,101,0.004046780115040727,124,3.3333333333333335,0.1214034034512218,0.4046780115040727,0.8093560230081454,0,3,-0.10663954413457764,1.2135144163336327,0.8724288631252092,1.1979812769075324,1.3611163163888962,0.23832163887306812,0.23832163887306812,1.2983953384477107,0,3.679233111286706e-06,0.008402347564697266
0,maxent,jitter,0.1,0,3,0.003,0.5,1,101,0.004046780115040727,124,3.3333333333333335,0.1214034034512218,0.4046780115040727,0.8093560230081454,47,3,-0.040152052741822056,1.0803041054836444,0.8715983721861056,1.0011700535453443,1.0803041054836444,0.03428363457200756,0.03428363457200756,1.298400318338479,0,3.679233111286706e-06,0.8115081787109375
0,lp,jitter,0.1,0,3,0.003,0.5,1,101,0.004046780115040727,124,3.3333333333333335,0.1214034034512218,0.4046780115040727,0.8093560230081454,47,3,-0.040152052741822056,1.0803041054836444,0.8715922383520516,1.0011700535452999,1.0803041054836444,0.03428363457631678,0.03428363457631678,1.298400318338479,0,3.679233111286706e-06,0.04790496826171875
0,lprand,jitter,0.1,0,3,0.003,0.5,1,101,0.004046780115040727,124,3.3333333333333335,0.1214034034512218,0.4046780115040727,0.8093560230081454,47,3,-0.040152052741822056,1.0803041054836444,0.8715841567777383,1.0011700535452996,1.0803041054836444,0.03428363457631678,0.03428363457631678,1.298400318338479,0,3.679233111286706e-06,0.04676318168640137
0,maxentw,jitter,0.1,0,3,0.003,0.5,1,101,0.004046780115040727,124,3.3333333333333335,0.1214034034512218,0.4046780115040727,0.8093560230081454,47,3,-0.040152052741822056,1.0803041054836444,0.8715983721861056,1.0011700535453443,1.0803041054836444,0.03428363457200756,0.03428363457200756,1.298400318338479,0,3.679233111286706e-06,2.9733388423919678
0,minnorm,jitter,0.1,0,5,0.003,0.5,1,101,0.004046780115040727,124,3.3333333333333335,0.1214034034512218,0.4046780115040727,0.8093560230081454,0,5,-0.12275161464065894,1.2455032292813175,0.8959108435335008,1.370079719086296,1.373322532496088,0.31660411065984984,0.31660411065984984,1.359678164942105,0,3.679233111286706e-06,0.008246898651123047
0,projgauss,jitter,0.1,0,5,0.003,0.5,1,101,0.004046780115040727,124,3.3333333333333335,0.1214034034512218,0.4046780115040727,0.8093560230081454,0,5,-0.09064528145487712,1.181290562909754,0.8783695747891712,1.2479685220302403,1.2501454225118893,0.22368115758209783,0.22368115758209783,1.2983910245256072,0,3.679233111286706e-06,0.009293079376220703
0,spectral,jitter,0.1,0,5,0.003,0.5,1,101,0.004046780115040727,124,3.3333333333333335,0.1214034034512218,0.4046780115040727,0.8093560230081454,0,5,-0.09763823696089152,1.3460966595231825,0.882432669343441,1.000000271488493,1.3460966595231822,0.09543565842838087,0.09543565842838087,1.2984075791609215,0,3.679233111286706e-06,0.01360774040222168
0,spectralg,jitter,0.1,0,5,0.003,0.5,1,101,0.004046780115040727,124,3.3333333333333335,0.1214034034512218,0.4046780115040727,0.8093560230081454,0,5,-0.09763823696089152,1.3460966595231825,0.882432669343441,1.000000271488493,1.3460966595231822,0.09543565842838087,0.09543565842838087,1.2984075791609215,0,3.679233111286706e-06,0.02557206153869629
0,molfe,jitter,0.1,0,5,0.003,0.5,1,101,0.004046780115040727,124,3.3333333333333335,0.1214034034512218,0.4046780115040727,0.8093560230081454,0,5,-0.17325669915945638,1.5164590587026376,1.0122201432934406,4403.475536726986,1.722150776316151e+63,3.014389924869756,3.014389924869756,3.9871015073727647,0,3.679233111286706e-06,0.008188962936401367
0,molrk3,jitter,0.1,0,5,0.003,0.5,1,101,0.004046780115040727,124,3.3333333333333335,0.1214034034512218,0.4046780115040727,0.8093560230081454,0,5,-0.17560202511501785,1.4828432587643217,1.0088155973345365,5728.136012791185,3.4997916348528434e+48,2.98002273482321,2.98002273482321,3.9527343173262186,0,3.679233111286706e-06,0.008702993392944336
0,maxent,jitter,0.1,0,5,0.003,0.5,1,101,0.004046780115040727,124,3.3333333333333335,0.1214034034512218,0.4046780115040727,0.8093560230081454,47,5,-0.12207561860223638,1.244151237204473,0.8776298063596847,1.4843226301166692,1.4874683366840404,0.45125989323636706,0.45125989323636706,1.4815381789121596,0,3.679233111286706e-06,0.7659640312194824
0,lp,jitter,0.1,0,5,0.003,0.5,1,101,0.004046780115040727,124,3.3333333333333335,0.1214034034512218,0.4046780115040727,0.8093560230081454,47,5,-0.12207561860223638,1.244151237204473,0.8775084668855277,1.4803475165670512,1.4837853730090498,0.4472859969771791,0.4472859969771791,1.4780345519862208,0,3.679233111286706e-06,0.0506131649017334
0,lprand,jitter,0.1,0,5,0.003,0.5,1,101,0.004046780115040727,124,3.3333333333333335,0.1214034034512218,0.4046780115040727,0.8093560230081454,47,5,-0.12207561860223638,1.244151237204473,0.8756101662125567,1.4885159595687312,1.491090532194148,0.4656140378221617,0.4656140378221617,1.4846633094788046,0,3.679233111286706e-06,0.047636985778808594
0,maxentw,jitter,0.1,0,5,0.003,0.5,1,101,0.004046780115040727,124,3.3333333333333335,0.1214034034512218,0.4046780115040727,0.8093560230081454,47,5,-0.12207561860223638,1.244151237204473,0.8776298063596847,1.4843226301166692,1.4874683366840404,0.45125989323636706,0.45125989323636706,1.4815381789121596,0,3.679233111286706e-06,2.9339210987091064
0,minnorm,jitter,0.1,0,7,0.003,0.5,1,101,0.004046780115040727,124,3.3333333333333335,0.1214034034512218,0.4046780115040727,0.8093560230081454,0,7,-0.13155851756151757,1.3256301355082938,0.9415511599108742,1.4018193904468073,1.4018193904468073,0.2697582929346818,0.2697582929346818,1.3453987036909651,0,3.679233111286706e-06,0.0074579715728759766
0,projgauss,jitter,0.1,0,7,0.003,0.5,1,101,0.004046780115040727,124,3.3333333333333335,0.1214034034512218,0.4046780115040727,0.8093560230081454,0,7,-0.05282102556215895,1.1887552886258088,0.8980948053410999,1.1301075392588553,1.1887552886258088,0.11983076730578068,0.11983076730578068,1.2983837152699467,0,3.679233111286706e-06,0.008735895156860352
0,spectral,jitter,0.1,0,7,0.003,0.5,1,101,0.004046780115040727,124,3.3333333333333335,0.1214034034512218,0.4046780115040727,0.8093560230081454,0,7,-0.15472787738566263,1.497456744783182,0.8751077700370602,1.0078146928213907,1.497456744783182,0.09428553185817945,0.09428553185817945,1.2983903115159663,0,3.679233111286706e-06,0.015288114547729492
0,spectralg,jitter,0.1,0,7,0.003,0.5,1,101,0.004046780115040727,124,3.3333333333333335,0.1214034034512218,0.4046780115040727,0.8093560230081454,0,7,-0.15472787738566263,1.497456744783182,0.8751077700370602,1.0078146928213907,1.497456744783182,0.09428553185817945,0.09428553185817945,1.2983903115159663,0,3.679233111286706e-06,0.028892040252685547
0,molfe,jitter,0.1,0,7,0.003,0.5,1,101,0.004046780115040727,124,3.3333333333333335,0.1214034034512218,0.4046780115040727,0.8093560230081454,0,7,-0.12612949814290217,1.4895339798062333,1.0063155364309748,50.02582062345297,8.516306378364546e+30,1.1968117895412664,1.1968117895412664,2.1695233720442753,0,3.679233111286706e-06,0.00873112678527832
0,molrk3,jitter,0.1,0,7,0.003,0.5,1,101,0.004046780115040727,124,3.3333333333333335,0.1214034034512218,0.4046780115040727,0.8093560230081454,0,7,-0.12607077102945688,1.4814296020943822,1.0045286626842642,51.46093254373094,1.903061950758582e+23,1.1729330112945013,1.1729330112945013,2.14564459379751,0,3.679233111286706e-06,0.008597850799560547
0,maxent,jitter,0.1,0,7,0.003,0.5,1,101,0.004046780115040727,124,3.3333333333333335,0.1214034034512218,0.4046780115040727,0.8093560230081454,47,7,-0.13155851756151757,1.3256301355082938,0.9015620507146833,1.0598495398426369,1.3256301355082938,0.023334860701124782,0.023334860701124782,1.2983765517127468,0,3.679233111286706e-06,0.8198230266571045
0,lp,jitter,0.1,0,7,0.003,0.5,1,101,0.004046780115040727,124,3.3333333333333335,0.1214034034512218,0.4046780115040727,0.8093560230081454,47,7,-0.13155851756151757,1.3256301355082938,0.902375832476801,1.0613305531679016,1.3256301355082938,0.02289990008124332,0.02289990008124332,1.2983767548075977,0,3.679233111286706e-06,0.04937481880187988
0,lprand,jitter,0.1,0,7,0.003,0.5,1,101,0.004046780115040727,124,3.3333333333333335,0.1214034034512218,0.4046780115040727,0.8093560230081454,47,7,-0.13155851756151757,1.3256301355082938,0.903143370574281,1.0616617801872579,1.3256301355082938,0.022597355986138323,0.022597355986138323,1.2983766254197273,0,3.679233111286706e-06,0.04918718338012695
0,maxentw,jitter,0.1,0,7,0.003,0.5,1,101,0.004046780115040727,124,3.3333333333333335,0.1214034034512218,0.4046780115040727,0.8093560230081454,47,7,-0.13155851756151757,1.3256301355082938,0.9015620507146833,1.0598495398426369,1.3256301355082938,0.023334860701124782,0.023334860701124782,1.2983765517127468,0,3.679233111286706e-06,2.98329496383667
0,minnorm,jitter,0.1,1,3,0.003,0.5,1,101,0.004122295171873291,122,3.3333333333333335,0.12366885515619874,0.41222951718732914,0.8244590343746583,0,3,-0.03453608118984927,1.0690721623796988,0.8763485723218897,1.0015861264294017,1.0690721623796988,0.006133117146517875,0.006133117146517875,1.2983882972687057,0,2.902042127828075e-06,0.008872032165527344
0,projgauss,jitter,0.1,1,3,0.003,0.5,1,101,0.004122295171873291,122,3.3333333333333335,0.12366885515619874,0.41222951718732914,0.8244590343746583,0,3,-0.03453608118984958,1.069072162379699,0.8617005886443834,1.0015861264293933,1.069072162379699,0.006133117146506217,0.006133117146506217,1.2983882972687062,0,2.902042127828075e-06,0.00890493392944336
0,spectral,jitter,0.1,1,3,0.003,0.5,1,101,0.004122295171873291,122,3.3333333333333335,0.12366885515619874,0.41222951718732914,0.8244590343746583,0,3,-0.03453608118984927,1.0690721623796988,0.8763485723218897,1.0015861264294017,1.0690721623796988,0.006133117146517875,0.006133117146517875,1.2983882972687057,0,2.902042127828075e-06,0.01031494140625
0,spectralg,jitter,0.1,1,3,0.003,0.5,1,101,0.004122295171873291,122,3.3333333333333335,0.12366885515619874,0.41222951718732914,0.8244590343746583,0,3,-0.03453608118984927,1.0690721623796988,0.8763485723218897,1.0015861264294017,1.0690721623796988,0.006133117146517875,0.006133117146517875,1.2983882972687057,0,2.902042127828075e-06,0.009490251541137695
0,molfe,jitter,0.1,1,3,0.003,0.5,1,101,0.004122295171873291,122,3.3333333333333335,0.12366885515619874,0.41222951718732914,0.8244590343746583,0,3,-0.13029810805921743,1.2605962161184345,0.8672517238604153,1.239587035675789,1.315226140195161,0.1966012399826954,0.1966012399826954,1.2988215082480032,0,2.902042127828075e-06,0.008305072784423828
0,molrk3,jitter,0.1,1,3,0.003,0.5,1,101,0.004122295171873291,122,3.3333333333333335,0.12366885515619874,0.41222951718732914,0.8244590343746583,0,3,-0.10158787126755235,1.203368706297589,0.8648398409220623,1.1559989433899076,1.258513464382684,0.18286203827895375,0.18286203827895375,1.298382954634286,0,2.902042127828075e-06,0.00960683822631836
0,maxent,jitter,0.1,1,3,0.003,0.5,1,101,0.004122295171873291,122,3.3333333333333335,0.12366885515619874,0.41222951718732914,0.8244590343746583,45,3,-0.03453608118984927,1.0690721623796988,0.8763740320908381,1.0015861264293928,1.0690721623796988,0.00613311712881115,0.00613311712881115,1.2983882972687057,0,2.902042127828075e-06,0.7657930850982666
0,lp,jitter,0.1,1,3,0.003,0.5,1,101,0.004122295171873291,122,3.3333333333333335,0.12366885515619874,0.41222951718732914,0.8244590343746583,45,3,-0.03453608118984927,1.0690721623796988,0.8763881519061035,1.0015861264293902,1.0690721623796988,0.006133117146499445,0.006133117146499445,1.2983882972687057,0,2.902042127828075e-06,0.04792594909667969
0,lprand,jitter,0.1,1,3,0.003,0.5,1,101,0.004122295171873291,122,3.3333333333333335,0.12366885515619874,0.41222951718732914,0.8244590343746583,45,3,-0.03453608118984927,1.0690721623796988,0.8763286679916935,1.0015861264293902,1.0690721623796988,0.006133117146499667,0.006133117146499667,1.2983882972687057,0,2.902042127828075e-06,0.04743695259094238
0,maxentw,jitter,0.1,1,3,0.003,0.5,1,101,0.004122295171873291,122,3.3333333333333335,0.12366885515619874,0.41222951718732914,0.8244590343746583,45,3,-0.03453608118984927,1.0690721623796988,0.8763740320908381,1.0015861264293928,1.0690721623796988,0.00613311712881115,0.00613311712881115,1.2983882972687057,0,2.902042127828075e-06,2.8340773582458496
0,minnorm,jitter,0.1,1,5,0.003,0.5,1,101,0.004122295171873291,122,3.3333333333333335,0.12366885515619874,0.41222951718732914,0.8244590343746583,0,5,-0.12004503972336847,1.2400900794467369,0.8934733015061329,1.3125688463079408,1.3182961679474048,0.26538487247007403,0.26538487247007403,1.3136385688252017,0,2.902042127828075e-06,0.007449150085449219
0,projgauss,jitter,0.1,1,5,0.003,0.5,1,101,0.004122295171873291,122,3.3333333333333335,0.12366885515619874,0.41222951718732914,0.8244590343746583,0,5,-0.08801889145726587,1.1760377829145319,0.8762414239743712,1.2061712261989388,1.2090129001160526,0.18520733383231214,0.18520733383231214,1.2983779749782962,0,2.902042127828075e-06,0.009105920791625977
0,spectral,jitter,0.1,1,5,0.003,0.5,1,101,0.004122295171873291,122,3.3333333333333335,0.12366885515619874,0.41222951718732914,0.8244590343746583,0,5,-0.09833825407755575,1.3362935245666068,0.876165339131887,1.0000748759185223,1.3362935245666068,0.06797011410587916,0.06797011410587916,1.2983941078090582,0,2.902042127828075e-06,0.01347208023071289
0,spectralg,jitter,0.1,1,5,0.003,0.5,1,101,0.004122295171873291,122,3.3333333333333335,0.12366885515619874,0.41222951718732914,0.8244590343746583,0,5,-0.09833825407755575,1.3362935245666068,0.876165339131887,1.0000748759185223,1.3362935245666068,0.06797011410587916,0.06797011410587916,1.2983941078090582,0,2.902042127828075e-06,0.025457143783569336
0,molfe,jitter,0.1,1,5,0.003,0.5,1,101,0.004122295171873291,122,3.3333333333333335,0.12366885515619874,0.41222951718732914,0.8244590343746583,0,5,-0.16426822343858552,1.5355452364175195,1.0130299114015717,4790.848233335589,1.409394986258926e+65,2.76246306347808,2.76246306347808,3.7540187530260987,0,2.902042127828075e-06,0.007874011993408203
0,molrk3,jitter,0.1,1,5,0.003,0.5,1,101,0.004122295171873291,122,3.3333333333333335,0.12366885515619874,0.41222951718732914,0.8244590343746583,0,5,-0.16626167812214757,1.5053027311435982,1.0093371406500853,6230.29001948321,2.1106789537850625e+49,2.7314371483620077,2.7314371483620077,3.7229928379100263,0,2.902042127828075e-06,0.008691072463989258
0,maxent,jitter,0.1,1,5,0.003,0.5,1,101,0.004122295171873291,122,3.3333333333333335,0.12366885515619874,0.41222951718732914,0.8244590343746583,45,5,-0.12004503972336847,1.2400900794467369,0.8749019478092805,1.2545243784870488,1.2783525378884129,0.23601301046633738,0.23601301046633738,1.2983746171139288,0,2.902042127828075e-06,0.7586789131164551
0,lp,jitter,0.1,1,5,0.003,0.5,1,101,0.004122295171873291,122,3.3333333333333335,0.12366885515619874,0.41222951718732914,0.8244590343746583,45,5,-0.12004503972336847,1.2400900794467369,0.8757138865580177,1.2642006594974906,1.2905470113645174,0.2654605695997422,0.2654605695997422,1.298374723444656,0,2.902042127828075e-06,0.04818129539489746
0,lprand,jitter,0.1,1,5,0.003,0.5,1,101,0.004122295171873291,122,3.3333333333333335,0.12366885515619874,0.41222951718732914,0.8244590343746583,45,5,-0.12004503972336847,1.2400900794467369,0.8748818487346031,1.2725329875342435,1.2937706597866938,0.2665675019627781,0.2665675019627781,1.300879778865267,0,2.902042127828075e-06,0.04829096794128418
0,maxentw,jitter,0.1,1,5,0.003,0.5,1,101,0.004122295171873291,122,3.3333333333333335,0.12366885515619874,0.41222951718732914,0.8244590343746583,45,5,-0.12004503972336847,1.2400900794467369,0.8749019478092805,1.2545243784870488,1.2783525378884129,0.23601301046633738,0.23601301046633738,1.2983746171139288,0,2.902042127828075e-06,2.825935125350952
0,minnorm,jitter,0.1,1,7,0.003,0.5,1,101,0.004122295171873291,122,3.3333333333333335,0.12366885515619874,0.41222951718732914,0.8244590343746583,0,7,-0.12577187523516403,1.3214017768787907,0.9403276729510951,1.4041270011246618,1.4062475323980632,0.2791800541543086,0.2791800541543086,1.357878635480098,0,2.902042127828075e-06,0.0075070858001708984
0,projgauss,jitter,0.1,1,7,0.003,0.5,1,101,0.004122295171873291,122,3.3333333333333335,0.12366885515619874,0.41222951718732914,0.8244590343746583,0,7,-0.05263699398948266,1.1731148767331947,0.895594855832102,1.1397976422873806,1.1731148767331947,0.10857160724708437,0.10857160724708437,1.2983729411247666,0,2.902042127828075e-06,0.008827924728393555
0,spectral,jitter,0.1,1,7,0.003,0.5,1,101,0.004122295171873291,122,3.3333333333333335,0.12366885515619874,0.41222951718732914,0.8244590343746583,0,7,-0.1299209361309218,1.4560594195070005,0.8689563508204977,1.0223776961398539,1.4560594195070007,0.050261250716081785,0.050261250716081785,1.2983799184836882,0,2.902042127828075e-06,0.014456033706665039
0,spectralg,jitter,0.1,1,7,0.003,0.5,1,101,0.004122295171873291,122,3.3333333333333335,0.12366885515619874,0.41222951718732914,0.8244590343746583,0,7,-0.1299209361309218,1.4560594195070005,0.8689563508204977,1.0223776961398539,1.4560594195070007,0.050261250716081785,0.050261250716081785,1.2983799184836882,0,2.902042127828075e-06,0.028332948684692383
0,molfe,jitter,0.1,1,7,0.003,0.5,1,101,0.004122295171873291,122,3.3333333333333335,0.12366885515619874,0.41222951718732914,0.8244590343746583,0,7,-0.1252654196271814,1.5131159509350518,1.0065099199090446,52.768213909556856,6.235090260899129e+31,1.458172174028864,1.458172174028864,2.4497278635768827,0,2.902042127828075e-06,0.008685111999511719
0,molrk3,jitter,0.1,1,7,0.003,0.5,1,101,0.004122295171873291,122,3.3333333333333335,0.12366885515619874,0.41222951718732914,0.8244590343746583,0,7,-0.12550542519704502,1.5049108191136589,1.0046597801071324,53.40209363759509,7.994107505703102e+23,1.4337219236298715,1.4337219236298715,2.42527761317789,0,2.902042127828075e-06,0.008293867111206055
0,maxent,jitter,0.1,1,7,0.003,0.5,1,101,0.004122295171873291,122,3.3333333333333335,0.12366885515619874,0.41222951718732914,0.8244590343746583,45,7,-0.12577187523516403,1.3214017768787907,0.9042123241627685,1.0413723782817732,1.321401776878791,0.020672516578936984,0.020672516578936984,1.2983556959314404,0,2.902042127828075e-06,0.8442318439483643
0,lp,jitter,0.1,1,7,0.003,0.5,1,101,0.004122295171873291,122,3.3333333333333335,0.12366885515619874,0.41222951718732914,0.8244590343746583,45,7,-0.12577187523516403,1.3214017768787907,0.9036128531666014,1.0412118540538091,1.321401776878791,0.020618699458225143,0.020618699458225143,1.2983554120329863,0,2.902042127828075e-06,0.048113107681274414
0,lprand,jitter,0.1,1,7,0.003,0.5,1,101,0.004122295171873291,122,3.3333333333333335,0.12366885515619874,0.41222951718732914,0.8244590343746583,45,7,-0.12577187523516403,1.3214017768787907,0.9037464691473176,1.0422564677405841,1.321401776878791,0.020380406932256623,0.020380406932256623,1.2983558545647065,0,2.902042127828075e-06,0.04940223693847656
0,maxentw,jitter,0.1,1,7,0.003,0.5,1,101,0.004122295171873291,122,3.3333333333333335,0.12366885515619874,0.41222951718732914,0.8244590343746583,45,7,-0.12577187523516403,1.3214017768787907,0.9042123241627685,1.0413723782817732,1.321401776878791,0.020672516578936984,0.020672516578936984,1.2983556959314404,0,2.902042127828075e-06,2.918638229370117
0,minnorm,jitter,0.1,2,3,0.003,0.5,1,101,0.0042282662361003975,119,3.3333333333333335,0.12684798708301193,0.42282662361003975,0.8456532472200795,0,3,-0.03694055016779689,1.073881100335594,0.8596731738287788,1.0026214697122102,1.073881100335594,0.029595245512134438,0.029595245512134438,1.2983705454430927,0,2.592420341285262e-06,0.007463932037353516
0,projgauss,jitter,0.1,2,3,0.003,0.5,1,101,0.0042282662361003975,119,3.3333333333333335,0.12684798708301193,0.42282662361003975,0.8456532472200795,0,3,-0.03694055016779693,1.0738811003355937,0.8652581711384432,1.0026214697122102,1.0738811003355935,0.029595245512133772,0.029595245512133772,1.2983705454430932,0,2.592420341285262e-06,0.008710861206054688
0,spectral,jitter,0.1,2,3,0.003,0.5,1,101,0.0042282662361003975,119,3.3333333333333335,0.12684798708301193,0.42282662361003975,0.8456532472200795,0,3,-0.03694055016779689,1.073881100335594,0.8596731738287788,1.0026214697122102,1.073881100335594,0.029595245512134438,0.029595245512134438,1.2983705454430927,0,2.592420341285262e-06,0.008002042770385742
0,spectralg,jitter,0.1,2,3,0.003,0.5,1,101,0.0042282662361003975,119,3.3333333333333335,0.12684798708301193,0.42282662361003975,0.8456532472200795,0,3,-0.03694055016779689,1.073881100335594,0.8596731738287788,1.0026214697122102,1.073881100335594,0.029595245512134438,0.029595245512134438,1.2983705454430927,0,2.592420341285262e-06,0.00874781608581543
0,molfe,jitter,0.1,2,3,0.003,0.5,1,101,0.0042282662361003975,119,3.3333333333333335,0.12684798708301193,0.42282662361003975,0.8456532472200795,0,3,-0.13829718988541229,1.2765943797708244,0.8627933332190898,1.3490517586640356,1.3490517586640356,0.3063256042310676,0.3063256042310676,1.30444393031187,0,2.592420341285262e-06,0.008307933807373047
0,molrk3,jitter,0.1,2,3,0.003,0.5,1,101,0.0042282662361003975,119,3.3333333333333335,0.12684798708301193,0.42282662361003975,0.8456532472200795,0,3,-0.10625754261930746,1.2126893350214358,0.8717458695450635,1.2787686778168923,1.2790344371716489,0.2912033895291821,0.2912033895291821,1.2983647688301296,0,2.592420341285262e-06,0.010396003723144531
0,maxent,jitter,0.1,2,3,0.003,0.5,1,101,0.0042282662361003975,119,3.3333333333333335,0.12684798708301193,0.42282662361003975,0.8456532472200795,40,3,-0.03694055016779689,1.073881100335594,0.8694545807157875,1.002621469712208,1.073881100335594,0.02959524551211201,0.02959524551211201,1.2983705454430918,0,2.592420341285262e-06,0.7358930110931396
0,lp,jitter,0.1,2,3,0.003,0.5,1,101,0.0042282662361003975,119,3.3333333333333335,0.12684798708301193,0.42282662361003975,0.8456532472200795,40,3,-0.03694055016779689,1.073881100335594,0.7561552993289661,1.002621469712207,1.073881100335594,0.02959524551213044,0.02959524551213044,1.2983705454430918,0,2.592420341285262e-06,0.04732990264892578
0,lprand,jitter,0.1,2,3,0.003,0.5,1,101,0.0042282662361003975,119,3.3333333333333335,0.12684798708301193,0.42282662361003975,0.8456532472200795,40,3,-0.03694055016779689,1.073881100335594,0.7561552994729298,1.002621469712207,1.073881100335594,0.029595245512130886,0.029595245512130886,1.2983705454430918,0,2.592420341285262e-06,0.04943513870239258
0,maxentw,jitter,0.1,2,3,0.003,0.5,1,101,0.0042282662361003975,119,3.3333333333333335,0.12684798708301193,0.42282662361003975,0.8456532472200795,40,3,-0.03694055016779689,1.073881100335594,0.8694545807157875,1.002621469712208,1.073881100335594,0.02959524551211201,0.02959524551211201,1.2983705454430918,0,2.592420341285262e-06,2.584123134613037
0,minnorm,jitter,0.1,2,5,0.003,0.5,1,101,0.0042282662361003975,119,3.3333333333333335,0.12684798708301193,0.42282662361003975,0.8456532472200795,0,5,-0.11996470549996009,1.2399294109999204,0.8900674101553558,1.251163442151945,1.2546429505031376,0.20723316771024103,0.20723316771024103,1.2983553750027064,0,2.592420341285262e-06,0.0077021121978759766
0,projgauss,jitter,0.1,2,5,0.003,0.5,1,101,0.0042282662361003975,119,3.3333333333333335,0.12684798708301193,0.42282662361003975,0.8456532472200795,0,5,-0.08612908531410685,1.1722581706282136,0.873189749179647,1.1522538053630225,1.1722581706282138,0.13393577152643887,0.13393577152643887,1.2983604317188453,0,2.592420341285262e-06,0.009083747863769531
0,spectral,jitter,0.1,2,5,0.003,0.5,1,101,0.0042282662361003975,119,3.3333333333333335,0.12684798708301193,0.42282662361003975,0.8456532472200795,0,5,-0.10235875582539644,1.325475643224307,0.8728223279558429,1.0010186716677187,1.325475643224307,0.028503618331601643,0.028503618331601643,1.2983751244645225,0,2.592420341285262e-06,0.014780759811401367
0,spectralg,jitter,0.1,2,5,0.003,0.5,1,101,0.0042282662361003975,119,3.3333333333333335,0.12684798708301193,0.42282662361003975,0.8456532472200795,0,5,-0.10235875582539644,1.325475643224307,0.8728223279558429,1.0010186716677187,1.325475643224307,0.028503618331601643,0.028503618331601643,1.2983751244645225,0,2.592420341285262e-06,0.02605271339416504
0,molfe,jitter,0.1,2,5,0.003,0.5,1,101,0.0042282662361003975,119,3.3333333333333335,0.12684798708301193,0.42282662361003975,0.8456532472200795,0,5,-0.17754269099096226,1.5876866098663682,1.0129857866991094,4738.143796487304,7.051614410634462e+65,2.439626068928484,2.439626068928484,3.4377443950092865,0,2.592420341285262e-06,0.009101629257202148
0,molrk3,jitter,0.1,2,5,0.003,0.5,1,101,0.0042282662361003975,119,3.3333333333333335,0.12684798708301193,0.42282662361003975,0.8456532472200795,0,5,-0.16605292210279196,1.5477099928623215,1.009122162469619,6253.712250522296,6.314764329028518e+49,2.412343332172929,2.412343332172929,3.4104616582537317,0,2.592420341285262e-06,0.007884740829467773
0,maxent,jitter,0.1,2,5,0.003,0.5,1,101,0.0042282662361003975,119,3.3333333333333335,0.12684798708301193,0.42282662361003975,0.8456532472200795,40,5,-0.11996470549996009,1.2399294109999204,0.8646637826351752,1.0313473085415077,1.2399294109999202,0.11268433442910486,0.11268433442910486,1.2983594600575652,0,2.592420341285262e-06,0.8179850578308105
0,lp,jitter,0.1,2,5,0.003,0.5,1,101,0.0042282662361003975,119,3.3333333333333335,0.12684798708301193,0.42282662361003975,0.8456532472200795,40,5,-0.11996470549996009,1.2399294109999204,0.8627995460905894,1.0266429545333007,1.2399294109999202,0.12356699112533209,0.12356699112533209,1.2983595196032387,0,2.592420341285262e-06,0.048371315002441406
0,lprand,jitter,0.1,2,5,0.003,0.5,1,101,0.0042282662361003975,119,3.3333333333333335,0.12684798708301193,0.42282662361003975,0.8456532472200795,40,5,-0.11996470549996009,1.2399294109999204,0.8678921657889718,1.0331459488555221,1.2399294109999202,0.10888539345911674,0.10888539345911674,1.2983596978304541,0,2.592420341285262e-06,0.04723715782165527
0,maxentw,jitter,0.1,2,5,0.003,0.5,1,101,0.0042282662361003975,119,3.3333333333333335,0.12684798708301193,0.42282662361003975,0.8456532472200795,40,5,-0.11996470549996009,1.2399294109999204,0.8646637826351752,1.0313473085415077,1.2399294109999202,0.11268433442910486,0.11268433442910486,1.2983594600575652,0,2.592420341285262e-06,2.662374258041382
0,minnorm,jitter,0.1,2,7,0.003,0.5,1,101,0.0042282662361003975,119,3.3333333333333335,0.12684798708301193,0.42282662361003975,0.8456532472200795,0,7,-0.12709498011271853,1.320851514034112,0.9384971217559265,1.383730264600527,1.383730264600527,0.25574526072375536,0.25574526072375536,1.3329033279091314,0,2.592420341285262e-06,0.0075299739837646484
0,projgauss,jitter,0.1,2,7,0.003,0.5,1,101,0.0042282662361003975,119,3.3333333333333335,0.12684798708301193,0.42282662361003975,0.8456532472200795,0,7,-0.05446943620584458,1.1735491466807475,0.8921268566662979,1.149275022437334,1.1735491466807475,0.11745892513023204,0.11745892513023204,1.2983555953422998,0,2.592420341285262e-06,0.008120059967041016
0,spectral,jitter,0.1,2,7,0.003,0.5,1,101,0.0042282662361003975,119,3.3333333333333335,0.12684798708301193,0.42282662361003975,0.8456532472200795,0,7,-0.13125283983507424,1.5101139965422608,0.8656906978897604,1.0489585124474792,1.510113996542261,0.06890113588543456,0.06890113588543456,1.2983639790086352,0,2.592420341285262e-06,0.014148712158203125
0,spectralg,jitter,0.1,2,7,0.003,0.5,1,101,0.0042282662361003975,119,3.3333333333333335,0.12684798708301193,0.42282662361003975,0.8456532472200795,0,7,-0.13125283983507424,1.5101139965422608,0.8656906978897604,1.0489585124474792,1.510113996542261,0.06890113588543456,0.06890113588543456,1.2983639790086352,0,2.592420341285262e-06,0.02994990348815918
0,molfe,jitter,0.1,2,7,0.003,0.5,1,101,0.0042282662361003975,119,3.3333333333333335,0.12684798708301193,0.42282662361003975,0.8456532472200795,0,7,-0.12813039997828057,1.5307173450038425,1.0068207705190926,52.31801478417974,1.0200747907830341e+33,1.5614292286636646,1.5614292286636646,2.559547554744467,0,2.592420341285262e-06,0.008543968200683594
0,molrk3,jitter,0.1,2,7,0.003,0.5,1,101,0.0042282662361003975,119,3.3333333333333335,0.12684798708301193,0.42282662361003975,0.8456532472200795,0,7,-0.12858563037624532,1.5236237427816381,1.0048704346985524,53.33221503759822,3.7010397711817517e+24,1.5372664232219815,1.5372664232219815,2.535384749302784,0,2.592420341285262e-06,0.008125066757202148
0,maxent,jitter,0.1,2,7,0.003,0.5,1,101,0.0042282662361003975,119,3.3333333333333335,0.12684798708301193,0.42282662361003975,0.8456532472200795,40,7,-0.12179701668314238,1.320851514034112,0.9020902965549391,1.202474551904008,1.320851514034112,0.1786854877059889,0.1786854877059889,1.2983425450241848,0,2.592420341285262e-06,0.8207700252532959
0,lp,jitter,0.1,2,7,0.003,0.5,1,101,0.0042282662361003975,119,3.3333333333333335,0.12684798708301193,0.42282662361003975,0.8456532472200795,40,7,-0.12179701668314238,1.320851514034112,0.9017979180123767,1.2052875533758625,1.320851514034112,0.17815599864366383,0.17815599864366383,1.2983425555194819,0,2.592420341285262e-06,0.04912614822387695
0,lprand,jitter,0.1,2,7,0.003,0.5,1,101,0.0042282662361003975,119,3.3333333333333335,0.12684798708301193,0.42282662361003975,0.8456532472200795,40,7,-0.12179701668314238,1.320851514034112,0.9021533705668798,1.2029349259292874,1.320851514034112,0.17964496597879465,0.17964496597879465,1.2983424921330262,0,2.592420341285262e-06,0.04921603202819824
0,maxentw,jitter,0.1,2,7,0.003,0.5,1,101,0.0042282662361003975,119,3.3333333333333335,0.12684798708301193,0.42282662361003975,0.8456532472200795,40,7,-0.12179701668314238,1.320851514034112,0.9020902965549391,1.202474551904008,1.320851514034112,0.1786854877059889,0.1786854877059889,1.2983425450241848,0,2.592420341285262e-06,2.66955304145813
0,minnorm,jitter,0.25,0,3,0.003,0.5,1,101,0.002282809602593114,220,3.3333333333333335,0.06848428807779343,0.2282809602593114,0.5233900575203676,0,3,-0.1153781471861564,1.2307562943723125,0.9207541347518347,1.0511802112548985,1.3103952217223092,0.1174639641560894,0.1174639641560894,1.2983040077299604,0,4.77923119235335e-06,0.008145809173583984
0,projgauss,jitter,0.25,0,3,0.003,0.5,1,101,0.002282809602593114,220,3.3333333333333335,0.06848428807779343,0.2282809602593114,0.5233900575203676,0,3,-0.11537814718615613,1.2307562943723123,0.920912862920553,1.0511802112548838,1.3103952217223085,0.11746396415607518,0.11746396415607518,1.2983040077299588,0,4.77923119235335e-06,0.009139299392700195
0,spectral,jitter,0.25,0,3,0.003,0.5,1,101,0.002282809602593114,220,3.3333333333333335,0.06848428807779343,0.2282809602593114,0.5233900575203676,0,3,-0.1153781471861564,1.2307562943723125,0.9207541347518347,1.0511802112548985,1.3103952217223092,0.1174639641560894,0.1174639641560894,1.2983040077299604,0,4.77923119235335e-06,0.00835108757019043
0,spectralg,jitter,0.25,0,3,0.003,0.5,1,101,0.002282809602593114,220,3.3333333333333335,0.06848428807779343,0.2282809602593114,0.5233900575203676,0,3,-0.1153781471861564,1.2307562943723125,0.9207541347518347,1.0511802112548985,1.3103952217223092,0.1174639641560894,0.1174639641560894,1.2983040077299604,0,4.77923119235335e-06,0.00880122184753418
0,molfe,jitter,0.25,0,3,0.003,0.5,1,101,0.002282809602593114,220,3.3333333333333335,0.06848428807779343,0.2282809602593114,0.5233900575203676,0,3,-0.15934534435845302,1.3186906887169059,0.9284365643099707,1.203512681681208,1.6334263273029725,0.22691767515115047,0.22691767515115047,1.2985708303730965,0,4.77923119235335e-06,0.009047985076904297
0,molrk3,jitter,0.25,0,3,0.003,0.5,1,101,0.002282809602593114,220,3.3333333333333335,0.06848428807779343,0.2282809602593114,0.5233900575203676,0,3,-0.13518906031697733,1.2705263610432214,0.9263946148255788,1.1330274742063,1.5421244993742107,0.23292267161195868,0.23292267161195868,1.2983014171227152,0,4.77923119235335e-06,0.00867605209350586
0,maxent,jitter,0.25,0,3,0.003,0.5,1,101,0.002282809602593114,220,3.3333333333333335,0.06848428807779343,0.2282809602593114,0.5233900575203676,79,3,-0.1153781471861564,1.2307562943723125,0.9207548113175693,1.0511802112569968,1.3103952217223083,0.11746396409732596,0.11746396409732596,1.2983040077299604,0,4.77923119235335e-06,1.2963979244232178
0,lp,jitter,0.25,0,3,0.003,0.5,1,101,0.002282809602593114,220,3.3333333333333335,0.06848428807779343,0.2282809602593114,0.5233900575203676,79,3,-0.1153781471861564,1.2307562943723125,0.9205049318574338,1.0511802112548942,1.310395221722308,0.1174639641560854,0.1174639641560854,1.2983040077299604,0,4.77923119235335e-06,0.045616865158081055
0,lprand,jitter,0.25,0,3,0.003,0.5,1,101,0.002282809602593114,220,3.3333333333333335,0.06848428807779343,0.2282809602593114,0.5233900575203676,79,3,-0.1153781471861564,1.2307562943723125,0.920504845245653,1.0511802112548942,1.310395221722308,0.1174639641560854,0.1174639641560854,1.2983040077299604,0,4.77923119235335e-06,0.04545998573303223
0,maxentw,jitter,0.25,0,3,0.003,0.5,1,101,0.002282809602593114,220,3.3333333333333335,0.06848428807779343,0.2282809602593114,0.5233900575203676,79,3,-0.1153781471861564,1.2307562943723125,0.9207548113175693,1.0511802112569968,1.3103952217223083,0.11746396409732596,0.11746396409732596,1.2983040077299604,0,4.77923119235335e-06,4.9575700759887695
0,minnorm,jitter,0.25,0,5,0.003,0.5,1,101,0.002282809602593114,220,3.3333333333333335,0.06848428807779343,0.2282809602593114,0.5233900575203676,0,5,-0.1497712484692124,1.4247929373133779,0.9471200269519635,1.8797697131651003,1.8797697131651003,0.7541930001466759,0.7541930001466759,1.7935136025626779,0,4.77923119235335e-06,0.007689952850341797
0,projgauss,jitter,0.25,0,5,0.003,0.5,1,101,0.002282809602593114,220,3.3333333333333335,0.06848428807779343,0.2282809602593114,0.5233900575203676,0,5,-0.12912447864663057,1.3671937089598152,0.9364610211124936,1.682272235677785,1.682272235677785,0.6110540843233498,0.6110540843233498,1.6503746867393518,0,4.77923119235335e-06,0.009066104888916016
0,spectral,jitter,0.25,0,5,0.003,0.5,1,101,0.002282809602593114,220,3.3333333333333335,0.06848428807779343,0.2282809602593114,0.5233900575203676,0,5,-0.20130082932566284,1.673586967153926,0.9287560287712909,1.0022750242895029,1.673586967153926,0.25613293443585317,0.25613293443585317,1.2983224882499198,0,4.77923119235335e-06,0.013683080673217773
0,spectralg,jitter,0.25,0,5,0.003,0.5,1,101,0.002282809602593114,220,3.3333333333333335,0.06848428807779343,0.2282809602593114,0.5233900575203676,0,5,-0.20130082932566284,1.673586967153926,0.9287560287712909,1.0022750242895029,1.673586967153926,0.25613293443585317,0.25613293443585317,1.2983224882499198,0,4.77923119235335e-06,0.025368213653564453
0,molfe,jitter,0.25,0,5,0.003,0.5,1,101,0.002282809602593114,220,3.3333333333333335,0.06848428807779343,0.2282809602593114,0.5233900575203676,0,5,-0.11005135590452775,1.2770541504200585,1.0116159252302308,2967.8073120671743,2.2358405413904785e+56,3.167604911222906,3.167604911222906,4.116585465306825,0,4.77923119235335e-06,0.008530139923095703
0,molrk3,jitter,0.25,0,5,0.003,0.5,1,101,0.002282809602593114,220,3.3333333333333335,0.06848428807779343,0.2282809602593114,0.5233900575203676,0,5,-0.11139326263636605,1.2665432450393181,1.0105413123941624,3358.6995502310574,5.397140908117185e+51,3.1600642002336876,3.1600642002336876,4.1090447543176065,0,4.77923119235335e-06,0.008817911148071289
0,maxent,jitter,0.25,0,5,0.003,0.5,1,101,0.002282809602593114,220,3.3333333333333335,0.06848428807779343,0.2282809602593114,0.5233900575203676,79,5,-0.1497712484692124,1.4247929373133779,0.9420004420294812,1.2597295523816516,1.4247929373133779,0.2306741922183373,0.2306741922183373,1.2982923913139728,0,4.77923119235335e-06,1.2460830211639404
0,lp,jitter,0.25,0,5,0.003,0.5,1,101,0.002282809602593114,220,3.3333333333333335,0.06848428807779343,0.2282809602593114,0.5233900575203676,79,5,-0.1497712484692124,1.4247929373133779,0.9421527495167343,1.229900805237304,1.4247929373133779,0.2046454961755877,0.2046454961755877,1.2982923911827475,0,4.77923119235335e-06,0.046369075775146484
0,lprand,jitter,0.25,0,5,0.003,0.5,1,101,0.002282809602593114,220,3.3333333333333335,0.06848428807779343,0.2282809602593114,0.5233900575203676,79,5,-0.1497712484692124,1.4247929373133779,0.9420550396432169,1.248295045730073,1.4247929373133779,0.2204117728162447,0.2204117728162447,1.2982923911827475,0,4.77923119235335e-06,0.04616999626159668
0,maxentw,jitter,0.25,0,5,0.003,0.5,1,101,0.002282809602593114,220,3.3333333333333335,0.06848428807779343,0.2282809602593114,0.5233900575203676,79,5,-0.1497712484692124,1.4247929373133779,0.9420004420294812,1.2597295523816516,1.4247929373133779,0.2306741922183373,0.2306741922183373,1.2982923913139728,0,4.77923119235335e-06,4.963156223297119
0,minnorm,jitter,0.25,0,7,0.003,0.5,1,101,0.002282809602593114,220,3.3333333333333335,0.06848428807779343,0.2282809602593114,0.5233900575203676,0,7,-0.152438760110423,1.4388119622619953,0.9691422289263252,1.416037406735723,1.4388119622619953,0.2868113001692325,0.2868113001692325,1.366229890218226,0,4.77923119235335e-06,0.0074689388275146484
0,projgauss,jitter,0.25,0,7,0.003,0.5,1,101,0.002282809602593114,220,3.3333333333333335,0.06848428807779343,0.2282809602593114,0.5233900575203676,0,7,-0.07501602244868,1.2765389472268631,0.9517974444664288,1.1764685517522406,1.2765389472268631,0.2559145832351263,0.2559145832351263,1.298275975584926,0,4.77923119235335e-06,0.008303165435791016
0,spectral,jitter,0.25,0,7,0.003,0.5,1,101,0.002282809602593114,220,3.3333333333333335,0.06848428807779343,0.2282809602593114,0.5233900575203676,0,7,-0.29645606632370863,1.9003695866199208,0.934076317749193,1.0602341733101501,1.9003695866199208,0.27242319125068626,0.27242319125068626,1.298278675490152,0,4.77923119235335e-06,0.014266014099121094
0,spectralg,jitter,0.25,0,7,0.003,0.5,1,101,0.002282809602593114,220,3.3333333333333335,0.06848428807779343,0.2282809602593114,0.5233900575203676,0,7,-0.29645606632370863,1.9003695866199208,0.934076317749193,1.0602341733101501,1.9003695866199208,0.27242319125068626,0.27242319125068626,1.298278675490152,0,4.77923119235335e-06,0.028655290603637695
0,molfe,jitter,0.25,0,7,0.003,0.5,1,101,0.002282809602593114,220,3.3333333333333335,0.06848428807779343,0.2282809602593114,0.5233900575203676,0,7,-0.07163744393197513,1.2675867135151124,1.0030065040062126,58.7712058064608,1.055987826341743e+17,1.337306383853524,1.337306383853524,1.8320666750078463,0,4.77923119235335e-06,0.007888078689575195
0,molrk3,jitter,0.25,0,7,0.003,0.5,1,101,0.002282809602593114,220,3.3333333333333335,0.06848428807779343,0.2282809602593114,0.5233900575203676,0,7,-0.07144292617523845,1.2648432827577598,1.002450940323019,59.869709811219224,920117961966390.2,1.3490283013457356,1.3490283013457356,1.8184368421522001,0,4.77923119235335e-06,0.009371757507324219
0,maxent,jitter,0.25,0,7,0.003,0.5,1,101,0.002282809602593114,220,3.3333333333333335,0.06848428807779343,0.2282809602593114,0.5233900575203676,79,7,-0.152438760110423,1.4388119622619953,0.963151691727282,1.1864891414843062,1.4388119622619953,0.3718333692162723,0.3718333692162723,1.2982409044843481,0,4.77923119235335e-06,1.2382690906524658
0,lp,jitter,0.25,0,7,0.003,0.5,1,101,0.002282809602593114,220,3.3333333333333335,0.06848428807779343,0.2282809602593114,0.5233900575203676,79,7,-0.152438760110423,1.4388119622619953,0.9631945953403205,1.1871750139608737,1.4388119622619953,0.37439935239338873,0.37439935239338873,1.2982408959333407,0,4.77923119235335e-06,0.04696798324584961
0,lprand,jitter,0.25,0,7,0.003,0.5,1,101,0.002282809602593114,220,3.3333333333333335,0.06848428807779343,0.2282809602593114,0.5233900575203676,79,7,-0.152438760110423,1.4388119622619953,0.9631171554989341,1.1882978113404352,1.4388119622619953,0.3739031282783609,0.3739031282783609,1.29824089733444,0,4.77923119235335e-06,0.0479893684387207
0,maxentw,jitter,0.25,0,7,0.003,0.5,1,101,0.002282809602593114,220,3.3333333333333335,0.06848428807779343,0.2282809602593114,0.5233900575203676,79,7,-0.152438760110423,1.4388119622619953,0.963151691727282,1.1864891414843062,1.4388119622619953,0.3718333692162723,0.3718333692162723,1.2982409044843481,0,4.77923119235335e-06,4.887845754623413
0,minnorm,jitter,0.25,1,3,0.003,0.5,1,101,0.0026240551100211343,191,3.3333333333333335,0.07872165330063402,0.2624055110021134,0.5611475859366555,0,3,-0.09973559121506427,1.1994711824301283,0.9039390565331293,1.003919369269456,1.2158278365585093,0.03058878246592356,0.03058878246592356,1.2984285061772602,0,2.644638933846366e-06,0.008083105087280273
0,projgauss,jitter,0.25,1,3,0.003,0.5,1,101,0.0026240551100211343,191,3.3333333333333335,0.07872165330063402,0.2624055110021134,0.5611475859366555,0,3,-0.09973559121506448,1.1994711824301287,0.8614804650936574,1.0039193692694615,1.2158278365585073,0.030588782465929776,0.030588782465929776,1.29842850617726,0,2.644638933846366e-06,0.008756875991821289
0,spectral,jitter,0.25,1,3,0.003,0.5,1,101,0.0026240551100211343,191,3.3333333333333335,0.07872165330063402,0.2624055110021134,0.5611475859366555,0,3,-0.09973559121506427,1.1994711824301283,0.9039390565331293,1.003919369269456,1.2158278365585093,0.03058878246592356,0.03058878246592356,1.2984285061772602,0,2.644638933846366e-06,0.009888887405395508
0,spectralg,jitter,0.25,1,3,0.003,0.5,1,101,0.0026240551100211343,191,3.3333333333333335,0.07872165330063402,0.2624055110021134,0.5611475859366555,0,3,-0.09973559121506427,1.1994711824301283,0.9039390565331293,1.003919369269456,1.2158278365585093,0.03058878246592356,0.03058878246592356,1.2984285061772602,0,2.644638933846366e-06,0.008734941482543945
0,molfe,jitter,0.25,1,3,0.003,0.5,1,101,0.0026240551100211343,191,3.3333333333333335,0.07872165330063402,0.2624055110021134,0.5611475859366555,0,3,-0.15710001724541986,1.3142000344908398,0.8920396119779161,1.1583640418830805,1.543085538733781,0.09425896010411539,0.09425896010411539,1.2986920843420828,0,2.644638933846366e-06,0.008577823638916016
0,molrk3,jitter,0.25,1,3,0.003,0.5,1,101,0.0026240551100211343,191,3.3333333333333335,0.07872165330063402,0.2624055110021134,0.5611475859366555,0,3,-0.12896061902413433,1.257932931559208,0.9122927038304042,1.0925052199012955,1.458743684993841,0.08614788070492063,0.08614788070492063,1.2984256180200948,0,2.644638933846366e-06,0.009263038635253906
0,maxent,jitter,0.25,1,3,0.003,0.5,1,101,0.0026240551100211343,191,3.3333333333333335,0.07872165330063402,0.2624055110021134,0.5611475859366555,71,3,-0.09973559121506427,1.1994711824301283,0.9039390597098821,1.0039193692694561,1.215827836558508,0.030588782465908904,0.030588782465908904,1.2984285061772602,0,2.644638933846366e-06,1.1666293144226074
0,lp,jitter,0.25,1,3,0.003,0.5,1,101,0.0026240551100211343,191,3.3333333333333335,0.07872165330063402,0.2624055110021134,0.5611475859366555,71,3,-0.09973559121506427,1.1994711824301283,0.9099000842306357,1.0039193692694561,1.2158278365585082,0.030588782465924447,0.030588782465924447,1.2984285061772602,0,2.644638933846366e-06,0.04648923873901367
0,lprand,jitter,0.25,1,3,0.003,0.5,1,101,0.0026240551100211343,191,3.3333333333333335,0.07872165330063402,0.2624055110021134,0.5611475859366555,71,3,-0.09973559121506427,1.1994711824301283,0.9099000738248372,1.0039193692694568,1.2158278365585082,0.030588782465924447,0.030588782465924447,1.2984285061772602,0,2.644638933846366e-06,0.04497218132019043
0,maxentw,jitter,0.25,1,3,0.003,0.5,1,101,0.0026240551100211343,191,3.3333333333333335,0.07872165330063402,0.2624055110021134,0.5611475859366555,71,3,-0.09973559121506427,1.1994711824301283,0.9039390597098821,1.0039193692694561,1.215827836558508,0.030588782465908904,0.030588782465908904,1.2984285061772602,0,2.644638933846366e-06,4.435914039611816
0,minnorm,jitter,0.25,1,5,0.003,0.5,1,101,0.0026240551100211343,191,3.3333333333333335,0.07872165330063402,0.2624055110021134,0.5611475859366555,0,5,-0.14763007602598727,1.3637273176465818,0.9371000038462778,1.3982331936619872,1.4043908736114659,0.3260059597806704,0.3260059597806704,1.3683576203437369,0,2.644638933846366e-06,0.00783085823059082
0,projgauss,jitter,0.25,1,5,0.003,0.5,1,101,0.0026240551100211343,191,3.3333333333333335,0.07872165330063402,0.2624055110021134,0.5611475859366555,0,5,-0.1232374720893056,1.3262079512163893,0.9253470705798975,1.3176480294421211,1.3262079512163891,0.2774818316554546,0.2774818316554546,1.319833492218521,0,2.644638933846366e-06,0.009289979934692383
0,spectral,jitter,0.25,1,5,0.003,0.5,1,101,0.0026240551100211343,191,3.3333333333333335,0.07872165330063402,0.2624055110021134,0.5611475859366555,0,5,-0.20627357180895184,1.697886996454017,0.9227307322348394,1.0013193037395156,1.697886996454017,0.1394612620253487,0.1394612620253487,1.2984420001625485,0,2.644638933846366e-06,0.014417886734008789
0,spectralg,jitter,0.25,1,5,0.003,0.5,1,101,0.0026240551100211343,191,3.3333333333333335,0.07872165330063402,0.2624055110021134,0.5611475859366555,0,5,-0.20627357180895184,1.697886996454017,0.9227307322348394,1.0013193037395156,1.697886996454017,0.1394612620253487,0.1394612620253487,1.2984420001625485,0,2.644638933846366e-06,0.02608203887939453
0,molfe,jitter,0.25,1,5,0.003,0.5,1,101,0.0026240551100211343,191,3.3333333333333335,0.07872165330063402,0.2624055110021134,0.5611475859366555,0,5,-0.10406558753590649,1.3339112646529787,1.0109586830543453,2963.840868667368,1.0736354786664749e+55,3.220500230259919,3.220500230259919,4.2120056658530025,0,2.644638933846366e-06,0.00814676284790039
0,molrk3,jitter,0.25,1,5,0.003,0.5,1,101,0.0026240551100211343,191,3.3333333333333335,0.07872165330063402,0.2624055110021134,0.5611475859366555,0,5,-0.10512497428417608,1.3231882946553775,1.0097512984582317,3266.5501870338667,6.534891800510811e+49,3.1939348384342168,3.1939348384342168,4.1854402740273,0,2.644638933846366e-06,0.008240222930908203
0,maxent,jitter,0.25,1,5,0.003,0.5,1,101,0.0026240551100211343,191,3.3333333333333335,0.07872165330063402,0.2624055110021134,0.5611475859366555,71,5,-0.14763007602598727,1.3637273176465818,0.9211646323000032,1.1024537232559557,1.3637273176465818,0.1298778507972137,0.1298778507972137,1.2984159461421583,0,2.644638933846366e-06,1.12919020652771
0,lp,jitter,0.25,1,5,0.003,0.5,1,101,0.0026240551100211343,191,3.3333333333333335,0.07872165330063402,0.2624055110021134,0.5611475859366555,71,5,-0.14763007602598727,1.3637273176465818,0.9221864078030975,1.0994646370397794,1.3637273176465818,0.13161499680263078,0.13161499680263078,1.298415830175192,0,2.644638933846366e-06,0.048341989517211914
0,lprand,jitter,0.25,1,5,0.003,0.5,1,101,0.0026240551100211343,191,3.3333333333333335,0.07872165330063402,0.2624055110021134,0.5611475859366555,71,5,-0.14763007602598727,1.3637273176465818,0.9218002281888321,1.1023906110049242,1.3637273176465818,0.12966088288073363,0.12966088288073363,1.2984158851814347,0,2.644638933846366e-06,0.04737710952758789
0,maxentw,jitter,0.25,1,5,0.003,0.5,1,101,0.0026240551100211343,191,3.3333333333333335,0.07872165330063402,0.2624055110021134,0.5611475859366555,71,5,-0.14763007602598727,1.3637273176465818,0.9211646323000032,1.1024537232559557,1.3637273176465818,0.1298778507972137,0.1298778507972137,1.2984159461421583,0,2.644638933846366e-06,4.3986310958862305
0,minnorm,jitter,0.25,1,7,0.003,0.5,1,101,0.0026240551100211343,191,3.3333333333333335,0.07872165330063402,0.2624055110021134,0.5611475859366555,0,7,-0.13797204148674375,1.4123088431973336,0.9642834451930279,1.4357279297927579,1.4357279297927579,0.3063811384361492,0.3063811384361492,1.3837638188161714,0,2.644638933846366e-06,0.008702993392944336
0,projgauss,jitter,0.25,1,7,0.003,0.5,1,101,0.0026240551100211343,191,3.3333333333333335,0.07872165330063402,0.2624055110021134,0.5611475859366555,0,7,-0.07451205992433248,1.24244976324437,0.9426294500050793,1.1794459901130219,1.24244976324437,0.1644517782161946,0.1644517782161946,1.2984142109236125,0,2.644638933846366e-06,0.009206056594848633
0,spectral,jitter,0.25,1,7,0.003,0.5,1,101,0.0026240551100211343,191,3.3333333333333335,0.07872165330063402,0.2624055110021134,0.5611475859366555,0,7,-0.22968784760927852,1.8356319673162078,0.9244331338761183,1.0403333082208235,1.8356319673162076,0.1288288333371025,0.1288288333371025,1.2984106331512921,0,2.644638933846366e-06,0.015642881393432617
0,spectralg,jitter,0.25,1,7,0.003,0.5,1,101,0.0026240551100211343,191,3.3333333333333335,0.07872165330063402,0.2624055110021134,0.5611475859366555,0,7,-0.22968784760927852,1.8356319673162078,0.9244331338761183,1.0403333082208235,1.8356319673162076,0.1288288333371025,0.1288288333371025,1.2984106331512921,0,2.644638933846366e-06,0.029944181442260742
0,molfe,jitter,0.25,1,7,0.003,0.5,1,101,0.0026240551100211343,191,3.3333333333333335,0.07872165330063402,0.2624055110021134,0.5611475859366555,0,7,-0.07755682962596003,1.3289742081497902,1.004018529969755,49.00512787309629,3.2656818380231016e+21,1.4086804848084382,1.4086804848084382,2.4001859204015217,0,2.644638933846366e-06,0.009914159774780273
0,molrk3,jitter,0.25,1,7,0.003,0.5,1,101,0.0026240551100211343,191,3.3333333333333335,0.07872165330063402,0.2624055110021134,0.5611475859366555,0,7,-0.07762652161895044,1.32572766551468,1.0032863296216383,48.96656162975094,2.0127475694008963e+18,1.393711680237872,1.393711680237872,2.3852171158309554,0,2.644638933846366e-06,0.009747982025146484
0,maxent,jitter,0.25,1,7,0.003,0.5,1,101,0.0026240551100211343,191,3.3333333333333335,0.07872165330063402,0.2624055110021134,0.5611475859366555,71,7,-0.13797204148674375,1.4123088431973336,0.9508182959554243,1.1883341566999563,1.4123088431973339,0.2983366499338308,0.2983366499338308,1.2983999957860382,0,2.644638933846366e-06,1.1798548698425293
0,lp,jitter,0.25,1,7,0.003,0.5,1,101,0.0026240551100211343,191,3.3333333333333335,0.07872165330063402,0.2624055110021134,0.5611475859366555,71,7,-0.13797204148674375,1.4123088431973336,0.9506759136286984,1.1873547864062988,1.4123088431973339,0.29788826330114204,0.29788826330114204,1.2983998875968554,0,2.644638933846366e-06,0.046907901763916016
0,lprand,jitter,0.25,1,7,0.003,0.5,1,101,0.0026240551100211343,191,3.3333333333333335,0.07872165330063402,0.2624055110021134,0.5611475859366555,71,7,-0.13797204148674375,1.4123088431973336,0.9505076233527995,1.1902749542962385,1.4123088431973339,0.2974276848900018,0.2974276848900018,1.2984000337417303,0,2.644638933846366e-06,0.04762005805969238
0,maxentw,jitter,0.25,1,7,0.003,0.5,1,101,0.0026240551100211343,191,3.3333333333333335,0.07872165330063402,0.2624055110021134,0.5611475859366555,71,7,-0.13797204148674375,1.4123088431973336,0.9508182959554243,1.1883341566999563,1.4123088431973339,0.2983366499338308,0.2983366499338308,1.2983999957860382,0,2.644638933846366e-06,4.446535110473633
0,minnorm,jitter,0.25,2,3,0.003,0.5,1,101,0.003070665590250987,163,3.3333333333333335,0.09211996770752962,0.3070665590250987,0.6141331180501974,0,3,-0.11874761161061843,1.2374952232212366,0.8957080397801978,1.0814429647376644,1.2374952232212366,0.09511094519877039,0.09511094519877039,1.2983172926048279,0,1.9710759777691322e-06,0.007401227951049805
0,projgauss,jitter,0.25,2,3,0.003,0.5,1,101,0.003070665590250987,163,3.3333333333333335,0.09211996770752962,0.3070665590250987,0.6141331180501974,0,3,-0.11874761161061809,1.2374952232212364,0.9042670819282002,1.0814429647376604,1.2374952232212364,0.09511094519876684,0.09511094519876684,1.2983172926048268,0,1.9710759777691322e-06,0.008710145950317383
0,spectral,jitter,0.25,2,3,0.003,0.5,1,101,0.003070665590250987,163,3.3333333333333335,0.09211996770752962,0.3070665590250987,0.6141331180501974,0,3,-0.11874761161061843,1.2374952232212366,0.8957080397801978,1.0814429647376644,1.2374952232212366,0.09511094519877039,0.09511094519877039,1.2983172926048279,0,1.9710759777691322e-06,0.008234024047851562
0,spectralg,jitter,0.25,2,3,0.003,0.5,1,101,0.003070665590250987,163,3.3333333333333335,0.09211996770752962,0.3070665590250987,0.6141331180501974,0,3,-0.11874761161061843,1.2374952232212366,0.8957080397801978,1.0814429647376644,1.2374952232212366,0.09511094519877039,0.09511094519877039,1.2983172926048279,0,1.9710759777691322e-06,0.008618831634521484
0,molfe,jitter,0.25,2,3,0.003,0.5,1,101,0.003070665590250987,163,3.3333333333333335,0.09211996770752962,0.3070665590250987,0.6141331180501974,0,3,-0.19175087990869133,1.3835017598173829,0.876376048208016,1.3661339956261176,1.5911085059478633,0.3125774496086202,0.3125774496086202,1.3145789458696489,0,1.9710759777691322e-06,0.008212089538574219
0,molrk3,jitter,0.25,2,3,0.003,0.5,1,101,0.003070665590250987,163,3.3333333333333335,0.09211996770752962,0.3070665590250987,0.6141331180501974,0,3,-0.1555265412450061,1.3110773083236917,0.9019842322786304,1.3170798378756523,1.456416927889828,0.30172345516232957,0.30172345516232957,1.3037249514233582,0,1.9710759777691322e-06,0.00885772705078125
0,maxent,jitter,0.25,2,3,0.003,0.5,1,101,0.003070665590250987,163,3.3333333333333335,0.09211996770752962,0.3070665590250987,0.6141331180501974,64,3,-0.11874761161061843,1.2374952232212366,0.89570804018078,1.0814429647376682,1.2374952232212366,0.09511094519875307,0.09511094519875307,1.2983172926048274,0,1.9710759777691322e-06,0.9906768798828125
0,lp,jitter,0.25,2,3,0.003,0.5,1,101,0.003070665590250987,163,3.3333333333333335,0.09211996770752962,0.3070665590250987,0.6141331180501974,64,3,-0.11874761161061843,1.2374952232212366,0.9058127735108998,1.081442964737667,1.2374952232212366,0.09511094519877217,0.09511094519877217,1.2983172926048274,0,1.9710759777691322e-06,0.0475008487701416
0,lprand,jitter,0.25,2,3,0.003,0.5,1,101,0.003070665590250987,163,3.3333333333333335,0.09211996770752962,0.3070665590250987,0.6141331180501974,64,3,-0.11874761161061843,1.2374952232212366,0.9058126989943409,1.081442964737667,1.2374952232212366,0.09511094519877261,0.09511094519877261,1.2983172926048274,0,1.9710759777691322e-06,0.04645705223083496
0,maxentw,jitter,0.25,2,3,0.003,0.5,1,101,0.003070665590250987,163,3.3333333333333335,0.09211996770752962,0.3070665590250987,0.6141331180501974,64,3,-0.11874761161061843,1.2374952232212366,0.89570804018078,1.0814429647376682,1.2374952232212366,0.09511094519875307,0.09511094519875307,1.2983172926048274,0,1.9710759777691322e-06,3.9375858306884766
0,minnorm,jitter,0.25,2,5,0.003,0.5,1,101,0.003070665590250987,163,3.3333333333333335,0.09211996770752962,0.3070665590250987,0.6141331180501974,0,5,-0.14409916230579045,1.340250483784728,0.9244937683590344,1.2290104327892384,1.340250483784728,0.17493707400122527,0.17493707400122527,1.2983045960819166,0,1.9710759777691322e-06,0.008011817932128906
0,projgauss,jitter,0.25,2,5,0.003,0.5,1,101,0.003070665590250987,163,3.3333333333333335,0.09211996770752962,0.3070665590250987,0.6141331180501974,0,5,-0.11871077514964923,1.293974465429903,0.9100344344679607,1.1558729330702333,1.293974465429903,0.12849602030589513,0.12849602030589513,1.2983085601444855,0,1.9710759777691322e-06,0.009496927261352539
0,spectral,jitter,0.25,2,5,0.003,0.5,1,101,0.003070665590250987,163,3.3333333333333335,0.09211996770752962,0.3070665590250987,0.6141331180501974,0,5,-0.247578277897523,1.699018880842503,0.9004229036031468,1.0512346179613707,1.6990188808425029,0.06792345525167787,0.06792345525167787,1.2983277452291722,0,1.9710759777691322e-06,0.01457524299621582
0,spectralg,jitter,0.25,2,5,0.003,0.5,1,101,0.003070665590250987,163,3.3333333333333335,0.09211996770752962,0.3070665590250987,0.6141331180501974,0,5,-0.247578277897523,1.699018880842503,0.9001734275793122,1.0512343312481744,1.6990188808425029,0.06792243941363418,0.06792243941363418,1.2983277452291722,0,1.9710759777691322e-06,0.025580883026123047
0,molfe,jitter,0.25,2,5,0.003,0.5,1,101,0.003070665590250987,163,3.3333333333333335,0.09211996770752962,0.3070665590250987,0.6141331180501974,0,5,-0.15681410047943872,1.4598761907954882,1.0169364797151546,4334.100605576905,8.818965357712866e+78,2.484053494612419,2.484053494612419,3.4860549908734475,0,1.9710759777691322e-06,0.008533000946044922
0,molrk3,jitter,0.25,2,5,0.003,0.5,1,101,0.003070665590250987,163,3.3333333333333335,0.09211996770752962,0.3070665590250987,0.6141331180501974,0,5,-0.14838712577594573,1.4337333640759928,1.015094794159564,5182.175873578943,1.0051455500988652e+71,2.4724123135586566,2.4724123135586566,3.4744138098196853,0,1.9710759777691322e-06,0.00797414779663086
0,maxent,jitter,0.25,2,5,0.003,0.5,1,101,0.003070665590250987,163,3.3333333333333335,0.09211996770752962,0.3070665590250987,0.6141331180501974,64,5,-0.14409916230579045,1.340250483784728,0.9069073340162367,1.074682043472523,1.340250483784728,0.13500706453538647,0.13500706453538647,1.2983099316388338,0,1.9710759777691322e-06,1.071174144744873
0,lp,jitter,0.25,2,5,0.003,0.5,1,101,0.003070665590250987,163,3.3333333333333335,0.09211996770752962,0.3070665590250987,0.6141331180501974,64,5,-0.14409916230579045,1.340250483784728,0.9069390216746391,1.0725150438298048,1.340250483784728,0.13708136807004934,0.13708136807004934,1.2983099362904,0,1.9710759777691322e-06,0.04690098762512207
0,lprand,jitter,0.25,2,5,0.003,0.5,1,101,0.003070665590250987,163,3.3333333333333335,0.09211996770752962,0.3070665590250987,0.6141331180501974,64,5,-0.14409916230579045,1.340250483784728,0.9084310592955613,1.0779521687681592,1.340250483784728,0.12829586886958544,0.12829586886958544,1.2983099866117302,0,1.9710759777691322e-06,0.04785776138305664
0,maxentw,jitter,0.25,2,5,0.003,0.5,1,101,0.003070665590250987,163,3.3333333333333335,0.09211996770752962,0.3070665590250987,0.6141331180501974,64,5,-0.14409916230579045,1.340250483784728,0.9069073340162367,1.074682043472523,1.340250483784728,0.13500706453538647,0.13500706453538647,1.2983099316388338,0,1.9710759777691322e-06,4.005869626998901
0,minnorm,jitter,0.25,2,7,0.003,0.5,1,101,0.003070665590250987,163,3.3333333333333335,0.09211996770752962,0.3070665590250987,0.6141331180501974,0,7,-0.14543285662126423,1.3955430859957307,0.9568628822821035,1.3485998484949437,1.3955430859957307,0.22119202165695007,0.22119202165695007,1.2982841330692176,0,1.9710759777691322e-06,0.007238149642944336
0,projgauss,jitter,0.25,2,7,0.003,0.5,1,101,0.003070665590250987,163,3.3333333333333335,0.09211996770752962,0.3070665590250987,0.6141331180501974,0,7,-0.08010568290440848,1.2357387001662186,0.9294108817924946,1.1892948184216532,1.2357387001662186,0.14596868469191016,0.14596868469191016,1.298303194670325,0,1.9710759777691322e-06,0.008227109909057617
0,spectral,jitter,0.25,2,7,0.003,0.5,1,101,0.003070665590250987,163,3.3333333333333335,0.09211996770752962,0.3070665590250987,0.6141331180501974,0,7,-0.22112578567433294,2.041041392951883,0.9072030645629535,1.1264192030533138,2.0410413929518834,0.11865209173451197,0.11865209173451197,1.2983087000420692,0,1.9710759777691322e-06,0.01477670669555664
0,spectralg,jitter,0.25,2,7,0.003,0.5,1,101,0.003070665590250987,163,3.3333333333333335,0.09211996770752962,0.3070665590250987,0.6141331180501974,0,7,-0.22112578567433294,2.041041392951883,0.9072030645629535,1.1264192030533138,2.0410413929518834,0.11865209173451197,0.11865209173451197,1.2983087000420692,0,1.9710759777691322e-06,0.028505802154541016
0,molfe,jitter,0.25,2,7,0.003,0.5,1,101,0.003070665590250987,163,3.3333333333333335,0.09211996770752962,0.3070665590250987,0.6141331180501974,0,7,-0.0900062745444991,1.392690798328658,1.0050180675612304,63.66441426048615,4.4910728375232153e+24,1.6526135109179263,1.6526135109179263,2.654615007178955,0,1.9710759777691322e-06,0.007524728775024414
0,molrk3,jitter,0.25,2,7,0.003,0.5,1,101,0.003070665590250987,163,3.3333333333333335,0.09211996770752962,0.3070665590250987,0.6141331180501974,0,7,-0.09033223706293964,1.390323670106352,1.0039726159820006,64.32559023951889,3.07653303465875e+20,1.636944902416051,1.636944902416051,2.6389463986770796,0,1.9710759777691322e-06,0.008175134658813477
0,maxent,jitter,0.25,2,7,0.003,0.5,1,101,0.003070665590250987,163,3.3333333333333335,0.09211996770752962,0.3070665590250987,0.6141331180501974,64,7,-0.1392262568319277,1.3955430859957307,0.9425334694178048,1.4106672468421648,1.4106672468421648,0.33334286966693916,0.33334286966693916,1.403564135279098,0,1.9710759777691322e-06,1.0198209285736084
0,lp,jitter,0.25,2,7,0.003,0.5,1,101,0.003070665590250987,163,3.3333333333333335,0.09211996770752962,0.3070665590250987,0.6141331180501974,64,7,-0.1392262568319277,1.3955430859957307,0.9429702007552629,1.4097441626032081,1.4097441626032081,0.3318455115823651,0.3318455115823651,1.4020667771945239,0,1.9710759777691322e-06,0.04749608039855957
0,lprand,jitter,0.25,2,7,0.003,0.5,1,101,0.003070665590250987,163,3.3333333333333335,0.09211996770752962,0.3070665590250987,0.6141331180501974,64,7,-0.1392262568319277,1.3955430859957307,0.9426470992459686,1.4038475038442655,1.4038475038442655,0.32695142365610064,0.32695142365610064,1.3971726892682594,0,1.9710759777691322e-06,0.04819893836975098
0,maxentw,jitter,0.25,2,7,0.003,0.5,1,101,0.003070665590250987,163,3.3333333333333335,0.09211996770752962,0.3070665590250987,0.6141331180501974,64,7,-0.1392262568319277,1.3955430859957307,0.9425334694178048,1.4106672468421648,1.4106672468421648,0.33334286966693916,0.33334286966693916,1.403564135279098,0,1.9710759777691322e-06,4.646580219268799
0,minnorm,jitter,0.45,0,3,0.003,0.5,1,101,0.00016827506524616246,2972,3.3333333333333335,0.005048251957384874,0.016827506524616245,0.14210210353664543,0,3,-0.20512889146593105,1.4102577829318625,1.0134154313422294,5.0457940131901184e+17,2.271362575284264e+58,inf,3160842.5912420335,3160842.1820104634,1,6.4841343835331244e-06,0.0276339054107666
0,projgauss,jitter,0.45,0,3,0.003,0.5,1,101,0.00016827506524616246,2972,3.3333333333333335,0.005048251957384874,0.016827506524616245,0.14210210353664543,0,3,-0.20512889146593094,1.4102577829318619,1.0134154313422297,5.0457940131964736e+17,2.271362575295023e+58,inf,3160842.59124223,3160842.18201066,1,6.4841343835331244e-06,0.01709914207458496
0,spectral,jitter,0.45,0,3,0.003,0.5,1,101,0.00016827506524616246,2972,3.3333333333333335,0.005048251957384874,0.016827506524616245,0.14210210353664543,0,3,-0.20512889146593105,1.4102577829318625,1.0134154313422294,5.0457940131901184e+17,2.271362575284264e+58,inf,3160842.5912420335,3160842.1820104634,1,6.4841343835331244e-06,0.011613845825195312
0,spectralg,jitter,0.45,0,3,0.003,0.5,1,101,0.00016827506524616246,2972,3.3333333333333335,0.005048251957384874,0.016827506524616245,0.14210210353664543,0,3,-0.20512889146593105,1.4102577829318625,1.0134154313422294,5.0457940131901184e+17,2.271362575284264e+58,inf,3160842.5912420335,3160842.1820104634,1,6.4841343835331244e-06,0.04995107650756836
0,molfe,jitter,0.45,0,3,0.003,0.5,1,101,0.00016827506524616246,2972,3.3333333333333335,0.005048251957384874,0.016827506524616245,0.14210210353664543,0,3,-0.2032062875623554,1.406412575124711,1.013552119090342,5.101463137576261e+17,5.107422266623633e+58,inf,3846553.711582256,3846553.302350686,1,6.4841343835331244e-06,0.01984882354736328
0,molrk3,jitter,0.45,0,3,0.003,0.5,1,101,0.00016827506524616246,2972,3.3333333333333335,0.005048251957384874,0.016827506524616245,0.14210210353664543,0,3,-0.20512889146593127,1.4102577829318625,1.0134566333751205,7.636920112822289e+17,3.545052441303903e+58,inf,3408810.3434800664,3408809.9342484963,1,6.4841343835331244e-06,0.013664007186889648
0,maxent,jitter,0.45,0,3,0.003,0.5,1,101,0.00016827506524616246,2972,3.3333333333333335,0.005048251957384874,0.016827506524616245,0.14210210353664543,82,3,-0.20512889146593105,1.4102577829318625,1.0134154313422294,5.0457940131901184e+17,2.271362575284264e+58,inf,3160842.5912420335,3160842.1820104634,1,6.4841343835331244e-06,2.364047050476074
0,lp,jitter,0.45,0,3,0.003,0.5,1,101,0.00016827506524616246,2972,3.3333333333333335,0.005048251957384874,0.016827506524616245,0.14210210353664543,82,3,-0.20512889146593105,1.4102577829318625,1.0134154313422294,5.0457940131901184e+17,2.271362575284264e+58,inf,3160842.5912420335,3160842.1820104634,1,6.4841343835331244e-06,0.06537413597106934
0,lprand,jitter,0.45,0,3,0.003,0.5,1,101,0.00016827506524616246,2972,3.3333333333333335,0.005048251957384874,0.016827506524616245,0.14210210353664543,82,3,-0.20512889146593105,1.4102577829318625,1.0134154313422294,5.0457940131901184e+17,2.271362575284264e+58,inf,3160842.5912420335,3160842.1820104634,1,6.4841343835331244e-06,0.11523604393005371
0,maxentw,jitter,0.45,0,3,0.003,0.5,1,101,0.00016827506524616246,2972,3.3333333333333335,0.005048251957384874,0.016827506524616245,0.14210210353664543,82,3,-0.20512889146593105,1.4102577829318625,1.0134154313422294,5.0457940131901184e+17,2.271362575284264e+58,inf,3160842.5912420335,3160842.1820104634,1,6.4841343835331244e-06,9.169982194900513
0,minnorm,jitter,0.45,0,5,0.003,0.5,1,101,0.00016827506524616246,2972,3.3333333333333335,0.005048251957384874,0.016827506524616245,0.14210210353664543,0,5,-0.19778146491108903,1.5708278778856892,0.997875269090619,1.1877558968145785,1.5708278778856894,0.44416148578813136,0.44416148578813136,1.2981691587758992,0,6.4841343835331244e-06,0.04810070991516113
0,projgauss,jitter,0.45,0,5,0.003,0.5,1,101,0.00016827506524616246,2972,3.3333333333333335,0.005048251957384874,0.016827506524616245,0.14210210353664543,0,5,-0.16091279425514926,1.4952258111060615,0.9977236793524918,1.1363362839241926,1.4952258111060615,0.33993863555242765,0.33993863555242765,1.298169693369362,0,6.4841343835331244e-06,0.04026508331298828
0,spectral,jitter,0.45,0,5,0.003,0.5,1,101,0.00016827506524616246,2972,3.3333333333333335,0.005048251957384874,0.016827506524616245,0.14210210353664543,0,5,-0.0737540105712311,1.1787208151183162,0.9949451776197886,1.403945341110167,4.115332076783551,0.5265696102966639,0.5265696102966639,1.2982698061732045,0,6.4841343835331244e-06,0.06728386878967285
0,spectralg,jitter,0.45,0,5,0.003,0.5,1,101,0.00016827506524616246,2972,3.3333333333333335,0.005048251957384874,0.016827506524616245,0.14210210353664543,0,5,-0.0737540105712311,1.1752276612532109,0.994952322331112,1.3304667829600054,3.599200820944246,0.4417388886696979,0.4417388886696979,1.2982664795941348,0,6.4841343835331244e-06,0.0505368709564209
0,molfe,jitter,0.45,0,5,0.003,0.5,1,101,0.00016827506524616246,2972,3.3333333333333335,0.005048251957384874,0.016827506524616245,0.14210210353664543,0,5,-0.00968293045685511,1.0214656875605863,1.002105853823619,1324.7013386267706,3492578045.609516,7.248085227987053,7.248085227987053,7.421692049289652,0,6.4841343835331244e-06,0.060056209564208984
0,molrk3,jitter,0.45,0,5,0.003,0.5,1,101,0.00016827506524616246,2972,3.3333333333333335,0.005048251957384874,0.016827506524616245,0.14210210353664543,0,5,-0.009696878360418878,1.0214696064404465,1.00210807269022,1333.448198506915,3570773580.691955,7.269134834306881,7.269134834306881,7.475212264992963,0,6.4841343835331244e-06,0.0623779296875
0,maxent,jitter,0.45,0,5,0.003,0.5,1,101,0.00016827506524616246,2972,3.3333333333333335,0.005048251957384874,0.016827506524616245,0.14210210353664543,82,5,-0.19778146491108903,1.5708278778856892,0.9967330803019335,1.1464111385806566,1.5962394570831804,0.41311945367447533,0.41311945367447533,1.2981666076423568,0,6.4841343835331244e-06,2.7163429260253906
0,lp,jitter,0.45,0,5,0.003,0.5,1,101,0.00016827506524616246,2972,3.3333333333333335,0.005048251957384874,0.016827506524616245,0.14210210353664543,82,5,-0.19778146491108903,1.5708278778856892,0.9967412547444146,1.1540735835006497,1.6434271392429398,0.4068568691872857,0.4068568691872857,1.298166607653274,0,6.4841343835331244e-06,0.11912393569946289
0,lprand,jitter,0.45,0,5,0.003,0.5,1,101,0.00016827506524616246,2972,3.3333333333333335,0.005048251957384874,0.016827506524616245,0.14210210353664543,82,5,-0.19778146491108903,1.5708278778856892,0.996725795361899,1.1483035511800166,1.6565481001175086,0.4063523494191055,0.4063523494191055,1.2981666076658782,0,6.4841343835331244e-06,0.11426782608032227
0,maxentw,jitter,0.45,0,5,0.003,0.5,1,101,0.00016827506524616246,2972,3.3333333333333335,0.005048251957384874,0.016827506524616245,0.14210210353664543,82,5,-0.19778146491108903,1.5708278778856892,0.9967330803019335,1.1464111385806566,1.5962394570831804,0.41311945367447533,0.41311945367447533,1.2981666076423568,0,6.4841343835331244e-06,10.798037767410278
0,minnorm,jitter,0.45,0,7,0.003,0.5,1,101,0.00016827506524616246,2972,3.3333333333333335,0.005048251957384874,0.016827506524616245,0.14210210353664543,0,7,-0.18743199827660786,1.5240169046716856,1.0009933558725395,54.358553246822616,60060.7969024287,6.482239500662079,6.482239500662079,7.5910635551803605,0,6.4841343835331244e-06,0.02174520492553711
0,projgauss,jitter,0.45,0,7,0.003,0.5,1,101,0.00016827506524616246,2972,3.3333333333333335,0.005048251957384874,0.016827506524616245,0.14210210353664543,0,7,-0.10385730001558609,1.344012150212136,0.9997800868986546,5.865112605172017,5.865112605172017,1.8126162825612888,1.8126162825612888,2.92144033707957,0,6.4841343835331244e-06,0.051422834396362305
0,spectral,jitter,0.45,0,7,0.003,0.5,1,101,0.00016827506524616246,2972,3.3333333333333335,0.005048251957384874,0.016827506524616245,0.14210210353664543,0,7,-0.10075054530477265,1.2898751169499927,0.9969587256123069,1.5832878459159234,3.8904003513465546,0.5216145481766967,0.5216145481766967,1.2981935431020062,0,6.4841343835331244e-06,0.07250213623046875
0,spectralg,jitter,0.45,0,7,0.003,0.5,1,101,0.00016827506524616246,2972,3.3333333333333335,0.005048251957384874,0.016827506524616245,0.14210210353664543,0,7,-0.10075054530477265,1.2898751169499927,0.9970398964504599,1.5319396423909453,3.894384874753747,0.516682727413787,0.516682727413787,1.2981911975704068,0,6.4841343835331244e-06,0.06019115447998047
0,molfe,jitter,0.45,0,7,0.003,0.5,1,101,0.00016827506524616246,2972,3.3333333333333335,0.005048251957384874,0.016827506524616245,0.14210210353664543,0,7,-0.005290821290170691,1.0190253830023033,1.000594971685466,88.53252456628321,12751.447188507502,1.1053038130784945,1.1053038130784945,1.998912314309464,0,6.4841343835331244e-06,0.0723109245300293
0,molrk3,jitter,0.45,0,7,0.003,0.5,1,101,0.00016827506524616246,2972,3.3333333333333335,0.005048251957384874,0.016827506524616245,0.14210210353664543,0,7,-0.00528749596026693,1.0190082229123474,1.0005948075084399,88.56825808618056,12647.442429228322,1.1046246818571825,1.1046246818571825,1.9982331830881521,0,6.4841343835331244e-06,0.0408787727355957
0,maxent,jitter,0.45,0,7,0.003,0.5,1,101,0.00016827506524616246,2972,3.3333333333333335,0.005048251957384874,0.016827506524616245,0.14210210353664543,82,7,-0.18743199827660786,1.5240169046716856,0.999192554189738,3.679701786880802,3.679701786880802,1.2637970759893258,1.2637970759893258,2.348480809698997,0,6.4841343835331244e-06,2.618350028991699
0,lp,jitter,0.45,0,7,0.003,0.5,1,101,0.00016827506524616246,2972,3.3333333333333335,0.005048251957384874,0.016827506524616245,0.14210210353664543,82,7,-0.18743199827660786,1.5240169046716856,0.99899230826706,3.2835588197584276,3.2835588197584276,1.1174159380035422,1.1174159380035422,2.2020996717132135,0,6.4841343835331244e-06,0.0681161880493164
0,lprand,jitter,0.45,0,7,0.003,0.5,1,101,0.00016827506524616246,2972,3.3333333333333335,0.005048251957384874,0.016827506524616245,0.14210210353664543,82,7,-0.18743199827660786,1.5240169046716856,0.9992046071097539,3.639020940262467,3.639020940262467,1.2646301755605864,1.2646301755605864,2.3493139092702577,0,6.4841343835331244e-06,0.14032936096191406
0,maxentw,jitter,0.45,0,7,0.003,0.5,1,101,0.00016827506524616246,2972,3.3333333333333335,0.005048251957384874,0.016827506524616245,0.14210210353664543,82,7,-0.18743199827660786,1.5240169046716856,0.999192554189738,3.679701786880802,3.679701786880802,1.2637970759893258,1.2637970759893258,2.348480809698997,0,6.4841343835331244e-06,9.344889163970947
0,minnorm,jitter,0.45,1,3,0.003,0.5,1,101,0.00036772982732206363,1360,3.3333333333333335,0.011031894819661908,0.03677298273220636,0.21006565468597582,0,3,-0.18151039554161746,1.3630207910832355,1.000990744456519,19389.984810737027,204534392.9581002,4.1669796200114,4.1669796200114,4.1669796200113804,0,2.3407926208474095e-06,0.040409088134765625
0,projgauss,jitter,0.45,1,3,0.003,0.5,1,101,0.00036772982732206363,1360,3.3333333333333335,0.011031894819661908,0.03677298273220636,0.21006565468597582,0,3,-0.18151039554161735,1.363020791083235,1.0009907444548962,19389.984798532136,204533979.86827618,4.1669796197052955,4.1669796197052955,4.166979619705276,0,2.3407926208474095e-06,0.028570890426635742
0,spectral,jitter,0.45,1,3,0.003,0.5,1,101,0.00036772982732206363,1360,3.3333333333333335,0.011031894819661908,0.03677298273220636,0.21006565468597582,0,3,-0.18151039554161746,1.3630207910832355,1.000990744456519,19389.984810737027,204534392.9581002,4.1669796200114,4.1669796200114,4.1669796200113804,0,2.3407926208474095e-06,0.08660197257995605
0,spectralg,jitter,0.45,1,3,0.003,0.5,1,101,0.00036772982732206363,1360,3.3333333333333335,0.011031894819661908,0.03677298273220636,0.21006565468597582,0,3,-0.18151039554161746,1.3630207910832355,1.000990744456519,19389.984810737027,204534392.9581002,4.1669796200114,4.1669796200114,4.1669796200113804,0,2.3407926208474095e-06,0.025296688079833984
0,molfe,jitter,0.45,1,3,0.003,0.5,1,101,0.00036772982732206363,1360,3.3333333333333335,0.011031894819661908,0.03677298273220636,0.21006565468597582,0,3,-0.1779374550266226,1.3558749100532452,1.0006978126631978,20467.303816244428,2195728.820621485,4.163511839712344,4.163511839712344,4.163511839712324,0,2.3407926208474095e-06,0.02145099639892578
0,molrk3,jitter,0.45,1,3,0.003,0.5,1,101,0.00036772982732206363,1360,3.3333333333333335,0.011031894819661908,0.03677298273220636,0.21006565468597582,0,3,-0.18151039554161771,1.3630207910832353,1.0006975748103664,20482.44709207413,2169272.1504478604,4.165084194837391,4.165084194837391,4.165084194837371,0,2.3407926208474095e-06,0.07473611831665039
0,maxent,jitter,0.45,1,3,0.003,0.5,1,101,0.00036772982732206363,1360,3.3333333333333335,0.011031894819661908,0.03677298273220636,0.21006565468597582,78,3,-0.18151039554161746,1.3630207910832355,1.0009907444504857,19389.985042462584,204533516.88256788,4.166979620002387,4.166979620002387,4.166979620002367,0,2.3407926208474095e-06,2.925554037094116
0,lp,jitter,0.45,1,3,0.003,0.5,1,101,0.00036772982732206363,1360,3.3333333333333335,0.011031894819661908,0.03677298273220636,0.21006565468597582,78,3,-0.18151039554161746,1.3630207910832355,1.0009907444549007,19389.984798210688,204534478.02524835,4.166979620006646,4.166979620006646,4.166979620006626,0,2.3407926208474095e-06,0.08443307876586914
0,lprand,jitter,0.45,1,3,0.003,0.5,1,101,0.00036772982732206363,1360,3.3333333333333335,0.011031894819661908,0.03677298273220636,0.21006565468597582,78,3,-0.18151039554161746,1.3630207910832355,1.0009907444550414,19389.984798210688,204534478.02524835,4.166979620006646,4.166979620006646,4.166979620006626,0,2.3407926208474095e-06,0.10348701477050781
0,maxentw,jitter,0.45,1,3,0.003,0.5,1,101,0.00036772982732206363,1360,3.3333333333333335,0.011031894819661908,0.03677298273220636,0.21006565468597582,78,3,-0.18151039554161746,1.3630207910832355,1.0009907444504857,19389.985042462584,204533516.88256788,4.166979620002387,4.166979620002387,4.166979620002367,0,2.3407926208474095e-06,8.647016048431396
0,minnorm,jitter,0.45,1,5,0.003,0.5,1,101,0.00036772982732206363,1360,3.3333333333333335,0.011031894819661908,0.03677298273220636,0.21006565468597582,0,5,-0.1864539961380321,1.5231089365366444,0.9953906030372094,1.5997739984225643,1.6352302114902086,0.3513694096700426,0.3513694096700426,1.4300759289259417,0,2.3407926208474095e-06,0.014352083206176758
0,projgauss,jitter,0.45,1,5,0.003,0.5,1,101,0.00036772982732206363,1360,3.3333333333333335,0.011031894819661908,0.03677298273220636,0.21006565468597582,0,5,-0.16716095621425345,1.4604015749518602,0.9948951784083008,1.5335718949681805,1.557271613817152,0.31589230537155966,0.31589230537155966,1.3945988246274588,0,2.3407926208474095e-06,0.02779412269592285
0,spectral,jitter,0.45,1,5,0.003,0.5,1,101,0.00036772982732206363,1360,3.3333333333333335,0.011031894819661908,0.03677298273220636,0.21006565468597582,0,5,-0.13529560212393765,1.3077640061547413,0.9889466413796179,1.1746858421187656,3.2761078652622304,0.2533356623666003,0.2533356623666003,1.2982505280140837,0,2.3407926208474095e-06,0.05110907554626465
0,spectralg,jitter,0.45,1,5,0.003,0.5,1,101,0.00036772982732206363,1360,3.3333333333333335,0.011031894819661908,0.03677298273220636,0.21006565468597582,0,5,-0.13529560212393765,1.3043662867973942,0.9895711752234306,1.1078551090865127,3.200525097313884,0.24200301368935562,0.24200301368935562,1.298250556134068,0,2.3407926208474095e-06,0.05743098258972168
0,molfe,jitter,0.45,1,5,0.003,0.5,1,101,0.00036772982732206363,1360,3.3333333333333335,0.011031894819661908,0.03677298273220636,0.21006565468597582,0,5,-0.01801994399161586,1.0493013191187344,1.0033582348190242,1535.3436090371054,5825807826041127.0,4.11819036704064,4.11819036704064,5.1122564789275,0,2.3407926208474095e-06,0.03688406944274902
0,molrk3,jitter,0.45,1,5,0.003,0.5,1,101,0.00036772982732206363,1360,3.3333333333333335,0.011031894819661908,0.03677298273220636,0.21006565468597582,0,5,-0.017975261899230894,1.0490708943817744,1.003363880001792,1547.9873745868515,6161634829233923.0,4.1122717509972695,4.1122717509972695,5.106337862884129,0,2.3407926208474095e-06,0.03503608703613281
0,maxent,jitter,0.45,1,5,0.003,0.5,1,101,0.00036772982732206363,1360,3.3333333333333335,0.011031894819661908,0.03677298273220636,0.21006565468597582,78,5,-0.1864539961380321,1.5231089365366444,0.9952614543585786,1.6957743795250748,2.878679831503525,0.36256409740735274,0.36256409740735274,1.4412706166632518,0,2.3407926208474095e-06,2.2439002990722656
0,lp,jitter,0.45,1,5,0.003,0.5,1,101,0.00036772982732206363,1360,3.3333333333333335,0.011031894819661908,0.03677298273220636,0.21006565468597582,78,5,-0.1864539961380321,1.5231089365366444,0.9951958077175579,1.6739197551580396,3.009482647843023,0.363524720011164,0.363524720011164,1.442231239267063,0,2.3407926208474095e-06,0.08863496780395508
0,lprand,jitter,0.45,1,5,0.003,0.5,1,101,0.00036772982732206363,1360,3.3333333333333335,0.011031894819661908,0.03677298273220636,0.21006565468597582,78,5,-0.1864539961380321,1.5231089365366444,0.995123571506298,1.6731275611795136,2.966420683655214,0.3615761672170561,0.3615761672170561,1.4402826864729552,0,2.3407926208474095e-06,0.09303069114685059
0,maxentw,jitter,0.45,1,5,0.003,0.5,1,101,0.00036772982732206363,1360,3.3333333333333335,0.011031894819661908,0.03677298273220636,0.21006565468597582,78,5,-0.1864539961380321,1.5231089365366444,0.9952614543585786,1.6957743795250748,2.878679831503525,0.36256409740735274,0.36256409740735274,1.4412706166632518,0,2.3407926208474095e-06,7.780314207077026
0,minnorm,jitter,0.45,1,7,0.003,0.5,1,101,0.00036772982732206363,1360,3.3333333333333335,0.011031894819661908,0.03677298273220636,0.21006565468597582,0,7,-0.16340156538083392,1.520973467501934,0.9971801229072684,2.025198500515736,2.0378537768662954,0.61556188919456,0.61556188919456,1.739562726325547,0,2.3407926208474095e-06,0.03664374351501465
0,projgauss,jitter,0.45,1,7,0.003,0.5,1,101,0.00036772982732206363,1360,3.3333333333333335,0.011031894819661908,0.03677298273220636,0.21006565468597582,0,7,-0.10772822839111931,1.3392094885028414,0.9957112691475446,1.452933225878066,1.471209581951802,0.3623426071894318,0.3623426071894318,1.446162193406768,0,2.3407926208474095e-06,0.015260934829711914
0,spectral,jitter,0.45,1,7,0.003,0.5,1,101,0.00036772982732206363,1360,3.3333333333333335,0.011031894819661908,0.03677298273220636,0.21006565468597582,0,7,-0.13885422254088622,1.3538519486998806,0.9930457331947257,1.530916407997535,3.183131440414606,0.23762806949234572,0.23762806949234572,1.2982253996887687,0,2.3407926208474095e-06,0.04272890090942383
0,spectralg,jitter,0.45,1,7,0.003,0.5,1,101,0.00036772982732206363,1360,3.3333333333333335,0.011031894819661908,0.03677298273220636,0.21006565468597582,0,7,-0.13885422254088622,1.3538519486998806,0.9930500615504142,1.5631952587874987,3.1872803907034615,0.2349777182328323,0.2349777182328323,1.2982253066214173,0,2.3407926208474095e-06,0.04783177375793457
0,molfe,jitter,0.45,1,7,0.003,0.5,1,101,0.00036772982732206363,1360,3.3333333333333335,0.011031894819661908,0.03677298273220636,0.21006565468597582,0,7,-0.010471543061760067,1.0464612683165901,1.001560308219504,82.74893547588066,32527282.7917119,1.331073988173673,1.331073988173673,2.325140100060533,0,2.3407926208474095e-06,0.043089866638183594
0,molrk3,jitter,0.45,1,7,0.003,0.5,1,101,0.00036772982732206363,1360,3.3333333333333335,0.011031894819661908,0.03677298273220636,0.21006565468597582,0,7,-0.010472218781094307,1.0463996156852262,1.0015615261334827,82.82983214302729,32927494.23336467,1.3288832333842753,1.3288832333842753,2.322949345271135,0,2.3407926208474095e-06,0.025746822357177734
0,maxent,jitter,0.45,1,7,0.003,0.5,1,101,0.00036772982732206363,1360,3.3333333333333335,0.011031894819661908,0.03677298273220636,0.21006565468597582,78,7,-0.156313897231064,1.520973467501934,0.9965582705901177,1.2439268693207541,1.6271345591555555,0.48340593965479783,0.48340593965479783,1.2981283881091223,0,2.3407926208474095e-06,2.036531925201416
0,lp,jitter,0.45,1,7,0.003,0.5,1,101,0.00036772982732206363,1360,3.3333333333333335,0.011031894819661908,0.03677298273220636,0.21006565468597582,78,7,-0.156313897231064,1.520973467501934,0.9965603711858713,1.2615585550775337,1.6492759396874186,0.4843483420388134,0.4843483420388134,1.2981322454354292,0,2.3407926208474095e-06,0.09784913063049316
0,lprand,jitter,0.45,1,7,0.003,0.5,1,101,0.00036772982732206363,1360,3.3333333333333335,0.011031894819661908,0.03677298273220636,0.21006565468597582,78,7,-0.156313897231064,1.520973467501934,0.9964538049134846,1.2696324726373702,1.6764172180110992,0.4817187645148612,0.4817187645148612,1.2981472679116914,0,2.3407926208474095e-06,0.08055567741394043
0,maxentw,jitter,0.45,1,7,0.003,0.5,1,101,0.00036772982732206363,1360,3.3333333333333335,0.011031894819661908,0.03677298273220636,0.21006565468597582,78,7,-0.156313897231064,1.520973467501934,0.9965582705901177,1.2439268693207541,1.6271345591555555,0.48340593965479783,0.48340593965479783,1.2981283881091223,0,2.3407926208474095e-06,7.346034288406372
0,minnorm,jitter,0.45,2,3,0.003,0.5,1,101,0.0007774446406520936,644,3.3333333333333335,0.023323339219562807,0.07774446406520936,0.30543961249034357,0,3,-0.5416327278650336,2.083265455730066,1.0007089157558153,21628.02212420049,21140036.653869927,2.2231261653307572,2.2231261653307572,3.1057250086676156,0,1.3634967359621442e-06,0.027736902236938477
0,projgauss,jitter,0.45,2,3,0.003,0.5,1,101,0.0007774446406520936,644,3.3333333333333335,0.023323339219562807,0.07774446406520936,0.30543961249034357,0,3,-0.5416327278650348,2.0832654557300683,1.0007089157540332,21628.022088837188,21139706.59882495,2.223126167027178,2.223126167027178,3.1057250103640364,0,1.3634967359621442e-06,0.04193830490112305
0,spectral,jitter,0.45,2,3,0.003,0.5,1,101,0.0007774446406520936,644,3.3333333333333335,0.023323339219562807,0.07774446406520936,0.30543961249034357,0,3,-0.5416327278650336,2.083265455730066,1.0007089157558153,21628.02212420049,21140036.653869927,2.2231261653307572,2.2231261653307572,3.1057250086676156,0,1.3634967359621442e-06,0.054273128509521484
0,spectralg,jitter,0.45,2,3,0.003,0.5,1,101,0.0007774446406520936,644,3.3333333333333335,0.023323339219562807,0.07774446406520936,0.30543961249034357,0,3,-0.5416327278650336,2.083265455730066,1.0007089157558153,21628.02212420049,21140036.653869927,2.2231261653307572,2.2231261653307572,3.1057250086676156,0,1.3634967359621442e-06,0.014036178588867188
0,molfe,jitter,0.45,2,3,0.003,0.5,1,101,0.0007774446406520936,644,3.3333333333333335,0.023323339219562807,0.07774446406520936,0.30543961249034357,0,3,-0.5189305562176664,2.037861112435332,1.001147458155175,24148.128965544587,561910057.4903868,2.2152263356596102,2.2152263356596102,3.0978251789964686,0,1.3634967359621442e-06,0.022716283798217773
0,molrk3,jitter,0.45,2,3,0.003,0.5,1,101,0.0007774446406520936,644,3.3333333333333335,0.023323339219562807,0.07774446406520936,0.30543961249034357,0,3,-0.5416327278650327,2.0832654557300647,1.001146856093629,24186.316098366984,535223039.2003607,2.216857100131154,2.216857100131154,3.0994559434680125,0,1.3634967359621442e-06,0.011366844177246094
0,maxent,jitter,0.45,2,3,0.003,0.5,1,101,0.0007774446406520936,644,3.3333333333333335,0.023323339219562807,0.07774446406520936,0.30543961249034357,81,3,-0.5416327278650336,2.083265455730066,1.0007089157564912,21628.022162780497,21145914.94264852,2.223126173587987,2.223126173587987,3.105725016924845,0,1.3634967359621442e-06,1.8356568813323975
0,lp,jitter,0.45,2,3,0.003,0.5,1,101,0.0007774446406520936,644,3.3333333333333335,0.023323339219562807,0.07774446406520936,0.30543961249034357,81,3,-0.5416327278650336,2.083265455730066,1.0007089157553133,21628.022109025973,21146663.60083698,2.2231261657584844,2.2231261657584844,3.1057250090953428,0,1.3634967359621442e-06,0.07316708564758301
0,lprand,jitter,0.45,2,3,0.003,0.5,1,101,0.0007774446406520936,644,3.3333333333333335,0.023323339219562807,0.07774446406520936,0.30543961249034357,81,3,-0.5416327278650336,2.083265455730066,1.0007089157557139,21628.022109025973,21146663.60083698,2.2231261657584844,2.2231261657584844,3.1057250090953428,0,1.3634967359621442e-06,0.07625603675842285
0,maxentw,jitter,0.45,2,3,0.003,0.5,1,101,0.0007774446406520936,644,3.3333333333333335,0.023323339219562807,0.07774446406520936,0.30543961249034357,81,3,-0.5416327278650336,2.083265455730066,1.0007089157564912,21628.022162780497,21145914.94264852,2.223126173587987,2.223126173587987,3.105725016924845,0,1.3634967359621442e-06,7.508130073547363
0,minnorm,jitter,0.45,2,5,0.003,0.5,1,101,0.0007774446406520936,644,3.3333333333333335,0.023323339219562807,0.07774446406520936,0.30543961249034357,0,5,-0.18531532602103415,1.5410520023488363,0.9863949343930102,1.1591267544143216,1.5410520023488363,0.22353175815155313,0.22353175815155313,1.298315746938435,0,1.3634967359621442e-06,0.01697707176208496
0,projgauss,jitter,0.45,2,5,0.003,0.5,1,101,0.0007774446406520936,644,3.3333333333333335,0.023323339219562807,0.07774446406520936,0.30543961249034357,0,5,-0.16025759467469353,1.4864800371976141,0.9847051204801965,1.160850568559804,1.4864800371976141,0.1862834724266471,0.1862834724266471,1.298312737595639,0,1.3634967359621442e-06,0.01333308219909668
0,spectral,jitter,0.45,2,5,0.003,0.5,1,101,0.0007774446406520936,644,3.3333333333333335,0.023323339219562807,0.07774446406520936,0.30543961249034357,0,5,-0.24838762027143357,1.567725922353095,0.976424664100428,1.1631007019582411,3.3715263037729946,0.14980912957908998,0.14980912957908998,1.2983327763387114,0,1.3634967359621442e-06,0.03510093688964844
0,spectralg,jitter,0.45,2,5,0.003,0.5,1,101,0.0007774446406520936,644,3.3333333333333335,0.023323339219562807,0.07774446406520936,0.30543961249034357,0,5,-0.22795395097641383,1.5025425831971349,0.9759635043261001,1.1570480032407586,2.771191325838768,0.14962914347528633,0.14962914347528633,1.2983325833704125,0,1.3634967359621442e-06,0.04841423034667969
0,molfe,jitter,0.45,2,5,0.003,0.5,1,101,0.0007774446406520936,644,3.3333333333333335,0.023323339219562807,0.07774446406520936,0.30543961249034357,0,5,-0.05134120811298873,1.1236068993738275,1.0069681899350287,2856.7690719339566,5.424648260947767e+30,3.2927715821723105,3.2927715821723105,3.7248706050789924,0,1.3634967359621442e-06,0.022404193878173828
0,molrk3,jitter,0.45,2,5,0.003,0.5,1,101,0.0007774446406520936,644,3.3333333333333335,0.023323339219562807,0.07774446406520936,0.30543961249034357,0,5,-0.050532789609779,1.1224917659098015,1.006896868810844,2900.295633151194,1.8284146518227964e+30,3.2917620943193002,3.2917620943193002,3.719462717444251,0,1.3634967359621442e-06,0.016277074813842773
0,maxent,jitter,0.45,2,5,0.003,0.5,1,101,0.0007774446406520936,644,3.3333333333333335,0.023323339219562807,0.07774446406520936,0.30543961249034357,81,5,-0.18531532602103415,1.5410520023488363,0.9845133783704492,1.11524012927021,1.5410520023488363,0.223098328950889,0.223098328950889,1.298315892568458,0,1.3634967359621442e-06,1.9516901969909668
0,lp,jitter,0.45,2,5,0.003,0.5,1,101,0.0007774446406520936,644,3.3333333333333335,0.023323339219562807,0.07774446406520936,0.30543961249034357,81,5,-0.18531532602103415,1.5410520023488363,0.9845135739931927,1.1148939205824906,1.5410520023488363,0.22279189905736463,0.22279189905736463,1.2983158959197494,0,1.3634967359621442e-06,0.07129192352294922
0,lprand,jitter,0.45,2,5,0.003,0.5,1,101,0.0007774446406520936,644,3.3333333333333335,0.023323339219562807,0.07774446406520936,0.30543961249034357,81,5,-0.18531532602103415,1.5410520023488363,0.9845059630731798,1.1298490648008648,1.5410520023488363,0.20440562774055637,0.20440562774055637,1.2983158921396458,0,1.3634967359621442e-06,0.11480879783630371
0,maxentw,jitter,0.45,2,5,0.003,0.5,1,101,0.0007774446406520936,644,3.3333333333333335,0.023323339219562807,0.07774446406520936,0.30543961249034357,81,5,-0.18531532602103415,1.5410520023488363,0.9845133783704492,1.11524012927021,1.5410520023488363,0.223098328950889,0.223098328950889,1.298315892568458,0,1.3634967359621442e-06,7.388164758682251
0,minnorm,jitter,0.45,2,7,0.003,0.5,1,101,0.0007774446406520936,644,3.3333333333333335,0.023323339219562807,0.07774446406520936,0.30543961249034357,0,7,-0.1704179455980138,1.4970151930120619,0.9925175145527295,1.423872851640161,1.4970151930120619,0.36590111273790005,0.36590111273790005,1.3029264745033995,0,1.3634967359621442e-06,0.018201112747192383
0,projgauss,jitter,0.45,2,7,0.003,0.5,1,101,0.0007774446406520936,644,3.3333333333333335,0.023323339219562807,0.07774446406520936,0.30543961249034357,0,7,-0.11504373131138879,1.3294382356818426,0.9890979127625629,1.320619962998744,1.3294382356818426,0.2566702156591312,0.2566702156591312,1.31584422522083,0,1.3634967359621442e-06,0.016527652740478516
0,spectral,jitter,0.45,2,7,0.003,0.5,1,101,0.0007774446406520936,644,3.3333333333333335,0.023323339219562807,0.07774446406520936,0.30543961249034357,0,7,-0.27684528790037544,1.6947073107542838,0.9821803696702203,1.3909402053680395,3.6158061340535745,0.2199281673200575,0.2199281673200575,1.2982996838205243,0,1.3634967359621442e-06,0.03352093696594238
0,spectralg,jitter,0.45,2,7,0.003,0.5,1,101,0.0007774446406520936,644,3.3333333333333335,0.023323339219562807,0.07774446406520936,0.30543961249034357,0,7,-0.2410555838955296,1.6034580011473605,0.9827446329924864,1.3836729470705345,3.3106411811644407,0.21959749350094437,0.21959749350094437,1.2983002414038116,0,1.3634967359621442e-06,0.07781791687011719
0,molfe,jitter,0.45,2,7,0.003,0.5,1,101,0.0007774446406520936,644,3.3333333333333335,0.023323339219562807,0.07774446406520936,0.30543961249034357,0,7,-0.021756820873718354,1.101664365201237,1.002655362746245,81.57094589998839,56286935772213.82,1.7835646601938824,1.7835646601938824,2.7970954286048846,0,1.3634967359621442e-06,0.012489080429077148
0,molrk3,jitter,0.45,2,7,0.003,0.5,1,101,0.0007774446406520936,644,3.3333333333333335,0.023323339219562807,0.07774446406520936,0.30543961249034357,0,7,-0.021782595752756283,1.101647264443475,1.0026546951216662,82.16320121382707,56482859492036.79,1.7803777967542893,1.7803777967542893,2.7939085651652915,0,1.3634967359621442e-06,0.0223391056060791
0,maxent,jitter,0.45,2,7,0.003,0.5,1,101,0.0007774446406520936,644,3.3333333333333335,0.023323339219562807,0.07774446406520936,0.30543961249034357,81,7,-0.1704179455980138,1.4970151930120619,0.9906727950459859,1.7843128363686012,1.7843128363686012,0.4165038578054743,0.4165038578054743,1.5158411141098138,0,1.3634967359621442e-06,1.83709716796875
0,lp,jitter,0.45,2,7,0.003,0.5,1,101,0.0007774446406520936,644,3.3333333333333335,0.023323339219562807,0.07774446406520936,0.30543961249034357,81,7,-0.1704179455980138,1.4970151930120619,0.9899292608807784,1.7926683748335326,1.7926683748335326,0.445035721765523,0.445035721765523,1.5443729780698625,0,1.3634967359621442e-06,0.11067581176757812
0,lprand,jitter,0.45,2,7,0.003,0.5,1,101,0.0007774446406520936,644,3.3333333333333335,0.023323339219562807,0.07774446406520936,0.30543961249034357,81,7,-0.1704179455980138,1.4970151930120619,0.9889062994402931,1.7702880682758186,1.7702880682758186,0.46255219981982854,0.46255219981982854,1.561889456124168,0,1.3634967359621442e-06,0.08713698387145996
0,maxentw,jitter,0.45,2,7,0.003,0.5,1,101,0.0007774446406520936,644,3.3333333333333335,0.023323339219562807,0.07774446406520936,0.30543961249034357,81,7,-0.1704179455980138,1.4970151930120619,0.9906727950459859,1.7843128363686012,1.7843128363686012,0.4165038578054743,0.4165038578054743,1.5158411141098138,0,1.3634967359621442e-06,7.317219018936157
0,minnorm,random,0.0,0,3,0.003,0.5,1,101,0.0005946257319767531,841,3.3333333333333335,0.017838771959302592,0.059462573197675304,0.267123731325411,0,3,-0.9611593311473039,2.922318662294608,1.0554378121796475,6.181406621659435e+21,2.574667537255304e+236,inf,2182511.6043951176,2182511.6044256557,1,7.227518372343589e-06,0.010900259017944336
0,projgauss,random,0.0,0,3,0.003,0.5,1,101,0.0005946257319767531,841,3.3333333333333335,0.017838771959302592,0.059462573197675304,0.267123731325411,0,3,-0.9611593311473036,2.9223186622946073,1.0554378121796475,6.181406621658833e+21,2.574667537255053e+236,inf,2182511.605204147,2182511.605234685,1,7.227518372343589e-06,0.013384819030761719
0,spectral,random,0.0,0,3,0.003,0.5,1,101,0.0005946257319767531,841,3.3333333333333335,0.017838771959302592,0.059462573197675304,0.267123731325411,0,3,-0.9611593311473039,2.922318662294608,1.0554378121796475,6.181406621659435e+21,2.574667537255304e+236,inf,2182511.6043951176,2182511.6044256557,1,7.227518372343589e-06,0.0092010498046875
0,spectralg,random,0.0,0,3,0.003,0.5,1,101,0.0005946257319767531,841,3.3333333333333335,0.017838771959302592,0.059462573197675304,0.267123731325411,0,3,-0.9611593311473039,2.922318662294608,1.0554378121796475,6.181406621659435e+21,2.574667537255304e+236,inf,2182511.6043951176,2182511.6044256557,1,7.227518372343589e-06,0.009150028228759766
0,molfe,random,0.0,0,3,0.003,0.5,1,101,0.0005946257319767531,841,3.3333333333333335,0.017838771959302592,0.059462573197675304,0.267123731325411,0,3,-0.9137620204951636,2.8275240409903275,1.0548431828400135,4.0187790804555457e+21,9.59565850265939e+233,inf,1735203.7945793958,1735203.7946099336,1,7.227518372343589e-06,0.016370058059692383
0,molrk3,random,0.0,0,3,0.003,0.5,1,101,0.0005946257319767531,841,3.3333333333333335,0.017838771959302592,0.059462573197675304,0.267123731325411,0,3,-0.9611593311473046,2.9223186622946096,1.0563745628483643,1.3612978033398217e+22,1.916106929878326e+240,inf,1289082.8068875931,1289082.8069485389,1,7.227518372343589e-06,0.009939908981323242
0,maxent,random,0.0,0,3,0.003,0.5,1,101,0.0005946257319767531,841,3.3333333333333335,0.017838771959302592,0.059462573197675304,0.267123731325411,60,3,-0.9611593311473039,2.922318662294608,1.0554378121796475,6.181406621659742e+21,2.5746675372554316e+236,inf,2182511.6039812136,2182511.6040117517,1,7.227518372343589e-06,1.6703400611877441
0,lp,random,0.0,0,3,0.003,0.5,1,101,0.0005946257319767531,841,3.3333333333333335,0.017838771959302592,0.059462573197675304,0.267123731325411,60,3,-0.9611593311473039,2.922318662294608,1.0554378121796475,6.181406621659877e+21,2.574667537255487e+236,inf,2182511.6038559494,2182511.6038864874,1,7.227518372343589e-06,0.07366609573364258
0,lprand,random,0.0,0,3,0.003,0.5,1,101,0.0005946257319767531,841,3.3333333333333335,0.017838771959302592,0.059462573197675304,0.267123731325411,60,3,-0.9611593311473039,2.922318662294608,1.0554378121796475,6.181406621659877e+21,2.574667537255487e+236,inf,2182511.6038559494,2182511.6038864874,1,7.227518372343589e-06,0.04640316963195801
0,maxentw,random,0.0,0,3,0.003,0.5,1,101,0.0005946257319767531,841,3.3333333333333335,0.017838771959302592,0.059462573197675304,0.267123731325411,58,5,-0.9611593311473039,2.922318662294608,1.0554378121796475,6.181406621659742e+21,2.5746675372554316e+236,inf,2182511.6039812136,2182511.6040117517,1,7.227518372343589e-06,5.54236912727356
0,minnorm,random,0.0,0,5,0.003,0.5,1,101,0.0005946257319767531,841,3.3333333333333335,0.017838771959302592,0.059462573197675304,0.267123731325411,0,5,-0.2758121572024443,1.7673873103895577,1.0144423212020421,249022.16675985436,2.708687431911203e+62,1870.2146136797262,1870.2146136797262,1871.3197393125372,1,7.227518372343589e-06,0.011889934539794922
0,projgauss,random,0.0,0,5,0.003,0.5,1,101,0.0005946257319767531,841,3.3333333333333335,0.017838771959302592,0.059462573197675304,0.267123731325411,0,5,-0.2889144629917467,1.7828704200508854,1.0063387300976065,5706.667040780997,2.3660464523376713e+28,23.52027841840688,23.52027841840688,24.584119964706282,1,7.227518372343589e-06,0.029333829879760742
0,spectral,random,0.0,0,5,0.003,0.5,1,101,0.0005946257319767531,841,3.3333333333333335,0.017838771959302592,0.059462573197675304,0.267123731325411,0,5,-1.033737429717459,3.692043606719418,1.0304090006877085,130289887280.1729,1.86310205179372e+130,inf,1297072.0987826856,1297072.7144577422,1,7.227518372343589e-06,0.028397083282470703
0,spectralg,random,0.0,0,5,0.003,0.5,1,101,0.0005946257319767531,841,3.3333333333333335,0.017838771959302592,0.059462573197675304,0.267123731325411,0,5,-1.033737429717459,3.692043606719418,1.0183783312645196,10935018.50472061,3.011528085912947e+79,39124.879875587845,39124.879875587845,39125.74591728099,1,7.227518372343589e-06,0.03912782669067383
0,molfe,random,0.0,0,5,0.003,0.5,1,101,0.0005946257319767531,841,3.3333333333333335,0.017838771959302592,0.059462573197675304,0.267123731325411,0,5,-0.08890173787140758,1.3360426723962961,1.0149629517761725,54490049.256236374,6.524230022773843e+66,120.10264731373842,120.10264731373842,120.10264731373842,1,7.227518372343589e-06,0.023856163024902344
0,molrk3,random,0.0,0,5,0.003,0.5,1,101,0.0005946257319767531,841,3.3333333333333335,0.017838771959302592,0.059462573197675304,0.267123731325411,0,5,-0.09151066643913268,1.3467819751088352,1.0150754550814114,59826034.40181578,1.9764925387266003e+67,131.15430868720915,131.15430868720915,131.15430868720915,1,7.227518372343589e-06,0.02496790885925293
0,maxent,random,0.0,0,5,0.003,0.5,1,101,0.0005946257319767531,841,3.3333333333333335,0.017838771959302592,0.059462573197675304,0.267123731325411,58,5,-0.2758121572024443,1.7673873103895577,1.0121116155913668,36134.22407335556,2.7972478608949263e+52,417.87690661482515,417.87690661482515,418.9820322476362,1,7.227518372343589e-06,1.552537202835083
0,lp,random,0.0,0,5,0.003,0.5,1,101,0.0005946257319767531,841,3.3333333333333335,0.017838771959302592,0.059462573197675304,0.267123731325411,58,5,-0.2758121572024443,1.7673873103895577,1.012111223220602,36127.45581313794,2.786904450242805e+52,417.8087904972696,417.8087904972696,418.9139161300807,1,7.227518372343589e-06,0.08619117736816406
0,lprand,random,0.0,0,5,0.003,0.5,1,101,0.0005946257319767531,841,3.3333333333333335,0.017838771959302592,0.059462573197675304,0.267123731325411,58,5,-0.2758121572024443,1.7673873103895577,1.012111824966326,36138.18110012327,2.8029389476950646e+52,417.9297388174912,417.9297388174912,419.0348644503023,1,7.227518372343589e-06,0.09568524360656738
0,maxentw,random,0.0,0,5,0.003,0.5,1,101,0.0005946257319767531,841,3.3333333333333335,0.017838771959302592,0.059462573197675304,0.267123731325411,58,5,-0.2758121572024443,1.7673873103895577,1.0121116155913668,36134.22407335556,2.7972478608949263e+52,417.87690661482515,417.87690661482515,418.9820322476362,1,7.227518372343589e-06,5.793946027755737
0,minnorm,random,0.0,0,7,0.003,0.5,1,101,0.0005946257319767531,841,3.3333333333333335,0.017838771959302592,0.059462573197675304,0.267123731325411,0,7,-0.2077319454648472,1.6262684690751508,1.0005546450112086,7.225728799749214,1654.3954557908066,1.8621405156172088,1.8621405156172088,3.017660875005899,0,7.227518372343589e-06,0.011709928512573242
0,projgauss,random,0.0,0,7,0.003,0.5,1,101,0.0005946257319767531,841,3.3333333333333335,0.017838771959302592,0.059462573197675304,0.267123731325411,0,7,-0.1461135850522755,1.456048372565831,0.9940838631188004,2.535585682280114,2.535585682280114,0.9726648678928891,0.9726648678928891,2.0777905007039346,0,7.227518372343589e-06,0.011837244033813477
0,spectral,random,0.0,0,7,0.003,0.5,1,101,0.0005946257319767531,841,3.3333333333333335,0.017838771959302592,0.059462573197675304,0.267123731325411,0,7,-0.978881360838296,3.632263499904499,1.0332392826671999,1309905520567.556,1.5253434384721115e+142,inf,1581396.5076871398,1581397.0402300726,1,7.227518372343589e-06,0.03815197944641113
0,spectralg,random,0.0,0,7,0.003,0.5,1,101,0.0005946257319767531,841,3.3333333333333335,0.017838771959302592,0.059462573197675304,0.267123731325411,0,7,-0.978881360838296,3.632263499904499,1.0189945067988193,15401215.408502234,1.0800987725416009e+82,53290.02391249129,53290.02391249129,53290.88995418444,1,7.227518372343589e-06,0.09674406051635742
0,molfe,random,0.0,0,7,0.003,0.5,1,101,0.0005946257319767531,841,3.3333333333333335,0.017838771959302592,0.059462573197675304,0.267123731325411,0,7,-0.027126034201870586,1.117101782649658,1.010124451324764,24350.600760643047,2.9839333438113955e+44,1.2451559138150783,1.2451559138150783,2.1111976069570373,0,7.227518372343589e-06,0.014947175979614258
0,molrk3,random,0.0,0,7,0.003,0.5,1,101,0.0005946257319767531,841,3.3333333333333335,0.017838771959302592,0.059462573197675304,0.267123731325411,0,7,-0.026818136457085494,1.1158727045819148,1.0101758765490731,25452.21962470643,4.964565907212918e+44,1.241823002922544,1.241823002922544,2.107864696064503,0,7.227518372343589e-06,0.01872730255126953
0,maxent,random,0.0,0,7,0.003,0.5,1,101,0.0005946257319767531,841,3.3333333333333335,0.017838771959302592,0.059462573197675304,0.267123731325411,58,7,-0.2077319454648472,1.6262684690751508,1.0035963798629854,52.66682708687875,1.0305950257255768e+16,6.237096294088792,6.237096294088792,7.342221926899837,0,7.227518372343589e-06,1.6664037704467773
0,lp,random,0.0,0,7,0.003,0.5,1,101,0.0005946257319767531,841,3.3333333333333335,0.017838771959302592,0.059462573197675304,0.267123731325411,58,7,-0.2077319454648472,1.6262684690751508,1.0040059366273593,69.95194084745776,5.692433733088048e+17,7.28995200339692,7.28995200339692,8.395077636207965,0,7.227518372343589e-06,0.0881807804107666
0,lprand,random,0.0,0,7,0.003,0.5,1,101,0.0005946257319767531,841,3.3333333333333335,0.017838771959302592,0.059462573197675304,0.267123731325411,58,7,-0.2077319454648472,1.6262684690751508,1.0036020233916136,52.80220747796829,1.0876477105223042e+16,6.243297526845289,6.243297526845289,7.348423159656335,0,7.227518372343589e-06,0.08373093605041504
0,maxentw,random,0.0,0,7,0.003,0.5,1,101,0.0005946257319767531,841,3.3333333333333335,0.017838771959302592,0.059462573197675304,0.267123731325411,58,7,-0.2077319454648472,1.6262684690751508,1.0035963798629854,52.66682708687875,1.0305950257255768e+16,6.237096294088792,6.237096294088792,7.342221926899837,0,7.227518372343589e-06,5.867623805999756
0,minnorm,random,0.0,1,3,0.003,0.5,1,101,0.0007354748983201516,680,3.3333333333333335,0.02206424694960455,0.07354748983201516,0.29708077655482557,0,3,-0.794313095209499,2.588626190418999,1.2091293106153318,1.8543811410886337e+57,4.565398627767542e+83,inf,1447651.5394484252,1447650.609919905,1,9.219559631179486e-06,0.0076100826263427734
0,projgauss,random,0.0,1,3,0.003,0.5,1,101,0.0007354748983201516,680,3.3333333333333335,0.02206424694960455,0.07354748983201516,0.29708077655482557,0,3,-0.7943130952094986,2.5886261904189984,1.209129310615332,1.854381141088925e+57,4.5653986277685885e+83,inf,1447651.5396184106,1447650.6100898904,1,9.219559631179486e-06,0.008289098739624023
0,spectral,random,0.0,1,3,0.003,0.5,1,101,0.0007354748983201516,680,3.3333333333333335,0.02206424694960455,0.07354748983201516,0.29708077655482557,0,3,-0.794313095209499,2.588626190418999,1.2091293106153318,1.8543811410886337e+57,4.565398627767542e+83,inf,1447651.5394484252,1447650.609919905,1,9.219559631179486e-06,0.008070945739746094
0,spectralg,random,0.0,1,3,0.003,0.5,1,101,0.0007354748983201516,680,3.3333333333333335,0.02206424694960455,0.07354748983201516,0.29708077655482557,0,3,-0.794313095209499,2.588626190418999,1.2091293106153318,1.8543811410886337e+57,4.565398627767542e+83,inf,1447651.5394484252,1447650.609919905,1,9.219559631179486e-06,0.008350849151611328
0,molfe,random,0.0,1,3,0.003,0.5,1,101,0.0007354748983201516,680,3.3333333333333335,0.02206424694960455,0.07354748983201516,0.29708077655482557,0,3,-0.7528844853165292,2.5057689706330586,1.2033377310429239,7.339927358180092e+55,3.887789625418719e+81,inf,8389511.119184988,8389510.158821942,1,9.219559631179486e-06,0.007601261138916016
0,molrk3,random,0.0,1,3,0.003,0.5,1,101,0.0007354748983201516,680,3.3333333333333335,0.02206424694960455,0.07354748983201516,0.29708077655482557,0,3,-0.781542824218548,2.563085648437096,1.2254120556721129,1.7140736025547703e+61,3.0501207187025223e+89,inf,8035234.634103387,8035233.704574866,1,9.219559631179486e-06,0.006963253021240234
0,maxent,random,0.0,1,3,0.003,0.5,1,101,0.0007354748983201516,680,3.3333333333333335,0.02206424694960455,0.07354748983201516,0.29708077655482557,58,3,-0.794313095209499,2.588626190418999,1.2091293106153318,1.854381141088631e+57,4.5653986277675355e+83,inf,1447651.5387597776,1447650.6092312573,1,9.219559631179486e-06,1.6949958801269531
0,lp,random,0.0,1,3,0.003,0.5,1,101,0.0007354748983201516,680,3.3333333333333335,0.02206424694960455,0.07354748983201516,0.29708077655482557,58,3,-0.794313095209499,2.588626190418999,1.2091293106153318,1.854381141088621e+57,4.565398627767512e+83,inf,1447651.5387297412,1447650.609201221,1,9.219559631179486e-06,0.09403800964355469
0,lprand,random,0.0,1,3,0.003,0.5,1,101,0.0007354748983201516,680,3.3333333333333335,0.02206424694960455,0.07354748983201516,0.29708077655482557,58,3,-0.794313095209499,2.588626190418999,1.2091293106153318,1.854381141088621e+57,4.565398627767512e+83,inf,1447651.5387297412,1447650.609201221,1,9.219559631179486e-06,0.04528093338012695
0,maxentw,random,0.0,1,3,0.003,0.5,1,101,0.0007354748983201516,680,3.3333333333333335,0.02206424694960455,0.07354748983201516,0.29708077655482557,58,3,-0.794313095209499,2.588626190418999,1.2091293106153318,1.854381141088631e+57,4.5653986277675355e+83,inf,1447651.5387597776,1447650.6092312573,1,9.219559631179486e-06,5.893776893615723
0,minnorm,random,0.0,1,5,0.003,0.5,1,101,0.0007354748983201516,680,3.3333333333333335,0.02206424694960455,0.07354748983201516,0.29708077655482557,0,5,-0.2983182770722701,1.9489485257154862,1.002694066894882,4104.269808568378,720263138905747.1,4.16970577058372,4.16970577058372,4.16970577058372,0,9.219559631179486e-06,0.016659975051879883
0,projgauss,random,0.0,1,5,0.003,0.5,1,101,0.0007354748983201516,680,3.3333333333333335,0.02206424694960455,0.07354748983201516,0.29708077655482557,0,5,-0.31141797963621987,1.9703690149285005,1.0019167100141848,4108.9332789830205,526506398142.533,4.1729373918295085,4.1729373918295085,4.1729373918295085,0,9.219559631179486e-06,0.011214971542358398
0,spectral,random,0.0,1,5,0.003,0.5,1,101,0.0007354748983201516,680,3.3333333333333335,0.02206424694960455,0.07354748983201516,0.29708077655482557,0,5,-1.1900838661145812,5.609001642680398,1.0000122193270498,44119.703017265616,9244391.757462356,4.084033661732004,4.084033661732004,4.084033661732004,0,9.219559631179486e-06,0.014960765838623047
0,spectralg,random,0.0,1,5,0.003,0.5,1,101,0.0007354748983201516,680,3.3333333333333335,0.02206424694960455,0.07354748983201516,0.29708077655482557,0,5,-1.1900838661145812,5.609001642680398,1.000009218145624,44119.70314501415,8988234.730113445,4.0886454067552815,4.0886454067552815,4.0886454067552815,0,9.219559631179486e-06,0.09903311729431152
0,molfe,random,0.0,1,5,0.003,0.5,1,101,0.0007354748983201516,680,3.3333333333333335,0.02206424694960455,0.07354748983201516,0.29708077655482557,0,5,-0.16329104603171243,1.5940928062817319,1.0260467738781731,1945279702.5076933,1.860421085766988e+112,7145.3212363681805,7145.3212363681805,7144.903300900172,1,9.219559631179486e-06,0.01460123062133789
0,molrk3,random,0.0,1,5,0.003,0.5,1,101,0.0007354748983201516,680,3.3333333333333335,0.02206424694960455,0.07354748983201516,0.29708077655482557,0,5,-0.1713655873234925,1.626963660421589,1.0263889362642589,2372048999.1244783,5.219627997314525e+113,8736.587372338501,8736.587372338501,8736.169436870492,1,9.219559631179486e-06,0.018276214599609375
0,maxent,random,0.0,1,5,0.003,0.5,1,101,0.0007354748983201516,680,3.3333333333333335,0.02206424694960455,0.07354748983201516,0.29708077655482557,58,5,-0.2983182770722701,1.9489485257154862,1.000229715784859,6021.136980058218,1243081.554331672,4.148691450921193,4.148691450921193,4.148691450921193,0,9.219559631179486e-06,1.6648967266082764
0,lp,random,0.0,1,5,0.003,0.5,1,101,0.0007354748983201516,680,3.3333333333333335,0.02206424694960455,0.07354748983201516,0.29708077655482557,58,5,-0.2983182770722701,1.9489485257154862,1.0002608351894502,6739.761052266192,1400309.0497189108,4.145130402274729,4.145130402274729,4.145130402274729,0,9.219559631179486e-06,0.12401914596557617
0,lprand,random,0.0,1,5,0.003,0.5,1,101,0.0007354748983201516,680,3.3333333333333335,0.02206424694960455,0.07354748983201516,0.29708077655482557,58,5,-0.2983182770722701,1.9489485257154862,1.0001991257285812,8959.812234740422,1858031.8668007804,4.147248551253191,4.147248551253191,4.147248551253191,0,9.219559631179486e-06,0.0783390998840332
0,maxentw,random,0.0,1,5,0.003,0.5,1,101,0.0007354748983201516,680,3.3333333333333335,0.02206424694960455,0.07354748983201516,0.29708077655482557,58,5,-0.2983182770722701,1.9489485257154862,1.000229715784859,6021.136980058218,1243081.554331672,4.148691450921193,4.148691450921193,4.148691450921193,0,9.219559631179486e-06,5.86379599571228
0,minnorm,random,0.0,1,7,0.003,0.5,1,101,0.0007354748983201516,680,3.3333333333333335,0.02206424694960455,0.07354748983201516,0.29708077655482557,0,7,-0.21549792075693694,1.585977178464729,0.9939116576101488,1.7659914932302063,1.935240929892601,0.5427241927588835,0.5427241927588835,1.2964361084902758,0,9.219559631179486e-06,0.01261591911315918
0,projgauss,random,0.0,1,7,0.003,0.5,1,101,0.0007354748983201516,680,3.3333333333333335,0.02206424694960455,0.07354748983201516,0.29708077655482557,0,7,-0.1683235042419869,1.462519040145045,0.9919710274306637,1.6319150048189255,1.9020739621398643,0.497198028409504,0.497198028409504,1.2975447979399939,0,9.219559631179486e-06,0.03766489028930664
0,spectral,random,0.0,1,7,0.003,0.5,1,101,0.0007354748983201516,680,3.3333333333333335,0.02206424694960455,0.07354748983201516,0.29708077655482557,0,7,-1.4687799374118076,6.381475627084492,0.9914733535663421,5.359626389584077,44.02547912300391,0.6409649014443775,0.6409649014443775,1.2976116520638976,0,9.219559631179486e-06,0.026972293853759766
0,spectralg,random,0.0,1,7,0.003,0.5,1,101,0.0007354748983201516,680,3.3333333333333335,0.02206424694960455,0.07354748983201516,0.29708077655482557,0,7,-1.4687799374118076,6.381475627084492,0.9914563588432466,5.3926470508246105,44.03645077570663,0.6280398899339656,0.6280398899339656,1.2976030133342205,0,9.219559631179486e-06,0.06418728828430176
0,molfe,random,0.0,1,7,0.003,0.5,1,101,0.0007354748983201516,680,3.3333333333333335,0.02206424694960455,0.07354748983201516,0.29708077655482557,0,7,-0.041014803598852054,1.1624154110275415,1.0094587793517975,8905.181372630477,1.569374829290216e+42,2.1878715080639792,2.1878715080639792,3.2352058673730575,0,9.219559631179486e-06,0.012083292007446289
0,molrk3,random,0.0,1,7,0.003,0.5,1,101,0.0007354748983201516,680,3.3333333333333335,0.02206424694960455,0.07354748983201516,0.29708077655482557,0,7,-0.04054055940801519,1.16184709154823,1.0095036546490275,9224.020087828245,2.447866006119695e+42,2.3311498684309457,2.3311498684309457,3.310959802320072,0,9.219559631179486e-06,0.010533809661865234
0,maxent,random,0.0,1,7,0.003,0.5,1,101,0.0007354748983201516,680,3.3333333333333335,0.02206424694960455,0.07354748983201516,0.29708077655482557,58,7,-0.21549792075693694,1.585977178464729,0.9927127894889992,2.033213264738439,2.3995067364206712,0.5118798921969717,0.5118798921969717,1.296981222417556,0,9.219559631179486e-06,1.476850986480713
0,lp,random,0.0,1,7,0.003,0.5,1,101,0.0007354748983201516,680,3.3333333333333335,0.02206424694960455,0.07354748983201516,0.29708077655482557,58,7,-0.21549792075693694,1.585977178464729,0.9926673111710455,2.08662513796023,2.491991776475898,0.5115066258446825,0.5115066258446825,1.2969836362203493,0,9.219559631179486e-06,0.08152604103088379
0,lprand,random,0.0,1,7,0.003,0.5,1,101,0.0007354748983201516,680,3.3333333333333335,0.02206424694960455,0.07354748983201516,0.29708077655482557,58,7,-0.21549792075693694,1.585977178464729,0.9925124858975407,2.1037685783134403,2.5260313410252726,0.5118897299504767,0.5118897299504767,1.2970124628707536,0,9.219559631179486e-06,0.08882498741149902
0,maxentw,random,0.0,1,7,0.003,0.5,1,101,0.0007354748983201516,680,3.3333333333333335,0.02206424694960455,0.07354748983201516,0.29708077655482557,58,7,-0.21549792075693694,1.585977178464729,0.9927127894889992,2.033213264738439,2.3995067364206712,0.5118798921969717,0.5118798921969717,1.296981222417556,0,9.219559631179486e-06,5.504897832870483
0,minnorm,random,0.0,2,3,0.003,0.5,1,101,0.0008552222657238959,585,3.3333333333333335,0.025656667971716875,0.08552222657238959,0.3203539790401666,0,3,-0.8300293803409646,2.660058760681929,1.1452709641667997,5.9675667588652806e+35,1.6700179919301322e+60,inf,1421835.2421185097,1421834.2890570322,1,3.6673592385128018e-06,0.019171953201293945
0,projgauss,random,0.0,2,3,0.003,0.5,1,101,0.0008552222657238959,585,3.3333333333333335,0.025656667971716875,0.08552222657238959,0.3203539790401666,0,3,-0.8300293803409635,2.6600587606819266,1.1452709641667997,5.967566758865295e+35,1.6700179919301365e+60,inf,1421835.2424458822,1421834.2893844047,1,3.6673592385128018e-06,0.010572195053100586
0,spectral,random,0.0,2,3,0.003,0.5,1,101,0.0008552222657238959,585,3.3333333333333335,0.025656667971716875,0.08552222657238959,0.3203539790401666,0,3,-0.8300293803409646,2.660058760681929,1.1452709641667997,5.9675667588652806e+35,1.6700179919301322e+60,inf,1421835.2421185097,1421834.2890570322,1,3.6673592385128018e-06,0.0163571834564209
0,spectralg,random,0.0,2,3,0.003,0.5,1,101,0.0008552222657238959,585,3.3333333333333335,0.025656667971716875,0.08552222657238959,0.3203539790401666,0,3,-0.8300293803409646,2.660058760681929,1.1452709641667997,5.9675667588652806e+35,1.6700179919301322e+60,inf,1421835.2421185097,1421834.2890570322,1,3.6673592385128018e-06,0.007278919219970703
0,molfe,random,0.0,2,3,0.003,0.5,1,101,0.0008552222657238959,585,3.3333333333333335,0.025656667971716875,0.08552222657238959,0.3203539790401666,0,3,-0.7814986930959751,2.56299738619195,1.1418691717781284,1.0825076537117464e+35,8.814859666938283e+58,inf,3486933.5765295224,3486932.5939350766,1,3.6673592385128018e-06,0.020960092544555664
0,molrk3,random,0.0,2,3,0.003,0.5,1,101,0.0008552222657238959,585,3.3333333333333335,0.025656667971716875,0.08552222657238959,0.3203539790401666,0,3,-0.8107343925149494,2.621468785029899,1.1524084996000328,2.3369114274478566e+37,8.61628685333633e+62,inf,4082463.2582230344,4082462.3051615567,1,3.6673592385128018e-06,0.007030010223388672
0,maxent,random,0.0,2,3,0.003,0.5,1,101,0.0008552222657238959,585,3.3333333333333335,0.025656667971716875,0.08552222657238959,0.3203539790401666,60,3,-0.8300293803409646,2.660058760681929,1.1452709641667997,5.967566758869529e+35,1.6700179919313215e+60,inf,1421835.2442449797,1421834.2911835022,1,3.6673592385128018e-06,1.4303209781646729
0,lp,random,0.0,2,3,0.003,0.5,1,101,0.0008552222657238959,585,3.3333333333333335,0.025656667971716875,0.08552222657238959,0.3203539790401666,60,3,-0.8300293803409646,2.660058760681929,1.1452709641667997,5.967566758865284e+35,1.6700179919301333e+60,inf,1421835.2422973225,1421834.289235845,1,3.6673592385128018e-06,0.07647013664245605
0,lprand,random,0.0,2,3,0.003,0.5,1,101,0.0008552222657238959,585,3.3333333333333335,0.025656667971716875,0.08552222657238959,0.3203539790401666,60,3,-0.8300293803409646,2.660058760681929,1.1452709641667997,5.967566758865284e+35,1.6700179919301333e+60,inf,1421835.2422973225,1421834.289235845,1,3.6673592385128018e-06,0.07255291938781738
0,maxentw,random,0.0,2,3,0.003,0.5,1,101,0.0008552222657238959,585,3.3333333333333335,0.025656667971716875,0.08552222657238959,0.3203539790401666,60,3,-0.8300293803409646,2.660058760681929,1.1452709641667997,5.967566758869529e+35,1.6700179919313215e+60,inf,1421835.2442449797,1421834.2911835022,1,3.6673592385128018e-06,5.495371103286743
0,minnorm,random,0.0,2,5,0.003,0.5,1,101,0.0008552222657238959,585,3.3333333333333335,0.025656667971716875,0.08552222657238959,0.3203539790401666,0,5,-0.30603128116068584,1.9098895409093986,1.0000022003532794,5276.593410540074,1711372.5780555205,3.858341030002823,3.858341030002823,3.858341029794045,0,3.6673592385128018e-06,0.013147115707397461
0,projgauss,random,0.0,2,5,0.003,0.5,1,101,0.0008552222657238959,585,3.3333333333333335,0.025656667971716875,0.08552222657238959,0.3203539790401666,0,5,-0.31829724261219033,1.9272231534795463,1.000001399988633,4777.787166763837,1463101.8216464096,3.9050151752823568,3.9050151752823568,3.9050151750735784,0,3.6673592385128018e-06,0.025563955307006836
0,spectral,random,0.0,2,5,0.003,0.5,1,101,0.0008552222657238959,585,3.3333333333333335,0.025656667971716875,0.08552222657238959,0.3203539790401666,0,5,-1.5558534950812513,5.385352898293278,1.0047122937984376,266650.2389343786,8.366777418520185e+24,17.682206932149064,17.682206932149064,17.682206932150937,1,3.6673592385128018e-06,0.019500017166137695
0,spectralg,random,0.0,2,5,0.003,0.5,1,101,0.0008552222657238959,585,3.3333333333333335,0.025656667971716875,0.08552222657238959,0.3203539790401666,0,5,-1.5558534950812513,5.385352898293278,1.0054939151689357,336539.07950584736,1.3364490797365386e+28,21.454289495900923,21.454289495900923,21.454289495902795,1,3.6673592385128018e-06,0.059873104095458984
0,molfe,random,0.0,2,5,0.003,0.5,1,101,0.0008552222657238959,585,3.3333333333333335,0.025656667971716875,0.08552222657238959,0.3203539790401666,0,5,-0.12454390892556216,1.4800185772613736,1.0256432204051686,11276961.294376902,2.050298158730819e+110,82.38590793220176,82.38590793220176,82.38590793220176,1,3.6673592385128018e-06,0.014223098754882812
0,molrk3,random,0.0,2,5,0.003,0.5,1,101,0.0008552222657238959,585,3.3333333333333335,0.025656667971716875,0.08552222657238959,0.3203539790401666,0,5,-0.13032128479254132,1.5056540533370917,1.0259748181705948,12836247.400427505,5.196310749087006e+111,92.19159645189036,92.19159645189036,92.19159645189036,1,3.6673592385128018e-06,0.012291908264160156
0,maxent,random,0.0,2,5,0.003,0.5,1,101,0.0008552222657238959,585,3.3333333333333335,0.025656667971716875,0.08552222657238959,0.3203539790401666,60,5,-0.30603128116068584,1.9098895409093986,1.0000014547034908,5592.562149529915,1806798.9172364408,3.8490856442131958,3.8490856442131958,3.8490856440044174,0,3.6673592385128018e-06,1.6342318058013916
0,lp,random,0.0,2,5,0.003,0.5,1,101,0.0008552222657238959,585,3.3333333333333335,0.025656667971716875,0.08552222657238959,0.3203539790401666,60,5,-0.30603128116068584,1.9098895409093986,1.0000013888543962,6434.840949393258,1865729.6447342304,3.8425203666122187,3.8425203666122187,3.8425203664034404,0,3.6673592385128018e-06,0.09131193161010742
0,lprand,random,0.0,2,5,0.003,0.5,1,101,0.0008552222657238959,585,3.3333333333333335,0.025656667971716875,0.08552222657238959,0.3203539790401666,60,5,-0.30603128116068584,1.9098895409093986,1.0000009131712133,6290.294507328019,1870546.820079526,3.85317011811567,3.85317011811567,3.853170117906892,0,3.6673592385128018e-06,0.09237790107727051
0,maxentw,random,0.0,2,5,0.003,0.5,1,101,0.0008552222657238959,585,3.3333333333333335,0.025656667971716875,0.08552222657238959,0.3203539790401666,60,5,-0.30603128116068584,1.9098895409093986,1.0000014547034908,5592.562149529915,1806798.9172364408,3.8490856442131958,3.8490856442131958,3.8490856440044174,0,3.6673592385128018e-06,5.721766948699951
0,minnorm,random,0.0,2,7,0.003,0.5,1,101,0.0008552222657238959,585,3.3333333333333335,0.025656667971716875,0.08552222657238959,0.3203539790401666,0,7,-0.21981132524086747,1.522401235562917,0.9974173027364279,3.3189548818025765,3.337751364676578,0.9309912251273016,0.9309912251273016,2.002310357897115,0,3.6673592385128018e-06,0.013787031173706055
0,projgauss,random,0.0,2,7,0.003,0.5,1,101,0.0008552222657238959,585,3.3333333333333335,0.025656667971716875,0.08552222657238959,0.3203539790401666,0,7,-0.14193642997481593,1.4256975412943296,0.9916188627977962,1.774929463882248,1.8684216323384564,0.4448261357282226,0.4448261357282226,1.516145268498036,0,3.6673592385128018e-06,0.021437883377075195
0,spectral,random,0.0,2,7,0.003,0.5,1,101,0.0008552222657238959,585,3.3333333333333335,0.025656667971716875,0.08552222657238959,0.3203539790401666,0,7,-1.2866516256632978,4.959677351378346,0.988615839581693,8.194345937718511,23.911492167044315,0.039772328123508505,0.039772328123508505,1.2982501938543138,0,3.6673592385128018e-06,0.03712892532348633
0,spectralg,random,0.0,2,7,0.003,0.5,1,101,0.0008552222657238959,585,3.3333333333333335,0.025656667971716875,0.08552222657238959,0.3203539790401666,0,7,-1.2866516256632978,4.959677351378346,0.9882850632726694,8.102636460229887,23.91145431287157,0.039732361804164285,0.039732361804164285,1.2982651996734804,0,3.6673592385128018e-06,0.07800078392028809
0,molfe,random,0.0,2,7,0.003,0.5,1,101,0.0008552222657238959,585,3.3333333333333335,0.025656667971716875,0.08552222657238959,0.3203539790401666,0,7,-0.051439136585985035,1.283151963241123,1.0163215308001308,52459.23943971889,5.424371023066544e+70,9.958335044659652,9.958335044659652,11.192588680571605,1,3.6673592385128018e-06,0.017950057983398438
0,molrk3,random,0.0,2,7,0.003,0.5,1,101,0.0008552222657238959,585,3.3333333333333335,0.025656667971716875,0.08552222657238959,0.3203539790401666,0,7,-0.05172361288525562,1.2839482090341376,1.0164554516391684,56507.6468203039,2.0257385856121886e+71,10.803129869966885,10.803129869966885,12.037383505878838,1,3.6673592385128018e-06,0.013712882995605469
0,maxent,random,0.0,2,7,0.003,0.5,1,101,0.0008552222657238959,585,3.3333333333333335,0.025656667971716875,0.08552222657238959,0.3203539790401666,60,7,-0.21981132524086747,1.522401235562917,0.9924809500289499,1.2797704388168198,2.2796884053991193,0.4209141334982215,0.4209141334982215,1.298320758463475,0,3.6673592385128018e-06,1.68168306350708
0,lp,random,0.0,2,7,0.003,0.5,1,101,0.0008552222657238959,585,3.3333333333333335,0.025656667971716875,0.08552222657238959,0.3203539790401666,60,7,-0.21981132524086747,1.522401235562917,0.9925295483411045,1.2928864620883231,2.351229311464621,0.40247404827618316,0.40247404827618316,1.2983200697581423,0,3.6673592385128018e-06,0.07644009590148926
0,lprand,random,0.0,2,7,0.003,0.5,1,101,0.0008552222657238959,585,3.3333333333333335,0.025656667971716875,0.08552222657238959,0.3203539790401666,60,7,-0.21981132524086747,1.522401235562917,0.9925496372904107,1.2839401394603944,2.298535547111811,0.4222592739358867,0.4222592739358867,1.2983207787851287,0,3.6673592385128018e-06,0.08503031730651855
0,maxentw,random,0.0,2,7,0.003,0.5,1,101,0.0008552222657238959,585,3.3333333333333335,0.025656667971716875,0.08552222657238959,0.3203539790401666,60,7,-0.21981132524086747,1.522401235562917,0.9924809500289499,1.2797704388168198,2.2796884053991193,0.4209141334982215,0.4209141334982215,1.298320758463475,0,3.6673592385128018e-06,5.7789061069488525
