periodic,arm,kind,disorder,seed,K,alpha,safety,levels,nx,dt,nt,Pe,r_mean,nu_mean,hmin_over_h,n_fallback,K_used_max,min_w,max_l1,rho,pow_nt,growth,errT,errmax,maxu,blowup,ref_floor,secs
1,minnorm,jitter,0.0,0,3,0.1,0.9,1,100,0.00044999999999999077,1112,0.09999999999999999,0.4499999999999908,0.044999999999999075,0.9999999999999898,0,3,0.09797500000000885,1.000000000000001,0.9999999999999967,0.9999999999999329,1.0000000000000062,0.0005181727836329753,0.0011881998926296655,1.2037379086631308,0,0.0,0.01165628433227539
1,projgauss,jitter,0.0,0,3,0.1,0.9,1,100,0.00044999999999999077,1112,0.09999999999999999,0.4499999999999908,0.044999999999999075,0.9999999999999898,0,3,0.09797500000000942,1.0000000000000002,0.9999999999999984,0.9999999999999744,1.0000000000000007,0.0005181727836471237,0.001188199892629943,1.203737908663133,0,0.0,0.012386083602905273
1,spectral,jitter,0.0,0,3,0.1,0.9,1,100,0.00044999999999999077,1112,0.09999999999999999,0.4499999999999908,0.044999999999999075,0.9999999999999898,0,3,0.09797500000000885,1.000000000000001,0.9999999999999967,0.9999999999999329,1.0000000000000062,0.0005181727836329753,0.0011881998926296655,1.2037379086631308,0,0.0,0.010899066925048828
1,spectralg,jitter,0.0,0,3,0.1,0.9,1,100,0.00044999999999999077,1112,0.09999999999999999,0.4499999999999908,0.044999999999999075,0.9999999999999898,0,3,0.09797500000000885,1.000000000000001,0.9999999999999967,0.9999999999999329,1.0000000000000062,0.0005181727836329753,0.0011881998926296655,1.2037379086631308,0,0.0,0.010779857635498047
1,molfe,jitter,0.0,0,3,0.1,0.9,1,100,0.00044999999999999077,1112,0.09999999999999999,0.4499999999999908,0.044999999999999075,0.9999999999999898,0,3,0.0,1.0,0.9999999999999981,0.9999999999996156,1.0,0.0006745612275697865,0.001091130320640954,1.2039394651590227,0,0.0,0.010879993438720703
1,molrk3,jitter,0.0,0,3,0.1,0.9,1,100,0.00044999999999999077,1112,0.09999999999999999,0.4499999999999908,0.044999999999999075,0.9999999999999898,0,3,0.0,1.0,0.9999999999999983,0.9999999999996849,1.0,0.0003043968373616854,0.0006970245261915808,1.2039209136467275,0,0.0,0.009873151779174805
1,maxent,jitter,0.0,0,3,0.1,0.9,1,100,0.00044999999999999077,1112,0.09999999999999999,0.4499999999999908,0.044999999999999075,0.9999999999999898,0,3,0.0979750000001003,1.0000000000000002,0.9999999999999974,1.0000000000001321,1.000000000001128,0.0005181727835943881,0.0011881998925565018,1.2037379086631463,0,0.0,0.022342205047607422
1,lp,jitter,0.0,0,3,0.1,0.9,1,100,0.00044999999999999077,1112,0.09999999999999999,0.4499999999999908,0.044999999999999075,0.9999999999999898,0,3,0.09797500000000953,1.0,1.0000000000000009,0.9999999999999618,1.0,0.0005181727836479702,0.0011881998926280835,1.2037379086631332,0,0.0,0.05287504196166992
1,lprand,jitter,0.0,0,3,0.1,0.9,1,100,0.00044999999999999077,1112,0.09999999999999999,0.4499999999999908,0.044999999999999075,0.9999999999999898,0,3,0.09797500000000953,1.0,1.0000000000000009,0.9999999999999618,1.0,0.0005181727836479702,0.0011881998926280835,1.2037379086631332,0,0.0,0.05393576622009277
1,maxentw,jitter,0.0,0,3,0.1,0.9,1,100,0.00044999999999999077,1112,0.09999999999999999,0.4499999999999908,0.044999999999999075,0.9999999999999898,0,3,0.0979750000001003,1.0000000000000002,0.9999999999999974,1.0000000000001321,1.000000000001128,0.0005181727835943881,0.0011881998925565018,1.2037379086631463,0,0.0,0.02208995819091797
1,minnorm,jitter,0.0,0,5,0.1,0.9,1,100,0.00044999999999999077,1112,0.09999999999999999,0.4499999999999908,0.044999999999999075,0.9999999999999898,0,5,0.03414642857142583,1.0000000000000004,1.0000000000000018,1.0000000000004954,1.000000000004213,0.00020917303097543055,0.00047002009338942274,1.2037708391602875,0,0.0,0.008998870849609375
1,projgauss,jitter,0.0,0,5,0.1,0.9,1,100,0.00044999999999999077,1112,0.09999999999999999,0.4499999999999908,0.044999999999999075,0.9999999999999898,0,5,0.04568703354907668,1.0000000000000002,1.0000000000000013,1.0000000000000053,1.0000000000000322,6.896025607883854e-05,0.00016980992918735893,1.2037691439161875,0,0.0,0.009868144989013672
1,spectral,jitter,0.0,0,5,0.1,0.9,1,100,0.00044999999999999077,1112,0.09999999999999999,0.4499999999999908,0.044999999999999075,0.9999999999999898,0,5,0.04753016547743459,1.0000000000000004,1.000000000000003,1.0000000000004345,1.0000000000036982,0.00010681341798875199,0.00024095657251962943,1.2037803183740947,0,0.0,0.015223026275634766
1,spectralg,jitter,0.0,0,5,0.1,0.9,1,100,0.00044999999999999077,1112,0.09999999999999999,0.4499999999999908,0.044999999999999075,0.9999999999999898,0,5,0.04753016547743459,1.0000000000000004,1.000000000000003,1.0000000000004345,1.0000000000036982,0.00010681341798875199,0.00024095657251962943,1.2037803183740947,0,0.0,0.026208162307739258
1,molfe,jitter,0.0,0,5,0.1,0.9,1,100,0.00044999999999999077,1112,0.09999999999999999,0.4499999999999908,0.044999999999999075,0.9999999999999898,0,5,-0.06878571428571373,1.2571428571428533,1.2571428571428525,3.278769867087446e+110,inf,inf,90029949.50015482,90029949.03662372,1,0.0,0.008168935775756836
1,molrk3,jitter,0.0,0,5,0.1,0.9,1,100,0.00044999999999999077,1112,0.09999999999999999,0.4499999999999908,0.044999999999999075,0.9999999999999898,0,5,-0.06801285675601246,1.2930379008746304,1.2930379008746251,1.2933481170642535e+124,inf,inf,118362109.87826768,118362109.51424272,1,0.0,0.007796287536621094
1,maxent,jitter,0.0,0,5,0.1,0.9,1,100,0.00044999999999999077,1112,0.09999999999999999,0.4499999999999908,0.044999999999999075,0.9999999999999898,0,5,0.04662956249358336,1.0000000000000002,0.9999999999999992,1.0000000000000755,1.0000000000005944,9.918535024985159e-05,0.00022713816780700613,1.2037768390768238,0,0.0,0.02112579345703125
1,lp,jitter,0.0,0,5,0.1,0.9,1,100,0.00044999999999999077,1112,0.09999999999999999,0.4499999999999908,0.044999999999999075,0.9999999999999898,0,5,0.0,1.0,0.9999999999999987,1.000000000000066,1.000000000000537,0.005612564149821912,0.012015530594071046,1.204877434672528,0,0.0,0.05485987663269043
1,lprand,jitter,0.0,0,5,0.1,0.9,1,100,0.00044999999999999077,1112,0.09999999999999999,0.4499999999999908,0.044999999999999075,0.9999999999999898,0,5,0.0,1.0000000000000002,0.9999999999999997,0.9999999999999383,1.0000000000000007,0.0016031099660025472,0.0033224290826392652,1.2039678863246492,0,0.0,0.052726030349731445
1,maxentw,jitter,0.0,0,5,0.1,0.9,1,100,0.00044999999999999077,1112,0.09999999999999999,0.4499999999999908,0.044999999999999075,0.9999999999999898,0,5,0.04662956249358336,1.0000000000000002,0.9999999999999992,1.0000000000000755,1.0000000000005944,9.918535024985159e-05,0.00022713816780700613,1.2037768390768238,0,0.0,0.02025008201599121
1,minnorm,jitter,0.0,0,7,0.1,0.9,1,100,0.00044999999999999077,1112,0.09999999999999999,0.4499999999999908,0.044999999999999075,0.9999999999999898,0,7,-0.046367559523811185,1.1661845238095292,1.000000000000001,0.999999999999628,1.1661845238095292,0.0013126002005715218,0.0030256702680497294,1.203627487668939,0,0.0,0.01019287109375
1,projgauss,jitter,0.0,0,7,0.1,0.9,1,100,0.00044999999999999077,1112,0.09999999999999999,0.4499999999999908,0.044999999999999075,0.9999999999999898,0,7,-0.001855800111287444,1.0049453623515867,0.9999999999999988,1.0000000000000189,1.0049453623515867,8.637240500869448e-05,0.0002172404213686696,1.203754649983531,0,0.0,0.01125025749206543
1,spectral,jitter,0.0,0,7,0.1,0.9,1,100,0.00044999999999999077,1112,0.09999999999999999,0.4499999999999908,0.044999999999999075,0.9999999999999898,0,7,0.0027776891457658923,1.0000000000000004,1.0000000000000013,0.9999999999996332,1.0000000000000002,4.650881152153119e-06,1.0146176123215778e-05,1.203785976080408,0,0.0,0.016150951385498047
1,spectralg,jitter,0.0,0,7,0.1,0.9,1,100,0.00044999999999999077,1112,0.09999999999999999,0.4499999999999908,0.044999999999999075,0.9999999999999898,0,7,0.0027776891457658923,1.0000000000000004,1.0000000000000013,0.9999999999996332,1.0000000000000002,4.650881152153119e-06,1.0146176123215778e-05,1.203785976080408,0,0.0,0.030731916427612305
1,molfe,jitter,0.0,0,7,0.1,0.9,1,100,0.00044999999999999077,1112,0.09999999999999999,0.4499999999999908,0.044999999999999075,0.9999999999999898,0,7,-0.033749999999999516,1.1349999999999978,1.0978885032576784,1.6394488735594518e+45,1.6394488735594518e+45,inf,1801498.8311473238,1801498.5326353677,1,0.0,0.008784770965576172
1,molrk3,jitter,0.0,0,7,0.1,0.9,1,100,0.00044999999999999077,1112,0.09999999999999999,0.4499999999999908,0.044999999999999075,0.9999999999999898,0,7,-0.03218072862381516,1.13858849765397,1.102834119695561,2.425988993782791e+47,2.425988993782791e+47,inf,2048953.3857944114,2048953.5896000979,1,0.0,0.00947713851928711
1,maxent,jitter,0.0,0,7,0.1,0.9,1,100,0.00044999999999999077,1112,0.09999999999999999,0.4499999999999908,0.044999999999999075,0.9999999999999898,0,7,0.0024586534883964243,1.0000000000000002,1.0000000000000004,1.0000000000001257,1.0000000000010452,6.9972215308924945e-06,1.5995583163869176e-05,1.2037855567122586,0,0.0,0.025852203369140625
1,lp,jitter,0.0,0,7,0.1,0.9,1,100,0.00044999999999999077,1112,0.09999999999999999,0.4499999999999908,0.044999999999999075,0.9999999999999898,0,7,0.0,1.0,1.0000000000000075,0.999999999999973,1.0000000000000004,0.011725180733995673,0.025115061078933777,1.206368788326092,0,0.0,0.05415511131286621
1,lprand,jitter,0.0,0,7,0.1,0.9,1,100,0.00044999999999999077,1112,0.09999999999999999,0.4499999999999908,0.044999999999999075,0.9999999999999898,0,7,0.0,1.0000000000000002,1.0000000000000007,0.9999999999999837,1.0000000000000022,0.0012612791522872355,0.003301461114763815,1.2047599775573958,0,0.0,0.05450797080993652
1,maxentw,jitter,0.0,0,7,0.1,0.9,1,100,0.00044999999999999077,1112,0.09999999999999999,0.4499999999999908,0.044999999999999075,0.9999999999999898,0,7,0.0024586534883964243,1.0000000000000002,1.0000000000000004,1.0000000000001257,1.0000000000010452,6.9972215308924945e-06,1.5995583163869176e-05,1.2037855567122586,0,0.0,0.025887012481689453
1,minnorm,jitter,0.1,0,3,0.1,0.9,1,100,0.00029477572739080264,1697,0.09999999999999999,0.29477572739080266,0.029477572739080263,0.8093560230081454,0,3,0.2246352139613503,1.0000000000000009,1.000000000000003,1.0000000000000986,1.0000000000003877,0.00022572476373063782,0.0005371294237623281,1.2053218615037389,0,0.0,0.010589122772216797
1,projgauss,jitter,0.1,0,3,0.1,0.9,1,100,0.00029477572739080264,1697,0.09999999999999999,0.29477572739080266,0.029477572739080263,0.8093560230081454,0,3,0.22463521396135025,1.0000000000000002,0.9999999999999993,1.000000000000029,1.0000000000001341,0.00022572476374853323,0.0005371294237792035,1.2053218615037355,0,0.0,0.013120889663696289
1,spectral,jitter,0.1,0,3,0.1,0.9,1,100,0.00029477572739080264,1697,0.09999999999999999,0.29477572739080266,0.029477572739080263,0.8093560230081454,0,3,0.2246352139613503,1.0000000000000009,1.000000000000003,1.0000000000000986,1.0000000000003877,0.00022572476373063782,0.0005371294237623281,1.2053218615037389,0,0.0,0.011764049530029297
1,spectralg,jitter,0.1,0,3,0.1,0.9,1,100,0.00029477572739080264,1697,0.09999999999999999,0.29477572739080266,0.029477572739080263,0.8093560230081454,0,3,0.2246352139613503,1.0000000000000009,1.000000000000003,1.0000000000000986,1.0000000000003877,0.00022572476373063782,0.0005371294237623281,1.2053218615037389,0,0.0,0.012009859085083008
1,molfe,jitter,0.1,0,3,0.1,0.9,1,100,0.00029477572739080264,1697,0.09999999999999999,0.29477572739080266,0.029477572739080263,0.8093560230081454,0,3,0.0,1.0000000000000002,1.0000000000000002,0.9999999999997125,1.0000000000000002,0.00040194092779161084,0.000593593039431739,1.2054515600882116,0,0.0,0.01131892204284668
1,molrk3,jitter,0.1,0,3,0.1,0.9,1,100,0.00029477572739080264,1697,0.09999999999999999,0.29477572739080266,0.029477572739080263,0.8093560230081454,0,3,0.0,1.0000000000000002,0.9999999999999987,0.9999999999997373,1.0000000000000004,0.00031327005060140245,0.0007210522260167052,1.2054300502885593,0,0.0,0.010957002639770508
1,maxent,jitter,0.1,0,3,0.1,0.9,1,100,0.00029477572739080264,1697,0.09999999999999999,0.29477572739080266,0.029477572739080263,0.8093560230081454,0,3,0.22463521396134933,1.0000000000000002,1.0000000000000013,1.0000000000000202,1.0000000000000755,0.00022572479000282364,0.000537129425282834,1.2053218615037358,0,0.0,0.04842805862426758
1,lp,jitter,0.1,0,3,0.1,0.9,1,100,0.00029477572739080264,1697,0.09999999999999999,0.29477572739080266,0.029477572739080263,0.8093560230081454,0,3,0.22463521396135028,1.0,1.000000000000002,1.0000000000000038,1.0000000000000133,0.00022572476374475847,0.0005371294237788704,1.2053218615037347,0,0.0,0.05497479438781738
1,lprand,jitter,0.1,0,3,0.1,0.9,1,100,0.00029477572739080264,1697,0.09999999999999999,0.29477572739080266,0.029477572739080263,0.8093560230081454,0,3,0.22463521396135028,1.0,1.0,1.0000000000000036,1.0000000000000127,0.00022572476374482786,0.0005371294237788704,1.2053218615037347,0,0.0,0.05169510841369629
1,maxentw,jitter,0.1,0,3,0.1,0.9,1,100,0.00029477572739080264,1697,0.09999999999999999,0.29477572739080266,0.029477572739080263,0.8093560230081454,0,3,0.22463521396134933,1.0000000000000002,1.0000000000000013,1.0000000000000202,1.0000000000000755,0.00022572479000282364,0.000537129425282834,1.2053218615037358,0,0.0,0.05038595199584961
1,minnorm,jitter,0.1,0,5,0.1,0.9,1,100,0.00029477572739080264,1697,0.09999999999999999,0.29477572739080266,0.029477572739080263,0.8093560230081454,0,5,-0.028869432560315277,1.061516696760203,1.0000000000000009,0.9999999999995806,1.061516696760203,0.00047805116273139797,0.001062351020041763,1.205307121418149,0,0.0,0.010602951049804688
1,projgauss,jitter,0.1,0,5,0.1,0.9,1,100,0.00029477572739080264,1697,0.09999999999999999,0.29477572739080266,0.029477572739080263,0.8093560230081454,0,5,-0.010790896858864127,1.0215817937177283,1.000000000000002,0.9999999999999888,1.0215817937177283,0.00021827645558518405,0.0004881415897610708,1.205289949509357,0,0.0,0.013483047485351562
1,spectral,jitter,0.1,0,5,0.1,0.9,1,100,0.00029477572739080264,1697,0.09999999999999999,0.29477572739080266,0.029477572739080263,0.8093560230081454,0,5,-0.021042166433697964,1.042084332867396,0.9999999999999971,0.99999999999952,1.042084332867396,4.018973836154155e-05,0.00010733523737699313,1.2053444214398414,0,0.0,0.017906904220581055
1,spectralg,jitter,0.1,0,5,0.1,0.9,1,100,0.00029477572739080264,1697,0.09999999999999999,0.29477572739080266,0.029477572739080263,0.8093560230081454,0,5,-0.021042166433697964,1.042084332867396,0.9999999999999971,0.99999999999952,1.042084332867396,4.018973836154155e-05,0.00010733523737699313,1.2053444214398414,0,0.0,0.027284860610961914
1,molfe,jitter,0.1,0,5,0.1,0.9,1,100,0.00029477572739080264,1697,0.09999999999999999,0.29477572739080266,0.029477572739080263,0.8093560230081454,0,5,-0.05594779266757167,1.1816586108606035,1.1680797119596098,4.0202459135659514e+114,inf,inf,1318502.822800991,1318503.2042134283,1,0.0,0.007827997207641602
1,molrk3,jitter,0.1,0,5,0.1,0.9,1,100,0.00029477572739080264,1697,0.09999999999999999,0.29477572739080266,0.029477572739080263,0.8093560230081454,0,5,-0.05436011559353704,1.1972745571448236,1.1829965041748223,9.100445611301376e+123,inf,inf,10047735.63438339,10047736.015795827,1,0.0,0.008211135864257812
1,maxent,jitter,0.1,0,5,0.1,0.9,1,100,0.00029477572739080264,1697,0.09999999999999999,0.29477572739080266,0.029477572739080263,0.8093560230081454,0,5,0.009906825451826733,1.0000000000000002,1.0000000000000013,1.0000000000000207,1.0000000000000937,8.437440177692934e-06,3.511551808055291e-05,1.2053427706692275,0,0.0,0.12416720390319824
1,lp,jitter,0.1,0,5,0.1,0.9,1,100,0.00029477572739080264,1697,0.09999999999999999,0.29477572739080266,0.029477572739080263,0.8093560230081454,0,5,0.0,1.0,1.000000000000002,1.0000000000000069,1.0000000000000258,0.003327803027604763,0.006918234676562175,1.2061057951959493,0,0.0,0.05437898635864258
1,lprand,jitter,0.1,0,5,0.1,0.9,1,100,0.00029477572739080264,1697,0.09999999999999999,0.29477572739080266,0.029477572739080263,0.8093560230081454,0,5,0.0,1.0,0.9999999999999958,1.0000000000000049,1.0000000000000209,0.0011434425756997046,0.0027979532582414757,1.2053995147788024,0,0.0,0.05636715888977051
1,maxentw,jitter,0.1,0,5,0.1,0.9,1,100,0.00029477572739080264,1697,0.09999999999999999,0.29477572739080266,0.029477572739080263,0.8093560230081454,0,5,0.009906825451826733,1.0000000000000002,1.0000000000000013,1.0000000000000207,1.0000000000000937,8.437440177692934e-06,3.511551808055291e-05,1.2053427706692275,0,0.0,0.12285494804382324
1,minnorm,jitter,0.1,0,7,0.1,0.9,1,100,0.00029477572739080264,1697,0.09999999999999999,0.29477572739080266,0.029477572739080263,0.8093560230081454,0,7,-0.07824509626178432,1.2723593543885015,0.9999999999999984,0.9999999999999849,1.2723593543885015,0.0017803071490462563,0.004635212252927012,1.2047812151477602,0,0.0,0.012165307998657227
1,projgauss,jitter,0.1,0,7,0.1,0.9,1,100,0.00029477572739080264,1697,0.09999999999999999,0.29477572739080266,0.029477572739080263,0.8093560230081454,0,7,-0.02900931944196362,1.105954549555341,1.0000000000000004,1.000000000000036,1.105954549555341,0.0004797913592630987,0.0013046064494727228,1.2050800676457931,0,0.0,0.011524200439453125
1,spectral,jitter,0.1,0,7,0.1,0.9,1,100,0.00029477572739080264,1697,0.09999999999999999,0.29477572739080266,0.029477572739080263,0.8093560230081454,0,7,-0.053292556744972436,1.1486345039292423,1.0000000000000016,1.0000000000000027,1.1486345039292423,8.014653369771765e-05,0.0001757228678641587,1.2053335312695772,0,0.0,0.01711893081665039
1,spectralg,jitter,0.1,0,7,0.1,0.9,1,100,0.00029477572739080264,1697,0.09999999999999999,0.29477572739080266,0.029477572739080263,0.8093560230081454,0,7,-0.053292556744972436,1.1486345039292423,1.0000000000000016,1.0000000000000027,1.1486345039292423,8.014653369771765e-05,0.0001757228678641587,1.2053335312695772,0,0.0,0.03183794021606445
1,molfe,jitter,0.1,0,7,0.1,0.9,1,100,0.00029477572739080264,1697,0.09999999999999999,0.29477572739080266,0.029477572739080263,0.8093560230081454,0,7,-0.025076220113679694,1.095674030716774,1.0642602854354901,2.493425972714109e+46,7.05837044056934e+270,inf,4156197.28289337,4156197.7551408955,1,0.0,0.009144067764282227
1,molrk3,jitter,0.1,0,7,0.1,0.9,1,100,0.00029477572739080264,1697,0.09999999999999999,0.29477572739080266,0.029477572739080263,0.8093560230081454,0,7,-0.024221507709090907,1.0970357562091138,1.0663685404546122,7.297821384127443e+47,2.565673375360539e+279,inf,1170146.527137686,1170146.9952842733,1,0.0,0.008420705795288086
1,maxent,jitter,0.1,0,7,0.1,0.9,1,100,0.00029477572739080264,1697,0.09999999999999999,0.29477572739080266,0.029477572739080263,0.8093560230081454,0,7,9.063138903646597e-05,1.0000000000000004,1.0000000000000016,1.0000000000000082,1.0000000000000109,1.7196568778517912e-05,4.0996222221478806e-05,1.2053439435518296,0,0.0,0.027679920196533203
1,lp,jitter,0.1,0,7,0.1,0.9,1,100,0.00029477572739080264,1697,0.09999999999999999,0.29477572739080266,0.029477572739080263,0.8093560230081454,0,7,0.0,1.0,1.0000000000000002,1.0000000000000089,1.0000000000000278,0.008210351916533246,0.012392641695665785,1.207108965222617,0,0.0,0.05643510818481445
1,lprand,jitter,0.1,0,7,0.1,0.9,1,100,0.00029477572739080264,1697,0.09999999999999999,0.29477572739080266,0.029477572739080263,0.8093560230081454,0,7,0.0,1.0,0.9999999999999996,1.0000000000000058,1.0000000000000058,0.0010454718706420577,0.0027224157991132935,1.2057123491555715,0,0.0,0.0564119815826416
1,maxentw,jitter,0.1,0,7,0.1,0.9,1,100,0.00029477572739080264,1697,0.09999999999999999,0.29477572739080266,0.029477572739080263,0.8093560230081454,0,7,9.063138903646597e-05,1.0000000000000004,1.0000000000000016,1.0000000000000082,1.0000000000000109,1.7196568778517912e-05,4.0996222221478806e-05,1.2053439435518296,0,0.0,0.0255889892578125
1,minnorm,jitter,0.1,1,3,0.1,0.9,1,100,0.0003058797147128972,1635,0.09999999999999999,0.3058797147128972,0.03058797147128972,0.8244590343746583,0,3,0.23455804385138757,1.0000000000000009,1.0000000000000029,1.0000000000000093,1.0000000000000127,0.00024705473974555997,0.0005649462652724535,1.2047731080088686,0,0.0,0.012170076370239258
1,projgauss,jitter,0.1,1,3,0.1,0.9,1,100,0.0003058797147128972,1635,0.09999999999999999,0.3058797147128972,0.03058797147128972,0.8244590343746583,0,3,0.23455804385138757,1.0000000000000002,1.0,1.0000000000000386,1.0000000000001998,0.00024705473974653835,0.0005649462652763393,1.2047731080088682,0,0.0,0.013426065444946289
1,spectral,jitter,0.1,1,3,0.1,0.9,1,100,0.0003058797147128972,1635,0.09999999999999999,0.3058797147128972,0.03058797147128972,0.8244590343746583,0,3,0.23455804385138757,1.0000000000000009,1.0000000000000029,1.0000000000000093,1.0000000000000127,0.00024705473974555997,0.0005649462652724535,1.2047731080088686,0,0.0,0.012496232986450195
1,spectralg,jitter,0.1,1,3,0.1,0.9,1,100,0.0003058797147128972,1635,0.09999999999999999,0.3058797147128972,0.03058797147128972,0.8244590343746583,0,3,0.23455804385138757,1.0000000000000009,1.0000000000000029,1.0000000000000093,1.0000000000000127,0.00024705473974555997,0.0005649462652724535,1.2047731080088686,0,0.0,0.013170957565307617
1,molfe,jitter,0.1,1,3,0.1,0.9,1,100,0.0003058797147128972,1635,0.09999999999999999,0.3058797147128972,0.03058797147128972,0.8244590343746583,0,3,0.0,1.0000000000000002,1.0000000000000004,0.9999999999997008,1.0000000000000004,0.0004200750027340272,0.0006262265795591304,1.2049086221040826,0,0.0,0.011325836181640625
1,molrk3,jitter,0.1,1,3,0.1,0.9,1,100,0.0003058797147128972,1635,0.09999999999999999,0.3058797147128972,0.03058797147128972,0.8244590343746583,0,3,0.0,1.0000000000000002,1.0000000000000013,0.9999999999997182,1.0000000000000002,0.00031309703171254755,0.0007255657000493909,1.2049305294988844,0,0.0,0.011281013488769531
1,maxent,jitter,0.1,1,3,0.1,0.9,1,100,0.0003058797147128972,1635,0.09999999999999999,0.3058797147128972,0.03058797147128972,0.8244590343746583,0,3,0.23455804385138748,1.0000000000000002,1.0,1.000000000000005,1.0000000000000102,0.0002470547752503813,0.00056494626566575,1.204773108008872,0,0.0,0.050193071365356445
1,lp,jitter,0.1,1,3,0.1,0.9,1,100,0.0003058797147128972,1635,0.09999999999999999,0.3058797147128972,0.03058797147128972,0.8244590343746583,0,3,0.23455804385138762,1.0,0.9999999999999999,0.9999999999999972,1.0000000000000016,0.0002470547397505976,0.0005649462652777271,1.204773108008867,0,0.0,0.05335712432861328
1,lprand,jitter,0.1,1,3,0.1,0.9,1,100,0.0003058797147128972,1635,0.09999999999999999,0.3058797147128972,0.03058797147128972,0.8244590343746583,0,3,0.23455804385138762,1.0,1.0000000000000009,0.9999999999999981,1.0000000000000016,0.00024705473975044495,0.0005649462652777271,1.204773108008867,0,0.0,0.05144190788269043
1,maxentw,jitter,0.1,1,3,0.1,0.9,1,100,0.0003058797147128972,1635,0.09999999999999999,0.3058797147128972,0.03058797147128972,0.8244590343746583,0,3,0.23455804385138748,1.0000000000000002,1.0,1.000000000000005,1.0000000000000102,0.0002470547752503813,0.00056494626566575,1.204773108008872,0,0.0,0.04870176315307617
1,minnorm,jitter,0.1,1,5,0.1,0.9,1,100,0.0003058797147128972,1635,0.09999999999999999,0.3058797147128972,0.03058797147128972,0.8244590343746583,0,5,-0.02694415098514038,1.0538883019702807,1.0,0.9999999999995567,1.0538883019702807,0.0004687910008668271,0.0009978541714243394,1.2048040097283503,0,0.0,0.010513782501220703
1,projgauss,jitter,0.1,1,5,0.1,0.9,1,100,0.0003058797147128972,1635,0.09999999999999999,0.3058797147128972,0.03058797147128972,0.8244590343746583,0,5,-0.0053789451712651995,1.0107578903425303,1.0,0.9999999999999912,1.0107578903425303,0.00019891379691208688,0.00044515139718206975,1.2047876877548287,0,0.0,0.013476848602294922
1,spectral,jitter,0.1,1,5,0.1,0.9,1,100,0.0003058797147128972,1635,0.09999999999999999,0.3058797147128972,0.03058797147128972,0.8244590343746583,0,5,-0.016992418828430077,1.0339848376568601,0.9999999999999999,0.999999999999483,1.0339848376568601,4.601138004108052e-05,0.00010238347934138359,1.204797165145501,0,0.0,0.016227006912231445
1,spectralg,jitter,0.1,1,5,0.1,0.9,1,100,0.0003058797147128972,1635,0.09999999999999999,0.3058797147128972,0.03058797147128972,0.8244590343746583,0,5,-0.016992418828430077,1.0339848376568601,0.9999999999999999,0.999999999999483,1.0339848376568601,4.601138004108052e-05,0.00010238347934138359,1.204797165145501,0,0.0,0.029486894607543945
1,molfe,jitter,0.1,1,5,0.1,0.9,1,100,0.0003058797147128972,1635,0.09999999999999999,0.3058797147128972,0.03058797147128972,0.8244590343746583,0,5,-0.05789148941395934,1.1928402760095278,1.1743207252126526,1.5054666654971347e+114,inf,inf,122855379.4071842,122855379.25059715,1,0.0,0.008610725402832031
1,molrk3,jitter,0.1,1,5,0.1,0.9,1,100,0.0003058797147128972,1635,0.09999999999999999,0.3058797147128972,0.03058797147128972,0.8244590343746583,0,5,-0.056165365843661316,1.2097559782064866,1.190397450924981,6.826623990424676e+123,inf,inf,6413523.6617781995,6413523.573799212,1,0.0,0.00869297981262207
1,maxent,jitter,0.1,1,5,0.1,0.9,1,100,0.0003058797147128972,1635,0.09999999999999999,0.3058797147128972,0.03058797147128972,0.8244590343746583,0,5,0.011738252305134303,1.0000000000000002,0.9999999999999992,1.0000000000000369,1.0000000000002045,1.0402486879140804e-05,3.8633935848353396e-05,1.2047921387329716,0,0.0,0.09440827369689941
1,lp,jitter,0.1,1,5,0.1,0.9,1,100,0.0003058797147128972,1635,0.09999999999999999,0.3058797147128972,0.03058797147128972,0.8244590343746583,0,5,0.0,1.0,1.0,1.0000000000000087,1.000000000000022,0.002983114460988078,0.005484466887774549,1.205458605256646,0,0.0,0.055876970291137695
1,lprand,jitter,0.1,1,5,0.1,0.9,1,100,0.0003058797147128972,1635,0.09999999999999999,0.3058797147128972,0.03058797147128972,0.8244590343746583,0,5,0.0,1.0,0.9999999999999998,0.9999999999999962,1.0000000000000007,0.0007624964941378987,0.0016900685843317387,1.2051048066346348,0,0.0,0.055357933044433594
1,maxentw,jitter,0.1,1,5,0.1,0.9,1,100,0.0003058797147128972,1635,0.09999999999999999,0.3058797147128972,0.03058797147128972,0.8244590343746583,0,5,0.011738252305134303,1.0000000000000002,0.9999999999999992,1.0000000000000369,1.0000000000002045,1.0402486879140804e-05,3.8633935848353396e-05,1.2047921387329716,0,0.0,0.09602713584899902
1,minnorm,jitter,0.1,1,7,0.1,0.9,1,100,0.0003058797147128972,1635,0.09999999999999999,0.3058797147128972,0.03058797147128972,0.8244590343746583,0,7,-0.07530781273589918,1.2640313703054284,1.0,1.0000000000000324,1.264031370305429,0.0017326717293814492,0.004267191842442564,1.204356457301234,0,0.0,0.01104879379272461
1,projgauss,jitter,0.1,1,7,0.1,0.9,1,100,0.0003058797147128972,1635,0.09999999999999999,0.3058797147128972,0.03058797147128972,0.8244590343746583,0,7,-0.027297242554429516,1.0966776879424094,0.9999999999999968,1.0000000000000078,1.0966776879424094,0.0004350304154015633,0.0011719757607713266,1.2046165813982024,0,0.0,0.013303041458129883
1,spectral,jitter,0.1,1,7,0.1,0.9,1,100,0.0003058797147128972,1635,0.09999999999999999,0.3058797147128972,0.03058797147128972,0.8244590343746583,0,7,-0.04208501191794012,1.1183276412022265,0.9999999999999992,1.000000000000034,1.1183276412022265,8.193883347423281e-05,0.00016957645906522795,1.204793058418294,0,0.0,0.017384052276611328
1,spectralg,jitter,0.1,1,7,0.1,0.9,1,100,0.0003058797147128972,1635,0.09999999999999999,0.3058797147128972,0.03058797147128972,0.8244590343746583,0,7,-0.04208501191794012,1.1183276412022265,0.9999999999999992,1.000000000000034,1.1183276412022265,8.193883347423281e-05,0.00016957645906522795,1.204793058418294,0,0.0,0.03186607360839844
1,molfe,jitter,0.1,1,7,0.1,0.9,1,100,0.0003058797147128972,1635,0.09999999999999999,0.3058797147128972,0.03058797147128972,0.8244590343746583,0,7,-0.025730627447533416,1.0986455439025649,1.0665355927729963,1.4825670698970615e+46,1.2536140775750069e+280,inf,5760756.781982517,5760756.170802586,1,0.0,0.00868988037109375
1,molrk3,jitter,0.1,1,7,0.1,0.9,1,100,0.0003058797147128972,1635,0.09999999999999999,0.3058797147128972,0.03058797147128972,0.8244590343746583,0,7,-0.024800494108522874,1.0999439806795444,1.0687975809123313,4.792024101361365e+47,2.1047236872550126e+289,inf,1666878.0827499346,1666877.4554274362,1,0.0,0.0085906982421875
1,maxent,jitter,0.1,1,7,0.1,0.9,1,100,0.0003058797147128972,1635,0.09999999999999999,0.3058797147128972,0.03058797147128972,0.8244590343746583,0,7,0.0001269794346638295,1.0000000000000004,0.9999999999999993,0.9999999999999949,1.000000000000005,1.5429893385751625e-05,5.151195893018934e-05,1.2047923695824108,0,0.0,0.027553081512451172
1,lp,jitter,0.1,1,7,0.1,0.9,1,100,0.0003058797147128972,1635,0.09999999999999999,0.3058797147128972,0.03058797147128972,0.8244590343746583,0,7,0.0,1.0,0.9999999999999962,1.0000000000000042,1.0000000000000044,0.007982148229530242,0.011242477318434863,1.2064172281194447,0,0.0,0.058236122131347656
1,lprand,jitter,0.1,1,7,0.1,0.9,1,100,0.0003058797147128972,1635,0.09999999999999999,0.3058797147128972,0.03058797147128972,0.8244590343746583,0,7,0.0,1.0,0.9999999999999996,0.9999999999999859,1.0000000000000004,0.0016635757346719904,0.003496928034326552,1.2052772043644588,0,0.0,0.056601762771606445
1,maxentw,jitter,0.1,1,7,0.1,0.9,1,100,0.0003058797147128972,1635,0.09999999999999999,0.3058797147128972,0.03058797147128972,0.8244590343746583,0,7,0.0001269794346638295,1.0000000000000004,0.9999999999999993,0.9999999999999949,1.000000000000005,1.5429893385751625e-05,5.151195893018934e-05,1.2047923695824108,0,0.0,0.02586197853088379
1,minnorm,jitter,0.25,0,3,0.1,0.9,1,100,0.00012327171854002817,4057,0.09999999999999999,0.12327171854002816,0.012327171854002816,0.5233900575203676,0,3,0.07028423163032074,1.000000000000001,0.9999999999999999,1.000000000000097,1.0000000000001,0.0001460224633094212,0.00033501735459842696,1.2030184483340305,0,0.0,0.015414953231811523
1,projgauss,jitter,0.25,0,3,0.1,0.9,1,100,0.00012327171854002817,4057,0.09999999999999999,0.12327171854002816,0.012327171854002816,0.5233900575203676,0,3,0.07028423163032076,1.0000000000000004,1.0,1.0000000000001976,1.0000000000003724,0.0001460224632875949,0.0003350173545952906,1.2030184483340274,0,0.0,0.018588781356811523
1,spectral,jitter,0.25,0,3,0.1,0.9,1,100,0.00012327171854002817,4057,0.09999999999999999,0.12327171854002816,0.012327171854002816,0.5233900575203676,0,3,0.07028423163032074,1.000000000000001,0.9999999999999999,1.000000000000097,1.0000000000001,0.0001460224633094212,0.00033501735459842696,1.2030184483340305,0,0.0,0.016177892684936523
1,spectralg,jitter,0.25,0,3,0.1,0.9,1,100,0.00012327171854002817,4057,0.09999999999999999,0.12327171854002816,0.012327171854002816,0.5233900575203676,0,3,0.07028423163032074,1.000000000000001,0.9999999999999999,1.000000000000097,1.0000000000001,0.0001460224633094212,0.00033501735459842696,1.2030184483340305,0,0.0,0.0157778263092041
1,molfe,jitter,0.25,0,3,0.1,0.9,1,100,0.00012327171854002817,4057,0.09999999999999999,0.12327171854002816,0.012327171854002816,0.5233900575203676,0,3,0.0,1.0000000000000002,0.9999999999999999,0.9999999999996559,1.0000000000000009,0.0002577141575189068,0.00048036526665484747,1.2030739087716595,0,0.0,0.01540231704711914
1,molrk3,jitter,0.25,0,3,0.1,0.9,1,100,0.00012327171854002817,4057,0.09999999999999999,0.12327171854002816,0.012327171854002816,0.5233900575203676,0,3,0.0,1.0000000000000002,1.0000000000000024,0.9999999999996051,1.0000000000000004,0.0003705380591759941,0.0008344841112821744,1.2030398739651371,0,0.0,0.017758846282958984
1,maxent,jitter,0.25,0,3,0.1,0.9,1,100,0.00012327171854002817,4057,0.09999999999999999,0.12327171854002816,0.012327171854002816,0.5233900575203676,0,3,0.07028423163032084,1.0000000000000002,1.000000000000001,1.0000000000001414,1.0000000000002938,0.0001460231881535816,0.00033501862807439053,1.2030184484092838,0,0.0,0.2074570655822754
1,lp,jitter,0.25,0,3,0.1,0.9,1,100,0.00012327171854002817,4057,0.09999999999999999,0.12327171854002816,0.012327171854002816,0.5233900575203676,0,3,0.0702842316303209,1.0,0.9999999999999992,1.0000000000000115,1.0000000000000218,0.00014602246326622312,0.0003350173545938473,1.2030184483340296,0,0.0,0.05796694755554199
1,lprand,jitter,0.25,0,3,0.1,0.9,1,100,0.00012327171854002817,4057,0.09999999999999999,0.12327171854002816,0.012327171854002816,0.5233900575203676,0,3,0.0702842316303209,1.0,0.9999999999999987,1.000000000000011,1.000000000000018,0.00014602246326622312,0.0003350173545940971,1.2030184483340296,0,0.0,0.06008100509643555
1,maxentw,jitter,0.25,0,3,0.1,0.9,1,100,0.00012327171854002817,4057,0.09999999999999999,0.12327171854002816,0.012327171854002816,0.5233900575203676,0,3,0.07028423163032084,1.0000000000000002,1.000000000000001,1.0000000000001414,1.0000000000002938,0.0001460231881535816,0.00033501862807439053,1.2030184484092838,0,0.0,0.20657587051391602
1,minnorm,jitter,0.25,0,5,0.1,0.9,1,100,0.00012327171854002817,4057,0.09999999999999999,0.12327171854002816,0.012327171854002816,0.5233900575203676,0,5,-0.10024842454701231,1.3311001546541084,1.0000000000000009,0.9999999999989523,1.3311001546541084,0.0009503047410948512,0.0029424009419821706,1.2026626551618715,0,0.0,0.015865087509155273
1,projgauss,jitter,0.25,0,5,0.1,0.9,1,100,0.00012327171854002817,4057,0.09999999999999999,0.12327171854002816,0.012327171854002816,0.5233900575203676,0,5,-0.08488667842689858,1.2693968071671715,1.000000000000001,0.9999999999998471,1.2693968071671717,0.0006130555636025686,0.0020200112497208433,1.2026909619195545,0,0.0,0.017493724822998047
1,spectral,jitter,0.25,0,5,0.1,0.9,1,100,0.00012327171854002817,4057,0.09999999999999999,0.12327171854002816,0.012327171854002816,0.5233900575203676,0,5,-0.09522237372639011,1.1904447474527797,1.0000000000000036,0.999999999998529,1.1904447474527797,0.0002047667601383224,0.0007404076486603461,1.2030539343982265,0,0.0,0.02460789680480957
1,spectralg,jitter,0.25,0,5,0.1,0.9,1,100,0.00012327171854002817,4057,0.09999999999999999,0.12327171854002816,0.012327171854002816,0.5233900575203676,0,5,-0.09522237372639011,1.1904447474527797,1.0000000000000036,0.999999999998529,1.1904447474527797,0.0002047667601383224,0.0007404076486603461,1.2030539343982265,0,0.0,0.032968997955322266
1,molfe,jitter,0.25,0,5,0.1,0.9,1,100,0.00012327171854002817,4057,0.09999999999999999,0.12327171854002816,0.012327171854002816,0.5233900575203676,0,5,-0.03053730298501709,1.085257427883595,1.0696804230205033,1.0308521038640246e+119,7.679833278035352e+292,inf,26278419.258576814,26278419.64537047,1,0.0,0.008913755416870117
1,molrk3,jitter,0.25,0,5,0.1,0.9,1,100,0.00012327171854002817,4057,0.09999999999999999,0.12327171854002816,0.012327171854002816,0.5233900575203676,0,5,-0.029908712474410327,1.0878575111252689,1.0721644909688224,1.266650501147481e+123,9.103373273784694e+302,inf,65699557.79581725,65699558.18261091,1,0.0,0.00877690315246582
1,maxent,jitter,0.25,0,5,0.1,0.9,1,100,0.00012327171854002817,4057,0.09999999999999999,0.12327171854002816,0.012327171854002816,0.5233900575203676,0,5,1.2759167914559894e-05,1.0000000000000004,0.9999999999999967,1.0000000000002203,1.0000000000005038,0.0001767960261172541,0.0003997086485947321,1.203017176298118,0,0.0,0.39722180366516113
1,lp,jitter,0.25,0,5,0.1,0.9,1,100,0.00012327171854002817,4057,0.09999999999999999,0.12327171854002816,0.012327171854002816,0.5233900575203676,0,5,0.0,1.0000000000000002,1.0000000000000013,0.9999999999999514,1.0000000000000013,0.004696421710701714,0.007051665956519307,1.2040024908914717,0,0.0,0.06406879425048828
1,lprand,jitter,0.25,0,5,0.1,0.9,1,100,0.00012327171854002817,4057,0.09999999999999999,0.12327171854002816,0.012327171854002816,0.5233900575203676,0,5,0.0,1.0000000000000002,1.0000000000000004,0.9999999999999969,1.0000000000000104,0.001972601234858762,0.0043809800485913875,1.2031315466919474,0,0.0,0.06280326843261719
1,maxentw,jitter,0.25,0,5,0.1,0.9,1,100,0.00012327171854002817,4057,0.09999999999999999,0.12327171854002816,0.012327171854002816,0.5233900575203676,0,5,1.2759167914559894e-05,1.0000000000000004,0.9999999999999967,1.0000000000002203,1.0000000000005038,0.0001767960261172541,0.0003997086485947321,1.203017176298118,0,0.0,0.39692187309265137
1,minnorm,jitter,0.25,0,7,0.1,0.9,1,100,0.00012327171854002817,4057,0.09999999999999999,0.12327171854002816,0.012327171854002816,0.5233900575203676,0,7,-0.12855528210097353,1.4124396967045125,1.0000000000000013,0.9999999999998384,1.4124396967045125,0.0035336236693139095,0.010545636118044377,1.2004889387334334,0,0.0,0.01871180534362793
1,projgauss,jitter,0.25,0,7,0.1,0.9,1,100,0.00012327171854002817,4057,0.09999999999999999,0.12327171854002816,0.012327171854002816,0.5233900575203676,0,7,-0.06572551388232488,1.2363062520230912,1.0000000000000009,0.9999999999999984,1.2363062520230912,0.0019502206143425793,0.005323061922798078,1.2015868602559676,0,0.0,0.01639699935913086
1,spectral,jitter,0.25,0,7,0.1,0.9,1,100,0.00012327171854002817,4057,0.09999999999999999,0.12327171854002816,0.012327171854002816,0.5233900575203676,0,7,-0.16714521518163108,1.4245621274232318,1.0000000000000022,0.9999999999997802,1.4245621274232318,0.0006869467490435432,0.0010058691723526803,1.2030185727895104,0,0.0,0.025424957275390625
1,spectralg,jitter,0.25,0,7,0.1,0.9,1,100,0.00012327171854002817,4057,0.09999999999999999,0.12327171854002816,0.012327171854002816,0.5233900575203676,0,7,-0.16714521518163108,1.4245621274232318,1.0000000000000022,0.9999999999997802,1.4245621274232318,0.0006869467490435432,0.0010058691723526803,1.2030185727895104,0,0.0,0.04010128974914551
1,molfe,jitter,0.25,0,7,0.1,0.9,1,100,0.00012327171854002817,4057,0.09999999999999999,0.12327171854002816,0.012327171854002816,0.5233900575203676,0,7,-0.012624740301667662,1.0443853913489738,1.0275756728111838,2.7599174244010854e+48,4.748362335554505e+118,inf,1429078.900869695,1429079.362679685,1,0.0,0.010793924331665039
1,molrk3,jitter,0.25,0,7,0.1,0.9,1,100,0.00012327171854002817,4057,0.09999999999999999,0.12327171854002816,0.012327171854002816,0.5233900575203676,0,7,-0.012421207656523322,1.04460919620139,1.0279593765151063,1.2613009047546667e+49,1.985449109483497e+120,inf,1997409.5946038114,1997410.0564138014,1,0.0,0.010938882827758789
1,maxent,jitter,0.25,0,7,0.1,0.9,1,100,0.00012327171854002817,4057,0.09999999999999999,0.12327171854002816,0.012327171854002816,0.5233900575203676,0,7,1.9087300400999253e-10,1.0000000000000002,1.0000000000000042,1.0000000000001037,1.0000000000001499,0.00017677886961665196,0.00039971773854879933,1.2030171780745946,0,0.0,0.39804792404174805
1,lp,jitter,0.25,0,7,0.1,0.9,1,100,0.00012327171854002817,4057,0.09999999999999999,0.12327171854002816,0.012327171854002816,0.5233900575203676,0,7,0.0,1.0000000000000002,0.9999999999999974,1.0000000000000346,1.0000000000000464,0.008297585444201267,0.013680753915635169,1.2044277233721303,0,0.0,0.06196713447570801
1,lprand,jitter,0.25,0,7,0.1,0.9,1,100,0.00012327171854002817,4057,0.09999999999999999,0.12327171854002816,0.012327171854002816,0.5233900575203676,0,7,0.0,1.0000000000000002,1.000000000000002,1.0000000000000149,1.0000000000000167,0.0014730492450139646,0.0035138614715464755,1.2034430922255217,0,0.0,0.06430315971374512
1,maxentw,jitter,0.25,0,7,0.1,0.9,1,100,0.00012327171854002817,4057,0.09999999999999999,0.12327171854002816,0.012327171854002816,0.5233900575203676,0,7,1.9087300400999253e-10,1.0000000000000002,1.0000000000000042,1.0000000000001037,1.0000000000001499,0.00017677886961665196,0.00039971773854879933,1.2030171780745946,0,0.0,0.27954983711242676
1,minnorm,jitter,0.25,1,3,0.1,0.9,1,100,0.00014169897594114127,3529,0.09999999999999999,0.14169897594114125,0.014169897594114127,0.5611475859366555,0,3,0.08199394938200934,1.0000000000000016,1.0000000000000018,1.0000000000001301,1.000000000000134,9.709699906191444e-05,0.00026041997530645844,1.2036066034989568,0,0.0,0.01621699333190918
1,projgauss,jitter,0.25,1,3,0.1,0.9,1,100,0.00014169897594114127,3529,0.09999999999999999,0.14169897594114125,0.014169897594114127,0.5611475859366555,0,3,0.0819939493820093,1.0000000000000004,1.0000000000000036,1.000000000000088,1.0000000000002105,9.709699904050795e-05,0.000260419975353976,1.2036066034989845,0,0.0,0.017679214477539062
1,spectral,jitter,0.25,1,3,0.1,0.9,1,100,0.00014169897594114127,3529,0.09999999999999999,0.14169897594114125,0.014169897594114127,0.5611475859366555,0,3,0.08199394938200934,1.0000000000000016,1.0000000000000018,1.0000000000001301,1.000000000000134,9.709699906191444e-05,0.00026041997530645844,1.2036066034989568,0,0.0,0.016924142837524414
1,spectralg,jitter,0.25,1,3,0.1,0.9,1,100,0.00014169897594114127,3529,0.09999999999999999,0.14169897594114125,0.014169897594114127,0.5611475859366555,0,3,0.08199394938200934,1.0000000000000016,1.0000000000000018,1.0000000000001301,1.000000000000134,9.709699906191444e-05,0.00026041997530645844,1.2036066034989568,0,0.0,0.01708698272705078
1,molfe,jitter,0.25,1,3,0.1,0.9,1,100,0.00014169897594114127,3529,0.09999999999999999,0.14169897594114125,0.014169897594114127,0.5611475859366555,0,3,0.0,1.0000000000000002,1.0000000000000029,0.9999999999996888,1.0000000000000004,0.00024363243896344255,0.00041068930247967206,1.2036701346008958,0,0.0,0.014628171920776367
1,molrk3,jitter,0.25,1,3,0.1,0.9,1,100,0.00014169897594114127,3529,0.09999999999999999,0.14169897594114125,0.014169897594114127,0.5611475859366555,0,3,0.0,1.0000000000000002,0.9999999999999991,0.9999999999997128,1.0000000000000007,0.0003545224826411106,0.0008439771355297776,1.2036980702074933,0,0.0,0.01491093635559082
1,maxent,jitter,0.25,1,3,0.1,0.9,1,100,0.00014169897594114127,3529,0.09999999999999999,0.14169897594114125,0.014169897594114127,0.5611475859366555,0,3,0.08199394938200939,1.0000000000000002,1.0000000000000004,1.000000000000102,1.0000000000002638,9.709704496740912e-05,0.00026042016121491374,1.2036066035028379,0,0.0,0.19701814651489258
1,lp,jitter,0.25,1,3,0.1,0.9,1,100,0.00014169897594114127,3529,0.09999999999999999,0.14169897594114125,0.014169897594114127,0.5611475859366555,0,3,0.0819939493820094,1.0,1.0000000000000027,0.9999999999999917,1.0000000000000013,9.709699903927282e-05,0.00026041997535580785,1.2036066034989796,0,0.0,0.058099985122680664
1,lprand,jitter,0.25,1,3,0.1,0.9,1,100,0.00014169897594114127,3529,0.09999999999999999,0.14169897594114125,0.014169897594114127,0.5611475859366555,0,3,0.0819939493820094,1.0,0.9999999999999984,0.9999999999999925,1.0000000000000013,9.709699903927282e-05,0.0002604199753555303,1.2036066034989796,0,0.0,0.061308860778808594
1,maxentw,jitter,0.25,1,3,0.1,0.9,1,100,0.00014169897594114127,3529,0.09999999999999999,0.14169897594114125,0.014169897594114127,0.5611475859366555,0,3,0.08199394938200939,1.0000000000000002,1.0000000000000004,1.000000000000102,1.0000000000002638,9.709704496740912e-05,0.00026042016121491374,1.2036066035028379,0,0.0,0.20222091674804688
1,minnorm,jitter,0.25,1,5,0.1,0.9,1,100,0.00014169897594114127,3529,0.09999999999999999,0.14169897594114125,0.014169897594114127,0.5611475859366555,0,5,-0.10146443838910088,1.3145158252212457,1.0000000000000007,0.9999999999991642,1.3145158252212457,0.0008962601129665348,0.0018893208755704216,1.2032583732708173,0,0.0,0.016560077667236328
1,projgauss,jitter,0.25,1,5,0.1,0.9,1,100,0.00014169897594114127,3529,0.09999999999999999,0.14169897594114125,0.014169897594114127,0.5611475859366555,0,5,-0.07501148172408832,1.2539561576260296,0.9999999999999999,0.9999999999999151,1.2539561576260296,0.0005676948062979109,0.0013052944460333893,1.2033583901014544,0,0.0,0.023602962493896484
1,spectral,jitter,0.25,1,5,0.1,0.9,1,100,0.00014169897594114127,3529,0.09999999999999999,0.14169897594114125,0.014169897594114127,0.5611475859366555,0,5,-0.09181223544612904,1.1836244708922574,0.9999999999999982,0.9999999999988318,1.1836244708922574,0.0002722596112813523,0.0005834394921154784,1.2036114242946578,0,0.0,0.10080504417419434
1,spectralg,jitter,0.25,1,5,0.1,0.9,1,100,0.00014169897594114127,3529,0.09999999999999999,0.14169897594114125,0.014169897594114127,0.5611475859366555,0,5,-0.09181223544612904,1.1836244708922574,0.9999999999999982,0.9999999999988318,1.1836244708922574,0.0002722596112813523,0.0005834394921154784,1.2036114242946578,0,0.0,0.056149959564208984
1,molfe,jitter,0.25,1,5,0.1,0.9,1,100,0.00014169897594114127,3529,0.09999999999999999,0.14169897594114125,0.014169897594114127,0.5611475859366555,0,5,-0.0343276057608197,1.1040536712425466,1.0796858711099602,5.379598732967363e+117,inf,inf,5886442.098657334,5886442.219116424,1,0.0,0.008913040161132812
1,molrk3,jitter,0.25,1,5,0.1,0.9,1,100,0.00014169897594114127,3529,0.09999999999999999,0.14169897594114125,0.014169897594114127,0.5611475859366555,0,5,-0.03347447624205328,1.1078126228090268,1.0829451222000424,2.2538127112676195e+122,inf,inf,16690014.591063688,16690014.711522777,1,0.0,0.00927591323852539
1,maxent,jitter,0.25,1,5,0.1,0.9,1,100,0.00014169897594114127,3529,0.09999999999999999,0.14169897594114125,0.014169897594114127,0.5611475859366555,0,5,6.360032172242636e-05,1.0000000000000002,1.0000000000000002,1.0000000000001066,1.000000000000254,0.00012570120355410996,0.0003324081109586374,1.2036073804145844,0,0.0,0.16530108451843262
1,lp,jitter,0.25,1,5,0.1,0.9,1,100,0.00014169897594114127,3529,0.09999999999999999,0.14169897594114125,0.014169897594114127,0.5611475859366555,0,5,0.0,1.0000000000000002,1.0000000000000009,1.0000000000000597,1.0000000000001226,0.003730390434238,0.008204020974767905,1.204313676104961,0,0.0,0.058995962142944336
1,lprand,jitter,0.25,1,5,0.1,0.9,1,100,0.00014169897594114127,3529,0.09999999999999999,0.14169897594114125,0.014169897594114127,0.5611475859366555,0,5,0.0,1.0000000000000002,1.0000000000000042,1.0000000000000406,1.0000000000000777,0.0007808568266481075,0.0017884806136163611,1.2039195424678075,0,0.0,0.06080293655395508
1,maxentw,jitter,0.25,1,5,0.1,0.9,1,100,0.00014169897594114127,3529,0.09999999999999999,0.14169897594114125,0.014169897594114127,0.5611475859366555,0,5,6.360032172242636e-05,1.0000000000000002,1.0000000000000002,1.0000000000001066,1.000000000000254,0.00012570120355410996,0.0003324081109586374,1.2036073804145844,0,0.0,0.16575384140014648
1,minnorm,jitter,0.25,1,7,0.1,0.9,1,100,0.00014169897594114127,3529,0.09999999999999999,0.14169897594114125,0.014169897594114127,0.5611475859366555,0,7,-0.11310633743563474,1.385106737410997,1.000000000000002,1.0000000000004254,1.385106737410997,0.003315818328429934,0.01054579449226356,1.2016089214974437,0,0.0,0.015247106552124023
1,projgauss,jitter,0.25,1,7,0.1,0.9,1,100,0.00014169897594114127,3529,0.09999999999999999,0.14169897594114125,0.014169897594114127,0.5611475859366555,0,7,-0.06328066285667452,1.2177714408829932,0.9999999999999984,1.0000000000000437,1.2177714408829932,0.0015263391511526059,0.004531271494976341,1.2025885462115895,0,0.0,0.0185549259185791
1,spectral,jitter,0.25,1,7,0.1,0.9,1,100,0.00014169897594114127,3529,0.09999999999999999,0.14169897594114125,0.014169897594114127,0.5611475859366555,0,7,-0.13475436144951045,1.339971774158573,1.0000000000000002,1.000000000000393,1.3399717741585728,0.0006134513828581528,0.0010829576742874686,1.2036187485968397,0,0.0,0.022970199584960938
1,spectralg,jitter,0.25,1,7,0.1,0.9,1,100,0.00014169897594114127,3529,0.09999999999999999,0.14169897594114125,0.014169897594114127,0.5611475859366555,0,7,-0.13475436144951045,1.339971774158573,1.0000000000000002,1.000000000000393,1.3399717741585728,0.0006134513828581528,0.0010829576742874686,1.2036187485968397,0,0.0,0.03877711296081543
1,molfe,jitter,0.25,1,7,0.1,0.9,1,100,0.00014169897594114127,3529,0.09999999999999999,0.14169897594114125,0.014169897594114127,0.5611475859366555,0,7,-0.013998025011358843,1.050589495297062,1.0311544009355897,2.919170744280088e+47,5.172587448230691e+133,inf,4123959.5220407103,4123959.62606162,1,0.0,0.00986027717590332
1,molrk3,jitter,0.25,1,7,0.1,0.9,1,100,0.00014169897594114127,3529,0.09999999999999999,0.14169897594114125,0.014169897594114127,0.5611475859366555,0,7,-0.01372265879599734,1.0506356972515245,1.0316447390108625,1.5702142610247496e+48,6.010883973769675e+135,inf,6007649.177557802,6007649.281578712,1,0.0,0.009780168533325195
1,maxent,jitter,0.25,1,7,0.1,0.9,1,100,0.00014169897594114127,3529,0.09999999999999999,0.14169897594114125,0.014169897594114127,0.5611475859366555,0,7,3.0266572358580454e-09,1.0000000000000004,1.0000000000000027,1.000000000000133,1.0000000000003197,0.00012576410405473748,0.0003326112283907334,1.203607378479726,0,0.0,0.3220491409301758
1,lp,jitter,0.25,1,7,0.1,0.9,1,100,0.00014169897594114127,3529,0.09999999999999999,0.14169897594114125,0.014169897594114127,0.5611475859366555,0,7,0.0,1.0000000000000002,1.0000000000000038,1.0000000000000264,1.0000000000000264,0.007478115145963608,0.0153600233444812,1.204372531716665,0,0.0,0.062280893325805664
1,lprand,jitter,0.25,1,7,0.1,0.9,1,100,0.00014169897594114127,3529,0.09999999999999999,0.14169897594114125,0.014169897594114127,0.5611475859366555,0,7,0.0,1.0000000000000002,0.9999999999999999,1.0000000000000742,1.0000000000001705,0.0022447025982555713,0.006570151525660595,1.2042814055108668,0,0.0,0.06048178672790527
1,maxentw,jitter,0.25,1,7,0.1,0.9,1,100,0.00014169897594114127,3529,0.09999999999999999,0.14169897594114125,0.014169897594114127,0.5611475859366555,0,7,3.0266572358580454e-09,1.0000000000000004,1.0000000000000027,1.000000000000133,1.0000000000003197,0.00012576410405473748,0.0003326112283907334,1.203607378479726,0,0.0,0.32489800453186035
1,minnorm,jitter,0.45,0,3,0.1,0.9,1,100,9.086853523292773e-06,55025,0.09999999999999999,0.009086853523292773,0.0009086853523292773,0.14210210353664543,0,3,-0.13067086103617756,1.2613417220723548,1.0000261265217008,48329.75895875878,48329.75895875878,28.462422161179823,28.462422161179823,28.44873435137449,1,0.0,0.12822890281677246
1,projgauss,jitter,0.45,0,3,0.1,0.9,1,100,9.086853523292773e-06,55025,0.09999999999999999,0.009086853523292773,0.0009086853523292773,0.14210210353664543,0,3,-0.13067086103617914,1.2613417220723586,1.0000261265214447,48329.736774842786,48329.736774842786,28.46242097224881,28.46242097224881,28.448733162443478,1,0.0,0.13936591148376465
1,spectral,jitter,0.45,0,3,0.1,0.9,1,100,9.086853523292773e-06,55025,0.09999999999999999,0.009086853523292773,0.0009086853523292773,0.14210210353664543,0,3,-0.13067086103617756,1.2613417220723548,1.0000261265217008,48329.75895875878,48329.75895875878,28.462422161179823,28.462422161179823,28.44873435137449,1,0.0,0.13884687423706055
1,spectralg,jitter,0.45,0,3,0.1,0.9,1,100,9.086853523292773e-06,55025,0.09999999999999999,0.009086853523292773,0.0009086853523292773,0.14210210353664543,0,3,-0.13067086103617756,1.2613417220723548,1.0000261265217008,48329.75895875878,48329.75895875878,28.462422161179823,28.462422161179823,28.44873435137449,1,0.0,0.13361310958862305
1,molfe,jitter,0.45,0,3,0.1,0.9,1,100,9.086853523292773e-06,55025,0.09999999999999999,0.009086853523292773,0.0009086853523292773,0.14210210353664543,0,3,-0.1306652547231947,1.2613305094463896,1.0000261281607488,48329.124354019266,48329.124354019266,28.462475872102793,28.462475872102793,28.44878806229746,1,0.0,0.13163495063781738
1,molrk3,jitter,0.45,0,3,0.1,0.9,1,100,9.086853523292773e-06,55025,0.09999999999999999,0.009086853523292773,0.0009086853523292773,0.14210210353664543,0,3,-0.1306708610361775,1.261341722072355,1.0000261255850225,48329.739247086014,48329.739247086014,28.4621813546768,28.4621813546768,28.448493544871468,1,0.0,0.14171385765075684
1,maxent,jitter,0.45,0,3,0.1,0.9,1,100,9.086853523292773e-06,55025,0.09999999999999999,0.009086853523292773,0.0009086853523292773,0.14210210353664543,14,3,-0.13067086103617756,1.2613417220723548,1.0000261265212846,48315.30839707661,48315.30839707661,28.46235995963498,28.46235995963498,28.448672149829648,1,0.0,1.0966978073120117
1,lp,jitter,0.45,0,3,0.1,0.9,1,100,9.086853523292773e-06,55025,0.09999999999999999,0.009086853523292773,0.0009086853523292773,0.14210210353664543,14,3,-0.13067086103617756,1.2613417220723548,1.0000261265214023,48329.76390051705,48329.76390051705,28.462421791495,28.462421791495,28.448733981689667,1,0.0,0.16524887084960938
1,lprand,jitter,0.45,0,3,0.1,0.9,1,100,9.086853523292773e-06,55025,0.09999999999999999,0.009086853523292773,0.0009086853523292773,0.14210210353664543,14,3,-0.13067086103617756,1.2613417220723548,1.0000261265214023,48329.76390051705,48329.76390051705,28.462421791495,28.462421791495,28.448733981689667,1,0.0,0.17497014999389648
1,maxentw,jitter,0.45,0,3,0.1,0.9,1,100,9.086853523292773e-06,55025,0.09999999999999999,0.009086853523292773,0.0009086853523292773,0.14210210353664543,0,5,1.0103541525729626e-43,1.0000000000000002,0.9999999999999974,1.0000000000024032,1.0000000000024032,0.0005111158534005164,0.0011358465843586685,1.2029190901850888,0,0.0,1.203517198562622
1,minnorm,jitter,0.45,0,5,0.1,0.9,1,100,9.086853523292773e-06,55025,0.09999999999999999,0.009086853523292773,0.0009086853523292773,0.14210210353664543,0,5,-0.19797475474486556,1.556760604226649,0.9999999999999984,1.0054141838463584,1.556760604226649,0.023556289037267295,0.05401539265278943,1.2047551763130295,0,0.0,0.1300978660583496
1,projgauss,jitter,0.45,0,5,0.1,0.9,1,100,9.086853523292773e-06,55025,0.09999999999999999,0.009086853523292773,0.0009086853523292773,0.14210210353664543,0,5,-0.15516175278664043,1.481922678981358,1.0000000000000009,1.001326056422627,1.4819226789813582,0.020771018988759465,0.048387732311171106,1.204660572467172,0,0.0,0.13703489303588867
1,spectral,jitter,0.45,0,5,0.1,0.9,1,100,9.086853523292773e-06,55025,0.09999999999999999,0.009086853523292773,0.0009086853523292773,0.14210210353664543,0,5,-0.037827942109052964,1.0891133771519856,1.0138237919946327,inf,inf,inf,593768698.5816599,593768699.4435774,1,0.0,0.02057814598083496
1,spectralg,jitter,0.45,0,5,0.1,0.9,1,100,9.086853523292773e-06,55025,0.09999999999999999,0.009086853523292773,0.0009086853523292773,0.14210210353664543,0,5,-0.037827942109052964,1.0891133771519856,1.0138237919946327,inf,inf,inf,593768698.5816599,593768699.4435774,1,0.0,0.031336069107055664
1,molfe,jitter,0.45,0,5,0.1,0.9,1,100,9.086853523292773e-06,55025,0.09999999999999999,0.009086853523292773,0.0009086853523292773,0.14210210353664543,0,5,-0.004786882487725656,1.0112319883669307,1.005122350712871,2.1677289607487406e+122,2.1677289607487406e+122,inf,6964810.115332895,6964809.295356292,1,0.0,0.02190685272216797
1,molrk3,jitter,0.45,0,5,0.1,0.9,1,100,9.086853523292773e-06,55025,0.09999999999999999,0.009086853523292773,0.0009086853523292773,0.14210210353664543,0,5,-0.0047571740057921206,1.0111795484307449,1.0051354923517295,4.450911212766039e+122,4.450911212766039e+122,inf,7396707.512291089,7396706.692314486,1,0.0,0.022591829299926758
1,maxent,jitter,0.45,0,5,0.1,0.9,1,100,9.086853523292773e-06,55025,0.09999999999999999,0.009086853523292773,0.0009086853523292773,0.14210210353664543,0,5,1.0103541525729626e-43,1.0000000000000002,1.0000000000000002,1.00000000000328,1.00000000000328,0.0005272763772137534,0.001162563637666314,1.2029189302229129,0,0.0,0.8727848529815674
1,lp,jitter,0.45,0,5,0.1,0.9,1,100,9.086853523292773e-06,55025,0.09999999999999999,0.009086853523292773,0.0009086853523292773,0.14210210353664543,0,5,0.0,1.0000000000000002,0.999999999999997,1.000000000000181,1.000000000000181,0.005426906400623646,0.011313344589673553,1.2035835045954097,0,0.0,0.17366313934326172
1,lprand,jitter,0.45,0,5,0.1,0.9,1,100,9.086853523292773e-06,55025,0.09999999999999999,0.009086853523292773,0.0009086853523292773,0.14210210353664543,0,5,0.0,1.0000000000000002,1.0,1.0000000000011786,1.0000000000011786,0.003753312281306792,0.006618195589771614,1.2028605125228988,0,0.0,0.18182778358459473
1,maxentw,jitter,0.45,0,5,0.1,0.9,1,100,9.086853523292773e-06,55025,0.09999999999999999,0.009086853523292773,0.0009086853523292773,0.14210210353664543,0,5,1.0103541525729626e-43,1.0000000000000002,1.0000000000000002,1.00000000000328,1.00000000000328,0.0005272763772137534,0.001162563637666314,1.2029189302229129,0,0.0,0.895435094833374
1,minnorm,jitter,0.45,0,7,0.1,0.9,1,100,9.086853523292773e-06,55025,0.09999999999999999,0.009086853523292773,0.0009086853523292773,0.14210210353664543,0,7,-0.1879252778461755,1.5202360015372336,0.9999999999999981,1.0000000000111318,1.5202360015372334,0.09390529411209486,0.19591305961775496,1.1687590945380093,0,0.0,0.1358940601348877
1,projgauss,jitter,0.45,0,7,0.1,0.9,1,100,9.086853523292773e-06,55025,0.09999999999999999,0.009086853523292773,0.0009086853523292773,0.14210210353664543,0,7,-0.10446307730759796,1.3368238201947071,1.0000000000000004,0.9999999999996437,1.3368238201947071,0.05032578755195004,0.12100851030528526,1.1797064825388026,0,0.0,0.14613580703735352
1,spectral,jitter,0.45,0,7,0.1,0.9,1,100,9.086853523292773e-06,55025,0.09999999999999999,0.009086853523292773,0.0009086853523292773,0.14210210353664543,0,7,-0.07765469990233187,1.1655272171382642,1.0000000000000004,1.3124447805947304,2.7740966349275857,0.0016195771333805953,0.009064054996380466,1.205208056162264,0,0.0,0.1521589756011963
1,spectralg,jitter,0.45,0,7,0.1,0.9,1,100,9.086853523292773e-06,55025,0.09999999999999999,0.009086853523292773,0.0009086853523292773,0.14210210353664543,0,7,-0.07765469990233187,1.1655272171382642,1.0000000000000004,1.3124447805947304,2.7740966349275857,0.0016195771333805953,0.009064054996380466,1.205208056162264,0,0.0,0.16484308242797852
1,molfe,jitter,0.45,0,7,0.1,0.9,1,100,9.086853523292773e-06,55025,0.09999999999999999,0.009086853523292773,0.0009086853523292773,0.14210210353664543,0,7,-0.0012437769090785124,1.0040156810805254,1.0020130550109672,2.1480038989002893e+48,2.1480038989002893e+48,inf,7724668.326198199,7724667.688825159,1,0.0,0.0377049446105957
1,molrk3,jitter,0.45,0,7,0.1,0.9,1,100,9.086853523292773e-06,55025,0.09999999999999999,0.009086853523292773,0.0009086853523292773,0.14210210353664543,0,7,-0.0012408866945202443,1.0040098301371003,1.0020150825658227,2.4010206457475307e+48,2.4010206457475307e+48,inf,7908472.787654472,7908472.150281432,1,0.0,0.03618931770324707
1,maxent,jitter,0.45,0,7,0.1,0.9,1,100,9.086853523292773e-06,55025,0.09999999999999999,0.009086853523292773,0.0009086853523292773,0.14210210353664543,0,7,3.036963877277877e-81,1.0000000000000004,1.0000000000000029,1.0000000000012088,1.0000000000012088,0.0005272712708999372,0.0011625562901212416,1.2029189296473646,0,0.0,0.7994921207427979
1,lp,jitter,0.45,0,7,0.1,0.9,1,100,9.086853523292773e-06,55025,0.09999999999999999,0.009086853523292773,0.0009086853523292773,0.14210210353664543,0,7,0.0,1.0000000000000002,1.000000000000001,1.0000000000008848,1.0000000000008848,0.009370725532585198,0.012990078034511618,1.2049048194861143,0,0.0,0.16445016860961914
1,lprand,jitter,0.45,0,7,0.1,0.9,1,100,9.086853523292773e-06,55025,0.09999999999999999,0.009086853523292773,0.0009086853523292773,0.14210210353664543,0,7,0.0,1.0000000000000002,0.9999999999999963,1.0000000000008724,1.0000000000008724,0.003046453452626399,0.004651135798971251,1.203871058541785,0,0.0,0.18364310264587402
1,maxentw,jitter,0.45,0,7,0.1,0.9,1,100,9.086853523292773e-06,55025,0.09999999999999999,0.009086853523292773,0.0009086853523292773,0.14210210353664543,0,7,3.036963877277877e-81,1.0000000000000004,1.0000000000000029,1.0000000000012088,1.0000000000012088,0.0005272712708999372,0.0011625562901212416,1.2029189296473646,0,0.0,0.7846169471740723
1,minnorm,jitter,0.45,1,3,0.1,0.9,1,100,1.9857410675391436e-05,25180,0.09999999999999999,0.019857410675391436,0.0019857410675391436,0.21006565468597582,0,3,-0.11140606547249583,1.2228121309449913,1.0000002721495236,18822.464676074815,18822.464676074815,21.038936895094487,21.038936895094487,21.076777419691087,1,0.0,0.05726003646850586
1,projgauss,jitter,0.45,1,3,0.1,0.9,1,100,1.9857410675391436e-05,25180,0.09999999999999999,0.019857410675391436,0.0019857410675391436,0.21006565468597582,0,3,-0.11140606547249604,1.222812130944992,1.00000020775881,18822.464531173195,18822.464531173195,21.0389368865546,21.0389368865546,21.0767774111512,1,0.0,0.06765317916870117
1,spectral,jitter,0.45,1,3,0.1,0.9,1,100,1.9857410675391436e-05,25180,0.09999999999999999,0.019857410675391436,0.0019857410675391436,0.21006565468597582,0,3,-0.11140606547249583,1.2228121309449913,1.0000002721495236,18822.464676074815,18822.464676074815,21.038936895094487,21.038936895094487,21.076777419691087,1,0.0,0.06529474258422852
1,spectralg,jitter,0.45,1,3,0.1,0.9,1,100,1.9857410675391436e-05,25180,0.09999999999999999,0.019857410675391436,0.0019857410675391436,0.21006565468597582,0,3,-0.11140606547249583,1.2228121309449913,1.0000002721495236,18822.464676074815,18822.464676074815,21.038936895094487,21.038936895094487,21.076777419691087,1,0.0,0.07519316673278809
1,molfe,jitter,0.45,1,3,0.1,0.9,1,100,1.9857410675391436e-05,25180,0.09999999999999999,0.019857410675391436,0.0019857410675391436,0.21006565468597582,0,3,-0.11139564677795404,1.2227912935559082,1.0000002067310074,18821.940043329323,18821.940043329323,21.038747515714693,21.038747515714693,21.076588040311293,1,0.0,0.0681149959564209
1,molrk3,jitter,0.45,1,3,0.1,0.9,1,100,1.9857410675391436e-05,25180,0.09999999999999999,0.019857410675391436,0.0019857410675391436,0.21006565468597582,0,3,-0.11140606547249572,1.2228121309449915,1.0000002998732074,18822.464510861868,18822.464510861868,21.039178915395333,21.039178915395333,21.077019439991933,1,0.0,0.06660127639770508
1,maxent,jitter,0.45,1,3,0.1,0.9,1,100,1.9857410675391436e-05,25180,0.09999999999999999,0.019857410675391436,0.0019857410675391436,0.21006565468597582,11,3,-0.11140606547249583,1.2228121309449913,1.0000002005349393,18822.46448344289,18822.46448344289,21.0389344854251,21.0389344854251,21.0767750100217,1,0.0,0.6115612983703613
1,lp,jitter,0.45,1,3,0.1,0.9,1,100,1.9857410675391436e-05,25180,0.09999999999999999,0.019857410675391436,0.0019857410675391436,0.21006565468597582,11,3,-0.11140606547249583,1.2228121309449913,1.0000001638940332,18822.464499150854,18822.464499150854,21.038936897888988,21.038936897888988,21.076777422485588,1,0.0,0.10722994804382324
1,lprand,jitter,0.45,1,3,0.1,0.9,1,100,1.9857410675391436e-05,25180,0.09999999999999999,0.019857410675391436,0.0019857410675391436,0.21006565468597582,11,3,-0.11140606547249583,1.2228121309449913,1.000000259607678,18822.464499150854,18822.464499150854,21.038936897872155,21.038936897872155,21.076777422468755,1,0.0,0.10862517356872559
1,maxentw,jitter,0.45,1,3,0.1,0.9,1,100,1.9857410675391436e-05,25180,0.09999999999999999,0.019857410675391436,0.0019857410675391436,0.21006565468597582,0,5,4.872160953945017e-13,1.0000000000000002,0.999999999999997,1.000000000001263,1.000000000001263,0.0004445483201857281,0.001102123176502684,1.2029793845422787,0,0.0,0.6780948638916016
1,minnorm,jitter,0.45,1,5,0.1,0.9,1,100,1.9857410675391436e-05,25180,0.09999999999999999,0.019857410675391436,0.0019857410675391436,0.21006565468597582,0,5,-0.18321616761297513,1.520060624409696,0.9999999999999993,0.9999999999920443,1.5200606244096957,0.014243575715355367,0.029863813237675063,1.200665604613478,0,0.0,0.07147622108459473
1,projgauss,jitter,0.45,1,5,0.1,0.9,1,100,1.9857410675391436e-05,25180,0.09999999999999999,0.019857410675391436,0.0019857410675391436,0.21006565468597582,0,5,-0.1553820339797467,1.4573328314011655,0.9999999999999991,0.9999999999987561,1.4609466930488417,0.012596049556108976,0.02582990541739949,1.201354460884457,0,0.0,0.07065296173095703
1,spectral,jitter,0.45,1,5,0.1,0.9,1,100,1.9857410675391436e-05,25180,0.09999999999999999,0.019857410675391436,0.0019857410675391436,0.21006565468597582,0,5,-0.06909291533994025,1.1381858306798796,1.0145506076508801,2.7899776044614275e+158,2.7899776044614275e+158,inf,592017102.5310378,592017103.5014594,1,0.0,0.016788005828857422
1,spectralg,jitter,0.45,1,5,0.1,0.9,1,100,1.9857410675391436e-05,25180,0.09999999999999999,0.019857410675391436,0.0019857410675391436,0.21006565468597582,0,5,-0.06909291533994025,1.1381858306798796,1.0145506076508801,2.7899776044614275e+158,2.7899776044614275e+158,inf,592017102.5310378,592017103.5014594,1,0.0,0.03026413917541504
1,molfe,jitter,0.45,1,5,0.1,0.9,1,100,1.9857410675391436e-05,25180,0.09999999999999999,0.019857410675391436,0.0019857410675391436,0.21006565468597582,0,5,-0.008845010853433229,1.0235926447030537,1.0101389198600663,3.259105093027438e+110,3.259105093027438e+110,inf,3429386.7255280307,3429387.4704694306,1,0.0,0.014645099639892578
1,molrk3,jitter,0.45,1,5,0.1,0.9,1,100,1.9857410675391436e-05,25180,0.09999999999999999,0.019857410675391436,0.0019857410675391436,0.21006565468597582,0,5,-0.008763659527515073,1.0234522106963364,1.0101904924176373,1.1786827878093933e+111,1.1786827878093933e+111,inf,3875752.0222660857,3875752.7672074856,1,0.0,0.014860868453979492
1,maxent,jitter,0.45,1,5,0.1,0.9,1,100,1.9857410675391436e-05,25180,0.09999999999999999,0.019857410675391436,0.0019857410675391436,0.21006565468597582,0,5,1.0437067681480195e-27,1.0000000000000004,0.9999999999999962,1.0000000000023967,1.0000000000023967,0.0004284995837260941,0.0010845196520062883,1.2029800117383864,0,0.0,0.6412918567657471
1,lp,jitter,0.45,1,5,0.1,0.9,1,100,1.9857410675391436e-05,25180,0.09999999999999999,0.019857410675391436,0.0019857410675391436,0.21006565468597582,0,5,0.0,1.0000000000000002,1.0000000000000007,1.0000000000000488,1.0000000000001152,0.004815039471101661,0.01061909742504065,1.2035735423760603,0,0.0,0.11241793632507324
1,lprand,jitter,0.45,1,5,0.1,0.9,1,100,1.9857410675391436e-05,25180,0.09999999999999999,0.019857410675391436,0.0019857410675391436,0.21006565468597582,0,5,0.0,1.0000000000000002,0.9999999999999989,0.999999999999755,1.0000000000000278,0.0017732204592670886,0.0031639430904324417,1.2033244432117793,0,0.0,0.10529375076293945
1,maxentw,jitter,0.45,1,5,0.1,0.9,1,100,1.9857410675391436e-05,25180,0.09999999999999999,0.019857410675391436,0.0019857410675391436,0.21006565468597582,0,5,1.0437067681480195e-27,1.0000000000000004,0.9999999999999962,1.0000000000023967,1.0000000000023967,0.0004284995837260941,0.0010845196520062883,1.2029800117383864,0,0.0,0.6377818584442139
1,minnorm,jitter,0.45,1,7,0.1,0.9,1,100,1.9857410675391436e-05,25180,0.09999999999999999,0.019857410675391436,0.0019857410675391436,0.21006565468597582,0,7,-0.16236601392970432,1.5132663703700417,1.0000000000000067,1.0000000000004923,1.5132663703700417,0.09764656430950316,0.19111087023466744,1.1681353815826983,0,0.0,0.06888818740844727
1,projgauss,jitter,0.45,1,7,0.1,0.9,1,100,1.9857410675391436e-05,25180,0.09999999999999999,0.019857410675391436,0.0019857410675391436,0.21006565468597582,0,7,-0.10815584424649184,1.3349912692478911,1.0000000000000007,1.0000000000005118,1.3349912692478911,0.05516272521428653,0.10226284881541992,1.1868666715548062,0,0.0,0.06659126281738281
1,spectral,jitter,0.45,1,7,0.1,0.9,1,100,1.9857410675391436e-05,25180,0.09999999999999999,0.019857410675391436,0.0019857410675391436,0.21006565468597582,0,7,-0.093465491391022,1.191823408555864,0.999999999999996,1.054011552222249,1.9149802376884193,0.010019307467214064,0.01732353502222239,1.207328490685273,0,0.0,0.07356595993041992
1,spectralg,jitter,0.45,1,7,0.1,0.9,1,100,1.9857410675391436e-05,25180,0.09999999999999999,0.019857410675391436,0.0019857410675391436,0.21006565468597582,0,7,-0.093465491391022,1.191823408555864,0.999999999999996,1.054011552222249,1.9149802376884193,0.010019307467214064,0.01732353502222239,1.207328490685273,0,0.0,0.08574080467224121
1,molfe,jitter,0.45,1,7,0.1,0.9,1,100,1.9857410675391436e-05,25180,0.09999999999999999,0.019857410675391436,0.0019857410675391436,0.21006565468597582,0,7,-0.00269433484348067,1.0088598523305135,1.0044931578472385,2.2124120358920502e+49,2.2124120358920502e+49,inf,2062554.1121098069,2062553.794467071,1,0.0,0.019898176193237305
1,molrk3,jitter,0.45,1,7,0.1,0.9,1,100,1.9857410675391436e-05,25180,0.09999999999999999,0.019857410675391436,0.0019857410675391436,0.21006565468597582,0,7,-0.0026823655458559446,1.0088404322123374,1.0045032671992895,2.85059738590253e+49,2.85059738590253e+49,inf,2179456.3942406564,2179456.0765979206,1,0.0,0.01882624626159668
1,maxent,jitter,0.45,1,7,0.1,0.9,1,100,1.9857410675391436e-05,25180,0.09999999999999999,0.019857410675391436,0.0019857410675391436,0.21006565468597582,0,7,1.1972450032568181e-52,1.0000000000000004,1.000000000000002,1.000000000001464,1.000000000001464,0.000428469086739873,0.001084439779498625,1.202980009534436,0,0.0,0.6729412078857422
1,lp,jitter,0.45,1,7,0.1,0.9,1,100,1.9857410675391436e-05,25180,0.09999999999999999,0.019857410675391436,0.0019857410675391436,0.21006565468597582,0,7,0.0,1.0000000000000002,0.9999999999999966,1.0000000000002285,1.0000000000002285,0.008133220256709222,0.015254201184904177,1.2051021534830475,0,0.0,0.11184906959533691
1,lprand,jitter,0.45,1,7,0.1,0.9,1,100,1.9857410675391436e-05,25180,0.09999999999999999,0.019857410675391436,0.0019857410675391436,0.21006565468597582,0,7,0.0,1.0000000000000002,1.0000000000000009,1.0000000000007763,1.0000000000007763,0.001531806297467608,0.004836544943072951,1.2037045510146087,0,0.0,0.11317896842956543
1,maxentw,jitter,0.45,1,7,0.1,0.9,1,100,1.9857410675391436e-05,25180,0.09999999999999999,0.019857410675391436,0.0019857410675391436,0.21006565468597582,0,7,1.1972450032568181e-52,1.0000000000000004,1.000000000000002,1.000000000001464,1.000000000001464,0.000428469086739873,0.001084439779498625,1.202980009534436,0,0.0,0.6801059246063232
1,minnorm,random,0.0,0,3,0.1,0.9,1,100,3.210978952674466e-05,15572,0.09999999999999999,0.03210978952674466,0.003210978952674466,0.267123731325411,0,3,-0.8845179207988951,2.7690358415977903,1.1115810337091312,nan,1.8190870741393905e+47,inf,23949438998.45209,23949438998.25402,1,0.0,0.008159875869750977
1,projgauss,random,0.0,0,3,0.1,0.9,1,100,3.210978952674466e-05,15572,0.09999999999999999,0.03210978952674466,0.003210978952674466,0.267123731325411,0,3,-0.8845179207988956,2.769035841597791,1.111581033709133,nan,1.8190870741409758e+47,inf,23949439001.466484,23949439001.268414,1,0.0,0.009484052658081055
1,spectral,random,0.0,0,3,0.1,0.9,1,100,3.210978952674466e-05,15572,0.09999999999999999,0.03210978952674466,0.003210978952674466,0.267123731325411,0,3,-0.8845179207988951,2.7690358415977903,1.1115810337091312,nan,1.8190870741393905e+47,inf,23949438998.45209,23949438998.25402,1,0.0,0.00840902328491211
1,spectralg,random,0.0,0,3,0.1,0.9,1,100,3.210978952674466e-05,15572,0.09999999999999999,0.03210978952674466,0.003210978952674466,0.267123731325411,0,3,-0.8845179207988951,2.7690358415977903,1.1115810337091312,nan,1.8190870741393905e+47,inf,23949438998.45209,23949438998.25402,1,0.0,0.008103132247924805
1,molfe,random,0.0,0,3,0.1,0.9,1,100,3.210978952674466e-05,15572,0.09999999999999999,0.03210978952674466,0.003210978952674466,0.267123731325411,0,3,-0.8843797102410327,2.7687594204820654,1.1115616866905833,nan,1.7876996122697909e+47,inf,23820151203.52506,23820151203.32699,1,0.0,0.00799107551574707
1,molrk3,random,0.0,0,3,0.1,0.9,1,100,3.210978952674466e-05,15572,0.09999999999999999,0.03210978952674466,0.003210978952674466,0.267123731325411,0,3,-0.8845179207989027,2.7690358415978062,1.1180161079694046,nan,5.845022640326395e+49,inf,144195403823.36807,144195403823.17,1,0.0,0.00788569450378418
1,maxent,random,0.0,0,3,0.1,0.9,1,100,3.210978952674466e-05,15572,0.09999999999999999,0.03210978952674466,0.003210978952674466,0.267123731325411,36,3,-0.8845179207988951,2.7690358415977903,1.1115810337091252,nan,1.8190870741394337e+47,inf,23949438999.792225,23949438999.594154,1,0.0,0.844642162322998
1,lp,random,0.0,0,3,0.1,0.9,1,100,3.210978952674466e-05,15572,0.09999999999999999,0.03210978952674466,0.003210978952674466,0.267123731325411,36,3,-0.8845179207988951,2.7690358415977903,1.1115810337091276,nan,1.8190870741394354e+47,inf,23949438999.97312,23949438999.77505,1,0.0,0.04762697219848633
1,lprand,random,0.0,0,3,0.1,0.9,1,100,3.210978952674466e-05,15572,0.09999999999999999,0.03210978952674466,0.003210978952674466,0.267123731325411,36,3,-0.8845179207988951,2.7690358415977903,1.1115810337091283,nan,1.8190870741394567e+47,inf,23949438999.703495,23949438999.505424,1,0.0,0.04820609092712402
1,maxentw,random,0.0,0,3,0.1,0.9,1,100,3.210978952674466e-05,15572,0.09999999999999999,0.03210978952674466,0.003210978952674466,0.267123731325411,0,7,6.177652213454385e-34,1.0000000000000002,0.999999999999997,1.0000000000008042,1.0000000000008042,0.0015147336319502602,0.0038966298746991868,1.2030685589805674,0,0.0,1.0644230842590332
1,minnorm,random,0.0,0,5,0.1,0.9,1,100,3.210978952674466e-05,15572,0.09999999999999999,0.03210978952674466,0.003210978952674466,0.267123731325411,0,5,-0.26695464750646153,1.5728961035052254,1.000000041859833,611.9913072578886,611.9913072578886,5.724181640979685,5.724181640979685,5.7228333866812315,0,0.0,0.04044079780578613
1,projgauss,random,0.0,0,5,0.1,0.9,1,100,3.210978952674466e-05,15572,0.09999999999999999,0.03210978952674466,0.003210978952674466,0.267123731325411,0,5,-0.23549845464121869,1.5881002978863392,1.0000000691160416,620.9692161028404,620.9692161028404,5.68590437878385,5.68590437878385,5.684556124485397,0,0.0,0.04116201400756836
1,spectral,random,0.0,0,5,0.1,0.9,1,100,3.210978952674466e-05,15572,0.09999999999999999,0.03210978952674466,0.003210978952674466,0.267123731325411,0,5,-0.9299230074920557,3.5382070246147586,1.0000002117456204,3654.298075353501,3654.298075353501,5.62001047810764,5.62001047810764,5.618662223809187,0,0.0,0.04994010925292969
1,spectralg,random,0.0,0,5,0.1,0.9,1,100,3.210978952674466e-05,15572,0.09999999999999999,0.03210978952674466,0.003210978952674466,0.267123731325411,0,5,-0.9299230074920557,3.5382070246147586,1.0000002141507498,3654.298075353501,3654.298075353501,5.62001047810764,5.62001047810764,5.618662223809187,0,0.0,0.05756115913391113
1,molfe,random,0.0,0,5,0.1,0.9,1,100,3.210978952674466e-05,15572,0.09999999999999999,0.03210978952674466,0.003210978952674466,0.267123731325411,0,5,-0.03758952601612965,1.1579007657439886,1.0130226009554457,8.74554290946126e+87,8.74554290946126e+87,inf,11776413.018988425,11776412.260941193,1,0.0,0.012906074523925781
1,molrk3,random,0.0,0,5,0.1,0.9,1,100,3.210978952674466e-05,15572,0.09999999999999999,0.03210978952674466,0.003210978952674466,0.267123731325411,0,5,-0.03674204179062773,1.1553975335624953,1.0131077631030354,3.2381467833513575e+88,3.2381467833513575e+88,inf,13776465.770163305,13776465.012116073,1,0.0,0.01226496696472168
1,maxent,random,0.0,0,5,0.1,0.9,1,100,3.210978952674466e-05,15572,0.09999999999999999,0.03210978952674466,0.003210978952674466,0.267123731325411,2,5,-0.22227635931135786,1.5728961035052254,1.0000000326286476,632.3141954344301,632.3141954344301,5.721135530623337,5.721135530623337,5.719787276324883,0,0.0,0.3123159408569336
1,lp,random,0.0,0,5,0.1,0.9,1,100,3.210978952674466e-05,15572,0.09999999999999999,0.03210978952674466,0.003210978952674466,0.267123731325411,2,5,-0.22227635931135786,1.5728961035052254,1.0000000541826666,667.0462186306122,667.0462186306122,5.748973338264997,5.748973338264997,5.747625083966543,0,0.0,0.08931088447570801
1,lprand,random,0.0,0,5,0.1,0.9,1,100,3.210978952674466e-05,15572,0.09999999999999999,0.03210978952674466,0.003210978952674466,0.267123731325411,2,5,-0.22227635931135786,1.5728961035052254,1.0000000955774466,626.5588012679837,626.5588012679837,5.7586928754427245,5.7586928754427245,5.757344621144271,0,0.0,0.08627676963806152
1,maxentw,random,0.0,0,5,0.1,0.9,1,100,3.210978952674466e-05,15572,0.09999999999999999,0.03210978952674466,0.003210978952674466,0.267123731325411,0,7,6.177652213454385e-34,1.0000000000000004,1.0000000000000024,1.000000000000645,1.000000000000645,0.0014748043164682367,0.0038669706574477325,1.2030643717638365,0,0.0,0.3398010730743408
1,minnorm,random,0.0,0,7,0.1,0.9,1,100,3.210978952674466e-05,15572,0.09999999999999999,0.03210978952674466,0.003210978952674466,0.267123731325411,0,7,-0.2060211971005557,1.6121429010651451,0.9999999999999998,1.0038203708709335,2.0684483578699506,0.08334412080691116,0.17029052412540147,1.1738505806580892,0,0.0,0.04306817054748535
1,projgauss,random,0.0,0,7,0.1,0.9,1,100,3.210978952674466e-05,15572,0.09999999999999999,0.03210978952674466,0.003210978952674466,0.267123731325411,0,7,-0.1656114559569924,1.4437498972540472,1.0000000000000029,0.9999999999999865,1.5055085922985927,0.040098268324766664,0.09698735698927607,1.191326332470792,0,0.0,0.03936004638671875
1,spectral,random,0.0,0,7,0.1,0.9,1,100,3.210978952674466e-05,15572,0.09999999999999999,0.03210978952674466,0.003210978952674466,0.267123731325411,0,7,-0.8533322035531323,3.4231777245840105,0.9999999999999954,1.7113259541570172,8.260049732224983,0.010223526860422785,0.027932098108595538,1.2036955837338152,0,0.0,0.05499601364135742
1,spectralg,random,0.0,0,7,0.1,0.9,1,100,3.210978952674466e-05,15572,0.09999999999999999,0.03210978952674466,0.003210978952674466,0.267123731325411,0,7,-0.8533322035531323,3.4231777245840105,1.000000000000002,1.7117286362369912,8.260049732224983,0.009631715275447782,0.027834896156435973,1.2036855954918158,0,0.0,0.06842875480651855
1,molfe,random,0.0,0,7,0.1,0.9,1,100,3.210978952674466e-05,15572,0.09999999999999999,0.03210978952674466,0.003210978952674466,0.267123731325411,0,7,-0.013533710779493746,1.0494893206437403,1.007240850254314,1.4714888030232772e+49,1.4714888030232772e+49,inf,7740149.947660622,7740150.607802112,1,0.0,0.01742267608642578
1,molrk3,random,0.0,0,7,0.1,0.9,1,100,3.210978952674466e-05,15572,0.09999999999999999,0.03210978952674466,0.003210978952674466,0.267123731325411,0,7,-0.013222728176195757,1.048891142808967,1.0072671284833765,2.2089831004921602e+49,2.2089831004921602e+49,inf,8462727.023753054,8462727.683894545,1,0.0,0.014473915100097656
1,maxent,random,0.0,0,7,0.1,0.9,1,100,3.210978952674466e-05,15572,0.09999999999999999,0.03210978952674466,0.003210978952674466,0.267123731325411,0,7,6.116538727495988e-51,1.0000000000000004,0.9999999999999984,1.0000000000007236,1.0000000000007236,0.001436099918954832,0.0038688139661310905,1.2030745661214743,0,0.0,0.5654959678649902
1,lp,random,0.0,0,7,0.1,0.9,1,100,3.210978952674466e-05,15572,0.09999999999999999,0.03210978952674466,0.003210978952674466,0.267123731325411,0,7,0.0,1.0000000000000002,1.0000000000000018,1.000000000000482,1.000000000000482,0.010989440217452476,0.020633428366080814,1.2028709344637878,0,0.0,0.08928298950195312
1,lprand,random,0.0,0,7,0.1,0.9,1,100,3.210978952674466e-05,15572,0.09999999999999999,0.03210978952674466,0.003210978952674466,0.267123731325411,0,7,0.0,1.0000000000000002,0.9999999999999998,1.0000000000002496,1.0000000000002496,0.000664912817434471,0.004269103713104183,1.2038361103446404,0,0.0,0.08944511413574219
1,maxentw,random,0.0,0,7,0.1,0.9,1,100,3.210978952674466e-05,15572,0.09999999999999999,0.03210978952674466,0.003210978952674466,0.267123731325411,0,7,6.116538727495988e-51,1.0000000000000004,0.9999999999999984,1.0000000000007236,1.0000000000007236,0.001436099918954832,0.0038688139661310905,1.2030745661214743,0,0.0,0.5589580535888672
1,minnorm,random,0.0,1,3,0.1,0.9,1,100,3.9715644509288185e-05,12590,0.09999999999999999,0.03971564450928819,0.003971564450928818,0.29708077655482557,0,3,-0.6549257446826342,2.309851489365268,1.0934915626353225,nan,6.156426815130079e+39,inf,2564044398640080.0,2564044398640080.0,1,0.0,0.007330894470214844
1,projgauss,random,0.0,1,3,0.1,0.9,1,100,3.9715644509288185e-05,12590,0.09999999999999999,0.03971564450928819,0.003971564450928818,0.29708077655482557,0,3,-0.6549257446826342,2.309851489365268,1.093491562635323,nan,6.156426815132342e+39,inf,2564044398302828.5,2564044398302828.5,1,0.0,0.009238958358764648
1,spectral,random,0.0,1,3,0.1,0.9,1,100,3.9715644509288185e-05,12590,0.09999999999999999,0.03971564450928819,0.003971564450928818,0.29708077655482557,0,3,-0.6549257446826342,2.309851489365268,1.0934915626353225,nan,6.156426815130079e+39,inf,2564044398640080.0,2564044398640080.0,1,0.0,0.008829116821289062
1,spectralg,random,0.0,1,3,0.1,0.9,1,100,3.9715644509288185e-05,12590,0.09999999999999999,0.03971564450928819,0.003971564450928818,0.29708077655482557,0,3,-0.6549257446826342,2.309851489365268,1.0934915626353225,nan,6.156426815130079e+39,inf,2564044398640080.0,2564044398640080.0,1,0.0,0.008747100830078125
1,molfe,random,0.0,1,3,0.1,0.9,1,100,3.9715644509288185e-05,12590,0.09999999999999999,0.03971564450928819,0.003971564450928818,0.29708077655482557,0,3,-0.654791086550899,2.3095821731017985,1.0934746743892898,nan,6.062094983757282e+39,inf,2544229521974739.0,2544229521974739.0,1,0.0,0.007818937301635742
1,molrk3,random,0.0,1,3,0.1,0.9,1,100,3.9715644509288185e-05,12590,0.09999999999999999,0.03971564450928819,0.003971564450928818,0.29708077655482557,0,3,-0.6244357848844939,2.248871569768988,1.097979554489787,nan,3.699533620888754e+41,inf,1296378.7681059174,1296378.9497771708,1,0.0,0.008373022079467773
1,maxent,random,0.0,1,3,0.1,0.9,1,100,3.9715644509288185e-05,12590,0.09999999999999999,0.03971564450928819,0.003971564450928818,0.29708077655482557,35,3,-0.6549257446826342,2.309851489365268,1.0934915626353225,nan,6.156426815130118e+39,inf,2564044398559133.0,2564044398559133.0,1,0.0,0.7755813598632812
1,lp,random,0.0,1,3,0.1,0.9,1,100,3.9715644509288185e-05,12590,0.09999999999999999,0.03971564450928819,0.003971564450928818,0.29708077655482557,35,3,-0.6549257446826342,2.309851489365268,1.0934915626353225,nan,6.156426815130095e+39,inf,2564044398614268.5,2564044398614268.5,1,0.0,0.04906606674194336
1,lprand,random,0.0,1,3,0.1,0.9,1,100,3.9715644509288185e-05,12590,0.09999999999999999,0.03971564450928819,0.003971564450928818,0.29708077655482557,35,3,-0.6549257446826342,2.309851489365268,1.0934915626353225,nan,6.156426815130097e+39,inf,2564044398614721.5,2564044398614721.5,1,0.0,0.04689502716064453
1,maxentw,random,0.0,1,3,0.1,0.9,1,100,3.9715644509288185e-05,12590,0.09999999999999999,0.03971564450928819,0.003971564450928818,0.29708077655482557,0,7,9.27501117446469e-46,1.0000000000000004,1.0,1.000000000000419,1.000000000000419,0.0030277923839767823,0.009969653146275292,1.2033555071519615,0,0.0,1.0929498672485352
1,minnorm,random,0.0,1,5,0.1,0.9,1,100,3.9715644509288185e-05,12590,0.09999999999999999,0.03971564450928819,0.003971564450928818,0.29708077655482557,0,5,-0.2401331440136934,1.6981157793789174,1.0001158561574706,1746.1960031592828,1746.1960031592828,21.00211984577228,21.00211984577228,21.048904586327986,1,0.0,0.037652015686035156
1,projgauss,random,0.0,1,5,0.1,0.9,1,100,3.9715644509288185e-05,12590,0.09999999999999999,0.03971564450928819,0.003971564450928818,0.29708077655482557,0,5,-0.2686727829867114,1.7189386045351738,1.0001140507288147,1640.363556316398,1640.363556316398,20.982809579318076,20.982809579318076,21.02959431987378,1,0.0,0.03808093070983887
1,spectral,random,0.0,1,5,0.1,0.9,1,100,3.9715644509288185e-05,12590,0.09999999999999999,0.03971564450928819,0.003971564450928818,0.29708077655482557,0,5,-1.145065616336448,5.332369347415131,1.0001088206214936,7995.134736867669,7995.134736867669,20.799302973044387,20.799302973044387,20.84608771360009,1,0.0,0.04533219337463379
1,spectralg,random,0.0,1,5,0.1,0.9,1,100,3.9715644509288185e-05,12590,0.09999999999999999,0.03971564450928819,0.003971564450928818,0.29708077655482557,0,5,-1.145065616336448,5.332369347415131,1.0001086813900344,7947.9641750560695,7947.9641750560695,20.7717569681983,20.7717569681983,20.818541708754005,1,0.0,0.056947946548461914
1,molfe,random,0.0,1,5,0.1,0.9,1,100,3.9715644509288185e-05,12590,0.09999999999999999,0.03971564450928819,0.003971564450928818,0.29708077655482557,0,5,-0.08502360470623259,1.3117616858782633,1.0047832975685775,2.1025409501851454e+27,2.1025409501851454e+27,inf,1047101.6871213174,1047101.8708112257,1,0.0,0.019366979598999023
1,molrk3,random,0.0,1,5,0.1,0.9,1,100,3.9715644509288185e-05,12590,0.09999999999999999,0.03971564450928819,0.003971564450928818,0.29708077655482557,0,5,-0.08368981265115785,1.3055612171351365,1.004794755776649,2.427150323186065e+27,2.427150323186065e+27,inf,1099298.5828763873,1099298.7665662956,1,0.0,0.01839303970336914
1,maxent,random,0.0,1,5,0.1,0.9,1,100,3.9715644509288185e-05,12590,0.09999999999999999,0.03971564450928819,0.003971564450928818,0.29708077655482557,7,5,-0.2401331440136934,1.6981157793789174,1.000109759666197,1625.2118285052356,1625.2118285052356,20.802733303745416,20.802733303745416,20.84951804430112,1,0.0,0.6675560474395752
1,lp,random,0.0,1,5,0.1,0.9,1,100,3.9715644509288185e-05,12590,0.09999999999999999,0.03971564450928819,0.003971564450928818,0.29708077655482557,7,5,-0.2401331440136934,1.6981157793789174,1.0001096367073337,1733.2303164685018,1733.2303164685018,20.824395978349692,20.824395978349692,20.871180718905396,1,0.0,0.07886409759521484
1,lprand,random,0.0,1,5,0.1,0.9,1,100,3.9715644509288185e-05,12590,0.09999999999999999,0.03971564450928819,0.003971564450928818,0.29708077655482557,7,5,-0.2401331440136934,1.6981157793789174,1.0001095607503223,3583.207190750489,3583.207190750489,20.775737609795893,20.775737609795893,20.822522350351598,1,0.0,0.08270072937011719
1,maxentw,random,0.0,1,5,0.1,0.9,1,100,3.9715644509288185e-05,12590,0.09999999999999999,0.03971564450928819,0.003971564450928818,0.29708077655482557,0,7,9.27501117446469e-46,1.0000000000000004,1.0000000000000004,1.0000000000005123,1.0000000000005123,0.0030276249024281943,0.009986134425032822,1.2033528657277548,0,0.0,0.6907258033752441
1,minnorm,random,0.0,1,7,0.1,0.9,1,100,3.9715644509288185e-05,12590,0.09999999999999999,0.03971564450928819,0.003971564450928818,0.29708077655482557,0,7,-0.2201329561325895,1.5944040689967367,0.9999999999999991,1.0000000000000604,1.8098601749543493,0.02798093510004837,0.11771717513468283,1.22759095835967,0,0.0,0.034657955169677734
1,projgauss,random,0.0,1,7,0.1,0.9,1,100,3.9715644509288185e-05,12590,0.09999999999999999,0.03971564450928819,0.003971564450928818,0.29708077655482557,0,7,-0.16064582956437445,1.4368248182580707,1.000000000000001,1.0000000000000953,1.4619289253788286,0.014036531270729916,0.05816135583798687,1.2099224588015294,0,0.0,0.03756999969482422
1,spectral,random,0.0,1,7,0.1,0.9,1,100,3.9715644509288185e-05,12590,0.09999999999999999,0.03971564450928819,0.003971564450928818,0.29708077655482557,0,7,-1.4642915086151813,5.978014048149393,0.9999999999999991,1.6839345866517201,12.77819491597081,0.009820956917870327,0.02253175437109356,1.2063201488899757,0,0.0,0.04119515419006348
1,spectralg,random,0.0,1,7,0.1,0.9,1,100,3.9715644509288185e-05,12590,0.09999999999999999,0.03971564450928819,0.003971564450928818,0.29708077655482557,0,7,-1.4642915086151813,5.978014048149393,0.9999999999999991,1.6839345866517201,12.77819491597081,0.009820956917870327,0.02253175437109356,1.2063201488899757,0,0.0,0.05499577522277832
1,molfe,random,0.0,1,7,0.1,0.9,1,100,3.9715644509288185e-05,12590,0.09999999999999999,0.03971564450928819,0.003971564450928818,0.29708077655482557,0,7,-0.013767089715228319,1.0619086354353846,1.0100111159909646,9.173217443497997e+54,9.173217443497997e+54,inf,4450591.037050251,4450591.137743494,1,0.0,0.011750221252441406
1,molrk3,random,0.0,1,7,0.1,0.9,1,100,3.9715644509288185e-05,12590,0.09999999999999999,0.03971564450928819,0.003971564450928818,0.29708077655482557,0,7,-0.01354682605912776,1.0607225811203413,1.010061394435745,1.7167255711859393e+55,1.7167255711859393e+55,inf,4980286.058183864,4980286.158877106,1,0.0,0.013128995895385742
1,maxent,random,0.0,1,7,0.1,0.9,1,100,3.9715644509288185e-05,12590,0.09999999999999999,0.03971564450928819,0.003971564450928818,0.29708077655482557,0,7,3.687091319833376e-91,1.0000000000000004,1.0000000000000004,1.000000000000789,1.000000000000789,0.0030217603215591735,0.009985711322564428,1.2033514263930238,0,0.0,0.5030069351196289
1,lp,random,0.0,1,7,0.1,0.9,1,100,3.9715644509288185e-05,12590,0.09999999999999999,0.03971564450928819,0.003971564450928818,0.29708077655482557,0,7,0.0,1.0000000000000002,0.9999999999999998,1.0000000000001326,1.0000000000001326,0.009854945846048863,0.018675057351979274,1.205498416986192,0,0.0,0.08271098136901855
1,lprand,random,0.0,1,7,0.1,0.9,1,100,3.9715644509288185e-05,12590,0.09999999999999999,0.03971564450928819,0.003971564450928818,0.29708077655482557,0,7,0.0,1.0000000000000002,1.0000000000000013,1.0000000000000824,1.0000000000001006,0.0021882891102899676,0.00797789871065191,1.2042559382635774,0,0.0,0.07768106460571289
1,maxentw,random,0.0,1,7,0.1,0.9,1,100,3.9715644509288185e-05,12590,0.09999999999999999,0.03971564450928819,0.003971564450928818,0.29708077655482557,0,7,3.687091319833376e-91,1.0000000000000004,1.0000000000000004,1.000000000000789,1.000000000000789,0.0030217603215591735,0.009985711322564428,1.2033514263930238,0,0.0,0.5037260055541992
1,minnorm,jitter,0.0,0,3,0.03,0.9,1,100,0.0014999999999999695,334,0.33333333333333337,0.4499999999999908,0.14999999999999694,0.9999999999999898,0,3,0.07750000000000878,1.0000000000000002,1.0000000000000009,0.9999999999998876,1.0000000000000002,0.003333441331962006,0.003610386969905982,1.2715989940841512,0,0.0,0.008285045623779297
1,projgauss,jitter,0.0,0,3,0.03,0.9,1,100,0.0014999999999999695,334,0.33333333333333337,0.4499999999999908,0.14999999999999694,0.9999999999999898,0,3,0.0775000000000089,1.0,0.9999999999999987,0.9999999999999674,1.0,0.0033334413319523054,0.003610386969897947,1.2715989940841514,0,0.0,0.009220123291015625
1,spectral,jitter,0.0,0,3,0.03,0.9,1,100,0.0014999999999999695,334,0.33333333333333337,0.4499999999999908,0.14999999999999694,0.9999999999999898,0,3,0.07750000000000878,1.0000000000000002,1.0000000000000009,0.9999999999998876,1.0000000000000002,0.003333441331962006,0.003610386969905982,1.2715989940841512,0,0.0,0.00895380973815918
1,spectralg,jitter,0.0,0,3,0.03,0.9,1,100,0.0014999999999999695,334,0.33333333333333337,0.4499999999999908,0.14999999999999694,0.9999999999999898,0,3,0.07750000000000878,1.0000000000000002,1.0000000000000009,0.9999999999998876,1.0000000000000002,0.003333441331962006,0.003610386969905982,1.2715989940841512,0,0.0,0.008957862854003906
1,molfe,jitter,0.0,0,3,0.03,0.9,1,100,0.0014999999999999695,334,0.33333333333333337,0.4499999999999908,0.14999999999999694,0.9999999999999898,0,3,0.0,1.0,1.0000000000000033,0.9999999999999482,1.0,0.009798539300834186,0.009801152199409136,1.2722705730254387,0,0.0,0.008959293365478516
1,molrk3,jitter,0.0,0,3,0.03,0.9,1,100,0.0014999999999999695,334,0.33333333333333337,0.4499999999999908,0.14999999999999694,0.9999999999999898,0,3,0.0,1.0,0.9999999999999967,0.9999999999999455,1.0,0.0019335364235823216,0.0020929231708009255,1.2718231868666894,0,0.0,0.010000228881835938
1,maxent,jitter,0.0,0,3,0.03,0.9,1,100,0.0014999999999999695,334,0.33333333333333337,0.4499999999999908,0.14999999999999694,0.9999999999999898,0,3,0.07750000000000908,1.0,0.9999999999999999,1.0000000000000167,1.0000000000004485,0.003333441319344599,0.0036103869584723086,1.2715989940842323,0,0.0,1.847052812576294
1,lp,jitter,0.0,0,3,0.03,0.9,1,100,0.0014999999999999695,334,0.33333333333333337,0.4499999999999908,0.14999999999999694,0.9999999999999898,0,3,0.07750000000000905,1.0,1.0000000000000004,0.9999999999999977,1.0,0.003333441331949641,0.003610386969895768,1.2715989940841528,0,0.0,0.050306081771850586
1,lprand,jitter,0.0,0,3,0.03,0.9,1,100,0.0014999999999999695,334,0.33333333333333337,0.4499999999999908,0.14999999999999694,0.9999999999999898,0,3,0.07750000000000905,1.0,1.0000000000000004,0.9999999999999977,1.0,0.003333441331949641,0.003610386969895768,1.2715989940841528,0,0.0,0.050035953521728516
1,maxentw,jitter,0.0,0,3,0.03,0.9,1,100,0.0014999999999999695,334,0.33333333333333337,0.4499999999999908,0.14999999999999694,0.9999999999999898,0,3,0.07750000000000908,1.0,0.9999999999999999,1.0000000000000167,1.0000000000004485,0.003333441319344599,0.0036103869584723086,1.2715989940842323,0,0.0,1.8499128818511963
1,minnorm,jitter,0.0,0,5,0.03,0.9,1,100,0.0014999999999999695,334,0.33333333333333337,0.4499999999999908,0.14999999999999694,0.9999999999999898,0,5,0.016071428571426287,1.0000000000000007,1.0000000000000009,0.9999999999999895,1.0000000000000093,0.0013106994923997722,0.0014188562272131472,1.2717622614019948,0,0.0,0.008490800857543945
1,projgauss,jitter,0.0,0,5,0.03,0.9,1,100,0.0014999999999999695,334,0.33333333333333337,0.4499999999999908,0.14999999999999694,0.9999999999999898,0,5,0.035174783561703435,1.0,1.000000000000002,1.000000000000008,1.0000000000001976,0.00043905738969544916,0.00047666077191002576,1.2717185468706513,0,0.0,0.009105205535888672
1,spectral,jitter,0.0,0,5,0.03,0.9,1,100,0.0014999999999999695,334,0.33333333333333337,0.4499999999999908,0.14999999999999694,0.9999999999999898,0,5,0.03817291120339686,1.0000000000000007,0.9999999999999981,0.9999999999999835,1.000000000000008,0.0007034262091835247,0.0007607264808491554,1.2717117350269025,0,0.0,0.012974262237548828
1,spectralg,jitter,0.0,0,5,0.03,0.9,1,100,0.0014999999999999695,334,0.33333333333333337,0.4499999999999908,0.14999999999999694,0.9999999999999898,0,5,0.03817291120339686,1.0000000000000007,0.9999999999999981,0.9999999999999835,1.000000000000008,0.0007034262091835247,0.0007607264808491554,1.2717117350269025,0,0.0,0.024652957916259766
1,molfe,jitter,0.0,0,5,0.03,0.9,1,100,0.0014999999999999695,334,0.33333333333333337,0.4499999999999908,0.14999999999999694,0.9999999999999898,0,5,-0.07928571428571364,1.2571428571428538,1.2571428571428498,1.5648298913012413e+33,inf,inf,1077377.4218023997,1077377.8602697093,1,0.0,0.008231878280639648
1,molrk3,jitter,0.0,0,5,0.03,0.9,1,100,0.0014999999999999695,334,0.33333333333333337,0.4499999999999908,0.14999999999999694,0.9999999999999898,0,5,-0.0753748944970839,1.2930379008746309,1.2930379008746233,1.8974010321755672e+37,inf,inf,2398067.9556894717,2398068.1136855986,1,0.0,0.007725954055786133
1,maxent,jitter,0.0,0,5,0.03,0.9,1,100,0.0014999999999999695,334,0.33333333333333337,0.4499999999999908,0.14999999999999694,0.9999999999999898,0,5,0.036865908871570485,1.0000000000000002,1.0000000000000013,1.0000000000000142,1.00000000000038,0.0006394692554105436,0.0006921884552005125,1.2717129794330595,0,0.0,0.01799798011779785
1,lp,jitter,0.0,0,5,0.03,0.9,1,100,0.0014999999999999695,334,0.33333333333333337,0.4499999999999908,0.14999999999999694,0.9999999999999898,0,5,0.0,1.0,0.999999999999998,1.0000000000000209,1.0000000000005396,0.010417927670603445,0.011246208720802727,1.2720513604973334,0,0.0,0.04921293258666992
1,lprand,jitter,0.0,0,5,0.03,0.9,1,100,0.0014999999999999695,334,0.33333333333333337,0.4499999999999908,0.14999999999999694,0.9999999999999898,0,5,0.0,1.0,1.0,1.000000000000001,1.0000000000000013,0.0012560637702015431,0.0024935492127868275,1.271715980279685,0,0.0,0.04880189895629883
1,maxentw,jitter,0.0,0,5,0.03,0.9,1,100,0.0014999999999999695,334,0.33333333333333337,0.4499999999999908,0.14999999999999694,0.9999999999999898,0,5,0.036865908871570485,1.0000000000000002,1.0000000000000013,1.0000000000000142,1.00000000000038,0.0006394692554105436,0.0006921884552005125,1.2717129794330595,0,0.0,0.018848180770874023
1,minnorm,jitter,0.0,0,7,0.03,0.9,1,100,0.0014999999999999695,334,0.33333333333333337,0.4499999999999908,0.14999999999999694,0.9999999999999898,0,7,-0.056398809523810746,1.1613095238095297,0.9999999999999999,1.0000000000002494,1.1613095238095297,0.008247907016248737,0.008925535058230627,1.2718557553352312,0,0.0,0.008717060089111328
1,projgauss,jitter,0.0,0,7,0.03,0.9,1,100,0.0014999999999999695,334,0.33333333333333337,0.4499999999999908,0.14999999999999694,0.9999999999999898,0,7,-0.002940390082862543,1.0058807801657252,1.0000000000000009,0.9999999999999876,1.0058807801657252,0.0005067983622767946,0.000550986806959336,1.2717424717195152,0,0.0,0.008660078048706055
1,spectral,jitter,0.0,0,7,0.03,0.9,1,100,0.0014999999999999695,334,0.33333333333333337,0.4499999999999908,0.14999999999999694,0.9999999999999898,0,7,0.001866980247022712,1.0000000000000009,1.000000000000002,1.0000000000002496,1.000000000007119,2.5604969352416296e-05,2.7647719611618993e-05,1.2717411848628055,0,0.0,0.013637781143188477
1,spectralg,jitter,0.0,0,7,0.03,0.9,1,100,0.0014999999999999695,334,0.33333333333333337,0.4499999999999908,0.14999999999999694,0.9999999999999898,0,7,0.001866980247022712,1.0000000000000009,1.000000000000002,1.0000000000002496,1.000000000007119,2.5604969352416296e-05,2.7647719611618993e-05,1.2717411848628055,0,0.0,0.02759695053100586
1,molfe,jitter,0.0,0,7,0.03,0.9,1,100,0.0014999999999999695,334,0.33333333333333337,0.4499999999999908,0.14999999999999694,0.9999999999999898,0,7,-0.03749999999999948,1.149999999999998,1.0979050262327334,46287686821412.805,4.786190318482989e+40,0.015263472404530298,0.015263472404530298,1.272821580931423,0,0.0,0.009138345718383789
1,molrk3,jitter,0.0,0,7,0.03,0.9,1,100,0.0014999999999999695,334,0.33333333333333337,0.4499999999999908,0.14999999999999694,0.9999999999999898,0,7,-0.03536305348032024,1.1525855730685106,1.1028342037226253,207380523646879.97,4.219016937835807e+42,0.01916614852309642,0.01916614852309642,1.2723823114508708,0,0.0,0.009209156036376953
1,maxent,jitter,0.0,0,7,0.03,0.9,1,100,0.0014999999999999695,334,0.33333333333333337,0.4499999999999908,0.14999999999999694,0.9999999999999898,0,7,0.0017154835861820231,1.0000000000000002,0.9999999999999999,1.0000000000000524,1.0000000000014366,4.58875385436347e-05,4.9632692870713035e-05,1.2717383949674699,0,0.0,0.10686802864074707
1,lp,jitter,0.0,0,7,0.03,0.9,1,100,0.0014999999999999695,334,0.33333333333333337,0.4499999999999908,0.14999999999999694,0.9999999999999898,0,7,0.0,1.0,1.0000000000000009,1.000000000000014,1.0000000000003109,0.018136955142308432,0.019586883850765166,1.272390142128462,0,0.0,0.04991292953491211
1,lprand,jitter,0.0,0,7,0.03,0.9,1,100,0.0014999999999999695,334,0.33333333333333337,0.4499999999999908,0.14999999999999694,0.9999999999999898,0,7,0.0,1.0000000000000002,0.9999999999999962,1.0000000000000027,1.0000000000000027,0.00466833038582079,0.007413800380196144,1.2723040981511329,0,0.0,0.04845094680786133
1,maxentw,jitter,0.0,0,7,0.03,0.9,1,100,0.0014999999999999695,334,0.33333333333333337,0.4499999999999908,0.14999999999999694,0.9999999999999898,0,7,0.0017154835861820231,1.0000000000000002,0.9999999999999999,1.0000000000000524,1.0000000000014366,4.58875385436347e-05,4.9632692870713035e-05,1.2717383949674699,0,0.0,0.10604596138000488
1,minnorm,jitter,0.1,0,3,0.03,0.9,1,100,0.0009825857579693425,509,0.33333333333333337,0.2947757273908027,0.09825857579693424,0.8093560230081454,0,3,0.20075034147619444,1.0000000000000009,1.0000000000000027,1.0000000000000155,1.0000000000000395,0.0014648735763659326,0.0015905678779249421,1.2692029502298423,0,0.0,0.009829282760620117
1,projgauss,jitter,0.1,0,3,0.03,0.9,1,100,0.0009825857579693425,509,0.33333333333333337,0.2947757273908027,0.09825857579693424,0.8093560230081454,0,3,0.2007503414761947,1.0000000000000002,1.0000000000000004,1.0000000000000144,1.000000000000204,0.0014648735763688886,0.0015905678779213062,1.2692029502298432,0,0.0,0.010200977325439453
1,spectral,jitter,0.1,0,3,0.03,0.9,1,100,0.0009825857579693425,509,0.33333333333333337,0.2947757273908027,0.09825857579693424,0.8093560230081454,0,3,0.20075034147619444,1.0000000000000009,1.0000000000000027,1.0000000000000155,1.0000000000000395,0.0014648735763659326,0.0015905678779249421,1.2692029502298423,0,0.0,0.010790109634399414
1,spectralg,jitter,0.1,0,3,0.03,0.9,1,100,0.0009825857579693425,509,0.33333333333333337,0.2947757273908027,0.09825857579693424,0.8093560230081454,0,3,0.20075034147619444,1.0000000000000009,1.0000000000000027,1.0000000000000155,1.0000000000000395,0.0014648735763659326,0.0015905678779249421,1.2692029502298423,0,0.0,0.010689020156860352
1,molfe,jitter,0.1,0,3,0.03,0.9,1,100,0.0009825857579693425,509,0.33333333333333337,0.2947757273908027,0.09825857579693424,0.8093560230081454,0,3,0.0,1.0000000000000004,1.0000000000000002,0.9999999999999222,1.0000000000000004,0.006296080902069456,0.006297701345108542,1.2696796341824985,0,0.0,0.009857892990112305
1,molrk3,jitter,0.1,0,3,0.03,0.9,1,100,0.0009825857579693425,509,0.33333333333333337,0.2947757273908027,0.09825857579693424,0.8093560230081454,0,3,0.0,1.0000000000000002,1.0000000000000004,0.9999999999999252,1.0000000000000007,0.0019837972846545454,0.002146941878210934,1.2693635686128253,0,0.0,0.010084152221679688
1,maxent,jitter,0.1,0,3,0.03,0.9,1,100,0.0009825857579693425,509,0.33333333333333337,0.2947757273908027,0.09825857579693424,0.8093560230081454,0,3,0.20075034147619464,1.0000000000000002,1.0000000000000009,1.0000000000000087,1.000000000000057,0.001464873561696875,0.001590567859797276,1.2692029502298428,0,0.0,0.04391598701477051
1,lp,jitter,0.1,0,3,0.03,0.9,1,100,0.0009825857579693425,509,0.33333333333333337,0.2947757273908027,0.09825857579693424,0.8093560230081454,0,3,0.2007503414761947,1.0,1.0,0.9999999999999988,1.0000000000000009,0.0014648735763689302,0.0015905678779216115,1.2692029502298425,0,0.0,0.05045580863952637
1,lprand,jitter,0.1,0,3,0.03,0.9,1,100,0.0009825857579693425,509,0.33333333333333337,0.2947757273908027,0.09825857579693424,0.8093560230081454,0,3,0.2007503414761947,1.0,1.0,0.9999999999999988,1.0000000000000009,0.0014648735763689302,0.0015905678779216115,1.2692029502298425,0,0.0,0.051853179931640625
1,maxentw,jitter,0.1,0,3,0.03,0.9,1,100,0.0009825857579693425,509,0.33333333333333337,0.2947757273908027,0.09825857579693424,0.8093560230081454,0,3,0.20075034147619464,1.0000000000000002,1.0000000000000009,1.0000000000000087,1.000000000000057,0.001464873561696875,0.001590567859797276,1.2692029502298428,0,0.0,0.044703006744384766
1,minnorm,jitter,0.1,0,5,0.03,0.9,1,100,0.0009825857579693425,509,0.33333333333333337,0.2947757273908027,0.09825857579693424,0.8093560230081454,0,5,-0.03876588515220093,1.0775317703044014,0.999999999999998,0.9999999999998984,1.0775317703044012,0.0030982606744094296,0.003346775200963617,1.2693467747020364,0,0.0,0.008520841598510742
1,projgauss,jitter,0.1,0,5,0.03,0.9,1,100,0.0009825857579693425,509,0.33333333333333337,0.2947757273908027,0.09825857579693424,0.8093560230081454,0,5,-0.017999140939474613,1.035998281878949,0.9999999999999989,0.9999999999999923,1.035998281878949,0.0013948311974789906,0.0015228258034315212,1.2693033924779038,0,0.0,0.009063959121704102
1,spectral,jitter,0.1,0,5,0.03,0.9,1,100,0.0009825857579693425,509,0.33333333333333337,0.2947757273908027,0.09825857579693424,0.8093560230081454,0,5,-0.02020404429433155,1.040408088588663,1.0000000000000016,0.9999999999998712,1.0404080885886628,0.0002793647796362226,0.00030065240999804094,1.2692517102428797,0,0.0,0.014882802963256836
1,spectralg,jitter,0.1,0,5,0.03,0.9,1,100,0.0009825857579693425,509,0.33333333333333337,0.2947757273908027,0.09825857579693424,0.8093560230081454,0,5,-0.02020404429433155,1.040408088588663,1.0000000000000016,0.9999999999998712,1.0404080885886628,0.0002793647796362226,0.00030065240999804094,1.2692517102428797,0,0.0,0.02499699592590332
1,molfe,jitter,0.1,0,5,0.03,0.9,1,100,0.0009825857579693425,509,0.33333333333333337,0.2947757273908027,0.09825857579693424,0.8093560230081454,0,5,-0.06326581105126305,1.18825888919638,1.1679863034737357,2.5347517230038516e+34,inf,inf,3066511.7689942,3066512.6427619043,1,0.0,0.008913040161132812
1,molrk3,jitter,0.1,0,5,0.03,0.9,1,100,0.0009825857579693425,509,0.33333333333333337,0.2947757273908027,0.09825857579693424,0.8093560230081454,0,5,-0.06031031708690966,1.2038657044337657,1.1828860812814936,1.6260241619335012e+37,inf,inf,4558983.826875014,4558984.693098637,1,0.0,0.008309125900268555
1,maxent,jitter,0.1,0,5,0.03,0.9,1,100,0.0009825857579693425,509,0.33333333333333337,0.2947757273908027,0.09825857579693424,0.8093560230081454,0,5,0.008026444700772429,1.0000000000000002,1.000000000000003,1.0000000000000073,1.0000000000000895,2.7166186641662537e-05,5.530011440540994e-05,1.26927057538647,0,0.0,0.07580208778381348
1,lp,jitter,0.1,0,5,0.03,0.9,1,100,0.0009825857579693425,509,0.33333333333333337,0.2947757273908027,0.09825857579693424,0.8093560230081454,0,5,0.0,1.0000000000000002,1.000000000000004,0.9999999999999993,1.000000000000001,0.008052403879270387,0.008372992819867225,1.2695846799312231,0,0.0,0.05247378349304199
1,lprand,jitter,0.1,0,5,0.03,0.9,1,100,0.0009825857579693425,509,0.33333333333333337,0.2947757273908027,0.09825857579693424,0.8093560230081454,0,5,0.0,1.0,1.0000000000000042,1.0000000000000018,1.0000000000000018,0.0026073916904128715,0.004313526270866827,1.2694368984091748,0,0.0,0.05208396911621094
1,maxentw,jitter,0.1,0,5,0.03,0.9,1,100,0.0009825857579693425,509,0.33333333333333337,0.2947757273908027,0.09825857579693424,0.8093560230081454,0,5,0.008026444700772429,1.0000000000000002,1.000000000000003,1.0000000000000073,1.0000000000000895,2.7166186641662537e-05,5.530011440540994e-05,1.26927057538647,0,0.0,0.07590293884277344
1,minnorm,jitter,0.1,0,7,0.03,0.9,1,100,0.0009825857579693425,509,0.33333333333333337,0.2947757273908027,0.09825857579693424,0.8093560230081454,0,7,-0.08412717507829055,1.271381354174389,1.0000000000000002,1.0000000000000238,1.271381354174389,0.010273130066332514,0.011186987532560977,1.2693395977853934,0,0.0,0.008234977722167969
1,projgauss,jitter,0.1,0,7,0.03,0.9,1,100,0.0009825857579693425,509,0.33333333333333337,0.2947757273908027,0.09825857579693424,0.8093560230081454,0,7,-0.02964134637658311,1.1068519294208223,1.0000000000000002,1.0000000000000113,1.1068519294208223,0.0025095334581137774,0.002762811315043412,1.2692567905709724,0,0.0,0.009474039077758789
1,spectral,jitter,0.1,0,7,0.03,0.9,1,100,0.0009825857579693425,509,0.33333333333333337,0.2947757273908027,0.09825857579693424,0.8093560230081454,0,7,-0.053066653497586325,1.1489802159365265,1.0000000000000029,1.000000000000019,1.1489802159365268,0.000491131393945971,0.0005441215640712808,1.269296768702291,0,0.0,0.016072988510131836
1,spectralg,jitter,0.1,0,7,0.03,0.9,1,100,0.0009825857579693425,509,0.33333333333333337,0.2947757273908027,0.09825857579693424,0.8093560230081454,0,7,-0.053066653497586325,1.1489802159365265,1.0000000000000029,1.000000000000019,1.1489802159365268,0.000491131393945971,0.0005441215640712808,1.269296768702291,0,0.0,0.030643939971923828
1,molfe,jitter,0.1,0,7,0.03,0.9,1,100,0.0009825857579693425,509,0.33333333333333337,0.2947757273908027,0.09825857579693424,0.8093560230081454,0,7,-0.027460431322870425,1.1084240468767537,1.0642039947924593,115937970611296.66,3.1829752595218884e+270,inf,1461924.5570684604,1461924.3604410808,1,0.0,0.00868988037109375
1,molrk3,jitter,0.1,0,7,0.03,0.9,1,100,0.0009825857579693425,509,0.33333333333333337,0.2947757273908027,0.09825857579693424,0.8093560230081454,0,7,-0.026352768474012158,1.1092649116092468,1.066300868627296,321124268229743.25,1.1317361915144538e+279,inf,1736054.7265128714,1736054.5006187658,1,0.0,0.00849294662475586
1,maxent,jitter,0.1,0,7,0.03,0.9,1,100,0.0009825857579693425,509,0.33333333333333337,0.2947757273908027,0.09825857579693424,0.8093560230081454,0,7,5.781572123440041e-05,1.0000000000000002,0.9999999999999987,1.0000000000000058,1.0000000000000058,8.790775154132735e-05,0.00011450873588444294,1.2692754287570496,0,0.0,0.023813962936401367
1,lp,jitter,0.1,0,7,0.03,0.9,1,100,0.0009825857579693425,509,0.33333333333333337,0.2947757273908027,0.09825857579693424,0.8093560230081454,0,7,0.0,1.0000000000000002,0.9999999999999999,1.0000000000000033,1.0000000000000278,0.018922575493277104,0.02006771169568662,1.2702312478414584,0,0.0,0.05261802673339844
1,lprand,jitter,0.1,0,7,0.03,0.9,1,100,0.0009825857579693425,509,0.33333333333333337,0.2947757273908027,0.09825857579693424,0.8093560230081454,0,7,0.0,1.0000000000000002,1.0000000000000007,1.0000000000000075,1.0000000000000395,0.00612253170650362,0.007371837889513302,1.2696799755379906,0,0.0,0.05212903022766113
1,maxentw,jitter,0.1,0,7,0.03,0.9,1,100,0.0009825857579693425,509,0.33333333333333337,0.2947757273908027,0.09825857579693424,0.8093560230081454,0,7,5.781572123440041e-05,1.0000000000000002,0.9999999999999987,1.0000000000000058,1.0000000000000058,8.790775154132735e-05,0.00011450873588444294,1.2692754287570496,0,0.0,0.024087905883789062
1,minnorm,jitter,0.1,1,3,0.03,0.9,1,100,0.001019599049042991,491,0.33333333333333337,0.30587971471289727,0.1019599049042991,0.8244590343746583,0,3,0.21030913227644882,1.0000000000000009,1.0000000000000004,0.9999999999999868,1.0000000000000024,0.0015903233619902687,0.0017355143049109373,1.2710125447481246,0,0.0,0.010046243667602539
1,projgauss,jitter,0.1,1,3,0.03,0.9,1,100,0.001019599049042991,491,0.33333333333333337,0.30587971471289727,0.1019599049042991,0.8244590343746583,0,3,0.21030913227644896,1.0000000000000002,0.9999999999999987,1.000000000000005,1.00000000000004,0.0015903233619923365,0.001735514304910049,1.27101254474813,0,0.0,0.010130882263183594
1,spectral,jitter,0.1,1,3,0.03,0.9,1,100,0.001019599049042991,491,0.33333333333333337,0.30587971471289727,0.1019599049042991,0.8244590343746583,0,3,0.21030913227644882,1.0000000000000009,1.0000000000000004,0.9999999999999868,1.0000000000000024,0.0015903233619902687,0.0017355143049109373,1.2710125447481246,0,0.0,0.009448051452636719
1,spectralg,jitter,0.1,1,3,0.03,0.9,1,100,0.001019599049042991,491,0.33333333333333337,0.30587971471289727,0.1019599049042991,0.8244590343746583,0,3,0.21030913227644882,1.0000000000000009,1.0000000000000004,0.9999999999999868,1.0000000000000024,0.0015903233619902687,0.0017355143049109373,1.2710125447481246,0,0.0,0.010443925857543945
1,molfe,jitter,0.1,1,3,0.03,0.9,1,100,0.001019599049042991,491,0.33333333333333337,0.30587971471289727,0.1019599049042991,0.8244590343746583,0,3,0.0,1.0000000000000004,0.9999999999999984,0.9999999999999144,1.0000000000000004,0.006541864710797096,0.006541864710797096,1.2714748090424888,0,0.0,0.009314775466918945
1,molrk3,jitter,0.1,1,3,0.03,0.9,1,100,0.001019599049042991,491,0.33333333333333337,0.30587971471289727,0.1019599049042991,0.8244590343746583,0,3,0.0,1.0000000000000002,1.0000000000000013,0.9999999999999137,1.0000000000000002,0.0019790984915623658,0.002145572383599012,1.2711703424966698,0,0.0,0.00934910774230957
1,maxent,jitter,0.1,1,3,0.03,0.9,1,100,0.001019599049042991,491,0.33333333333333337,0.30587971471289727,0.1019599049042991,0.8244590343746583,0,3,0.21030913227645393,1.0000000000000002,0.9999999999999994,1.0000000000000069,1.0000000000000766,0.001590323354901363,0.0017355142966001824,1.27101254474813,0,0.0,0.036073923110961914
1,lp,jitter,0.1,1,3,0.03,0.9,1,100,0.001019599049042991,491,0.33333333333333337,0.30587971471289727,0.1019599049042991,0.8244590343746583,0,3,0.21030913227644904,1.0,1.0,1.000000000000003,1.0000000000000333,0.0015903233619918647,0.00173551430490973,1.27101254474813,0,0.0,0.050547122955322266
1,lprand,jitter,0.1,1,3,0.03,0.9,1,100,0.001019599049042991,491,0.33333333333333337,0.30587971471289727,0.1019599049042991,0.8244590343746583,0,3,0.21030913227644904,1.0,0.9999999999999986,1.000000000000004,1.0000000000000457,0.0015903233619919896,0.00173551430490973,1.27101254474813,0,0.0,0.051036834716796875
1,maxentw,jitter,0.1,1,3,0.03,0.9,1,100,0.001019599049042991,491,0.33333333333333337,0.30587971471289727,0.1019599049042991,0.8244590343746583,0,3,0.21030913227645393,1.0000000000000002,0.9999999999999994,1.0000000000000069,1.0000000000000766,0.001590323354901363,0.0017355142966001824,1.27101254474813,0,0.0,0.036100149154663086
1,minnorm,jitter,0.1,1,5,0.03,0.9,1,100,0.001019599049042991,491,0.33333333333333337,0.30587971471289727,0.1019599049042991,0.8244590343746583,0,5,-0.03665744376812327,1.0733148875362462,0.9999999999999986,0.9999999999999122,1.0733148875362462,0.002986086503656872,0.003229124122654234,1.2711528378073016,0,0.0,0.008194208145141602
1,projgauss,jitter,0.1,1,5,0.03,0.9,1,100,0.001019599049042991,491,0.33333333333333337,0.30587971471289727,0.1019599049042991,0.8244590343746583,0,5,-0.012473571516171775,1.0249471430323434,1.0000000000000009,0.9999999999999993,1.0249471430323434,0.0012710426961000424,0.0013817099637893765,1.2711097986322142,0,0.0,0.0090789794921875
1,spectral,jitter,0.1,1,5,0.03,0.9,1,100,0.001019599049042991,491,0.33333333333333337,0.30587971471289727,0.1019599049042991,0.8244590343746583,0,5,-0.018441425712605607,1.036882851425211,0.9999999999999999,0.9999999999998946,1.036882851425211,0.00028208423086972085,0.0003110736417849952,1.2710938459801682,0,0.0,0.014610052108764648
1,spectralg,jitter,0.1,1,5,0.03,0.9,1,100,0.001019599049042991,491,0.33333333333333337,0.30587971471289727,0.1019599049042991,0.8244590343746583,0,5,-0.018441425712605607,1.036882851425211,0.9999999999999999,0.9999999999998946,1.036882851425211,0.00028208423086972085,0.0003110736417849952,1.2710938459801682,0,0.0,0.026178836822509766
1,molfe,jitter,0.1,1,5,0.03,0.9,1,100,0.001019599049042991,491,0.33333333333333337,0.30587971471289727,0.1019599049042991,0.8244590343746583,0,5,-0.06587763515984109,1.1930668458527192,1.1742623621094748,2.053750327020615e+34,inf,inf,1191308.3301849556,1191308.0495182683,1,0.0,0.0081939697265625
1,molrk3,jitter,0.1,1,5,0.03,0.9,1,100,0.001019599049042991,491,0.33333333333333337,0.30587971471289727,0.1019599049042991,0.8244590343746583,0,5,-0.06252389953524543,1.2099789044352836,1.1903280291626308,1.6304420561053787e+37,inf,inf,2141141.233194255,2141141.018644298,1,0.0,0.007851123809814453
1,maxent,jitter,0.1,1,5,0.03,0.9,1,100,0.001019599049042991,491,0.33333333333333337,0.30587971471289727,0.1019599049042991,0.8244590343746583,0,5,0.009550880559560297,1.0000000000000002,0.9999999999999974,1.0000000000000053,1.0000000000000366,5.501785193253589e-05,6.707332505269392e-05,1.2710809850084086,0,0.0,0.12115693092346191
1,lp,jitter,0.1,1,5,0.03,0.9,1,100,0.001019599049042991,491,0.33333333333333337,0.30587971471289727,0.1019599049042991,0.8244590343746583,0,5,0.0,1.0000000000000002,0.9999999999999962,1.0000000000000036,1.0000000000000457,0.008321338467950166,0.009323032515170034,1.271439533311876,0,0.0,0.05057406425476074
1,lprand,jitter,0.1,1,5,0.03,0.9,1,100,0.001019599049042991,491,0.33333333333333337,0.30587971471289727,0.1019599049042991,0.8244590343746583,0,5,0.0,1.0,1.0000000000000002,1.0000000000000002,1.0000000000000007,0.001245550415861052,0.0025597324624628826,1.2711844871937261,0,0.0,0.05106806755065918
1,maxentw,jitter,0.1,1,5,0.03,0.9,1,100,0.001019599049042991,491,0.33333333333333337,0.30587971471289727,0.1019599049042991,0.8244590343746583,0,5,0.009550880559560297,1.0000000000000002,0.9999999999999974,1.0000000000000053,1.0000000000000366,5.501785193253589e-05,6.707332505269392e-05,1.2710809850084086,0,0.0,0.12267518043518066
1,minnorm,jitter,0.1,1,7,0.03,0.9,1,100,0.001019599049042991,491,0.33333333333333337,0.30587971471289727,0.1019599049042991,0.8244590343746583,0,7,-0.08100520072554605,1.2636445908063152,1.0,0.9999999999999823,1.2636445908063152,0.010116376378805456,0.010964537066767949,1.2712114536614418,0,0.0,0.00866389274597168
1,projgauss,jitter,0.1,1,7,0.03,0.9,1,100,0.001019599049042991,491,0.33333333333333337,0.30587971471289727,0.1019599049042991,0.8244590343746583,0,7,-0.02837065565099787,1.0957466860893816,0.9999999999999983,1.0000000000000067,1.0957466860893814,0.0023408658404128757,0.002565967375119299,1.271083714902593,0,0.0,0.009922981262207031
1,spectral,jitter,0.1,1,7,0.03,0.9,1,100,0.001019599049042991,491,0.33333333333333337,0.30587971471289727,0.1019599049042991,0.8244590343746583,0,7,-0.04162721195507524,1.117460631099874,1.0000000000000013,0.9999999999999827,1.117460631099874,0.0004715923709405431,0.0005050349989690391,1.2710836072934248,0,0.0,0.015430927276611328
1,spectralg,jitter,0.1,1,7,0.03,0.9,1,100,0.001019599049042991,491,0.33333333333333337,0.30587971471289727,0.1019599049042991,0.8244590343746583,0,7,-0.04162721195507524,1.117460631099874,1.0000000000000013,0.9999999999999827,1.117460631099874,0.0004715923709405431,0.0005050349989690391,1.2710836072934248,0,0.0,0.029459238052368164
1,molfe,jitter,0.1,1,7,0.03,0.9,1,100,0.001019599049042991,491,0.33333333333333337,0.30587971471289727,0.1019599049042991,0.8244590343746583,0,7,-0.028719510037731513,1.1110899165587123,1.0664688572379069,94458098787917.52,5.072572745483751e+279,inf,1352949.6529626434,1352949.1085381673,1,0.0,0.008906126022338867
1,molrk3,jitter,0.1,1,7,0.03,0.9,1,100,0.001019599049042991,491,0.33333333333333337,0.30587971471289727,0.1019599049042991,0.8244590343746583,0,7,-0.027500946707749857,1.1120379479936506,1.0687180087883723,266615005535380.16,6.996889331364978e+288,inf,1639681.5776417153,1639681.0492480309,1,0.0,0.00963902473449707
1,maxent,jitter,0.1,1,7,0.03,0.9,1,100,0.001019599049042991,491,0.33333333333333337,0.30587971471289727,0.1019599049042991,0.8244590343746583,0,7,8.193526392589558e-05,1.0000000000000004,0.9999999999999996,1.0000000000000102,1.000000000000054,7.426374298488692e-05,9.211255641049243e-05,1.2710872274539446,0,0.0,0.026946067810058594
1,lp,jitter,0.1,1,7,0.03,0.9,1,100,0.001019599049042991,491,0.33333333333333337,0.30587971471289727,0.1019599049042991,0.8244590343746583,0,7,0.0,1.0,0.9999999999999986,0.9999999999999987,1.0000000000000013,0.018169331336511683,0.019909698166554052,1.2719341499950774,0,0.0,0.05273723602294922
1,lprand,jitter,0.1,1,7,0.03,0.9,1,100,0.001019599049042991,491,0.33333333333333337,0.30587971471289727,0.1019599049042991,0.8244590343746583,0,7,0.0,1.0,1.000000000000001,1.0000000000000027,1.0000000000000218,0.006654052196705611,0.00999526101650601,1.2713230412404335,0,0.0,0.05157828330993652
1,maxentw,jitter,0.1,1,7,0.03,0.9,1,100,0.001019599049042991,491,0.33333333333333337,0.30587971471289727,0.1019599049042991,0.8244590343746583,0,7,8.193526392589558e-05,1.0000000000000004,0.9999999999999996,1.0000000000000102,1.000000000000054,7.426374298488692e-05,9.211255641049243e-05,1.2710872274539446,0,0.0,0.027008056640625
1,minnorm,jitter,0.25,0,3,0.03,0.9,1,100,0.0004109057284667606,1217,0.33333333333333337,0.12327171854002816,0.041090572846676054,0.5233900575203676,0,3,0.06222981280614273,1.0000000000000007,1.0000000000000002,1.000000000000029,1.0000000000000295,0.0008074540316357903,0.0009336179684263785,1.2692865520388272,0,0.0,0.009713172912597656
1,projgauss,jitter,0.25,0,3,0.03,0.9,1,100,0.0004109057284667606,1217,0.33333333333333337,0.12327171854002816,0.041090572846676054,0.5233900575203676,0,3,0.06222981280614294,1.0000000000000002,1.0000000000000029,1.0000000000000426,1.000000000000256,0.0008074540316531376,0.0009336179684303059,1.2692865520388237,0,0.0,0.010667800903320312
1,spectral,jitter,0.25,0,3,0.03,0.9,1,100,0.0004109057284667606,1217,0.33333333333333337,0.12327171854002816,0.041090572846676054,0.5233900575203676,0,3,0.06222981280614273,1.0000000000000007,1.0000000000000002,1.000000000000029,1.0000000000000295,0.0008074540316357903,0.0009336179684263785,1.2692865520388272,0,0.0,0.010355949401855469
1,spectralg,jitter,0.25,0,3,0.03,0.9,1,100,0.0004109057284667606,1217,0.33333333333333337,0.12327171854002816,0.041090572846676054,0.5233900575203676,0,3,0.06222981280614273,1.0000000000000007,1.0000000000000002,1.000000000000029,1.0000000000000295,0.0008074540316357903,0.0009336179684263785,1.2692865520388272,0,0.0,0.010370731353759766
1,molfe,jitter,0.25,0,3,0.03,0.9,1,100,0.0004109057284667606,1217,0.33333333333333337,0.12327171854002816,0.041090572846676054,0.5233900575203676,0,3,0.0,1.0000000000000002,0.9999999999999998,0.9999999999998904,1.0000000000000002,0.002849780919430389,0.002866439077308658,1.269486381231217,0,0.0,0.010541677474975586
1,molrk3,jitter,0.25,0,3,0.03,0.9,1,100,0.0004109057284667606,1217,0.33333333333333337,0.12327171854002816,0.041090572846676054,0.5233900575203676,0,3,0.0,1.0000000000000002,0.9999999999999998,0.9999999999998828,1.0000000000000002,0.0022379319480995766,0.0024653392606267532,1.2693530389301748,0,0.0,0.010612010955810547
1,maxent,jitter,0.25,0,3,0.03,0.9,1,100,0.0004109057284667606,1217,0.33333333333333337,0.12327171854002816,0.041090572846676054,0.5233900575203676,0,3,0.062229812806145215,1.0000000000000002,0.9999999999999996,1.0000000000000433,1.0000000000002753,0.0008074535175651987,0.0009336179821432741,1.2692865520387584,0,0.0,0.10987067222595215
1,lp,jitter,0.25,0,3,0.03,0.9,1,100,0.0004109057284667606,1217,0.33333333333333337,0.12327171854002816,0.041090572846676054,0.5233900575203676,0,3,0.06222981280614284,1.0,0.9999999999999969,1.0000000000000082,1.0000000000000433,0.00080745403165014,0.0009336179684308124,1.2692865520388228,0,0.0,0.050090789794921875
1,lprand,jitter,0.25,0,3,0.03,0.9,1,100,0.0004109057284667606,1217,0.33333333333333337,0.12327171854002816,0.041090572846676054,0.5233900575203676,0,3,0.06222981280614284,1.0,0.9999999999999996,1.0000000000000084,1.000000000000037,0.0008074540316509449,0.0009336179684307985,1.2692865520388228,0,0.0,0.05015897750854492
1,maxentw,jitter,0.25,0,3,0.03,0.9,1,100,0.0004109057284667606,1217,0.33333333333333337,0.12327171854002816,0.041090572846676054,0.5233900575203676,0,3,0.062229812806145215,1.0000000000000002,0.9999999999999996,1.0000000000000433,1.0000000000002753,0.0008074535175651987,0.0009336179821432741,1.2692865520387584,0,0.0,0.10924816131591797
1,minnorm,jitter,0.25,0,5,0.03,0.9,1,100,0.0004109057284667606,1217,0.33333333333333337,0.12327171854002816,0.041090572846676054,0.5233900575203676,0,5,-0.10541200390356475,1.336245719319561,1.0000000000000009,0.999999999999692,1.3362457193195612,0.005140513265297575,0.0059856072097498325,1.2693118340356424,0,0.0,0.009290933609008789
1,projgauss,jitter,0.25,0,5,0.03,0.9,1,100,0.0004109057284667606,1217,0.33333333333333337,0.12327171854002816,0.041090572846676054,0.5233900575203676,0,5,-0.088286697176004,1.2758181256032302,0.999999999999998,0.9999999999999732,1.2758181256032302,0.003501917362679241,0.004116958872819321,1.269280853655384,0,0.0,0.010196924209594727
1,spectral,jitter,0.25,0,5,0.03,0.9,1,100,0.0004109057284667606,1217,0.33333333333333337,0.12327171854002816,0.041090572846676054,0.5233900575203676,0,5,-0.10103612959383712,1.2020722591876738,0.9999999999999983,0.9999999999995727,1.2020722591876738,0.0013600046897125836,0.0014058398707001568,1.2691760466885795,0,0.0,0.015529155731201172
1,spectralg,jitter,0.25,0,5,0.03,0.9,1,100,0.0004109057284667606,1217,0.33333333333333337,0.12327171854002816,0.041090572846676054,0.5233900575203676,0,5,-0.10103612959383712,1.2020722591876738,0.9999999999999983,0.9999999999995727,1.2020722591876738,0.0013600046897125836,0.0014058398707001568,1.2691760466885795,0,0.0,0.028419971466064453
1,molfe,jitter,0.25,0,5,0.03,0.9,1,100,0.0004109057284667606,1217,0.33333333333333337,0.12327171854002816,0.041090572846676054,0.5233900575203676,0,5,-0.034601109792265466,1.093984068448078,1.0693314037303636,5.1329443707539814e+35,2.5586415608069547e+291,inf,1432025.3580758965,1432026.2143235907,1,0.0,0.009083032608032227
1,molrk3,jitter,0.25,0,5,0.03,0.9,1,100,0.0004109057284667606,1217,0.33333333333333337,0.12327171854002816,0.041090572846676054,0.5233900575203676,0,5,-0.03348567918486727,1.0960854562864741,1.0717903697036995,8.514221785017515e+36,2.417924131313956e+301,inf,3156884.528136284,3156885.3843839783,1,0.0,0.008648157119750977
1,maxent,jitter,0.25,0,5,0.03,0.9,1,100,0.0004109057284667606,1217,0.33333333333333337,0.12327171854002816,0.041090572846676054,0.5233900575203676,0,5,1.4717251225199703e-05,1.0000000000000002,1.0000000000000016,1.0000000000000333,1.000000000000195,0.0009345580767616546,0.0010793399023079422,1.2692923296661842,0,0.0,0.28415894508361816
1,lp,jitter,0.25,0,5,0.03,0.9,1,100,0.0004109057284667606,1217,0.33333333333333337,0.12327171854002816,0.041090572846676054,0.5233900575203676,0,5,0.0,1.0,0.9999999999999998,0.9999999999999987,1.000000000000001,0.010186394209825037,0.010801402330455422,1.2697765096840032,0,0.0,0.053214073181152344
1,lprand,jitter,0.25,0,5,0.03,0.9,1,100,0.0004109057284667606,1217,0.33333333333333337,0.12327171854002816,0.041090572846676054,0.5233900575203676,0,5,0.0,1.0,0.9999999999999997,0.9999999999999971,1.0000000000000022,0.005306452518049883,0.006862752529996671,1.2695194986644214,0,0.0,0.053675174713134766
1,maxentw,jitter,0.25,0,5,0.03,0.9,1,100,0.0004109057284667606,1217,0.33333333333333337,0.12327171854002816,0.041090572846676054,0.5233900575203676,0,5,1.4717251225199703e-05,1.0000000000000002,1.0000000000000016,1.0000000000000333,1.000000000000195,0.0009345580767616546,0.0010793399023079422,1.2692923296661842,0,0.0,0.283250093460083
1,minnorm,jitter,0.25,0,7,0.03,0.9,1,100,0.0004109057284667606,1217,0.33333333333333337,0.12327171854002816,0.041090572846676054,0.5233900575203676,0,7,-0.12582360674813237,1.4134260357910016,0.9999999999999993,1.000000000000011,1.4134260357910016,0.014771319167512509,0.01724514458676818,1.2688588857015006,0,0.0,0.009931087493896484
1,projgauss,jitter,0.25,0,7,0.03,0.9,1,100,0.0004109057284667606,1217,0.33333333333333337,0.12327171854002816,0.041090572846676054,0.5233900575203676,0,7,-0.06595641677308167,1.2380044190651305,0.9999999999999998,0.9999999999999946,1.2380044190651305,0.006555418465850227,0.007723682667898857,1.268956573315171,0,0.0,0.012305021286010742
1,spectral,jitter,0.25,0,7,0.03,0.9,1,100,0.0004109057284667606,1217,0.33333333333333337,0.12327171854002816,0.041090572846676054,0.5233900575203676,0,7,-0.1777983181120441,1.4492017282297538,0.9999999999999978,0.9999999999999994,1.449201728229754,0.002999086209788014,0.003301458875507729,1.2693902931982088,0,0.0,0.01718878746032715
1,spectralg,jitter,0.25,0,7,0.03,0.9,1,100,0.0004109057284667606,1217,0.33333333333333337,0.12327171854002816,0.041090572846676054,0.5233900575203676,0,7,-0.1777983181120441,1.4492017282297538,0.9999999999999978,0.9999999999999994,1.449201728229754,0.002999086209788014,0.003301458875507729,1.2693902931982088,0,0.0,0.0322721004486084
1,molfe,jitter,0.25,0,7,0.03,0.9,1,100,0.0004109057284667606,1217,0.33333333333333337,0.12327171854002816,0.041090572846676054,0.5233900575203676,0,7,-0.013465434849735917,1.051155838729342,1.0269350929110217,499690210921646.5,2.772937946052566e+116,inf,1199182.0580539485,1199182.487196152,1,0.0,0.010452985763549805
1,molrk3,jitter,0.25,0,7,0.03,0.9,1,100,0.0004109057284667606,1217,0.33333333333333337,0.12327171854002816,0.041090572846676054,0.5233900575203676,0,7,-0.013210628955473435,1.0512666489147002,1.02730109942428,785245196767851.0,9.768861511761073e+117,inf,1690226.7090609493,1690227.138203153,1,0.0,0.009562969207763672
1,maxent,jitter,0.25,0,7,0.03,0.9,1,100,0.0004109057284667606,1217,0.33333333333333337,0.12327171854002816,0.041090572846676054,0.5233900575203676,0,7,1.3941071460603098e-10,1.0000000000000002,1.0000000000000013,1.0000000000000469,1.0000000000002216,0.0009347612078651202,0.0010795584342933803,1.2692923359020323,0,0.0,0.3814859390258789
1,lp,jitter,0.25,0,7,0.03,0.9,1,100,0.0004109057284667606,1217,0.33333333333333337,0.12327171854002816,0.041090572846676054,0.5233900575203676,0,7,0.0,1.0,0.9999999999999934,1.000000000000009,1.0000000000000242,0.02113480820518465,0.02290836977159312,1.269701843543642,0,0.0,0.052886009216308594
1,lprand,jitter,0.25,0,7,0.03,0.9,1,100,0.0004109057284667606,1217,0.33333333333333337,0.12327171854002816,0.041090572846676054,0.5233900575203676,0,7,0.0,1.0000000000000002,0.9999999999999969,1.000000000000013,1.0000000000000435,0.00854569263300528,0.010329220720821555,1.2697526325839026,0,0.0,0.053553104400634766
1,maxentw,jitter,0.25,0,7,0.03,0.9,1,100,0.0004109057284667606,1217,0.33333333333333337,0.12327171854002816,0.041090572846676054,0.5233900575203676,0,7,1.3941071460603098e-10,1.0000000000000002,1.0000000000000013,1.0000000000000469,1.0000000000002216,0.0009347612078651202,0.0010795584342933803,1.2692923359020323,0,0.0,0.3800539970397949
1,minnorm,jitter,0.25,1,3,0.03,0.9,1,100,0.00047232991980380426,1059,0.33333333333333337,0.14169897594114125,0.047232991980380425,0.5611475859366555,0,3,0.07316164496401184,1.000000000000002,0.9999999999999982,1.000000000000102,1.0000000000005274,0.0005559386726976187,0.0006216220734648684,1.2689278852881107,0,0.0,0.009567022323608398
1,projgauss,jitter,0.25,1,3,0.03,0.9,1,100,0.00047232991980380426,1059,0.33333333333333337,0.14169897594114125,0.047232991980380425,0.5611475859366555,0,3,0.07316164496401183,1.0000000000000002,0.9999999999999993,1.000000000000018,1.000000000000041,0.0005559386727015721,0.0006216220734547827,1.2689278852881103,0,0.0,0.010601043701171875
1,spectral,jitter,0.25,1,3,0.03,0.9,1,100,0.00047232991980380426,1059,0.33333333333333337,0.14169897594114125,0.047232991980380425,0.5611475859366555,0,3,0.07316164496401184,1.000000000000002,0.9999999999999982,1.000000000000102,1.0000000000005274,0.0005559386726976187,0.0006216220734648684,1.2689278852881107,0,0.0,0.010113000869750977
1,spectralg,jitter,0.25,1,3,0.03,0.9,1,100,0.00047232991980380426,1059,0.33333333333333337,0.14169897594114125,0.047232991980380425,0.5611475859366555,0,3,0.07316164496401184,1.000000000000002,0.9999999999999982,1.000000000000102,1.0000000000005274,0.0005559386726976187,0.0006216220734648684,1.2689278852881107,0,0.0,0.010072946548461914
1,molfe,jitter,0.25,1,3,0.03,0.9,1,100,0.00047232991980380426,1059,0.33333333333333337,0.14169897594114125,0.047232991980380425,0.5611475859366555,0,3,0.0,1.0,1.0000000000000042,0.9999999999998945,1.0,0.0031212227802874803,0.0031239588210916214,1.269157027114065,0,0.0,0.01081705093383789
1,molrk3,jitter,0.25,1,3,0.03,0.9,1,100,0.00047232991980380426,1059,0.33333333333333337,0.14169897594114125,0.047232991980380425,0.5611475859366555,0,3,0.0,1.0,0.9999999999999982,0.9999999999998848,1.0,0.002198947514700657,0.00239815021333932,1.2688980256811704,0,0.0,0.010272741317749023
1,maxent,jitter,0.25,1,3,0.03,0.9,1,100,0.00047232991980380426,1059,0.33333333333333337,0.14169897594114125,0.047232991980380425,0.5611475859366555,0,3,0.07316164496401188,1.0000000000000002,0.9999999999999978,1.0000000000000249,1.0000000000001503,0.0005559383533704438,0.0006216221016164258,1.268927885288113,0,0.0,0.2865159511566162
1,lp,jitter,0.25,1,3,0.03,0.9,1,100,0.00047232991980380426,1059,0.33333333333333337,0.14169897594114125,0.047232991980380425,0.5611475859366555,0,3,0.07316164496401198,1.0,1.000000000000001,0.9999999999999993,1.0000000000000009,0.0005559386726950903,0.0006216220734517088,1.268927885288111,0,0.0,0.05163693428039551
1,lprand,jitter,0.25,1,3,0.03,0.9,1,100,0.00047232991980380426,1059,0.33333333333333337,0.14169897594114125,0.047232991980380425,0.5611475859366555,0,3,0.07316164496401198,1.0,1.0000000000000022,0.9999999999999997,1.0000000000000009,0.0005559386726950903,0.0006216220734517088,1.268927885288111,0,0.0,0.050991058349609375
1,maxentw,jitter,0.25,1,3,0.03,0.9,1,100,0.00047232991980380426,1059,0.33333333333333337,0.14169897594114125,0.047232991980380425,0.5611475859366555,0,3,0.07316164496401188,1.0000000000000002,0.9999999999999978,1.0000000000000249,1.0000000000001503,0.0005559383533704438,0.0006216221016164258,1.268927885288113,0,0.0,0.2865147590637207
1,minnorm,jitter,0.25,1,5,0.03,0.9,1,100,0.00047232991980380426,1059,0.33333333333333337,0.14169897594114125,0.047232991980380425,0.5611475859366555,0,5,-0.10406360532517529,1.3096430474025251,1.0000000000000007,0.9999999999997459,1.3096430474025251,0.004969026155451459,0.005615734309998677,1.2685959258922945,0,0.0,0.009841203689575195
1,projgauss,jitter,0.25,1,5,0.03,0.9,1,100,0.00047232991980380426,1059,0.33333333333333337,0.14169897594114125,0.047232991980380425,0.5611475859366555,0,5,-0.07799946346600103,1.2501608584943624,1.0000000000000007,0.9999999999999875,1.2501608584943624,0.003344368168133674,0.003764637875569965,1.268704995325678,0,0.0,0.010027170181274414
1,spectral,jitter,0.25,1,5,0.03,0.9,1,100,0.00047232991980380426,1059,0.33333333333333337,0.14169897594114125,0.047232991980380425,0.5611475859366555,0,5,-0.09845243442300118,1.1969048688460018,0.9999999999999999,0.9999999999996273,1.1969048688460018,0.0012598578385353693,0.001492372672078482,1.2689748850650675,0,0.0,0.01627492904663086
1,spectralg,jitter,0.25,1,5,0.03,0.9,1,100,0.00047232991980380426,1059,0.33333333333333337,0.14169897594114125,0.047232991980380425,0.5611475859366555,0,5,-0.09845243442300118,1.1969048688460018,0.9999999999999999,0.9999999999996273,1.1969048688460018,0.0012598578385353693,0.001492372672078482,1.2689748850650675,0,0.0,0.027206897735595703
1,molfe,jitter,0.25,1,5,0.03,0.9,1,100,0.00047232991980380426,1059,0.33333333333333337,0.14169897594114125,0.047232991980380425,0.5611475859366555,0,5,-0.03901943323056123,1.104333272596813,1.0794310720948157,2.2004171245973746e+35,inf,inf,2188925.3265402173,2188925.2475095107,1,0.0,0.008634805679321289
1,molrk3,jitter,0.25,1,5,0.03,0.9,1,100,0.00047232991980380426,1059,0.33333333333333337,0.14169897594114125,0.047232991980380425,0.5611475859366555,0,5,-0.037727212647844253,1.1080704441533933,1.082669245382378,5.318617440966484e+36,inf,inf,1124184.3464568811,1124184.3483998554,1,0.0,0.00827169418334961
1,maxent,jitter,0.25,1,5,0.03,0.9,1,100,0.00047232991980380426,1059,0.33333333333333337,0.14169897594114125,0.047232991980380425,0.5611475859366555,0,5,5.57899809854284e-05,1.0000000000000002,1.0000000000000024,1.0000000000000342,1.0000000000002613,0.0007497389068860973,0.0008171892398866343,1.2689227332880886,0,0.0,0.24682927131652832
1,lp,jitter,0.25,1,5,0.03,0.9,1,100,0.00047232991980380426,1059,0.33333333333333337,0.14169897594114125,0.047232991980380425,0.5611475859366555,0,5,0.0,1.0,1.0000000000000002,1.0000000000000087,1.0000000000000577,0.009820578310157403,0.011017984366061807,1.268803478329885,0,0.0,0.054897308349609375
1,lprand,jitter,0.25,1,5,0.03,0.9,1,100,0.00047232991980380426,1059,0.33333333333333337,0.14169897594114125,0.047232991980380425,0.5611475859366555,0,5,0.0,1.0,0.9999999999999938,1.000000000000002,1.0000000000000022,0.0038901620638369244,0.004372004793982101,1.268949547394569,0,0.0,0.053689002990722656
1,maxentw,jitter,0.25,1,5,0.03,0.9,1,100,0.00047232991980380426,1059,0.33333333333333337,0.14169897594114125,0.047232991980380425,0.5611475859366555,0,5,5.57899809854284e-05,1.0000000000000002,1.0000000000000024,1.0000000000000342,1.0000000000002613,0.0007497389068860973,0.0008171892398866343,1.2689227332880886,0,0.0,0.2470872402191162
1,minnorm,jitter,0.25,1,7,0.03,0.9,1,100,0.00047232991980380426,1059,0.33333333333333337,0.14169897594114125,0.047232991980380425,0.5611475859366555,0,7,-0.11448232014675713,1.3862719558257597,1.0000000000000002,0.9999999999999586,1.3862719558257592,0.013821628490598953,0.015943865736653573,1.2682897435593605,0,0.0,0.010855913162231445
1,projgauss,jitter,0.25,1,7,0.03,0.9,1,100,0.00047232991980380426,1059,0.33333333333333337,0.14169897594114125,0.047232991980380425,0.5611475859366555,0,7,-0.06240627066206813,1.2173999390244115,1.0000000000000018,0.9999999999999933,1.2173999390244115,0.005589921141789467,0.006477137418025247,1.2682952924336268,0,0.0,0.011591196060180664
1,spectral,jitter,0.25,1,7,0.03,0.9,1,100,0.00047232991980380426,1059,0.33333333333333337,0.14169897594114125,0.047232991980380425,0.5611475859366555,0,7,-0.14484810656530678,1.3396762593945641,0.9999999999999996,0.999999999999957,1.3396762593945641,0.0032084539788654757,0.003481204054969815,1.2688976878401406,0,0.0,0.016913890838623047
1,spectralg,jitter,0.25,1,7,0.03,0.9,1,100,0.00047232991980380426,1059,0.33333333333333337,0.14169897594114125,0.047232991980380425,0.5611475859366555,0,7,-0.14484810656530678,1.3396762593945641,0.9999999999999996,0.999999999999957,1.3396762593945641,0.0032084539788654757,0.003481204054969815,1.2688976878401406,0,0.0,0.02979898452758789
1,molfe,jitter,0.25,1,7,0.03,0.9,1,100,0.00047232991980380426,1059,0.33333333333333337,0.14169897594114125,0.047232991980380425,0.5611475859366555,0,7,-0.015809045893117442,1.0581503150601181,1.0305789518586077,201818074658790.66,1.9362156006590217e+131,inf,1120991.6342556952,1120990.9672526743,1,0.0,0.009797811508178711
1,molrk3,jitter,0.25,1,7,0.03,0.9,1,100,0.00047232991980380426,1059,0.33333333333333337,0.14169897594114125,0.047232991980380425,0.5611475859366555,0,7,-0.01545704436896757,1.0582347069194924,1.0310496759378864,329440024210068.7,1.7679532914588065e+133,inf,1572168.8010911553,1572168.1340881344,1,0.0,0.009894132614135742
1,maxent,jitter,0.25,1,7,0.03,0.9,1,100,0.00047232991980380426,1059,0.33333333333333337,0.14169897594114125,0.047232991980380425,0.5611475859366555,0,7,0.0,1.0000000000000002,1.0,1.0000000000000506,1.0000000000003353,0.001407521016511759,0.0031065612733707226,1.2689227159078507,0,0.0,0.37992000579833984
1,lp,jitter,0.25,1,7,0.03,0.9,1,100,0.00047232991980380426,1059,0.33333333333333337,0.14169897594114125,0.047232991980380425,0.5611475859366555,0,7,0.0,1.0,1.0000000000000013,0.9999999999999992,1.0000000000000013,0.021080605365613864,0.02290399593437152,1.2687728194077101,0,0.0,0.05495810508728027
1,lprand,jitter,0.25,1,7,0.03,0.9,1,100,0.00047232991980380426,1059,0.33333333333333337,0.14169897594114125,0.047232991980380425,0.5611475859366555,0,7,0.0,1.0,1.0000000000000007,1.0000000000000024,1.0000000000000024,0.010138481158019366,0.014043165149172157,1.2688517951324494,0,0.0,0.054184913635253906
1,maxentw,jitter,0.25,1,7,0.03,0.9,1,100,0.00047232991980380426,1059,0.33333333333333337,0.14169897594114125,0.047232991980380425,0.5611475859366555,0,7,0.0,1.0000000000000002,1.0,1.0000000000000506,1.0000000000003353,0.001407521016511759,0.0031065612733707226,1.2689227159078507,0,0.0,0.38375306129455566
1,minnorm,jitter,0.45,0,3,0.03,0.9,1,100,3.0289511744309245e-05,16508,0.33333333333333337,0.009086853523292773,0.0030289511744309243,0.14210210353664543,0,3,-0.14769396399918938,1.2953879279983787,1.0001560647777838,61174.18519264907,61174.18519264907,31.351477593263688,31.351477593263688,31.305987770993653,1,0.0,0.04196500778198242
1,projgauss,jitter,0.45,0,3,0.03,0.9,1,100,3.0289511744309245e-05,16508,0.33333333333333337,0.009086853523292773,0.0030289511744309243,0.14210210353664543,0,3,-0.14769396399918877,1.295387927998378,1.000156064777787,61174.18526319947,61174.18526319947,31.35147760021406,31.35147760021406,31.305987777944026,1,0.0,0.047911882400512695
1,spectral,jitter,0.45,0,3,0.03,0.9,1,100,3.0289511744309245e-05,16508,0.33333333333333337,0.009086853523292773,0.0030289511744309243,0.14210210353664543,0,3,-0.14769396399918938,1.2953879279983787,1.0001560647777838,61174.18519264907,61174.18519264907,31.351477593263688,31.351477593263688,31.305987770993653,1,0.0,0.04650402069091797
1,spectralg,jitter,0.45,0,3,0.03,0.9,1,100,3.0289511744309245e-05,16508,0.33333333333333337,0.009086853523292773,0.0030289511744309243,0.14210210353664543,0,3,-0.14769396399918938,1.2953879279983787,1.0001560647777838,61174.18519264907,61174.18519264907,31.351477593263688,31.351477593263688,31.305987770993653,1,0.0,0.04606986045837402
1,molfe,jitter,0.45,0,3,0.03,0.9,1,100,3.0289511744309245e-05,16508,0.33333333333333337,0.009086853523292773,0.0030289511744309243,0.14210210353664543,0,3,-0.14763167163271343,1.2952633432654268,1.0001560383365988,61125.22127953849,61125.22127953849,31.3311141087178,31.3311141087178,31.285624286447764,1,0.0,0.048850059509277344
1,molrk3,jitter,0.45,0,3,0.03,0.9,1,100,3.0289511744309245e-05,16508,0.33333333333333337,0.009086853523292773,0.0030289511744309243,0.14210210353664543,0,3,-0.14769396399918927,1.2953879279983784,1.0001560295434495,61140.32676863098,61140.32676863098,31.338741627233876,31.338741627233876,31.29325180496384,1,0.0,0.04697084426879883
1,maxent,jitter,0.45,0,3,0.03,0.9,1,100,3.0289511744309245e-05,16508,0.33333333333333337,0.009086853523292773,0.0030289511744309243,0.14210210353664543,14,3,-0.14769396399918938,1.2953879279983787,1.000156064777403,61174.18419207453,61174.18419207453,31.35147700433398,31.35147700433398,31.305987182063944,1,0.0,0.7669179439544678
1,lp,jitter,0.45,0,3,0.03,0.9,1,100,3.0289511744309245e-05,16508,0.33333333333333337,0.009086853523292773,0.0030289511744309243,0.14210210353664543,14,3,-0.14769396399918938,1.2953879279983787,1.0001560647777825,61174.18516051547,61174.18516051547,31.351477594034183,31.351477594034183,31.305987771764148,1,0.0,0.08684372901916504
1,lprand,jitter,0.45,0,3,0.03,0.9,1,100,3.0289511744309245e-05,16508,0.33333333333333337,0.009086853523292773,0.0030289511744309243,0.14210210353664543,14,3,-0.14769396399918938,1.2953879279983787,1.0001560647777867,61174.18516064486,61174.18516064486,31.35147759403266,31.35147759403266,31.305987771762624,1,0.0,0.08010697364807129
1,maxentw,jitter,0.45,0,3,0.03,0.9,1,100,3.0289511744309245e-05,16508,0.33333333333333337,0.009086853523292773,0.0030289511744309243,0.14210210353664543,0,5,8.599835149217419e-41,1.0000000000000002,1.0,1.0000000000005587,1.0000000000005587,0.0028211550372482606,0.0032183194979827495,1.268981364697143,0,0.0,0.8131020069122314
1,minnorm,jitter,0.45,0,5,0.03,0.9,1,100,3.0289511744309245e-05,16508,0.33333333333333337,0.009086853523292773,0.0030289511744309243,0.14210210353664543,0,5,-0.1978095321813551,1.5578867751938383,1.0,1.0217646906177646,1.5578867751938383,0.02377986261819065,0.044511480145605575,1.2687716783464125,0,0.0,0.05159497261047363
1,projgauss,jitter,0.45,0,5,0.03,0.9,1,100,3.0289511744309245e-05,16508,0.33333333333333337,0.009086853523292773,0.0030289511744309243,0.14210210353664543,0,5,-0.155705118677404,1.4829436741937483,1.0000000000000016,1.0081121670261468,1.482943674193748,0.0204138141522745,0.03902614366945184,1.2688573036297544,0,0.0,0.050244808197021484
1,spectral,jitter,0.45,0,5,0.03,0.9,1,100,3.0289511744309245e-05,16508,0.33333333333333337,0.009086853523292773,0.0030289511744309243,0.14210210353664543,0,5,-0.039910890417834265,1.0850888765072129,1.0131680756398609,2.05844457815499e+94,2.05844457815499e+94,inf,5271518.4887942225,5271519.04923182,1,0.0,0.016819000244140625
1,spectralg,jitter,0.45,0,5,0.03,0.9,1,100,3.0289511744309245e-05,16508,0.33333333333333337,0.009086853523292773,0.0030289511744309243,0.14210210353664543,0,5,-0.039910890417834265,1.0850888765072129,1.0131680756398609,2.05844457815499e+94,2.05844457815499e+94,inf,5271518.4887942225,5271519.04923182,1,0.0,0.028709888458251953
1,molfe,jitter,0.45,0,5,0.03,0.9,1,100,3.0289511744309245e-05,16508,0.33333333333333337,0.009086853523292773,0.0030289511744309243,0.14210210353664543,0,5,-0.005532776941976973,1.0135967494113058,1.0050424745954007,1.9256759359384225e+36,1.9256759359384225e+36,inf,3191545.2262304854,3191544.820018778,1,0.0,0.018323898315429688
1,molrk3,jitter,0.45,0,5,0.03,0.9,1,100,3.0289511744309245e-05,16508,0.33333333333333337,0.009086853523292773,0.0030289511744309243,0.14210210353664543,0,5,-0.0054980607621047525,1.0135312607210463,1.005055209239214,2.3736870774702295e+36,2.3736870774702295e+36,inf,3375463.8714986257,3375463.4652869185,1,0.0,0.017795801162719727
1,maxent,jitter,0.45,0,5,0.03,0.9,1,100,3.0289511744309245e-05,16508,0.33333333333333337,0.009086853523292773,0.0030289511744309243,0.14210210353664543,0,5,8.599835149217419e-41,1.0000000000000002,1.0000000000000029,1.0000000000008373,1.0000000000008373,0.002830064551208709,0.0032394968419433706,1.2689815091065324,0,0.0,0.7346649169921875
1,lp,jitter,0.45,0,5,0.03,0.9,1,100,3.0289511744309245e-05,16508,0.33333333333333337,0.009086853523292773,0.0030289511744309243,0.14210210353664543,0,5,0.0,1.0000000000000002,0.9999999999999986,1.0000000000003724,1.0000000000003724,0.013874862637114207,0.01622967904742798,1.2693788633044218,0,0.0,0.08295106887817383
1,lprand,jitter,0.45,0,5,0.03,0.9,1,100,3.0289511744309245e-05,16508,0.33333333333333337,0.009086853523292773,0.0030289511744309243,0.14210210353664543,0,5,0.0,1.0000000000000002,1.0000000000000013,0.9999999999998664,1.0000000000000369,0.00758686924357594,0.00948957611783266,1.2692052353144927,0,0.0,0.09068894386291504
1,maxentw,jitter,0.45,0,5,0.03,0.9,1,100,3.0289511744309245e-05,16508,0.33333333333333337,0.009086853523292773,0.0030289511744309243,0.14210210353664543,0,5,8.599835149217419e-41,1.0000000000000002,1.0000000000000029,1.0000000000008373,1.0000000000008373,0.002830064551208709,0.0032394968419433706,1.2689815091065324,0,0.0,0.7369489669799805
1,minnorm,jitter,0.45,0,7,0.03,0.9,1,100,3.0289511744309245e-05,16508,0.33333333333333337,0.009086853523292773,0.0030289511744309243,0.14210210353664543,0,7,-0.1877708223017069,1.520432675887156,1.0000000000000067,1.0448138343840383,1.520432675887156,0.10458528775690856,0.14255721382066605,1.259310918635441,0,0.0,0.0463411808013916
1,projgauss,jitter,0.45,0,7,0.03,0.9,1,100,3.0289511744309245e-05,16508,0.33333333333333337,0.009086853523292773,0.0030289511744309243,0.14210210353664543,0,7,-0.1045403676184036,1.3374020833397922,0.9999999999999996,1.0125223906345007,1.3374020833397922,0.0625006684136919,0.08107931601691698,1.2621747146892237,0,0.0,0.043211936950683594
1,spectral,jitter,0.45,0,7,0.03,0.9,1,100,3.0289511744309245e-05,16508,0.33333333333333337,0.009086853523292773,0.0030289511744309243,0.14210210353664543,0,7,-0.08485202500173261,1.1881623357246973,1.000000000000002,1.4379094951516131,2.89025863753538,0.009590245478660997,0.015752088706036782,1.2696203008498763,0,0.0,0.05463695526123047
1,spectralg,jitter,0.45,0,7,0.03,0.9,1,100,3.0289511744309245e-05,16508,0.33333333333333337,0.009086853523292773,0.0030289511744309243,0.14210210353664543,0,7,-0.08485202500173261,1.1881623357246973,1.000000000000002,1.4379094951516131,2.89025863753538,0.009590245478660997,0.015752088706036782,1.2696203008498763,0,0.0,0.06717181205749512
1,molfe,jitter,0.45,0,7,0.03,0.9,1,100,3.0289511744309245e-05,16508,0.33333333333333337,0.009086853523292773,0.0030289511744309243,0.14210210353664543,0,7,-0.0014239998269420713,1.005010870602957,1.0019220890779523,236536338261556.47,236536338261556.47,inf,1435193.9531388527,1435194.3525155594,1,0.0,0.03117680549621582
1,molrk3,jitter,0.45,0,7,0.03,0.9,1,100,3.0289511744309245e-05,16508,0.33333333333333337,0.009086853523292773,0.0030289511744309243,0.14210210353664543,0,7,-0.0014208293835693514,1.005002849536149,1.0019239374746716,244044258765579.78,244044258765579.78,inf,1466690.660540856,1466691.0599175626,1,0.0,0.03795504570007324
1,maxent,jitter,0.45,0,7,0.03,0.9,1,100,3.0289511744309245e-05,16508,0.33333333333333337,0.009086853523292773,0.0030289511744309243,0.14210210353664543,0,7,5.543017995703356e-86,1.0000000000000004,1.0000000000000013,1.00000000000102,1.00000000000102,0.002830080574661848,0.003239500590411268,1.268981509059131,0,0.0,0.5645952224731445
1,lp,jitter,0.45,0,7,0.03,0.9,1,100,3.0289511744309245e-05,16508,0.33333333333333337,0.009086853523292773,0.0030289511744309243,0.14210210353664543,0,7,0.0,1.0000000000000002,1.0000000000000027,1.0000000000003024,1.0000000000003024,0.02158451522595614,0.023537443686300213,1.2699245058188473,0,0.0,0.08740806579589844
1,lprand,jitter,0.45,0,7,0.03,0.9,1,100,3.0289511744309245e-05,16508,0.33333333333333337,0.009086853523292773,0.0030289511744309243,0.14210210353664543,0,7,0.0,1.0000000000000002,1.0000000000000018,1.000000000000348,1.000000000000348,0.008917084440033217,0.00977770750434765,1.269438415767578,0,0.0,0.09250497817993164
1,maxentw,jitter,0.45,0,7,0.03,0.9,1,100,3.0289511744309245e-05,16508,0.33333333333333337,0.009086853523292773,0.0030289511744309243,0.14210210353664543,0,7,5.543017995703356e-86,1.0000000000000004,1.0000000000000013,1.00000000000102,1.00000000000102,0.002830080574661848,0.003239500590411268,1.268981509059131,0,0.0,0.5632040500640869
1,minnorm,jitter,0.45,1,3,0.03,0.9,1,100,6.619136891797147e-05,7554,0.33333333333333337,0.01985741067539144,0.006619136891797147,0.21006565468597582,0,3,-0.12658607402888522,1.25317214805777,1.0005863467617029,15123.293266986308,55058.60431143955,15.956393467646402,15.956393467646402,16.2688092230673,1,0.0,0.02422189712524414
1,projgauss,jitter,0.45,1,3,0.03,0.9,1,100,6.619136891797147e-05,7554,0.33333333333333337,0.01985741067539144,0.006619136891797147,0.21006565468597582,0,3,-0.1265860740288849,1.2531721480577696,1.0005863467617047,15123.29324024566,55058.60431087718,15.95639346617236,15.95639346617236,16.26880922159326,1,0.0,0.02524590492248535
1,spectral,jitter,0.45,1,3,0.03,0.9,1,100,6.619136891797147e-05,7554,0.33333333333333337,0.01985741067539144,0.006619136891797147,0.21006565468597582,0,3,-0.12658607402888522,1.25317214805777,1.0005863467617029,15123.293266986308,55058.60431143955,15.956393467646402,15.956393467646402,16.2688092230673,1,0.0,0.025795936584472656
1,spectralg,jitter,0.45,1,3,0.03,0.9,1,100,6.619136891797147e-05,7554,0.33333333333333337,0.01985741067539144,0.006619136891797147,0.21006565468597582,0,3,-0.12658607402888522,1.25317214805777,1.0005863467617029,15123.293266986308,55058.60431143955,15.956393467646402,15.956393467646402,16.2688092230673,1,0.0,0.0253598690032959
1,molfe,jitter,0.45,1,3,0.03,0.9,1,100,6.619136891797147e-05,7554,0.33333333333333337,0.01985741067539144,0.006619136891797147,0.21006565468597582,0,3,-0.1264703107561991,1.2529406215123982,1.0005866081806354,15121.544319427901,55295.5628684714,15.955829245024047,15.955829245024047,16.268245000444946,1,0.0,0.026540040969848633
1,molrk3,jitter,0.45,1,3,0.03,0.9,1,100,6.619136891797147e-05,7554,0.33333333333333337,0.01985741067539144,0.006619136891797147,0.21006565468597582,0,3,-0.12658607402888492,1.2531721480577698,1.0005862019054599,15123.293245379375,55006.69887836919,15.957531713998629,15.957531713998629,16.269947469419527,1,0.0,0.022571086883544922
1,maxent,jitter,0.45,1,3,0.03,0.9,1,100,6.619136891797147e-05,7554,0.33333333333333337,0.01985741067539144,0.006619136891797147,0.21006565468597582,11,3,-0.12658607402888522,1.25317214805777,1.0005863467617406,15123.293372734486,55058.59983139207,15.956382116026655,15.956382116026655,16.268797871447553,1,0.0,0.877547025680542
1,lp,jitter,0.45,1,3,0.03,0.9,1,100,6.619136891797147e-05,7554,0.33333333333333337,0.01985741067539144,0.006619136891797147,0.21006565468597582,11,3,-0.12658607402888522,1.25317214805777,1.0005863467617078,15123.293229571527,55058.604310383205,15.956393466963528,15.956393466963528,16.268809222384427,1,0.0,0.06443190574645996
1,lprand,jitter,0.45,1,3,0.03,0.9,1,100,6.619136891797147e-05,7554,0.33333333333333337,0.01985741067539144,0.006619136891797147,0.21006565468597582,11,3,-0.12658607402888522,1.25317214805777,1.0005863467617002,15123.293269994814,55058.604310533454,15.956393466957925,15.956393466957925,16.268809222378824,1,0.0,0.06692886352539062
1,maxentw,jitter,0.45,1,3,0.03,0.9,1,100,6.619136891797147e-05,7554,0.33333333333333337,0.01985741067539144,0.006619136891797147,0.21006565468597582,0,5,3.252898667747831e-12,1.0000000000000002,0.9999999999999962,1.0000000000004399,1.0000000000005416,0.0025675143610760596,0.002810316447159192,1.2687460538268558,0,0.0,0.976348876953125
1,minnorm,jitter,0.45,1,5,0.03,0.9,1,100,6.619136891797147e-05,7554,0.33333333333333337,0.01985741067539144,0.006619136891797147,0.21006565468597582,0,5,-0.18333376536854773,1.5186579024370128,0.9999999999999983,1.001851231001425,1.518657902437013,0.014543951304129166,0.023367842310476505,1.2671037147910222,0,0.0,0.0278780460357666
1,projgauss,jitter,0.45,1,5,0.03,0.9,1,100,6.619136891797147e-05,7554,0.33333333333333337,0.01985741067539144,0.006619136891797147,0.21006565468597582,0,5,-0.15640006018761893,1.456079031089856,1.0000000000000004,1.0011669652117092,1.4638241615842733,0.013576422215553885,0.020728402004552504,1.2671195943436349,0,0.0,0.02553701400756836
1,spectral,jitter,0.45,1,5,0.03,0.9,1,100,6.619136891797147e-05,7554,0.33333333333333337,0.01985741067539144,0.006619136891797147,0.21006565468597582,0,5,-0.07725112091268775,1.1565536979915412,1.012578454360519,3.335817964803076e+41,6.335181849829106e+54,inf,1595781.4418290295,1595782.3198971972,1,0.0,0.017943143844604492
1,spectralg,jitter,0.45,1,5,0.03,0.9,1,100,6.619136891797147e-05,7554,0.33333333333333337,0.01985741067539144,0.006619136891797147,0.21006565468597582,0,5,-0.07725112091268775,1.1565536979915412,1.012578454360519,3.335817964803076e+41,6.335181849829106e+54,inf,1595781.4418290295,1595782.3198971972,1,0.0,0.027778148651123047
1,molfe,jitter,0.45,1,5,0.03,0.9,1,100,6.619136891797147e-05,7554,0.33333333333333337,0.01985741067539144,0.006619136891797147,0.21006565468597582,0,5,-0.01015854824079755,1.0282941715893905,1.010016362867736,9.446858189019982e+32,3.652404335055326e+43,inf,1805899.582051369,1805898.6910991098,1,0.0,0.014847040176391602
1,molrk3,jitter,0.45,1,5,0.03,0.9,1,100,6.619136891797147e-05,7554,0.33333333333333337,0.01985741067539144,0.006619136891797147,0.21006565468597582,0,5,-0.010062816995416845,1.028089494490633,1.010066694116444,1.3764666827434442e+33,6.011620803599479e+43,inf,2040773.8734110368,2040772.9824587777,1,0.0,0.014793872833251953
1,maxent,jitter,0.45,1,5,0.03,0.9,1,100,6.619136891797147e-05,7554,0.33333333333333337,0.01985741067539144,0.006619136891797147,0.21006565468597582,0,5,3.31604279755145e-26,1.0000000000000002,1.0000000000000002,1.0000000000005382,1.000000000000624,0.0025788343092400627,0.002810619794720734,1.268746143710195,0,0.0,0.5919265747070312
1,lp,jitter,0.45,1,5,0.03,0.9,1,100,6.619136891797147e-05,7554,0.33333333333333337,0.01985741067539144,0.006619136891797147,0.21006565468597582,0,5,0.0,1.0000000000000002,1.0000000000000024,0.9999999999999972,1.0000000000000322,0.011784226165072721,0.013484203158938897,1.2685760986556858,0,0.0,0.06672906875610352
1,lprand,jitter,0.45,1,5,0.03,0.9,1,100,6.619136891797147e-05,7554,0.33333333333333337,0.01985741067539144,0.006619136891797147,0.21006565468597582,0,5,0.0,1.0000000000000002,0.9999999999999987,1.0000000000000357,1.0000000000000357,0.006355395168215362,0.0070526514834335086,1.2687780084997284,0,0.0,0.07172083854675293
1,maxentw,jitter,0.45,1,5,0.03,0.9,1,100,6.619136891797147e-05,7554,0.33333333333333337,0.01985741067539144,0.006619136891797147,0.21006565468597582,0,5,3.31604279755145e-26,1.0000000000000002,1.0000000000000002,1.0000000000005382,1.000000000000624,0.0025788343092400627,0.002810619794720734,1.268746143710195,0,0.0,0.5959768295288086
1,minnorm,jitter,0.45,1,7,0.03,0.9,1,100,6.619136891797147e-05,7554,0.33333333333333337,0.01985741067539144,0.006619136891797147,0.21006565468597582,0,7,-0.16233747756580857,1.5136994937698711,1.000000000000006,1.0261403380751268,1.5136994937698713,0.13533743595334602,0.1533605104551744,1.257526392707558,0,0.0,0.0221250057220459
1,projgauss,jitter,0.45,1,7,0.03,0.9,1,100,6.619136891797147e-05,7554,0.33333333333333337,0.01985741067539144,0.006619136891797147,0.21006565468597582,0,7,-0.10791912181349103,1.3349128215427897,1.0000000000000002,1.0021157180398321,1.3349128215427897,0.0706758840795253,0.0746494253575698,1.2633707762035908,0,0.0,0.02378392219543457
1,spectral,jitter,0.45,1,7,0.03,0.9,1,100,6.619136891797147e-05,7554,0.33333333333333337,0.01985741067539144,0.006619136891797147,0.21006565468597582,0,7,-0.1036560327430184,1.212408810549566,1.0000000000000007,1.081836141073295,1.9498485125309597,0.01093598525865458,0.02098605213035276,1.2698945178660368,0,0.0,0.033865928649902344
1,spectralg,jitter,0.45,1,7,0.03,0.9,1,100,6.619136891797147e-05,7554,0.33333333333333337,0.01985741067539144,0.006619136891797147,0.21006565468597582,0,7,-0.1036560327430184,1.212408810549566,1.0000000000000007,1.081836141073295,1.9498485125309597,0.01093598525865458,0.02098605213035276,1.2698945178660368,0,0.0,0.04250192642211914
1,molfe,jitter,0.45,1,7,0.03,0.9,1,100,6.619136891797147e-05,7554,0.33333333333333337,0.01985741067539144,0.006619136891797147,0.21006565468597582,0,7,-0.0030563033836616296,1.011249787822358,1.0043631447794217,824907456482955.2,3.952566178679578e+19,inf,1228733.0900207574,1228733.7509044276,1,0.0,0.019357919692993164
1,molrk3,jitter,0.45,1,7,0.03,0.9,1,100,6.619136891797147e-05,7554,0.33333333333333337,0.01985741067539144,0.006619136891797147,0.21006565468597582,0,7,-0.0030432644155518524,1.0112175326345654,1.0043726771391615,888052366441424.0,4.3539556017715675e+19,inf,1295873.3281423128,1295873.989025983,1,0.0,0.020041942596435547
1,maxent,jitter,0.45,1,7,0.03,0.9,1,100,6.619136891797147e-05,7554,0.33333333333333337,0.01985741067539144,0.006619136891797147,0.21006565468597582,0,7,1.0427841123904523e-55,1.0000000000000004,0.9999999999999991,1.0000000000007432,1.0000000000009497,0.0025787847491237498,0.002810576106223428,1.268746143685389,0,0.0,0.747236967086792
1,lp,jitter,0.45,1,7,0.03,0.9,1,100,6.619136891797147e-05,7554,0.33333333333333337,0.01985741067539144,0.006619136891797147,0.21006565468597582,0,7,0.0,1.0000000000000002,1.0000000000000007,1.0000000000002143,1.0000000000002536,0.023433183791584208,0.02462746115156464,1.2689665991102608,0,0.0,0.06503891944885254
1,lprand,jitter,0.45,1,7,0.03,0.9,1,100,6.619136891797147e-05,7554,0.33333333333333337,0.01985741067539144,0.006619136891797147,0.21006565468597582,0,7,0.0,1.0000000000000002,0.9999999999999989,1.0000000000000897,1.0000000000000897,0.009918201793227721,0.012930562427677969,1.2683317098170763,0,0.0,0.06494903564453125
1,maxentw,jitter,0.45,1,7,0.03,0.9,1,100,6.619136891797147e-05,7554,0.33333333333333337,0.01985741067539144,0.006619136891797147,0.21006565468597582,0,7,1.0427841123904523e-55,1.0000000000000004,0.9999999999999991,1.0000000000007432,1.0000000000009497,0.0025787847491237498,0.002810576106223428,1.268746143685389,0,0.0,0.7466652393341064
1,minnorm,random,0.0,0,3,0.03,0.9,1,100,0.00010703263175581555,4672,0.33333333333333337,0.03210978952674466,0.010703263175581556,0.267123731325411,0,3,-0.9407890272974186,2.8815780545948377,1.0909079398845278,7.323877717948178e+177,7.323877717948178e+177,inf,4310078.389003565,4310078.416964386,1,0.0,0.007683992385864258
1,projgauss,random,0.0,0,3,0.03,0.9,1,100,0.00010703263175581555,4672,0.33333333333333337,0.03210978952674466,0.010703263175581556,0.267123731325411,0,3,-0.9407890272974183,2.881578054594837,1.090907939884529,7.323877717954786e+177,7.323877717954786e+177,inf,4310078.3893718375,4310078.417332659,1,0.0,0.008527040481567383
1,spectral,random,0.0,0,3,0.03,0.9,1,100,0.00010703263175581555,4672,0.33333333333333337,0.03210978952674466,0.010703263175581556,0.267123731325411,0,3,-0.9407890272974186,2.8815780545948377,1.0909079398845278,7.323877717948178e+177,7.323877717948178e+177,inf,4310078.389003565,4310078.416964386,1,0.0,0.007570981979370117
1,spectralg,random,0.0,0,3,0.03,0.9,1,100,0.00010703263175581555,4672,0.33333333333333337,0.03210978952674466,0.010703263175581556,0.267123731325411,0,3,-0.9407890272974186,2.8815780545948377,1.0909079398845278,7.323877717948178e+177,7.323877717948178e+177,inf,4310078.389003565,4310078.416964386,1,0.0,0.007596015930175781
1,molfe,random,0.0,0,3,0.03,0.9,1,100,0.00010703263175581555,4672,0.33333333333333337,0.03210978952674466,0.010703263175581556,0.267123731325411,0,3,-0.9392533544322894,2.878506708864579,1.0906929730117918,2.9165948258742377e+177,2.9165948258742377e+177,inf,4079493.501735272,4079493.5296960925,1,0.0,0.008213996887207031
1,molrk3,random,0.0,0,3,0.03,0.9,1,100,0.00010703263175581555,4672,0.33333333333333337,0.03210978952674466,0.010703263175581556,0.267123731325411,0,3,-0.9407890272974279,2.8815780545948564,1.0949299088943447,2.145892570564973e+185,2.145892570564973e+185,inf,12033377.335424317,12033377.363385137,1,0.0,0.0076520442962646484
1,maxent,random,0.0,0,3,0.03,0.9,1,100,0.00010703263175581555,4672,0.33333333333333337,0.03210978952674466,0.010703263175581556,0.267123731325411,36,3,-0.9407890272974186,2.8815780545948377,1.090907939884525,7.323877796474115e+177,7.323877796474115e+177,inf,4310070.390570495,4310070.418531316,1,0.0,0.8996727466583252
1,lp,random,0.0,0,3,0.03,0.9,1,100,0.00010703263175581555,4672,0.33333333333333337,0.03210978952674466,0.010703263175581556,0.267123731325411,36,3,-0.9407890272974186,2.8815780545948377,1.0909079398845252,7.323877717948103e+177,7.323877717948103e+177,inf,4310078.389209048,4310078.417169869,1,0.0,0.04852294921875
1,lprand,random,0.0,0,3,0.03,0.9,1,100,0.00010703263175581555,4672,0.33333333333333337,0.03210978952674466,0.010703263175581556,0.267123731325411,36,3,-0.9407890272974186,2.8815780545948377,1.0909079398845263,7.323877717948103e+177,7.323877717948103e+177,inf,4310078.389209048,4310078.417169869,1,0.0,0.04729270935058594
1,maxentw,random,0.0,0,3,0.03,0.9,1,100,0.00010703263175581555,4672,0.33333333333333337,0.03210978952674466,0.010703263175581556,0.267123731325411,0,7,1.4160400826193997e-30,1.0000000000000004,1.0000000000000018,1.000000000000295,1.0000000000005942,0.006939849434623582,0.010219099392609923,1.2691082145655697,0,0.0,1.1119141578674316
1,minnorm,random,0.0,0,5,0.03,0.9,1,100,0.00010703263175581555,4672,0.33333333333333337,0.03210978952674466,0.010703263175581556,0.267123731325411,0,5,-0.26719220211048333,1.606016618981205,1.0000001208152125,1198.1509876512162,4706.292434182285,3.197218293540777,3.197218293540777,3.1911322941525464,0,0.0,0.017712831497192383
1,projgauss,random,0.0,0,5,0.03,0.9,1,100,0.00010703263175581555,4672,0.33333333333333337,0.03210978952674466,0.010703263175581556,0.267123731325411,0,5,-0.24440680359932693,1.6212653054317014,1.000000142487536,1198.111935913742,4695.184808502237,3.1669019502607405,3.1669019502607405,3.16081595087251,0,0.0,0.01893901824951172
1,spectral,random,0.0,0,5,0.03,0.9,1,100,0.00010703263175581555,4672,0.33333333333333337,0.03210978952674466,0.010703263175581556,0.267123731325411,0,5,-0.9918449245172531,3.6941469057465715,1.0000002333108338,7055.743832273718,27574.95856165206,3.1387617646314103,3.1387617646314103,3.13267576524318,0,0.0,0.026330232620239258
1,spectralg,random,0.0,0,5,0.03,0.9,1,100,0.00010703263175581555,4672,0.33333333333333337,0.03210978952674466,0.010703263175581556,0.267123731325411,0,5,-0.9918449245172531,3.6941469057465715,1.0000002829859966,7055.743832273718,27574.95856165206,3.1387617646314103,3.1387617646314103,3.13267576524318,0,0.0,0.03857684135437012
1,molfe,random,0.0,0,5,0.03,0.9,1,100,0.00010703263175581555,4672,0.33333333333333337,0.03210978952674466,0.010703263175581556,0.267123731325411,0,5,-0.04606311823586629,1.1896674205915732,1.0126376182917425,8.858440835857503e+25,1.0152484453819148e+55,inf,2379530.068032264,2379529.762989008,1,0.0,0.011105060577392578
1,molrk3,random,0.0,0,5,0.03,0.9,1,100,0.00010703263175581555,4672,0.33333333333333337,0.03210978952674466,0.010703263175581556,0.267123731325411,0,5,-0.045711166947325715,1.187694518329641,1.0127178093808529,1.2824190384737584e+26,2.2411858523371615e+55,inf,2736902.394676228,2736902.089632972,1,0.0,0.010998010635375977
1,maxent,random,0.0,0,5,0.03,0.9,1,100,0.00010703263175581555,4672,0.33333333333333337,0.03210978952674466,0.010703263175581556,0.267123731325411,2,5,-0.23119413625568078,1.606016618981205,1.0000001233973859,1288.9109951069613,5037.689342859399,3.2312944948887026,3.2312944948887026,3.225208495500472,0,0.0,0.42118191719055176
1,lp,random,0.0,0,5,0.03,0.9,1,100,0.00010703263175581555,4672,0.33333333333333337,0.03210978952674466,0.010703263175581556,0.267123731325411,2,5,-0.23119413625568078,1.606016618981205,1.0000002113824988,1378.775442468912,5395.305284303956,3.1838052571497637,3.1838052571497637,3.177719257761533,0,0.0,0.06329083442687988
1,lprand,random,0.0,0,5,0.03,0.9,1,100,0.00010703263175581555,4672,0.33333333333333337,0.03210978952674466,0.010703263175581556,0.267123731325411,2,5,-0.23119413625568078,1.606016618981205,1.0000000483571234,1235.342733178383,4827.749904542227,3.248160317496134,3.248160317496134,3.2420743181079037,0,0.0,0.05974602699279785
1,maxentw,random,0.0,0,5,0.03,0.9,1,100,0.00010703263175581555,4672,0.33333333333333337,0.03210978952674466,0.010703263175581556,0.267123731325411,0,7,1.4160400826193997e-30,1.0000000000000004,0.9999999999999982,1.0000000000003166,1.0000000000006206,0.006925671466206748,0.0102139796028263,1.2691056075210183,0,0.0,0.41953086853027344
1,minnorm,random,0.0,0,7,0.03,0.9,1,100,0.00010703263175581555,4672,0.33333333333333337,0.03210978952674466,0.010703263175581556,0.267123731325411,0,7,-0.20617353079469633,1.6126934152251189,1.0000000000000038,1.15061563233838,2.0551387129609093,0.16030203209748584,0.21596022487560673,1.2590205090857622,0,0.0,0.016177892684936523
1,projgauss,random,0.0,0,7,0.03,0.9,1,100,0.00010703263175581555,4672,0.33333333333333337,0.03210978952674466,0.010703263175581556,0.267123731325411,0,7,-0.16540031566181768,1.4439583033808807,1.0000000000000007,1.0483922814030073,1.5409166275771624,0.08045282630129169,0.10426094134080433,1.2653207442903127,0,0.0,0.019779205322265625
1,spectral,random,0.0,0,7,0.03,0.9,1,100,0.00010703263175581555,4672,0.33333333333333337,0.03210978952674466,0.010703263175581556,0.267123731325411,0,7,-0.9109172163125465,3.571583315967857,1.0000000000000002,2.476877778474758,9.346227260262175,0.029132338534003606,0.051901340937777984,1.269873483062032,0,0.0,0.02674102783203125
1,spectralg,random,0.0,0,7,0.03,0.9,1,100,0.00010703263175581555,4672,0.33333333333333337,0.03210978952674466,0.010703263175581556,0.267123731325411,0,7,-0.9109172163125465,3.571583315967857,1.0,2.483537556937016,9.346227260262175,0.029269902122582993,0.05042952353450003,1.2698737835534901,0,0.0,0.04026913642883301
1,molfe,random,0.0,0,7,0.03,0.9,1,100,0.00010703263175581555,4672,0.33333333333333337,0.03210978952674466,0.010703263175581556,0.267123731325411,0,7,-0.015488104643030397,1.060245549932747,1.0068937611944129,227227881648012.28,1.792069663450497e+30,inf,1448944.7034375044,1448945.2259675898,1,0.0,0.016438007354736328
1,molrk3,random,0.0,0,7,0.03,0.9,1,100,0.00010703263175581555,4672,0.33333333333333337,0.03210978952674466,0.010703263175581556,0.267123731325411,0,7,-0.015131807434895858,1.0594585963710044,1.006917577769235,253778457287111.1,2.2702808195555235e+30,inf,1547011.9837648806,1547012.506294966,1,0.0,0.016176939010620117
1,maxent,random,0.0,0,7,0.03,0.9,1,100,0.00010703263175581555,4672,0.33333333333333337,0.03210978952674466,0.010703263175581556,0.267123731325411,0,7,1.868880788995039e-51,1.0000000000000004,0.999999999999998,1.0000000000003313,1.0000000000005551,0.00690995046648793,0.010201996356971145,1.2691105226740997,0,0.0,0.41971421241760254
1,lp,random,0.0,0,7,0.03,0.9,1,100,0.00010703263175581555,4672,0.33333333333333337,0.03210978952674466,0.010703263175581556,0.267123731325411,0,7,0.0,1.0000000000000002,0.9999999999999994,1.0000000000001672,1.0000000000001672,0.022767553278993297,0.0308715110484913,1.2689752788268265,0,0.0,0.06246781349182129
1,lprand,random,0.0,0,7,0.03,0.9,1,100,0.00010703263175581555,4672,0.33333333333333337,0.03210978952674466,0.010703263175581556,0.267123731325411,0,7,0.0,1.0000000000000002,1.0000000000000007,1.0000000000000124,1.0000000000000202,0.007720203728361186,0.010991915992665881,1.2692979259016788,0,0.0,0.06172895431518555
1,maxentw,random,0.0,0,7,0.03,0.9,1,100,0.00010703263175581555,4672,0.33333333333333337,0.03210978952674466,0.010703263175581556,0.267123731325411,0,7,1.868880788995039e-51,1.0000000000000004,0.999999999999998,1.0000000000003313,1.0000000000005551,0.00690995046648793,0.010201996356971145,1.2691105226740997,0,0.0,0.4215269088745117
1,minnorm,random,0.0,1,3,0.03,0.9,1,100,0.0001323854816976273,3777,0.33333333333333337,0.03971564450928819,0.01323854816976273,0.29708077655482557,0,3,-0.6843799603853622,2.368759920770724,1.1133296688913097,1.2530296772596775e+177,1.2530296772596775e+177,inf,2454799.821818335,2454799.9378769677,1,0.0,0.00650787353515625
1,projgauss,random,0.0,1,3,0.03,0.9,1,100,0.0001323854816976273,3777,0.33333333333333337,0.03971564450928819,0.01323854816976273,0.29708077655482557,0,3,-0.6843799603853626,2.368759920770725,1.1133296688913106,1.2530296772636748e+177,1.2530296772636748e+177,inf,2454799.8220161204,2454799.938074753,1,0.0,0.008175849914550781
1,spectral,random,0.0,1,3,0.03,0.9,1,100,0.0001323854816976273,3777,0.33333333333333337,0.03971564450928819,0.01323854816976273,0.29708077655482557,0,3,-0.6843799603853622,2.368759920770724,1.1133296688913097,1.2530296772596775e+177,1.2530296772596775e+177,inf,2454799.821818335,2454799.9378769677,1,0.0,0.008056879043579102
1,spectralg,random,0.0,1,3,0.03,0.9,1,100,0.0001323854816976273,3777,0.33333333333333337,0.03971564450928819,0.01323854816976273,0.29708077655482557,0,3,-0.6843799603853622,2.368759920770724,1.1133296688913097,1.2530296772596775e+177,1.2530296772596775e+177,inf,2454799.821818335,2454799.9378769677,1,0.0,0.007886886596679688
1,molfe,random,0.0,1,3,0.03,0.9,1,100,0.0001323854816976273,3777,0.33333333333333337,0.03971564450928819,0.01323854816976273,0.29708077655482557,0,3,-0.6830376734248297,2.3660753468496596,1.1131420217131642,6.630560514646543e+176,6.630560514646543e+176,inf,2363047.1828481965,2363047.298906829,1,0.0,0.007576704025268555
1,molrk3,random,0.0,1,3,0.03,0.9,1,100,0.0001323854816976273,3777,0.33333333333333337,0.03971564450928819,0.01323854816976273,0.29708077655482557,0,3,-0.6767827820025982,2.3535655640051965,1.1197839709628883,3.802477418130735e+186,3.802477418130735e+186,inf,9011515.497678174,9011515.613736806,1,0.0,0.007709980010986328
1,maxent,random,0.0,1,3,0.03,0.9,1,100,0.0001323854816976273,3777,0.33333333333333337,0.03971564450928819,0.01323854816976273,0.29708077655482557,35,3,-0.6843799603853622,2.368759920770724,1.1133296688913097,1.2530296772596523e+177,1.2530296772596523e+177,inf,2454799.8218560982,2454799.937914731,1,0.0,0.7752566337585449
1,lp,random,0.0,1,3,0.03,0.9,1,100,0.0001323854816976273,3777,0.33333333333333337,0.03971564450928819,0.01323854816976273,0.29708077655482557,35,3,-0.6843799603853622,2.368759920770724,1.1133296688913097,1.2530296772596667e+177,1.2530296772596667e+177,inf,2454799.8219890534,2454799.938047686,1,0.0,0.04877805709838867
1,lprand,random,0.0,1,3,0.03,0.9,1,100,0.0001323854816976273,3777,0.33333333333333337,0.03971564450928819,0.01323854816976273,0.29708077655482557,35,3,-0.6843799603853622,2.368759920770724,1.1133296688913097,1.2530296772596667e+177,1.2530296772596667e+177,inf,2454799.8219890534,2454799.938047686,1,0.0,0.04601001739501953
1,maxentw,random,0.0,1,3,0.03,0.9,1,100,0.0001323854816976273,3777,0.33333333333333337,0.03971564450928819,0.01323854816976273,0.29708077655482557,1,7,-0.12453968839622577,1.2490793767924524,1.0000001123183173,2576.7173277161937,15111.109992966967,10.389238106415636,10.389238106415636,9.887101747663035,0,0.0,0.978355884552002
1,minnorm,random,0.0,1,5,0.03,0.9,1,100,0.0001323854816976273,3777,0.33333333333333337,0.03971564450928819,0.01323854816976273,0.29708077655482557,0,5,-0.24720629054690774,1.7420996186034094,1.000458381565053,1084.3180922968918,39942.06140055577,17.914553163559543,17.914553163559543,18.07157637336973,1,0.0,0.014219999313354492
1,projgauss,random,0.0,1,5,0.03,0.9,1,100,0.0001323854816976273,3777,0.33333333333333337,0.03971564450928819,0.01323854816976273,0.29708077655482557,0,5,-0.27517766086203366,1.7630178162217793,1.0003847565158805,1079.904360301802,21154.113477960385,17.912725563322756,17.912725563322756,18.069748773132943,1,0.0,0.01817011833190918
1,spectral,random,0.0,1,5,0.03,0.9,1,100,0.0001323854816976273,3777,0.33333333333333337,0.03971564450928819,0.01323854816976273,0.29708077655482557,0,5,-1.2061429872398721,5.6026571365496185,1.0002134498010136,6813.998833223384,40680.65421083024,17.530571665367777,17.530571665367777,17.687594875177965,1,0.0,0.020797014236450195
1,spectralg,random,0.0,1,5,0.03,0.9,1,100,0.0001323854816976273,3777,0.33333333333333337,0.03971564450928819,0.01323854816976273,0.29708077655482557,0,5,-1.2061429872398721,5.6026571365496185,1.0002099247561915,6816.345450634062,39819.16824083836,17.491133279844828,17.491133279844828,17.648156489655015,1,0.0,0.0352330207824707
1,molfe,random,0.0,1,5,0.03,0.9,1,100,0.0001323854816976273,3777,0.33333333333333337,0.03971564450928819,0.01323854816976273,0.29708077655482557,0,5,-0.10009888251093309,1.3664342380226135,1.0059748555619115,81254652440.91116,9.215965584201405e+26,inf,1133200.6380875655,1133200.9771115193,1,0.0,0.016806840896606445
1,molrk3,random,0.0,1,5,0.03,0.9,1,100,0.0001323854816976273,3777,0.33333333333333337,0.03971564450928819,0.01323854816976273,0.29708077655482557,0,5,-0.0992332414701508,1.361881114485975,1.0059927405606965,86525435807.51538,1.1009114504678169e+27,inf,1203277.555105215,1203277.8941291687,1,0.0,0.015578031539916992
1,maxent,random,0.0,1,5,0.03,0.9,1,100,0.0001323854816976273,3777,0.33333333333333337,0.03971564450928819,0.01323854816976273,0.29708077655482557,7,5,-0.24720629054690774,1.7420996186034094,1.0002416283157585,1309.6926436150763,12289.544591051934,17.520292624336655,17.520292624336655,17.677315834146842,1,0.0,0.36569976806640625
1,lp,random,0.0,1,5,0.03,0.9,1,100,0.0001323854816976273,3777,0.33333333333333337,0.03971564450928819,0.01323854816976273,0.29708077655482557,7,5,-0.24720629054690774,1.7420996186034094,1.0002073183054583,1529.7361153177535,10200.115403228661,17.45874793287005,17.45874793287005,17.615771142680238,1,0.0,0.059992074966430664
1,lprand,random,0.0,1,5,0.03,0.9,1,100,0.0001323854816976273,3777,0.33333333333333337,0.03971564450928819,0.01323854816976273,0.29708077655482557,7,5,-0.24720629054690774,1.7420996186034094,1.0002265615880357,3083.89038382181,23441.491752659906,17.50236014743826,17.50236014743826,17.659383357248448,1,0.0,0.05611276626586914
1,maxentw,random,0.0,1,5,0.03,0.9,1,100,0.0001323854816976273,3777,0.33333333333333337,0.03971564450928819,0.01323854816976273,0.29708077655482557,1,7,-0.16346192719110433,1.4381828291928453,1.0000003910681594,529.9855516580118,3045.832415404873,10.61237431652886,10.61237431652886,10.11023795777626,1,0.0,0.4125187397003174
1,minnorm,random,0.0,1,7,0.03,0.9,1,100,0.0001323854816976273,3777,0.33333333333333337,0.03971564450928819,0.01323854816976273,0.29708077655482557,0,7,-0.2193875446501968,1.5927453978938766,0.9999999999999984,1.2304619992956316,1.7982851899869765,0.09825376426670718,0.16309625496103586,1.2695412875032912,0,0.0,0.017874956130981445
1,projgauss,random,0.0,1,7,0.03,0.9,1,100,0.0001323854816976273,3777,0.33333333333333337,0.03971564450928819,0.01323854816976273,0.29708077655482557,0,7,-0.15998317325925782,1.4363949977194257,1.000000000000002,1.1108334222289054,1.4529805606698831,0.05806219026233517,0.09759409779595352,1.2687606616348108,0,0.0,0.017910003662109375
1,spectral,random,0.0,1,7,0.03,0.9,1,100,0.0001323854816976273,3777,0.33333333333333337,0.03971564450928819,0.01323854816976273,0.29708077655482557,0,7,-1.5404161716115174,6.2762756110352855,0.9999999999999978,1.941557090693577,14.67359893721744,0.0232888666386859,0.049199952092840005,1.2706304113085358,0,0.0,0.022777795791625977
1,spectralg,random,0.0,1,7,0.03,0.9,1,100,0.0001323854816976273,3777,0.33333333333333337,0.03971564450928819,0.01323854816976273,0.29708077655482557,0,7,-1.5404161716115174,6.2762756110352855,0.9999999999999978,1.941557090693577,14.67359893721744,0.0232888666386859,0.049199952092840005,1.2706304113085358,0,0.0,0.03820681571960449
1,molfe,random,0.0,1,7,0.03,0.9,1,100,0.0001323854816976273,3777,0.33333333333333337,0.03971564450928819,0.01323854816976273,0.29708077655482557,0,7,-0.018101284533155543,1.0735116915755223,1.0097611594334366,2.6159552139486348e+16,4.681238977344153e+42,inf,1293446.1401482248,1293445.644757595,1,0.0,0.011484861373901367
1,molrk3,random,0.0,1,7,0.03,0.9,1,100,0.0001323854816976273,3777,0.33333333333333337,0.03971564450928819,0.01323854816976273,0.29708077655482557,0,7,-0.017807430005771202,1.0726796571629267,1.0098089545577773,3.1280261893577416e+16,7.514861521012783e+42,inf,1433698.0255983013,1433697.5302076715,1,0.0,0.013186216354370117
1,maxent,random,0.0,1,7,0.03,0.9,1,100,0.0001323854816976273,3777,0.33333333333333337,0.03971564450928819,0.01323854816976273,0.29708077655482557,1,7,-0.1691690164595109,1.3383380329190226,0.9999999999999984,1.0357594874882903,1.5628804337994158,0.026222200062245404,0.05470123032980623,1.2691800065959016,0,0.0,0.4178760051727295
1,lp,random,0.0,1,7,0.03,0.9,1,100,0.0001323854816976273,3777,0.33333333333333337,0.03971564450928819,0.01323854816976273,0.29708077655482557,1,7,-0.1691690164595109,1.3383380329190226,0.9999999999999978,1.0294550179951498,1.5972990416121404,0.04336878221639323,0.06302732130404531,1.270171989089042,0,0.0,0.06214499473571777
1,lprand,random,0.0,1,7,0.03,0.9,1,100,0.0001323854816976273,3777,0.33333333333333337,0.03971564450928819,0.01323854816976273,0.29708077655482557,1,7,-0.1691690164595109,1.3383380329190226,0.9999999999999982,1.026195458016015,1.4867096263424797,0.030946406666289505,0.05136365877230553,1.2695897094896988,0,0.0,0.05996108055114746
1,maxentw,random,0.0,1,7,0.03,0.9,1,100,0.0001323854816976273,3777,0.33333333333333337,0.03971564450928819,0.01323854816976273,0.29708077655482557,1,7,-0.1691690164595109,1.3383380329190226,0.9999999999999984,1.0357594874882903,1.5628804337994158,0.026222200062245404,0.05470123032980623,1.2691800065959016,0,0.0,0.46531105041503906
1,minnorm,jitter,0.0,0,3,0.01,0.9,1,100,0.004499999999999908,112,1.0,0.4499999999999908,0.44999999999999074,0.9999999999999898,0,3,-0.10249999999998848,1.204999999999976,1.2049999999999499,1176384392.7155392,inf,0.010441868577429375,0.010441868577429375,1.2895358725754544,0,0.0,0.00822901725769043
1,projgauss,jitter,0.0,0,3,0.01,0.9,1,100,0.004499999999999908,112,1.0,0.4499999999999908,0.44999999999999074,0.9999999999999898,0,3,-0.10249999999998882,1.204999999999977,1.2049999999999468,1176384392.715551,inf,0.010441857428641808,0.010441857428641808,1.2895358725754538,0,0.0,0.008324861526489258
1,spectral,jitter,0.0,0,3,0.01,0.9,1,100,0.004499999999999908,112,1.0,0.4499999999999908,0.44999999999999074,0.9999999999999898,0,3,-0.10249999999998848,1.204999999999976,1.2049999999999499,1176384392.7155392,inf,0.010441868577429375,0.010441868577429375,1.2895358725754544,0,0.0,0.00926065444946289
1,spectralg,jitter,0.0,0,3,0.01,0.9,1,100,0.004499999999999908,112,1.0,0.4499999999999908,0.44999999999999074,0.9999999999999898,0,3,-0.10249999999998848,1.204999999999976,1.2049999999999499,1176384392.7155392,inf,0.010441868577429375,0.010441868577429375,1.2895358725754544,0,0.0,0.008630990982055664
1,molfe,jitter,0.0,0,3,0.01,0.9,1,100,0.004499999999999908,112,1.0,0.4499999999999908,0.44999999999999074,0.9999999999999898,0,3,0.0,1.0,1.0000000000000016,0.9999999999999717,1.0,0.07282633313103481,0.07282633313103481,1.2916164564719692,0,0.0,0.009011030197143555
1,molrk3,jitter,0.0,0,3,0.01,0.9,1,100,0.004499999999999908,112,1.0,0.4499999999999908,0.44999999999999074,0.9999999999999898,0,3,0.0,0.9999999999999999,1.0000000000000024,0.9999999999999737,0.9999999999999999,0.00547850667093918,0.00547850667093918,1.2897254502899411,0,0.0,0.007742166519165039
1,maxent,jitter,0.0,0,3,0.01,0.9,1,100,0.004499999999999908,112,1.0,0.4499999999999908,0.44999999999999074,0.9999999999999898,100,3,-0.10249999999998848,1.204999999999976,1.2049999999999499,1176384392.7155392,inf,0.010441868577429375,0.010441868577429375,1.2895358725754544,0,0.0,1.5653409957885742
1,lp,jitter,0.0,0,3,0.01,0.9,1,100,0.004499999999999908,112,1.0,0.4499999999999908,0.44999999999999074,0.9999999999999898,100,3,-0.10249999999998848,1.204999999999976,1.2049999999999499,1176384392.7155392,inf,0.010441868577429375,0.010441868577429375,1.2895358725754544,0,0.0,0.04610610008239746
1,lprand,jitter,0.0,0,3,0.01,0.9,1,100,0.004499999999999908,112,1.0,0.4499999999999908,0.44999999999999074,0.9999999999999898,100,3,-0.10249999999998848,1.204999999999976,1.2049999999999499,1176384392.7155392,inf,0.010441868577429375,0.010441868577429375,1.2895358725754544,0,0.0,0.04585886001586914
1,maxentw,jitter,0.0,0,3,0.01,0.9,1,100,0.004499999999999908,112,1.0,0.4499999999999908,0.44999999999999074,0.9999999999999898,0,5,0.01921981577668216,1.0000000000000002,0.9999999999999988,0.9999999999999932,1.0000000000000002,0.002053377453818332,0.002053377453818332,1.2896326416798267,0,0.0,1.619187831878662
1,minnorm,jitter,0.0,0,5,0.01,0.9,1,100,0.004499999999999908,112,1.0,0.4499999999999908,0.44999999999999074,0.9999999999999898,0,5,-0.018214285714287827,1.0364285714285757,1.0000000000000013,1.0000000000000058,1.0364285714285757,0.0027481617124685553,0.0027481617124685553,1.2896760761021082,0,0.0,0.0073528289794921875
1,projgauss,jitter,0.0,0,5,0.01,0.9,1,100,0.004499999999999908,112,1.0,0.4499999999999908,0.44999999999999074,0.9999999999999898,0,5,0.01843943033098413,1.0000000000000002,1.0000000000000007,1.0000000000000024,1.0000000000001619,0.0018364684062123562,0.0018364684062123562,1.2896348445045225,0,0.0,0.008114814758300781
1,spectral,jitter,0.0,0,5,0.01,0.9,1,100,0.004499999999999908,112,1.0,0.4499999999999908,0.44999999999999074,0.9999999999999898,0,5,0.023534806408636533,1.0000000000000004,1.0000000000000007,0.9999999999999986,1.0000000000000007,0.0024729527024029974,0.0024729527024029974,1.2896290380030537,0,0.0,0.013153076171875
1,spectralg,jitter,0.0,0,5,0.01,0.9,1,100,0.004499999999999908,112,1.0,0.4499999999999908,0.44999999999999074,0.9999999999999898,0,5,0.023534806408636533,1.0000000000000004,1.0000000000000007,0.9999999999999986,1.0000000000000007,0.0024729527024029974,0.0024729527024029974,1.2896290380030537,0,0.0,0.024688005447387695
1,molfe,jitter,0.0,0,5,0.01,0.9,1,100,0.004499999999999908,112,1.0,0.4499999999999908,0.44999999999999074,0.9999999999999898,0,5,-0.10928571428571332,1.257142857142855,1.2571428571428522,135231790808.49,inf,0.07310086148327266,0.07310086148327266,1.2917707786873514,0,0.0,0.007740974426269531
1,molrk3,jitter,0.0,0,5,0.01,0.9,1,100,0.004499999999999908,112,1.0,0.4499999999999908,0.44999999999999074,0.9999999999999898,0,5,-0.09782272357871648,1.293037900874632,1.2930379008746333,3165632875061.4316,inf,0.018671683182937472,0.018671683182937472,1.2898964885864994,0,0.0,0.008307933807373047
1,maxent,jitter,0.0,0,5,0.01,0.9,1,100,0.004499999999999908,112,1.0,0.4499999999999908,0.44999999999999074,0.9999999999999898,0,5,0.01921981577668216,1.0000000000000002,0.9999999999999988,0.9999999999999932,1.0000000000000002,0.002053377453818332,0.002053377453818332,1.2896326416798267,0,0.0,0.10401391983032227
1,lp,jitter,0.0,0,5,0.01,0.9,1,100,0.004499999999999908,112,1.0,0.4499999999999908,0.44999999999999074,0.9999999999999898,0,5,0.0,1.0,0.9999999999999989,0.9999999999999948,1.0000000000000002,0.005519948265039522,0.005519948265039522,1.2897228352885144,0,0.0,0.0493621826171875
1,lprand,jitter,0.0,0,5,0.01,0.9,1,100,0.004499999999999908,112,1.0,0.4499999999999908,0.44999999999999074,0.9999999999999898,0,5,0.0,1.0,1.0000000000000016,0.9999999999999993,1.0000000000000002,0.0010635937429682718,0.001900064857521963,1.289583705613126,0,0.0,0.047775983810424805
1,maxentw,jitter,0.0,0,5,0.01,0.9,1,100,0.004499999999999908,112,1.0,0.4499999999999908,0.44999999999999074,0.9999999999999898,0,5,0.01921981577668216,1.0000000000000002,0.9999999999999988,0.9999999999999932,1.0000000000000002,0.002053377453818332,0.002053377453818332,1.2896326416798267,0,0.0,0.10439300537109375
1,minnorm,jitter,0.0,0,7,0.01,0.9,1,100,0.004499999999999908,112,1.0,0.4499999999999908,0.44999999999999074,0.9999999999999898,0,7,-0.07782738095238186,1.1556547619047637,1.000000000000002,1.0003874341408734,1.155654761904764,0.022340711547084835,0.022340711547084835,1.2898326826148194,0,0.0,0.007822036743164062
1,projgauss,jitter,0.0,0,7,0.01,0.9,1,100,0.004499999999999908,112,1.0,0.4499999999999908,0.44999999999999074,0.9999999999999898,0,7,-0.004507459960414755,1.0090149199208298,0.9999999999999986,1.0000000000000044,1.0090149199208298,0.0013054750640172502,0.0013054750640172502,1.28966649361757,0,0.0,0.007869958877563477
1,spectral,jitter,0.0,0,7,0.01,0.9,1,100,0.004499999999999908,112,1.0,0.4499999999999908,0.44999999999999074,0.9999999999999898,0,7,0.0003917740569670536,1.0000000000000007,0.9999999999999978,1.0000000000000113,1.0000000000005531,4.80486642568112e-05,4.80486642568112e-05,1.289657100242473,0,0.0,0.013204097747802734
1,spectralg,jitter,0.0,0,7,0.01,0.9,1,100,0.004499999999999908,112,1.0,0.4499999999999908,0.44999999999999074,0.9999999999999898,0,7,0.0003917740569670536,1.0000000000000007,0.9999999999999978,1.0000000000000113,1.0000000000005531,4.80486642568112e-05,4.80486642568112e-05,1.289657100242473,0,0.0,0.02724289894104004
1,molfe,jitter,0.0,0,7,0.01,0.9,1,100,0.004499999999999908,112,1.0,0.4499999999999908,0.44999999999999074,0.9999999999999898,0,7,-0.048214285714285064,1.1928571428571402,1.0980502724557,45525.42920253125,5.40437277955788e+40,0.0779818617940351,0.0779818617940351,1.2920005456044203,0,0.0,0.00820302963256836
1,molrk3,jitter,0.0,0,7,0.01,0.9,1,100,0.004499999999999908,112,1.0,0.4499999999999908,0.44999999999999074,0.9999999999999898,0,7,-0.04547486561588865,1.1935389998633354,1.1028349390206893,74375.72278479021,4.220745927156804e+42,0.038290602218874044,0.038290602218874044,1.290151038888428,0,0.0,0.008234024047851562
1,maxent,jitter,0.0,0,7,0.01,0.9,1,100,0.004499999999999908,112,1.0,0.4499999999999908,0.44999999999999074,0.9999999999999898,0,7,0.0005810685176902304,1.0000000000000002,0.9999999999999993,1.0000000000000087,1.0000000000005527,0.0001677896517480737,0.0001677896517480737,1.2896557530957748,0,0.0,0.2122349739074707
1,lp,jitter,0.0,0,7,0.01,0.9,1,100,0.004499999999999908,112,1.0,0.4499999999999908,0.44999999999999074,0.9999999999999898,0,7,0.0,1.0,1.0000000000000024,0.9999999999999949,1.0,0.0060302953947277554,0.0060302953947277554,1.2897228352885142,0,0.0,0.04812479019165039
1,lprand,jitter,0.0,0,7,0.01,0.9,1,100,0.004499999999999908,112,1.0,0.4499999999999908,0.44999999999999074,0.9999999999999898,0,7,0.0,1.0000000000000002,0.9999999999999984,1.0000000000000004,1.0000000000000007,0.0063698955280036,0.008026576712591743,1.2898830446436913,0,0.0,0.0482020378112793
1,maxentw,jitter,0.0,0,7,0.01,0.9,1,100,0.004499999999999908,112,1.0,0.4499999999999908,0.44999999999999074,0.9999999999999898,0,7,0.0005810685176902304,1.0000000000000002,0.9999999999999993,1.0000000000000087,1.0000000000005527,0.0001677896517480737,0.0001677896517480737,1.2896557530957748,0,0.0,0.2117922306060791
1,minnorm,jitter,0.1,0,3,0.01,0.9,1,100,0.002947757273908027,170,1.0,0.29477572739080266,0.2947757273908027,0.8093560230081454,0,3,0.1477235995495494,1.0000000000000009,1.0000000000000002,1.0000000000000084,1.000000000000014,0.004545928838297297,0.004545928838297297,1.289887041605707,0,0.0,0.00845789909362793
1,projgauss,jitter,0.1,0,3,0.01,0.9,1,100,0.002947757273908027,170,1.0,0.29477572739080266,0.2947757273908027,0.8093560230081454,0,3,0.1477235995495495,1.0000000000000002,1.0000000000000004,0.9999999999999966,1.0000000000000009,0.004545928838292329,0.004545928838292329,1.289887041605707,0,0.0,0.009380817413330078
1,spectral,jitter,0.1,0,3,0.01,0.9,1,100,0.002947757273908027,170,1.0,0.29477572739080266,0.2947757273908027,0.8093560230081454,0,3,0.1477235995495494,1.0000000000000009,1.0000000000000002,1.0000000000000084,1.000000000000014,0.004545928838297297,0.004545928838297297,1.289887041605707,0,0.0,0.009155988693237305
1,spectralg,jitter,0.1,0,3,0.01,0.9,1,100,0.002947757273908027,170,1.0,0.29477572739080266,0.2947757273908027,0.8093560230081454,0,3,0.1477235995495494,1.0000000000000009,1.0000000000000002,1.0000000000000084,1.000000000000014,0.004545928838297297,0.004545928838297297,1.289887041605707,0,0.0,0.009480953216552734
1,molfe,jitter,0.1,0,3,0.01,0.9,1,100,0.002947757273908027,170,1.0,0.29477572739080266,0.2947757273908027,0.8093560230081454,0,3,0.0,1.0000000000000004,1.0000000000000029,0.9999999999999755,1.0000000000000007,0.046310647423033924,0.046310647423033924,1.291220312058626,0,0.0,0.00952911376953125
1,molrk3,jitter,0.1,0,3,0.01,0.9,1,100,0.002947757273908027,170,1.0,0.29477572739080266,0.2947757273908027,0.8093560230081454,0,3,0.0,1.0000000000000004,1.0000000000000016,0.9999999999999757,1.0000000000000007,0.005587562197549235,0.005587562197549235,1.2900066511261117,0,0.0,0.008993864059448242
1,maxent,jitter,0.1,0,3,0.01,0.9,1,100,0.002947757273908027,170,1.0,0.29477572739080266,0.2947757273908027,0.8093560230081454,0,3,0.1477235995495925,1.0000000000000002,1.0000000000000027,1.0000000000000036,1.0000000000001015,0.004545928838167915,0.004545928838167915,1.2898870416057076,0,0.0,0.02210402488708496
1,lp,jitter,0.1,0,3,0.01,0.9,1,100,0.002947757273908027,170,1.0,0.29477572739080266,0.2947757273908027,0.8093560230081454,0,3,0.14772359954954947,1.0,1.0000000000000033,1.0000000000000018,1.000000000000005,0.004545928838292759,0.004545928838292759,1.2898870416057073,0,0.0,0.04950523376464844
1,lprand,jitter,0.1,0,3,0.01,0.9,1,100,0.002947757273908027,170,1.0,0.29477572739080266,0.2947757273908027,0.8093560230081454,0,3,0.14772359954954947,1.0,1.0000000000000033,1.0000000000000018,1.000000000000005,0.004545928838292759,0.004545928838292759,1.2898870416057073,0,0.0,0.04874992370605469
1,maxentw,jitter,0.1,0,3,0.01,0.9,1,100,0.002947757273908027,170,1.0,0.29477572739080266,0.2947757273908027,0.8093560230081454,0,3,0.1477235995495925,1.0000000000000002,1.0000000000000027,1.0000000000000036,1.0000000000001015,0.004545928838167915,0.004545928838167915,1.2898870416057076,0,0.0,0.021928787231445312
1,minnorm,jitter,0.1,0,5,0.01,0.9,1,100,0.002947757273908027,170,1.0,0.29477572739080266,0.2947757273908027,0.8093560230081454,0,5,-0.060862226330722774,1.121724452661445,0.9999999999999986,0.9999999999999516,1.1217244526614452,0.00837301440815158,0.00837301440815158,1.2900127343506471,0,0.0,0.008112907409667969
1,projgauss,jitter,0.1,0,5,0.01,0.9,1,100,0.002947757273908027,170,1.0,0.29477572739080266,0.2947757273908027,0.8093560230081454,0,5,-0.032456533366726874,1.0649130667334539,1.0000000000000009,1.0,1.0649130667334539,0.0036968297771732164,0.0036968297771732164,1.2899722267438833,0,0.0,0.008841991424560547
1,spectral,jitter,0.1,0,5,0.01,0.9,1,100,0.002947757273908027,170,1.0,0.29477572739080266,0.2947757273908027,0.8093560230081454,0,5,-0.020533598593875334,1.0410671971877503,0.9999999999999976,0.9999999999999432,1.0410671971877503,0.0007879399592933254,0.0007879399592933254,1.2899235506211213,0,0.0,0.013749122619628906
1,spectralg,jitter,0.1,0,5,0.01,0.9,1,100,0.002947757273908027,170,1.0,0.29477572739080266,0.2947757273908027,0.8093560230081454,0,5,-0.020533598593875334,1.0410671971877503,0.9999999999999976,0.9999999999999432,1.0410671971877503,0.0007879399592933254,0.0007879399592933254,1.2899235506211213,0,0.0,0.024626970291137695
1,molfe,jitter,0.1,0,5,0.01,0.9,1,100,0.002947757273908027,170,1.0,0.29477572739080266,0.2947757273908027,0.8093560230081454,0,5,-0.08798099116134998,1.2113604921800194,1.1675506823730908,318946189972.54675,inf,inf,1568476.593446797,1568475.858372087,1,0.0,0.008738040924072266
1,molrk3,jitter,0.1,0,5,0.01,0.9,1,100,0.002947757273908027,170,1.0,0.29477572739080266,0.2947757273908027,0.8093560230081454,0,5,-0.08080269464967457,1.2248887989886985,1.1823712461279146,2732901943262.6416,inf,inf,1567270.5064848033,1567269.645885251,1,0.0,0.008374929428100586
1,maxent,jitter,0.1,0,5,0.01,0.9,1,100,0.002947757273908027,170,1.0,0.29477572739080266,0.2947757273908027,0.8093560230081454,0,5,0.0029353435007848133,1.0000000000000004,1.0000000000000013,0.9999999999999983,1.0000000000000007,0.0001716580261348355,0.00017403463569339375,1.2899369975813126,0,0.0,0.04367470741271973
1,lp,jitter,0.1,0,5,0.01,0.9,1,100,0.002947757273908027,170,1.0,0.29477572739080266,0.2947757273908027,0.8093560230081454,0,5,0.0,1.0000000000000002,1.0000000000000007,1.0000000000000007,1.0000000000000007,0.004414175972454415,0.004414175972454415,1.2899541527349658,0,0.0,0.049115896224975586
1,lprand,jitter,0.1,0,5,0.01,0.9,1,100,0.002947757273908027,170,1.0,0.29477572739080266,0.2947757273908027,0.8093560230081454,0,5,0.0,1.0000000000000002,0.9999999999999969,1.0000000000000033,1.0000000000000626,0.006537569338816518,0.006612027160185996,1.2900475045185975,0,0.0,0.04919099807739258
1,maxentw,jitter,0.1,0,5,0.01,0.9,1,100,0.002947757273908027,170,1.0,0.29477572739080266,0.2947757273908027,0.8093560230081454,0,5,0.0029353435007848133,1.0000000000000004,1.0000000000000013,0.9999999999999983,1.0000000000000007,0.0001716580261348355,0.00017403463569339375,1.2899369975813126,0,0.0,0.04218697547912598
1,minnorm,jitter,0.1,0,7,0.01,0.9,1,100,0.002947757273908027,170,1.0,0.29477572739080266,0.2947757273908027,0.8093560230081454,0,7,-0.09775886247468536,1.2572120237641913,1.0,1.0017740806955007,1.2572120237641913,0.027972454871573002,0.027972454871573002,1.2901314948736087,0,0.0,0.008013010025024414
1,projgauss,jitter,0.1,0,7,0.01,0.9,1,100,0.002947757273908027,170,1.0,0.29477572739080266,0.2947757273908027,0.8093560230081454,0,7,-0.030480339604089832,1.1052067660668279,0.9999999999999998,1.000000004773274,1.1052067660668279,0.006636945402714645,0.006636945402714645,1.2899795771715676,0,0.0,0.00868082046508789
1,spectral,jitter,0.1,0,7,0.01,0.9,1,100,0.002947757273908027,170,1.0,0.29477572739080266,0.2947757273908027,0.8093560230081454,0,7,-0.045140922021718044,1.135717756698865,1.0000000000000029,1.0000000000000118,1.1357177566988652,0.001234922501443646,0.001234922501443646,1.2899577330673613,0,0.0,0.014180183410644531
1,spectralg,jitter,0.1,0,7,0.01,0.9,1,100,0.002947757273908027,170,1.0,0.29477572739080266,0.2947757273908027,0.8093560230081454,0,7,-0.045140922021718044,1.135717756698865,1.0000000000000029,1.0000000000000118,1.1357177566988652,0.001234922501443646,0.001234922501443646,1.2899577330673613,0,0.0,0.028431177139282227
1,molfe,jitter,0.1,0,7,0.01,0.9,1,100,0.002947757273908027,170,1.0,0.29477572739080266,0.2947757273908027,0.8093560230081454,0,7,-0.03582703748808292,1.144852664476695,1.064120981914086,65625.70811928675,1.373170141899683e+270,1.5097724175553144,1.5097724175553144,1.5845082314399725,0,0.0,0.008377790451049805
1,molrk3,jitter,0.1,0,7,0.01,0.9,1,100,0.002947757273908027,170,1.0,0.29477572739080266,0.2947757273908027,0.8093560230081454,0,7,-0.03440419997470539,1.1447477903509449,1.0661434850370366,92105.62717449658,2.432875329704666e+278,2.0238841757044512,2.0238841757044512,2.098619989589109,0,0.0,0.007964372634887695
1,maxent,jitter,0.1,0,7,0.01,0.9,1,100,0.002947757273908027,170,1.0,0.29477572739080266,0.2947757273908027,0.8093560230081454,0,7,1.3570706684647341e-05,1.0000000000000002,0.9999999999999984,1.0000000000000042,1.0000000000000207,0.0001660080106999362,0.0001660080106999362,1.2899405163340156,0,0.0,0.04251575469970703
1,lp,jitter,0.1,0,7,0.01,0.9,1,100,0.002947757273908027,170,1.0,0.29477572739080266,0.2947757273908027,0.8093560230081454,0,7,0.0,1.0000000000000002,0.9999999999999973,1.000000000000002,1.0000000000000484,0.019167449727237842,0.019167449727237842,1.289890548696516,0,0.0,0.04974532127380371
1,lprand,jitter,0.1,0,7,0.01,0.9,1,100,0.002947757273908027,170,1.0,0.29477572739080266,0.2947757273908027,0.8093560230081454,0,7,0.0,1.0000000000000004,1.0000000000000018,1.0000000000000024,1.0000000000000295,0.008388917834346366,0.008702381828777889,1.2901453646200542,0,0.0,0.05011391639709473
1,maxentw,jitter,0.1,0,7,0.01,0.9,1,100,0.002947757273908027,170,1.0,0.29477572739080266,0.2947757273908027,0.8093560230081454,0,7,1.3570706684647341e-05,1.0000000000000002,0.9999999999999984,1.0000000000000042,1.0000000000000207,0.0001660080106999362,0.0001660080106999362,1.2899405163340156,0,0.0,0.042829036712646484
1,minnorm,jitter,0.1,1,3,0.01,0.9,1,100,0.003058797147128973,164,1.0,0.30587971471289727,0.30587971471289727,0.8244590343746583,0,3,0.1283401639548289,1.0000000000000009,1.0000000000000024,0.9999999999999946,1.000000000000003,0.004953656668897535,0.004953656668897535,1.2892305918333125,0,0.0,0.008173942565917969
1,projgauss,jitter,0.1,1,3,0.01,0.9,1,100,0.003058797147128973,164,1.0,0.30587971471289727,0.30587971471289727,0.8244590343746583,0,3,0.12834016395482928,1.0000000000000002,1.0000000000000022,0.9999999999999822,1.0000000000000002,0.004953656668897535,0.004953656668897535,1.2892305918333136,0,0.0,0.009816169738769531
1,spectral,jitter,0.1,1,3,0.01,0.9,1,100,0.003058797147128973,164,1.0,0.30587971471289727,0.30587971471289727,0.8244590343746583,0,3,0.1283401639548289,1.0000000000000009,1.0000000000000024,0.9999999999999946,1.000000000000003,0.004953656668897535,0.004953656668897535,1.2892305918333125,0,0.0,0.008826971054077148
1,spectralg,jitter,0.1,1,3,0.01,0.9,1,100,0.003058797147128973,164,1.0,0.30587971471289727,0.30587971471289727,0.8244590343746583,0,3,0.1283401639548289,1.0000000000000009,1.0000000000000024,0.9999999999999946,1.000000000000003,0.004953656668897535,0.004953656668897535,1.2892305918333125,0,0.0,0.008745908737182617
1,molfe,jitter,0.1,1,3,0.01,0.9,1,100,0.003058797147128973,164,1.0,0.30587971471289727,0.30587971471289727,0.8244590343746583,0,3,0.0,1.0000000000000002,1.0000000000000024,0.9999999999999719,1.0000000000000002,0.04816115602090665,0.04816115602090665,1.290659258599982,0,0.0,0.008620023727416992
1,molrk3,jitter,0.1,1,3,0.01,0.9,1,100,0.003058797147128973,164,1.0,0.30587971471289727,0.30587971471289727,0.8244590343746583,0,3,0.0,1.0000000000000002,1.0000000000000007,0.9999999999999726,1.0000000000000002,0.005589300898851974,0.005589300898851974,1.28936408837983,0,0.0,0.008237123489379883
1,maxent,jitter,0.1,1,3,0.01,0.9,1,100,0.003058797147128973,164,1.0,0.30587971471289727,0.30587971471289727,0.8244590343746583,0,3,0.12834016395482895,1.0000000000000002,0.9999999999999993,1.0000000000000018,1.0000000000000169,0.004953656668779435,0.004953656668779435,1.2892305918333151,0,0.0,0.01967310905456543
1,lp,jitter,0.1,1,3,0.01,0.9,1,100,0.003058797147128973,164,1.0,0.30587971471289727,0.30587971471289727,0.8244590343746583,0,3,0.12834016395482903,1.0,1.0000000000000029,1.0000000000000024,1.0000000000000737,0.0049536566688994366,0.0049536566688994366,1.2892305918333136,0,0.0,0.04877114295959473
1,lprand,jitter,0.1,1,3,0.01,0.9,1,100,0.003058797147128973,164,1.0,0.30587971471289727,0.30587971471289727,0.8244590343746583,0,3,0.12834016395482903,1.0,1.0000000000000029,1.0000000000000024,1.0000000000000737,0.0049536566688994366,0.0049536566688994366,1.2892305918333136,0,0.0,0.04920768737792969
1,maxentw,jitter,0.1,1,3,0.01,0.9,1,100,0.003058797147128973,164,1.0,0.30587971471289727,0.30587971471289727,0.8244590343746583,0,3,0.12834016395482895,1.0000000000000002,0.9999999999999993,1.0000000000000018,1.0000000000000169,0.004953656668779435,0.004953656668779435,1.2892305918333151,0,0.0,0.02006816864013672
1,minnorm,jitter,0.1,1,5,0.01,0.9,1,100,0.003058797147128973,164,1.0,0.30587971471289727,0.30587971471289727,0.8244590343746583,0,5,-0.057461198669538166,1.1149223973390756,0.9999999999999986,0.9999999999999768,1.1149223973390756,0.008017655946971288,0.008017655946971288,1.289368645152113,0,0.0,0.007114887237548828
1,projgauss,jitter,0.1,1,5,0.01,0.9,1,100,0.003058797147128973,164,1.0,0.30587971471289727,0.30587971471289727,0.8244590343746583,0,5,-0.026520706666924302,1.0530414133338488,0.9999999999999987,1.000000000000003,1.0530414133338486,0.0033335622344974353,0.0033335622344974353,1.2893235439051924,0,0.0,0.00812387466430664
1,spectral,jitter,0.1,1,5,0.01,0.9,1,100,0.003058797147128973,164,1.0,0.30587971471289727,0.30587971471289727,0.8244590343746583,0,5,-0.01942748677047766,1.038854973540956,1.0000000000000018,0.9999999999999707,1.038854973540956,0.0008099578206119569,0.0008099578206119569,1.2893011880575875,0,0.0,0.012594938278198242
1,spectralg,jitter,0.1,1,5,0.01,0.9,1,100,0.003058797147128973,164,1.0,0.30587971471289727,0.30587971471289727,0.8244590343746583,0,5,-0.01942748677047766,1.038854973540956,1.0000000000000018,0.9999999999999707,1.038854973540956,0.0008099578206119569,0.0008099578206119569,1.2893011880575875,0,0.0,0.02381420135498047
1,molfe,jitter,0.1,1,5,0.01,0.9,1,100,0.003058797147128973,164,1.0,0.30587971471289727,0.30587971471289727,0.8244590343746583,0,5,-0.0899129780425224,1.2090271275867426,1.1738909420371575,301971180574.5456,inf,inf,1371699.9651793302,1371700.8635889045,1,0.0,0.00829315185546875
1,molrk3,jitter,0.1,1,5,0.01,0.9,1,100,0.003058797147128973,164,1.0,0.30587971471289727,0.30587971471289727,0.8244590343746583,0,5,-0.0823316771711711,1.2247979201898977,1.1898863260135302,2773684659771.1953,inf,inf,1371367.0843346093,1371367.9640267007,1,0.0,0.007905721664428711
1,maxent,jitter,0.1,1,5,0.01,0.9,1,100,0.003058797147128973,164,1.0,0.30587971471289727,0.30587971471289727,0.8244590343746583,0,5,0.004103357570008028,1.0000000000000004,1.0000000000000004,1.0000000000000053,1.0000000000001246,0.00024548345388196446,0.00024852287602140227,1.2892918712999064,0,0.0,0.021651029586791992
1,lp,jitter,0.1,1,5,0.01,0.9,1,100,0.003058797147128973,164,1.0,0.30587971471289727,0.30587971471289727,0.8244590343746583,0,5,0.0,1.0,1.000000000000002,1.000000000000002,1.000000000000025,0.00394818598524232,0.00394818598524232,1.2894231736992627,0,0.0,0.04921126365661621
1,lprand,jitter,0.1,1,5,0.01,0.9,1,100,0.003058797147128973,164,1.0,0.30587971471289727,0.30587971471289727,0.8244590343746583,0,5,0.0,1.0,1.0000000000000016,1.0000000000000022,1.000000000000022,0.004540836332805109,0.004782070146460052,1.2893272315133235,0,0.0,0.04930591583251953
1,maxentw,jitter,0.1,1,5,0.01,0.9,1,100,0.003058797147128973,164,1.0,0.30587971471289727,0.30587971471289727,0.8244590343746583,0,5,0.004103357570008028,1.0000000000000004,1.0000000000000004,1.0000000000000053,1.0000000000001246,0.00024548345388196446,0.00024852287602140227,1.2892918712999064,0,0.0,0.021575927734375
1,minnorm,jitter,0.1,1,7,0.01,0.9,1,100,0.003058797147128973,164,1.0,0.30587971471289727,0.30587971471289727,0.8244590343746583,0,7,-0.09559657951511012,1.248976107821972,0.9999999999999998,1.0015887563264463,1.248976107821972,0.02768010384174434,0.02768010384174434,1.2895515271467604,0,0.0,0.00790095329284668
1,projgauss,jitter,0.1,1,7,0.01,0.9,1,100,0.003058797147128973,164,1.0,0.30587971471289727,0.30587971471289727,0.8244590343746583,0,7,-0.029995174869549585,1.0889811776967793,1.0000000000000002,1.000000000000002,1.0889811776967795,0.006281361249534018,0.006281361249534018,1.2893432381320336,0,0.0,0.00867319107055664
1,spectral,jitter,0.1,1,7,0.01,0.9,1,100,0.003058797147128973,164,1.0,0.30587971471289727,0.30587971471289727,0.8244590343746583,0,7,-0.03754844247792233,1.1105279978440183,1.000000000000003,1.000000000000013,1.1105279978440186,0.0011373219076221443,0.0011373219076221443,1.2892921283080745,0,0.0,0.014297008514404297
1,spectralg,jitter,0.1,1,7,0.01,0.9,1,100,0.003058797147128973,164,1.0,0.30587971471289727,0.30587971471289727,0.8244590343746583,0,7,-0.03754844247792233,1.1105279978440183,1.000000000000003,1.000000000000013,1.1105279978440186,0.0011373219076221443,0.0011373219076221443,1.2892921283080745,0,0.0,0.028126955032348633
1,molfe,jitter,0.1,1,7,0.01,0.9,1,100,0.003058797147128973,164,1.0,0.30587971471289727,0.30587971471289727,0.8244590343746583,0,7,-0.03816311489265342,1.1496460380368652,1.0663884402575876,57563.45957500537,2.1503000869885815e+279,1.7895151424698441,1.7895151424698441,2.656352577635892,0,0.0,0.00858306884765625
1,molrk3,jitter,0.1,1,7,0.01,0.9,1,100,0.003058797147128973,164,1.0,0.30587971471289727,0.30587971471289727,0.8244590343746583,0,7,-0.03653189219182388,1.1492331766941548,1.0685582022041653,80698.7240733408,1.4322278913955132e+288,2.3230371972080084,2.3230371972080084,3.1898746323740563,0,0.0,0.008666038513183594
1,maxent,jitter,0.1,1,7,0.01,0.9,1,100,0.003058797147128973,164,1.0,0.30587971471289727,0.30587971471289727,0.8244590343746583,0,7,1.625105536396226e-05,1.0000000000000002,1.000000000000001,1.0000000000000049,1.0000000000000953,0.0001439373955250539,0.0001439373955250539,1.2892984442791882,0,0.0,0.04514884948730469
1,lp,jitter,0.1,1,7,0.01,0.9,1,100,0.003058797147128973,164,1.0,0.30587971471289727,0.30587971471289727,0.8244590343746583,0,7,0.0,1.0000000000000002,0.9999999999999983,1.0000000000000033,1.0000000000000766,0.019267305338378213,0.019267305338378213,1.2895940611551524,0,0.0,0.05027890205383301
1,lprand,jitter,0.1,1,7,0.01,0.9,1,100,0.003058797147128973,164,1.0,0.30587971471289727,0.30587971471289727,0.8244590343746583,0,7,0.0,1.0000000000000002,0.9999999999999987,1.000000000000002,1.000000000000015,0.010058523372511091,0.010670393666488268,1.2893288178481508,0,0.0,0.04852414131164551
1,maxentw,jitter,0.1,1,7,0.01,0.9,1,100,0.003058797147128973,164,1.0,0.30587971471289727,0.30587971471289727,0.8244590343746583,0,7,1.625105536396226e-05,1.0000000000000002,1.000000000000001,1.0000000000000049,1.0000000000000953,0.0001439373955250539,0.0001439373955250539,1.2892984442791882,0,0.0,0.04492807388305664
1,minnorm,jitter,0.25,0,3,0.01,0.9,1,100,0.0012327171854002816,406,1.0,0.12327171854002816,0.12327171854002816,0.5233900575203676,0,3,0.03276386997323051,1.0000000000000009,0.9999999999999987,1.0000000000000095,1.0000000000000122,0.002131511883277523,0.002131511883277523,1.2889177160078704,0,0.0,0.009154081344604492
1,projgauss,jitter,0.25,0,3,0.01,0.9,1,100,0.0012327171854002816,406,1.0,0.12327171854002816,0.12327171854002816,0.5233900575203676,0,3,0.03276386997323058,1.0000000000000004,0.9999999999999991,1.0000000000000109,1.0000000000000837,0.0021315118832793585,0.0021315118832793585,1.2889177160078717,0,0.0,0.010233163833618164
1,spectral,jitter,0.25,0,3,0.01,0.9,1,100,0.0012327171854002816,406,1.0,0.12327171854002816,0.12327171854002816,0.5233900575203676,0,3,0.03276386997323051,1.0000000000000009,0.9999999999999987,1.0000000000000095,1.0000000000000122,0.002131511883277523,0.002131511883277523,1.2889177160078704,0,0.0,0.009414196014404297
1,spectralg,jitter,0.25,0,3,0.01,0.9,1,100,0.0012327171854002816,406,1.0,0.12327171854002816,0.12327171854002816,0.5233900575203676,0,3,0.03276386997323051,1.0000000000000009,0.9999999999999987,1.0000000000000095,1.0000000000000122,0.002131511883277523,0.002131511883277523,1.2889177160078704,0,0.0,0.009392976760864258
1,molfe,jitter,0.25,0,3,0.01,0.9,1,100,0.0012327171854002816,406,1.0,0.12327171854002816,0.12327171854002816,0.5233900575203676,0,3,0.0,1.0000000000000002,1.0000000000000007,0.9999999999999656,1.0000000000000002,0.01912346446780555,0.01912346446780555,1.2895331840589288,0,0.0,0.010030984878540039
1,molrk3,jitter,0.25,0,3,0.01,0.9,1,100,0.0012327171854002816,406,1.0,0.12327171854002816,0.12327171854002816,0.5233900575203676,0,3,0.0,1.0000000000000002,0.9999999999999966,0.9999999999999617,1.0000000000000002,0.006246110536309933,0.006246110536309933,1.2889732402755594,0,0.0,0.009373188018798828
1,maxent,jitter,0.25,0,3,0.01,0.9,1,100,0.0012327171854002816,406,1.0,0.12327171854002816,0.12327171854002816,0.5233900575203676,0,3,0.03276386997323071,1.0000000000000002,1.0,1.0000000000000189,1.0000000000003362,0.0021315122983365208,0.0021315122983365208,1.2889177160078717,0,0.0,0.08176779747009277
1,lp,jitter,0.25,0,3,0.01,0.9,1,100,0.0012327171854002816,406,1.0,0.12327171854002816,0.12327171854002816,0.5233900575203676,0,3,0.03276386997323066,1.0,1.0000000000000002,0.9999999999999978,1.0000000000000002,0.002131511883280167,0.002131511883280167,1.2889177160078713,0,0.0,0.048745155334472656
1,lprand,jitter,0.25,0,3,0.01,0.9,1,100,0.0012327171854002816,406,1.0,0.12327171854002816,0.12327171854002816,0.5233900575203676,0,3,0.03276386997323066,1.0,1.0000000000000002,0.9999999999999978,1.0000000000000002,0.002131511883280167,0.002131511883280167,1.2889177160078713,0,0.0,0.04842424392700195
1,maxentw,jitter,0.25,0,3,0.01,0.9,1,100,0.0012327171854002816,406,1.0,0.12327171854002816,0.12327171854002816,0.5233900575203676,0,3,0.03276386997323071,1.0000000000000002,1.0,1.0000000000000189,1.0000000000003362,0.0021315122983365208,0.0021315122983365208,1.2889177160078717,0,0.0,0.08048892021179199
1,minnorm,jitter,0.25,0,5,0.01,0.9,1,100,0.0012327171854002816,406,1.0,0.12327171854002816,0.12327171854002816,0.5233900575203676,0,5,-0.11874703020154434,1.348849414871776,0.9999999999999997,1.0000729052282156,1.3488494148717758,0.01426727231905238,0.01426727231905238,1.2890060429442993,0,0.0,0.008734941482543945
1,projgauss,jitter,0.25,0,5,0.01,0.9,1,100,0.0012327171854002816,406,1.0,0.12327171854002816,0.12327171854002816,0.5233900575203676,0,5,-0.09686998943071509,1.2891882719649264,0.9999999999999999,1.000002442936589,1.2891882719649264,0.00975318465648739,0.00975318465648739,1.288968732118305,0,0.0,0.009552001953125
1,spectral,jitter,0.25,0,5,0.01,0.9,1,100,0.0012327171854002816,406,1.0,0.12327171854002816,0.12327171854002816,0.5233900575203676,0,5,-0.1189502574991848,1.2632583180150732,0.9999999999999998,1.0000001845910975,1.263258318015073,0.0039885020219989215,0.0039885020219989215,1.2888145624018303,0,0.0,0.014230966567993164
1,spectralg,jitter,0.25,0,5,0.01,0.9,1,100,0.0012327171854002816,406,1.0,0.12327171854002816,0.12327171854002816,0.5233900575203676,0,5,-0.1189502574991848,1.2632583180150732,0.9999999999999998,1.0000001845910975,1.263258318015073,0.0039885020219989215,0.0039885020219989215,1.2888145624018303,0,0.0,0.02450394630432129
1,molfe,jitter,0.25,0,5,0.01,0.9,1,100,0.0012327171854002816,406,1.0,0.12327171854002816,0.12327171854002816,0.5233900575203676,0,5,-0.050248957127889654,1.1235895525085116,1.0681563624421704,644254364197.4624,3.2096997257881617e+286,inf,1494674.2547114873,1494673.40666697,1,0.0,0.008510828018188477
1,molrk3,jitter,0.25,0,5,0.01,0.9,1,100,0.0012327171854002816,406,1.0,0.12327171854002816,0.12327171854002816,0.5233900575203676,0,5,-0.04815401979671621,1.1248964215919577,1.070531774988071,1594312702240.348,1.4251278268799582e+296,inf,1118470.9004423728,1118469.9932003408,1,0.0,0.009245157241821289
1,maxent,jitter,0.25,0,5,0.01,0.9,1,100,0.0012327171854002816,406,1.0,0.12327171854002816,0.12327171854002816,0.5233900575203676,0,5,1.9650251991689318e-07,1.0000000000000002,0.9999999999999978,1.0000000000000142,1.0000000000002853,0.002485990630492499,0.002485990630492499,1.2889213997182405,0,0.0,0.2508265972137451
1,lp,jitter,0.25,0,5,0.01,0.9,1,100,0.0012327171854002816,406,1.0,0.12327171854002816,0.12327171854002816,0.5233900575203676,0,5,0.0,1.0,0.9999999999999989,1.0000000000000022,1.0000000000000133,0.01715328002552582,0.01715328002552582,1.289142946471046,0,0.0,0.05098605155944824
1,lprand,jitter,0.25,0,5,0.01,0.9,1,100,0.0012327171854002816,406,1.0,0.12327171854002816,0.12327171854002816,0.5233900575203676,0,5,0.0,1.0,1.0000000000000016,1.0000000000000027,1.0000000000000027,0.012641476251097222,0.012641476251097222,1.2890913111508842,0,0.0,0.05136370658874512
1,maxentw,jitter,0.25,0,5,0.01,0.9,1,100,0.0012327171854002816,406,1.0,0.12327171854002816,0.12327171854002816,0.5233900575203676,0,5,1.9650251991689318e-07,1.0000000000000002,0.9999999999999978,1.0000000000000142,1.0000000000002853,0.002485990630492499,0.002485990630492499,1.2889213997182405,0,0.0,0.249039888381958
1,minnorm,jitter,0.25,0,7,0.01,0.9,1,100,0.0012327171854002816,406,1.0,0.12327171854002816,0.12327171854002816,0.5233900575203676,0,7,-0.12184892613006269,1.4137433428806059,0.9999999999999978,1.0084592436541333,1.4137433428806059,0.035251060702252895,0.035251060702252895,1.289036939395402,0,0.0,0.008468866348266602
1,projgauss,jitter,0.25,0,7,0.01,0.9,1,100,0.0012327171854002816,406,1.0,0.12327171854002816,0.12327171854002816,0.5233900575203676,0,7,-0.06659571201075024,1.2423037994416641,0.9999999999999996,1.0006271778540705,1.242303799441664,0.014099895739058399,0.014099895739058399,1.2888965887999193,0,0.0,0.008622169494628906
1,spectral,jitter,0.25,0,7,0.01,0.9,1,100,0.0012327171854002816,406,1.0,0.12327171854002816,0.12327171854002816,0.5233900575203676,0,7,-0.21098159459537885,1.5254291497491812,1.0,1.0000384688879012,1.5254291497491812,0.009081368547369711,0.009081368547369711,1.2890227695973682,0,0.0,0.015240192413330078
1,spectralg,jitter,0.25,0,7,0.01,0.9,1,100,0.0012327171854002816,406,1.0,0.12327171854002816,0.12327171854002816,0.5233900575203676,0,7,-0.21098159459537885,1.5254291497491812,1.0,1.0000384688879012,1.5254291497491812,0.009081368547369711,0.009081368547369711,1.2890227695973682,0,0.0,0.02927112579345703
1,molfe,jitter,0.25,0,7,0.01,0.9,1,100,0.0012327171854002816,406,1.0,0.12327171854002816,0.12327171854002816,0.5233900575203676,0,7,-0.017957958618804892,1.0720765488825137,1.0266000494228178,105950.93070114595,2.6198027491933687e+114,5.7790907461738845,5.7790907461738845,5.854794873297206,0,0.0,0.008857965469360352
1,molrk3,jitter,0.25,0,7,0.01,0.9,1,100,0.0012327171854002816,406,1.0,0.12327171854002816,0.12327171854002816,0.5233900575203676,0,7,-0.017635174485809556,1.0719539690065625,1.026943040345871,123083.10577018064,7.099703363777888e+115,6.554535431508839,6.554535431508839,6.6302395586321605,0,0.0,0.008883237838745117
1,maxent,jitter,0.25,0,7,0.01,0.9,1,100,0.0012327171854002816,406,1.0,0.12327171854002816,0.12327171854002816,0.5233900575203676,0,7,2.002562194433028e-12,1.0000000000000004,1.0000000000000007,1.0000000000000158,1.0000000000002889,0.0024875609344217967,0.0024875609344217967,1.288921403435976,0,0.0,0.2733280658721924
1,lp,jitter,0.25,0,7,0.01,0.9,1,100,0.0012327171854002816,406,1.0,0.12327171854002816,0.12327171854002816,0.5233900575203676,0,7,0.0,1.0,0.9999999999999976,1.0000000000000004,1.000000000000001,0.022339658847669946,0.022339658847669946,1.289235773408038,0,0.0,0.05144786834716797
1,lprand,jitter,0.25,0,7,0.01,0.9,1,100,0.0012327171854002816,406,1.0,0.12327171854002816,0.12327171854002816,0.5233900575203676,0,7,0.0,1.0000000000000002,0.9999999999999989,1.0000000000000042,1.0000000000000393,0.01266663146257288,0.012950629748883155,1.2891451052264808,0,0.0,0.0521550178527832
1,maxentw,jitter,0.25,0,7,0.01,0.9,1,100,0.0012327171854002816,406,1.0,0.12327171854002816,0.12327171854002816,0.5233900575203676,0,7,2.002562194433028e-12,1.0000000000000004,1.0000000000000007,1.0000000000000158,1.0000000000002889,0.0024875609344217967,0.0024875609344217967,1.288921403435976,0,0.0,0.2743401527404785
1,minnorm,jitter,0.25,1,3,0.01,0.9,1,100,0.0014169897594114127,353,1.0,0.14169897594114125,0.14169897594114125,0.5611475859366555,0,3,0.04214127959617901,1.0000000000000016,1.0000000000000009,1.000000000000052,1.0000000000007918,0.0014769099824774121,0.0014769099824774121,1.2885788273318473,0,0.0,0.008787155151367188
1,projgauss,jitter,0.25,1,3,0.01,0.9,1,100,0.0014169897594114127,353,1.0,0.14169897594114125,0.14169897594114125,0.5611475859366555,0,3,0.042141279596179027,1.0000000000000004,1.0000000000000053,1.0000000000000113,1.0000000000001816,0.0014769099824717778,0.0014769099824717778,1.2885788273318455,0,0.0,0.010488033294677734
1,spectral,jitter,0.25,1,3,0.01,0.9,1,100,0.0014169897594114127,353,1.0,0.14169897594114125,0.14169897594114125,0.5611475859366555,0,3,0.04214127959617901,1.0000000000000016,1.0000000000000009,1.000000000000052,1.0000000000007918,0.0014769099824774121,0.0014769099824774121,1.2885788273318473,0,0.0,0.009610891342163086
1,spectralg,jitter,0.25,1,3,0.01,0.9,1,100,0.0014169897594114127,353,1.0,0.14169897594114125,0.14169897594114125,0.5611475859366555,0,3,0.04214127959617901,1.0000000000000016,1.0000000000000009,1.000000000000052,1.0000000000007918,0.0014769099824774121,0.0014769099824774121,1.2885788273318473,0,0.0,0.009824037551879883
1,molfe,jitter,0.25,1,3,0.01,0.9,1,100,0.0014169897594114127,353,1.0,0.14169897594114125,0.14169897594114125,0.5611475859366555,0,3,0.0,1.0,1.0000000000000018,0.9999999999999728,1.0,0.021882597382127167,0.021882597382127167,1.2892799173744753,0,0.0,0.009731769561767578
1,molrk3,jitter,0.25,1,3,0.01,0.9,1,100,0.0014169897594114127,353,1.0,0.14169897594114125,0.14169897594114125,0.5611475859366555,0,3,0.0,1.0000000000000002,1.000000000000001,0.9999999999999704,1.0000000000000002,0.006221080198742644,0.006221080198742644,1.2885308120881156,0,0.0,0.009069681167602539
1,maxent,jitter,0.25,1,3,0.01,0.9,1,100,0.0014169897594114127,353,1.0,0.14169897594114125,0.14169897594114125,0.5611475859366555,0,3,0.04214127959617913,1.0000000000000002,1.0000000000000018,1.0000000000000124,1.000000000000233,0.0014769104074129936,0.0014769104074129936,1.2885788273318446,0,0.0,0.10481810569763184
1,lp,jitter,0.25,1,3,0.01,0.9,1,100,0.0014169897594114127,353,1.0,0.14169897594114125,0.14169897594114125,0.5611475859366555,0,3,0.04214127959617913,1.0,1.0000000000000022,1.0000000000000022,1.0000000000000195,0.0014769099824738195,0.0014769099824738195,1.288578827331845,0,0.0,0.04990577697753906
1,lprand,jitter,0.25,1,3,0.01,0.9,1,100,0.0014169897594114127,353,1.0,0.14169897594114125,0.14169897594114125,0.5611475859366555,0,3,0.04214127959617913,1.0,1.0000000000000022,1.0000000000000022,1.0000000000000195,0.0014769099824738195,0.0014769099824738195,1.288578827331845,0,0.0,0.048948049545288086
1,maxentw,jitter,0.25,1,3,0.01,0.9,1,100,0.0014169897594114127,353,1.0,0.14169897594114125,0.14169897594114125,0.5611475859366555,0,3,0.04214127959617913,1.0000000000000002,1.0000000000000018,1.0000000000000124,1.000000000000233,0.0014769104074129936,0.0014769104074129936,1.2885788273318446,0,0.0,0.10468506813049316
1,minnorm,jitter,0.25,1,5,0.01,0.9,1,100,0.0014169897594114127,353,1.0,0.14169897594114125,0.14169897594114125,0.5611475859366555,0,5,-0.11469256782288652,1.2971359489510876,0.999999999999999,1.0000297535994898,1.2971359489510876,0.013697406192741651,0.013697406192741651,1.2883465058381103,0,0.0,0.009392023086547852
1,projgauss,jitter,0.25,1,5,0.01,0.9,1,100,0.0014169897594114127,353,1.0,0.14169897594114125,0.14169897594114125,0.5611475859366555,0,5,-0.0869802293777176,1.2337432084173685,0.9999999999999981,1.0000013234304967,1.2337432084173685,0.00923457682325636,0.00923457682325636,1.288425867837009,0,0.0,0.009113073348999023
1,spectral,jitter,0.25,1,5,0.01,0.9,1,100,0.0014169897594114127,353,1.0,0.14169897594114125,0.14169897594114125,0.5611475859366555,0,5,-0.11823709911432195,1.2611829200864761,0.9999999999999931,0.9999999999998904,1.2611829200864761,0.0033695349188220293,0.003381132120658617,1.2886459418876437,0,0.0,0.014974355697631836
1,spectralg,jitter,0.25,1,5,0.01,0.9,1,100,0.0014169897594114127,353,1.0,0.14169897594114125,0.14169897594114125,0.5611475859366555,0,5,-0.11823709911432195,1.2611829200864761,0.9999999999999931,0.9999999999998904,1.2611829200864761,0.0033695349188220293,0.003381132120658617,1.2886459418876437,0,0.0,0.026485681533813477
1,molfe,jitter,0.25,1,5,0.01,0.9,1,100,0.0014169897594114127,353,1.0,0.14169897594114125,0.14169897594114125,0.5611475859366555,0,5,-0.05627471566391553,1.1246572566693163,1.0783278982421622,513547369596.85565,inf,inf,1374229.7222935103,1374230.6602230421,1,0.0,0.009139060974121094
1,molrk3,jitter,0.25,1,5,0.01,0.9,1,100,0.0014169897594114127,353,1.0,0.14169897594114125,0.14169897594114125,0.5611475859366555,0,5,-0.05358373207703729,1.1273424375630043,1.0814756217291772,1437946732061.7358,inf,inf,1155999.9588060197,1156000.899749292,1,0.0,0.00834035873413086
1,maxent,jitter,0.25,1,5,0.01,0.9,1,100,0.0014169897594114127,353,1.0,0.14169897594114125,0.14169897594114125,0.5611475859366555,0,5,1.458326786900386e-06,1.0000000000000002,1.0000000000000009,1.0000000000000127,1.0000000000002753,0.0020610276128470873,0.0020610276128470873,1.2885728405077483,0,0.0,0.21192288398742676
1,lp,jitter,0.25,1,5,0.01,0.9,1,100,0.0014169897594114127,353,1.0,0.14169897594114125,0.14169897594114125,0.5611475859366555,0,5,0.0,1.0,1.000000000000002,1.0000000000000016,1.0000000000000018,0.016792826482369915,0.016792826482369915,1.288409380367419,0,0.0,0.05219268798828125
1,lprand,jitter,0.25,1,5,0.01,0.9,1,100,0.0014169897594114127,353,1.0,0.14169897594114125,0.14169897594114125,0.5611475859366555,0,5,0.0,1.0,1.000000000000002,1.0000000000000022,1.0000000000000064,0.010764995784611459,0.01120185624503229,1.2885331442373409,0,0.0,0.05155515670776367
1,maxentw,jitter,0.25,1,5,0.01,0.9,1,100,0.0014169897594114127,353,1.0,0.14169897594114125,0.14169897594114125,0.5611475859366555,0,5,1.458326786900386e-06,1.0000000000000002,1.0000000000000009,1.0000000000000127,1.0000000000002753,0.0020610276128470873,0.0020610276128470873,1.2885728405077483,0,0.0,0.21228480339050293
1,minnorm,jitter,0.25,1,7,0.01,0.9,1,100,0.0014169897594114127,353,1.0,0.14169897594114125,0.14169897594114125,0.5611475859366555,0,7,-0.1210631304926437,1.386536478707109,1.0000000000000027,1.0068974932596881,1.386536478707109,0.03420888314689288,0.03420888314689288,1.2883215691570284,0,0.0,0.007635831832885742
1,projgauss,jitter,0.25,1,7,0.01,0.9,1,100,0.0014169897594114127,353,1.0,0.14169897594114125,0.14169897594114125,0.5611475859366555,0,7,-0.06426559952922009,1.2152021915211484,1.0000000000000036,1.000315810018117,1.2152021915211484,0.013079390909183086,0.013079390909183086,1.288263472653953,0,0.0,0.00964808464050293
1,spectral,jitter,0.25,1,7,0.01,0.9,1,100,0.0014169897594114127,353,1.0,0.14169897594114125,0.14169897594114125,0.5611475859366555,0,7,-0.17475451564335326,1.4085070968403306,1.000000000000001,1.0000032803726095,1.4085070968403306,0.008273086385948716,0.008273086385948716,1.2885120900694584,0,0.0,0.01549220085144043
1,spectralg,jitter,0.25,1,7,0.01,0.9,1,100,0.0014169897594114127,353,1.0,0.14169897594114125,0.14169897594114125,0.5611475859366555,0,7,-0.17475451564335326,1.4085070968403306,1.000000000000001,1.0000032803726095,1.4085070968403306,0.008273086385948716,0.008273086385948716,1.2885120900694584,0,0.0,0.029009103775024414
1,molfe,jitter,0.25,1,7,0.01,0.9,1,100,0.0014169897594114127,353,1.0,0.14169897594114125,0.14169897594114125,0.5611475859366555,0,7,-0.022003702939248502,1.0834965774907557,1.0301853247875914,72364.88701927262,2.7285034105047584e+129,5.7502439998515325,5.7502439998515325,6.621035049736084,0,0.0,0.008650064468383789
1,molrk3,jitter,0.25,1,7,0.01,0.9,1,100,0.0014169897594114127,353,1.0,0.14169897594114125,0.14169897594114125,0.5611475859366555,0,7,-0.02151480740058129,1.083154641602949,1.0306278191927085,84830.44647920248,1.999518595083581e+131,6.5465356381248005,6.5465356381248005,7.417326688009352,0,0.0,0.009080171585083008
1,maxent,jitter,0.25,1,7,0.01,0.9,1,100,0.0014169897594114127,353,1.0,0.14169897594114125,0.14169897594114125,0.5611475859366555,0,7,4.5458614879082345e-12,1.0000000000000004,0.9999999999999982,1.0000000000000153,1.0000000000002642,0.0020650409730543495,0.0020650409730543495,1.2885728111505845,0,0.0,0.23317790031433105
1,lp,jitter,0.25,1,7,0.01,0.9,1,100,0.0014169897594114127,353,1.0,0.14169897594114125,0.14169897594114125,0.5611475859366555,0,7,0.0,1.0,0.9999999999999994,1.0,1.0000000000000004,0.02410050665398332,0.02410050665398332,1.288346379979122,0,0.0,0.05161404609680176
1,lprand,jitter,0.25,1,7,0.01,0.9,1,100,0.0014169897594114127,353,1.0,0.14169897594114125,0.14169897594114125,0.5611475859366555,0,7,0.0,1.0,1.0000000000000004,1.0000000000000036,1.000000000000047,0.014570419877660681,0.014570419877660681,1.2883830050503373,0,0.0,0.05135774612426758
1,maxentw,jitter,0.25,1,7,0.01,0.9,1,100,0.0014169897594114127,353,1.0,0.14169897594114125,0.14169897594114125,0.5611475859366555,0,7,4.5458614879082345e-12,1.0000000000000004,0.9999999999999982,1.0000000000000153,1.0000000000002642,0.0020650409730543495,0.0020650409730543495,1.2885728111505845,0,0.0,0.23621225357055664
1,minnorm,jitter,0.45,0,3,0.01,0.9,1,100,9.086853523292773e-05,5503,1.0,0.009086853523292773,0.009086853523292773,0.14210210353664543,0,3,-0.1966677798153348,1.3933355596306691,1.0000706775595651,36114.560496494836,116049.40119458942,15.340342936180209,15.340342936180209,15.619771434715972,1,0.0,0.019962072372436523
1,projgauss,jitter,0.45,0,3,0.01,0.9,1,100,9.086853523292773e-05,5503,1.0,0.009086853523292773,0.009086853523292773,0.14210210353664543,0,3,-0.196667779815335,1.3933355596306707,1.0000706775535335,36114.56055928522,116049.42559708956,15.34034291909375,15.34034291909375,15.619771417629513,1,0.0,0.020327091217041016
1,spectral,jitter,0.45,0,3,0.01,0.9,1,100,9.086853523292773e-05,5503,1.0,0.009086853523292773,0.009086853523292773,0.14210210353664543,0,3,-0.1966677798153348,1.3933355596306691,1.0000706775595651,36114.560496494836,116049.40119458942,15.340342936180209,15.340342936180209,15.619771434715972,1,0.0,0.018819093704223633
1,spectralg,jitter,0.45,0,3,0.01,0.9,1,100,9.086853523292773e-05,5503,1.0,0.009086853523292773,0.009086853523292773,0.14210210353664543,0,3,-0.1966677798153348,1.3933355596306691,1.0000706775595651,36114.560496494836,116049.40119458942,15.340342936180209,15.340342936180209,15.619771434715972,1,0.0,0.021359920501708984
1,molfe,jitter,0.45,0,3,0.01,0.9,1,100,9.086853523292773e-05,5503,1.0,0.009086853523292773,0.009086853523292773,0.14210210353664543,0,3,-0.19610714851705263,1.3922142970341054,1.0000690367689096,36108.3903157695,116038.17019208391,15.338003613831592,15.338003613831592,15.617432112367355,1,0.0,0.01841115951538086
1,molrk3,jitter,0.45,0,3,0.01,0.9,1,100,9.086853523292773e-05,5503,1.0,0.009086853523292773,0.009086853523292773,0.14210210353664543,0,3,-0.19666777981533534,1.3933355596306707,1.0000690337599132,36114.56057906848,116049.39140028346,15.340342918383435,15.340342918383435,15.619771416919198,1,0.0,0.021036148071289062
1,maxent,jitter,0.45,0,3,0.01,0.9,1,100,9.086853523292773e-05,5503,1.0,0.009086853523292773,0.009086853523292773,0.14210210353664543,14,3,-0.1966677798153348,1.3933355596306691,1.0000706775584558,36114.56040478708,116049.34865350902,15.340342885550404,15.340342885550404,15.619771384086167,1,0.0,0.8168849945068359
1,lp,jitter,0.45,0,3,0.01,0.9,1,100,9.086853523292773e-05,5503,1.0,0.009086853523292773,0.009086853523292773,0.14210210353664543,14,3,-0.1966677798153348,1.3933355596306691,1.0000706775603445,36114.560435712294,116049.40857726175,15.340342932029971,15.340342932029971,15.619771430565734,1,0.0,0.06281709671020508
1,lprand,jitter,0.45,0,3,0.01,0.9,1,100,9.086853523292773e-05,5503,1.0,0.009086853523292773,0.009086853523292773,0.14210210353664543,14,3,-0.1966677798153348,1.3933355596306691,1.0000706775586439,36114.560435712294,116049.40857726175,15.340342932029971,15.340342932029971,15.619771430565734,1,0.0,0.06061887741088867
1,maxentw,jitter,0.45,0,3,0.01,0.9,1,100,9.086853523292773e-05,5503,1.0,0.009086853523292773,0.009086853523292773,0.14210210353664543,0,5,2.972719490210356e-34,1.0000000000000002,0.9999999999999981,1.000000000000257,1.000000000000371,0.007711854863280909,0.007711854863280909,1.288935559736937,0,0.0,0.854882001876831
1,minnorm,jitter,0.45,0,5,0.01,0.9,1,100,9.086853523292773e-05,5503,1.0,0.009086853523292773,0.009086853523292773,0.14210210353664543,0,5,-0.19733086508175435,1.561069022021041,0.9999999999999987,1.081628104292872,1.561069022021041,0.041219602903485475,0.041219602903485475,1.28856694287563,0,0.0,0.019379854202270508
1,projgauss,jitter,0.45,0,5,0.01,0.9,1,100,9.086853523292773e-05,5503,1.0,0.009086853523292773,0.009086853523292773,0.14210210353664543,0,5,-0.15724744200121019,1.4858311455914233,0.9999999999999989,1.0455254699787264,1.4858311455914233,0.032941243330017134,0.032941243330017134,1.2885141535187805,0,0.0,0.019671916961669922
1,spectral,jitter,0.45,0,5,0.01,0.9,1,100,9.086853523292773e-05,5503,1.0,0.009086853523292773,0.009086853523292773,0.14210210353664543,0,5,-0.04596005366448159,1.1325809776007283,1.0058776716589302,1226791949220186.8,3.422872394008109e+26,inf,1159753.2122173687,1159754.2258005184,1,0.0,0.021071195602416992
1,spectralg,jitter,0.45,0,5,0.01,0.9,1,100,9.086853523292773e-05,5503,1.0,0.009086853523292773,0.009086853523292773,0.14210210353664543,0,5,-0.04596005366448159,1.1325809776007283,1.0058776716589302,1226791949220186.8,3.422872394008109e+26,inf,1159753.2122173687,1159754.2258005184,1,0.0,0.03514909744262695
1,molfe,jitter,0.45,0,5,0.01,0.9,1,100,9.086853523292773e-05,5503,1.0,0.009086853523292773,0.009086853523292773,0.14210210353664543,0,5,-0.007663903954123588,1.0203532095380918,1.0042439706769062,146781015950.14908,3.1025684888994685e+19,inf,1410544.3890771184,1410543.9785430438,1,0.0,0.02304816246032715
1,molrk3,jitter,0.45,0,5,0.01,0.9,1,100,9.086853523292773e-05,5503,1.0,0.009086853523292773,0.009086853523292773,0.14210210353664543,0,5,-0.007618009323256214,1.0202520269535726,1.0042529890603678,154494181299.4443,3.3946713093831434e+19,inf,1470350.1933599254,1470349.7828258509,1,0.0,0.022898197174072266
1,maxent,jitter,0.45,0,5,0.01,0.9,1,100,9.086853523292773e-05,5503,1.0,0.009086853523292773,0.009086853523292773,0.14210210353664543,0,5,2.284897837527877e-47,1.0000000000000002,1.0000000000000038,1.0000000000003582,1.0000000000005667,0.007722476681429759,0.007722476681429759,1.2889355836746952,0,0.0,0.6058831214904785
1,lp,jitter,0.45,0,5,0.01,0.9,1,100,9.086853523292773e-05,5503,1.0,0.009086853523292773,0.009086853523292773,0.14210210353664543,0,5,0.0,1.0000000000000002,1.0000000000000029,1.0000000000000446,1.0000000000000446,0.02033725032580233,0.02033725032580233,1.2891349719456824,0,0.0,0.06615591049194336
1,lprand,jitter,0.45,0,5,0.01,0.9,1,100,9.086853523292773e-05,5503,1.0,0.009086853523292773,0.009086853523292773,0.14210210353664543,0,5,0.0,1.0000000000000002,1.000000000000002,1.0000000000000553,1.0000000000000553,0.015136195303412807,0.015136195303412807,1.289073873630163,0,0.0,0.06334900856018066
1,maxentw,jitter,0.45,0,5,0.01,0.9,1,100,9.086853523292773e-05,5503,1.0,0.009086853523292773,0.009086853523292773,0.14210210353664543,0,5,2.284897837527877e-47,1.0000000000000002,1.0000000000000038,1.0000000000003582,1.0000000000005667,0.007722476681429759,0.007722476681429759,1.2889355836746952,0,0.0,0.6205010414123535
1,minnorm,jitter,0.45,0,7,0.01,0.9,1,100,9.086853523292773e-05,5503,1.0,0.009086853523292773,0.009086853523292773,0.14210210353664543,0,7,-0.1873253192677394,1.5209800738773693,1.000000000000002,1.193766407107985,1.5209800738773698,0.16695890376523181,0.1669635744389748,1.2861999514517701,0,0.0,0.022644996643066406
1,projgauss,jitter,0.45,0,7,0.01,0.9,1,100,9.086853523292773e-05,5503,1.0,0.009086853523292773,0.009086853523292773,0.14210210353664543,0,7,-0.10475782240938772,1.339044647173226,1.0000000000000024,1.0919608501854294,1.339044647173226,0.08951144915714682,0.08951144915714682,1.2865745151407149,0,0.0,0.02410101890563965
1,spectral,jitter,0.45,0,7,0.01,0.9,1,100,9.086853523292773e-05,5503,1.0,0.009086853523292773,0.009086853523292773,0.14210210353664543,0,7,-0.10561033777225168,1.2532392013865306,0.999999999999998,1.529210536564168,3.1127138714391647,0.022806235233682803,0.023747033468135767,1.2892249616882756,0,0.0,0.03786802291870117
1,spectralg,jitter,0.45,0,7,0.01,0.9,1,100,9.086853523292773e-05,5503,1.0,0.009086853523292773,0.009086853523292773,0.14210210353664543,0,7,-0.10561033777225168,1.2532392013865306,0.999999999999998,1.529210536564168,3.1127138714391647,0.022806235233682803,0.023747033468135767,1.2892249616882756,0,0.0,0.05314898490905762
1,molfe,jitter,0.45,0,7,0.01,0.9,1,100,9.086853523292773e-05,5503,1.0,0.009086853523292773,0.009086853523292773,0.14210210353664543,0,7,-0.0019612561617216064,1.0081501884603592,1.0015487370941472,67432.83382347428,275222605.4273791,6.9530772297459045,6.9530772297459045,7.0369585454993,0,0.0,0.020963191986083984
1,molrk3,jitter,0.45,0,7,0.01,0.9,1,100,9.086853523292773e-05,5503,1.0,0.009086853523292773,0.009086853523292773,0.14210210353664543,0,7,-0.0019588216759981497,1.0081355733098782,1.001549916364004,68069.71207096068,279700052.316683,7.035455452514435,7.035455452514435,7.11933676826783,0,0.0,0.0319211483001709
1,maxent,jitter,0.45,0,7,0.01,0.9,1,100,9.086853523292773e-05,5503,1.0,0.009086853523292773,0.009086853523292773,0.14210210353664543,0,7,5.186932997424174e-104,1.0000000000000007,1.0000000000000007,1.0000000000004294,1.0000000000006675,0.007722475173111344,0.007722475173111344,1.2889355835153102,0,0.0,0.7659749984741211
1,lp,jitter,0.45,0,7,0.01,0.9,1,100,9.086853523292773e-05,5503,1.0,0.009086853523292773,0.009086853523292773,0.14210210353664543,0,7,0.0,1.0000000000000002,0.9999999999999994,0.9999999999999991,1.0000000000000298,0.024824345325526298,0.024824345325526298,1.289206081873771,0,0.0,0.07801604270935059
1,lprand,jitter,0.45,0,7,0.01,0.9,1,100,9.086853523292773e-05,5503,1.0,0.009086853523292773,0.009086853523292773,0.14210210353664543,0,7,0.0,1.0000000000000002,1.0,1.0000000000000446,1.0000000000000446,0.017799642431761506,0.017799642431761506,1.2891257551936934,0,0.0,0.06707906723022461
1,maxentw,jitter,0.45,0,7,0.01,0.9,1,100,9.086853523292773e-05,5503,1.0,0.009086853523292773,0.009086853523292773,0.14210210353664543,0,7,5.186932997424174e-104,1.0000000000000007,1.0000000000000007,1.0000000000004294,1.0000000000006675,0.007722475173111344,0.007722475173111344,1.2889355835153102,0,0.0,0.7767231464385986
1,minnorm,jitter,0.45,1,3,0.01,0.9,1,100,0.00019857410675391436,2518,1.0,0.019857410675391436,0.019857410675391436,0.21006565468597582,0,3,-0.17058264871964293,1.3411652974392865,1.0011096306781018,14066.3871774351,47575932.42849534,21.913564646010766,21.913564646010766,22.018469548846113,1,0.0,0.014598846435546875
1,projgauss,jitter,0.45,1,3,0.01,0.9,1,100,0.00019857410675391436,2518,1.0,0.019857410675391436,0.019857410675391436,0.21006565468597582,0,3,-0.1705826487196424,1.3411652974392845,1.0011096306780556,14066.387178445293,47575932.33356416,21.91356464906677,21.91356464906677,22.01846955190212,1,0.0,0.015372037887573242
1,spectral,jitter,0.45,1,3,0.01,0.9,1,100,0.00019857410675391436,2518,1.0,0.019857410675391436,0.019857410675391436,0.21006565468597582,0,3,-0.17058264871964293,1.3411652974392865,1.0011096306781018,14066.3871774351,47575932.42849534,21.913564646010766,21.913564646010766,22.018469548846113,1,0.0,0.015237092971801758
1,spectralg,jitter,0.45,1,3,0.01,0.9,1,100,0.00019857410675391436,2518,1.0,0.019857410675391436,0.019857410675391436,0.21006565468597582,0,3,-0.17058264871964293,1.3411652974392865,1.0011096306781018,14066.3871774351,47575932.42849534,21.913564646010766,21.913564646010766,22.018469548846113,1,0.0,0.01262211799621582
1,molfe,jitter,0.45,1,3,0.01,0.9,1,100,0.00019857410675391436,2518,1.0,0.019857410675391436,0.019857410675391436,0.21006565468597582,0,3,-0.1695407792654706,1.3390815585309412,1.0010908279170663,14061.140317851154,37530725.21418192,21.49202715984588,21.49202715984588,21.596932062681226,1,0.0,0.012597084045410156
1,molrk3,jitter,0.45,1,3,0.01,0.9,1,100,0.00019857410675391436,2518,1.0,0.019857410675391436,0.019857410675391436,0.21006565468597582,0,3,-0.17058264871964318,1.3411652974392863,1.0010904909591267,14066.387172799441,37689194.2006734,21.519788284505566,21.519788284505566,21.624693187340913,1,0.0,0.013386011123657227
1,maxent,jitter,0.45,1,3,0.01,0.9,1,100,0.00019857410675391436,2518,1.0,0.019857410675391436,0.019857410675391436,0.21006565468597582,11,3,-0.17058264871964293,1.3411652974392865,1.0011096306780805,14066.387173653795,47575933.62706671,21.913562412133505,21.913562412133505,22.018467314968852,1,0.0,0.7460391521453857
1,lp,jitter,0.45,1,3,0.01,0.9,1,100,0.00019857410675391436,2518,1.0,0.019857410675391436,0.019857410675391436,0.21006565468597582,11,3,-0.17058264871964293,1.3411652974392865,1.0011096306780929,14066.387176295477,47575932.428844385,21.91356464827048,21.91356464827048,22.018469551105827,1,0.0,0.056388139724731445
1,lprand,jitter,0.45,1,3,0.01,0.9,1,100,0.00019857410675391436,2518,1.0,0.019857410675391436,0.019857410675391436,0.21006565468597582,11,3,-0.17058264871964293,1.3411652974392865,1.001109630678096,14066.38718593815,47575932.42884415,21.91356464827048,21.91356464827048,22.018469551105827,1,0.0,0.05440688133239746
1,maxentw,jitter,0.45,1,3,0.01,0.9,1,100,0.00019857410675391436,2518,1.0,0.019857410675391436,0.019857410675391436,0.21006565468597582,0,5,1.0337655062093565e-14,1.0000000000000002,1.000000000000001,1.0000000000001428,1.0000000000004627,0.0072396088178379,0.0072396088178379,1.2886114598607659,0,0.0,0.8026077747344971
1,minnorm,jitter,0.45,1,5,0.01,0.9,1,100,0.00019857410675391436,2518,1.0,0.019857410675391436,0.019857410675391436,0.21006565468597582,0,5,-0.18363619994675315,1.514473921644258,1.0000000000000007,1.0632442565839428,1.514473921644258,0.03715362230549846,0.038980406519387945,1.2883221813869685,0,0.0,0.014960050582885742
1,projgauss,jitter,0.45,1,5,0.01,0.9,1,100,0.00019857410675391436,2518,1.0,0.019857410675391436,0.019857410675391436,0.21006565468597582,0,5,-0.15925478166450846,1.4523472318847026,0.9999999999999989,1.0498404614106023,1.4681774798202374,0.03227553749869139,0.03360110909862524,1.2882021540705784,0,0.0,0.013207674026489258
1,spectral,jitter,0.45,1,5,0.01,0.9,1,100,0.00019857410675391436,2518,1.0,0.019857410675391436,0.019857410675391436,0.21006565468597582,0,5,-0.10090492095459645,1.2396331300270158,1.0000000000000002,1.0551886153288332,4.454010148402075,0.006023445740135525,0.0062833417480142595,1.2888247357292382,0,0.0,0.02098393440246582
1,spectralg,jitter,0.45,1,5,0.01,0.9,1,100,0.00019857410675391436,2518,1.0,0.019857410675391436,0.019857410675391436,0.21006565468597582,0,5,-0.10090492095459645,1.2396331300270158,0.9999999999999992,1.0551073041574668,4.454010148402075,0.006021055765500494,0.00628334174789269,1.288824735734646,0,0.0,0.03253984451293945
1,molfe,jitter,0.45,1,5,0.01,0.9,1,100,0.00019857410675391436,2518,1.0,0.019857410675391436,0.019857410675391436,0.21006565468597582,0,5,-0.013911512204695602,1.0417271055503532,1.0086396652291796,25584656048.48532,2.62526265618308e+38,inf,1358514.7179823618,1358514.7457843653,1,0.0,0.014738321304321289
1,molrk3,jitter,0.45,1,5,0.01,0.9,1,100,0.00019857410675391436,2518,1.0,0.019857410675391436,0.019857410675391436,0.21006565468597582,0,5,-0.013786392836641634,1.0413975329309915,1.0086770946197499,28200221311.483143,3.804794816722257e+38,inf,1495746.8576083158,1495746.8854103193,1,0.0,0.012711048126220703
1,maxent,jitter,0.45,1,5,0.01,0.9,1,100,0.00019857410675391436,2518,1.0,0.019857410675391436,0.019857410675391436,0.21006565468597582,0,5,3.845000118199507e-26,1.0000000000000004,0.9999999999999986,1.0000000000002138,1.0000000000005782,0.007283265243647703,0.007283265243647703,1.2886113838750768,0,0.0,0.6290240287780762
1,lp,jitter,0.45,1,5,0.01,0.9,1,100,0.00019857410675391436,2518,1.0,0.019857410675391436,0.019857410675391436,0.21006565468597582,0,5,0.0,1.0,0.9999999999999999,1.00000000000002,1.0000000000000344,0.01954582055520291,0.01954582055520291,1.2884783511545939,0,0.0,0.05789995193481445
1,lprand,jitter,0.45,1,5,0.01,0.9,1,100,0.00019857410675391436,2518,1.0,0.019857410675391436,0.019857410675391436,0.21006565468597582,0,5,0.0,1.0000000000000002,0.9999999999999969,1.0000000000000104,1.0000000000000104,0.014179279317014667,0.01426664645114703,1.288574284079478,0,0.0,0.057657718658447266
1,maxentw,jitter,0.45,1,5,0.01,0.9,1,100,0.00019857410675391436,2518,1.0,0.019857410675391436,0.019857410675391436,0.21006565468597582,0,5,3.845000118199507e-26,1.0000000000000004,0.9999999999999986,1.0000000000002138,1.0000000000005782,0.007283265243647703,0.007283265243647703,1.2886113838750768,0,0.0,0.6229310035705566
1,minnorm,jitter,0.45,1,7,0.01,0.9,1,100,0.00019857410675391436,2518,1.0,0.019857410675391436,0.019857410675391436,0.21006565468597582,0,7,-0.16223813463540376,1.5148734992498214,1.000000000000001,1.0944921878191172,1.5148734992498216,0.1335092448651677,0.13549106884978945,1.2843195766749826,0,0.0,0.012034893035888672
1,projgauss,jitter,0.45,1,7,0.01,0.9,1,100,0.00019857410675391436,2518,1.0,0.019857410675391436,0.019857410675391436,0.21006565468597582,0,7,-0.10722557627947565,1.3346645180368073,1.0000000000000004,1.040861896239933,1.3346645180368073,0.0648155453913486,0.06555217555203696,1.2865439533868361,0,0.0,0.013338804244995117
1,spectral,jitter,0.45,1,7,0.01,0.9,1,100,0.00019857410675391436,2518,1.0,0.019857410675391436,0.019857410675391436,0.21006565468597582,0,7,-0.13323465181451363,1.2753258391906044,1.0000000000000024,1.2070729781370908,2.3764827235615655,0.03002128464244825,0.03002128464244825,1.288450789452209,0,0.0,0.02197408676147461
1,spectralg,jitter,0.45,1,7,0.01,0.9,1,100,0.00019857410675391436,2518,1.0,0.019857410675391436,0.019857410675391436,0.21006565468597582,0,7,-0.13323465181451363,1.2753258391906044,1.0000000000000024,1.2070729781370908,2.3764827235615655,0.03002128464244825,0.03002128464244825,1.288450789452209,0,0.0,0.03603625297546387
1,molfe,jitter,0.45,1,7,0.01,0.9,1,100,0.00019857410675391436,2518,1.0,0.019857410675391436,0.019857410675391436,0.21006565468597582,0,7,-0.004090499212750085,1.018078174941915,1.0039943887650165,78840.48033486986,8.371314350645061e+17,12.641312600438235,12.641312600438235,11.75490904011199,1,0.0,0.015186786651611328
1,molrk3,jitter,0.45,1,7,0.01,0.9,1,100,0.00019857410675391436,2518,1.0,0.019857410675391436,0.019857410675391436,0.21006565468597582,0,7,-0.004079231347789136,1.018014793801677,1.004002324669801,80536.92440330403,9.025917176925747e+17,12.916375742871557,12.916375742871557,12.029972182545311,1,0.0,0.015170812606811523
1,maxent,jitter,0.45,1,7,0.01,0.9,1,100,0.00019857410675391436,2518,1.0,0.019857410675391436,0.019857410675391436,0.21006565468597582,0,7,2.7816809273365895e-69,1.0000000000000004,1.0000000000000022,1.0000000000002192,1.0000000000007192,0.007283248133388938,0.007283248133388938,1.2886113837204396,0,0.0,0.4955282211303711
1,lp,jitter,0.45,1,7,0.01,0.9,1,100,0.00019857410675391436,2518,1.0,0.019857410675391436,0.019857410675391436,0.21006565468597582,0,7,0.0,1.0000000000000002,1.0000000000000004,1.00000000000001,1.0000000000000178,0.025048152437432233,0.025048152437432233,1.288441351280824,0,0.0,0.05800771713256836
1,lprand,jitter,0.45,1,7,0.01,0.9,1,100,0.00019857410675391436,2518,1.0,0.019857410675391436,0.019857410675391436,0.21006565468597582,0,7,0.0,1.0000000000000002,0.9999999999999994,1.0000000000000333,1.0000000000000346,0.01661303125557769,0.01661303125557769,1.2884660561952048,0,0.0,0.05866503715515137
1,maxentw,jitter,0.45,1,7,0.01,0.9,1,100,0.00019857410675391436,2518,1.0,0.019857410675391436,0.019857410675391436,0.21006565468597582,0,7,2.7816809273365895e-69,1.0000000000000004,1.0000000000000022,1.0000000000002192,1.0000000000007192,0.007283248133388938,0.007283248133388938,1.2886113837204396,0,0.0,0.49320006370544434
1,minnorm,random,0.0,0,3,0.01,0.9,1,100,0.00032109789526744666,1558,1.0,0.03210978952674466,0.03210978952674467,0.267123731325411,0,3,-1.1098562507649028,3.2197125015298065,1.0373487585163632,4.7728356263200344e+26,1.305769513253706e+161,inf,2651036.5628010393,2651037.2779859737,1,0.0,0.007732868194580078
1,projgauss,random,0.0,0,3,0.01,0.9,1,100,0.00032109789526744666,1558,1.0,0.03210978952674466,0.03210978952674467,0.267123731325411,0,3,-1.1098562507649015,3.219712501529804,1.0373487585163634,4.7728356263193465e+26,1.3057695132555337e+161,inf,2651036.5591999074,2651037.274384842,1,0.0,0.009011983871459961
1,spectral,random,0.0,0,3,0.01,0.9,1,100,0.00032109789526744666,1558,1.0,0.03210978952674466,0.03210978952674467,0.267123731325411,0,3,-1.1098562507649028,3.2197125015298065,1.0373487585163632,4.7728356263200344e+26,1.305769513253706e+161,inf,2651036.5628010393,2651037.2779859737,1,0.0,0.008771896362304688
1,spectralg,random,0.0,0,3,0.01,0.9,1,100,0.00032109789526744666,1558,1.0,0.03210978952674466,0.03210978952674467,0.267123731325411,0,3,-1.1098562507649028,3.2197125015298065,1.0373487585163632,4.7728356263200344e+26,1.305769513253706e+161,inf,2651036.5628010393,2651037.2779859737,1,0.0,0.009596824645996094
1,molfe,random,0.0,0,3,0.01,0.9,1,100,0.00032109789526744666,1558,1.0,0.03210978952674466,0.03210978952674467,0.267123731325411,0,3,-1.0960351949787375,3.1920703899574754,1.037175364600926,3.702203590599592e+26,2.4698521152736272e+160,inf,2405347.365075645,2405348.0802605795,1,0.0,0.008156061172485352
1,molrk3,random,0.0,0,3,0.01,0.9,1,100,0.00032109789526744666,1558,1.0,0.03210978952674466,0.03210978952674467,0.267123731325411,0,3,-1.1098562507649135,3.2197125015298274,1.0378749312410926,1.0584945293135223e+27,2.093947012634587e+163,inf,1130209.3573610242,1130209.995707359,1,0.0,0.008050918579101562
1,maxent,random,0.0,0,3,0.01,0.9,1,100,0.00032109789526744666,1558,1.0,0.03210978952674466,0.03210978952674467,0.267123731325411,37,3,-1.1098562507649028,3.2197125015298065,1.0373487585163632,4.772835626319767e+26,1.3057695132536332e+161,inf,2651036.56226911,2651037.2774540447,1,0.0,0.7798478603363037
1,lp,random,0.0,0,3,0.01,0.9,1,100,0.00032109789526744666,1558,1.0,0.03210978952674466,0.03210978952674467,0.267123731325411,37,3,-1.1098562507649028,3.2197125015298065,1.0373487585163632,4.772835626319861e+26,1.3057695132536591e+161,inf,2651036.5623166994,2651037.277501634,1,0.0,0.048401832580566406
1,lprand,random,0.0,0,3,0.01,0.9,1,100,0.00032109789526744666,1558,1.0,0.03210978952674466,0.03210978952674467,0.267123731325411,37,3,-1.1098562507649028,3.2197125015298065,1.0373487585163632,4.772835626319861e+26,1.3057695132536591e+161,inf,2651036.5623166994,2651037.277501634,1,0.0,0.048126935958862305
1,maxentw,random,0.0,0,3,0.01,0.9,1,100,0.00032109789526744666,1558,1.0,0.03210978952674466,0.03210978952674467,0.267123731325411,11,5,-0.6142844456994159,2.2285688913988317,1.0373487585163632,2.8666735382652523e+26,7.842748428367735e+160,inf,2144011.726124068,2144012.625745677,1,0.0,1.4110581874847412
1,minnorm,random,0.0,0,5,0.01,0.9,1,100,0.00032109789526744666,1558,1.0,0.03210978952674466,0.03210978952674467,0.267123731325411,0,5,-0.26778872034644435,1.7019457023571545,1.0000003430016902,2695.464506562229,100537.90957578829,1.7655163708732182,1.8175823442571373,1.6161876757788867,0,0.0,0.011855125427246094
1,projgauss,random,0.0,0,5,0.01,0.9,1,100,0.00032109789526744666,1558,1.0,0.03210978952674466,0.03210978952674467,0.267123731325411,0,5,-0.2701699183988838,1.717309133982565,1.0000008163908722,2702.0584326046737,100800.83840172944,1.772658331141845,1.823826546177794,1.6276961924288171,0,0.0,0.012759923934936523
1,spectral,random,0.0,0,5,0.01,0.9,1,100,0.00032109789526744666,1558,1.0,0.03210978952674466,0.03210978952674467,0.267123731325411,0,5,-1.1769114793708901,4.162210203972026,1.000001101091969,16145.16329074651,595961.7734008356,1.7869655170503376,1.8358537563717217,1.6555692741226218,0,0.0,0.017527103424072266
1,spectralg,random,0.0,0,5,0.01,0.9,1,100,0.00032109789526744666,1558,1.0,0.03210978952674466,0.03210978952674467,0.267123731325411,0,5,-1.1769114793708901,4.162210203972026,1.0000018941673832,16145.16329074651,595961.7734008356,1.7869655170503376,1.8358537563717217,1.6555692741226218,0,0.0,0.03154897689819336
1,molfe,random,0.0,0,5,0.01,0.9,1,100,0.00032109789526744666,1558,1.0,0.03210978952674466,0.03210978952674467,0.267123731325411,0,5,-0.07138756488757016,1.280429291584672,1.0117224272854204,278096425.9132577,1.540110144675739e+51,22377.658498216824,22377.658498216824,22377.648216542402,1,0.0,0.012218236923217773
1,molrk3,random,0.0,0,5,0.01,0.9,1,100,0.00032109789526744666,1558,1.0,0.03210978952674466,0.03210978952674467,0.267123731325411,0,5,-0.07179392510043361,1.2821211783058262,1.0117914034096298,309250203.71750593,3.045307478534998e+51,24235.176383318783,24235.176383318783,24235.16610164436,1,0.0,0.012413740158081055
1,maxent,random,0.0,0,5,0.01,0.9,1,100,0.00032109789526744666,1558,1.0,0.03210978952674466,0.03210978952674467,0.267123731325411,11,5,-0.25699524766541293,1.7019457023571545,1.0000006568598159,3163.656795383224,117383.25679063711,1.8117714907453437,1.858862630254227,1.6922458863362146,0,0.0,0.5260348320007324
1,lp,random,0.0,0,5,0.01,0.9,1,100,0.00032109789526744666,1558,1.0,0.03210978952674466,0.03210978952674467,0.267123731325411,11,5,-0.25699524766541293,1.7019457023571545,1.0000007627074532,3974.548602442216,149019.23010087834,1.719948738988097,1.7763468040352504,1.5494583735148675,0,0.0,0.054316043853759766
1,lprand,random,0.0,0,5,0.01,0.9,1,100,0.00032109789526744666,1558,1.0,0.03210978952674466,0.03210978952674467,0.267123731325411,11,5,-0.25699524766541293,1.7019457023571545,1.000000579397892,3153.715419747732,117785.22158694292,1.7644265482236232,1.81568727582606,1.6190425443064707,0,0.0,0.05434298515319824
1,maxentw,random,0.0,0,5,0.01,0.9,1,100,0.00032109789526744666,1558,1.0,0.03210978952674466,0.03210978952674467,0.267123731325411,11,5,-0.25699524766541293,1.7019457023571545,1.0000006568598159,3163.656795383224,117383.25679063711,1.8117714907453437,1.858862630254227,1.6922458863362146,0,0.0,1.021407127380371
1,minnorm,random,0.0,0,7,0.01,0.9,1,100,0.00032109789526744666,1558,1.0,0.03210978952674466,0.03210978952674467,0.267123731325411,0,7,-0.20659517332181335,1.6140267130151846,1.0000000000000024,1.4785754363692516,2.011182657256703,0.20945402257463291,0.2144814946000998,1.2851796236592898,0,0.0,0.011970043182373047
1,projgauss,random,0.0,0,7,0.01,0.9,1,100,0.00032109789526744666,1558,1.0,0.03210978952674466,0.03210978952674467,0.267123731325411,0,7,-0.16467944098465723,1.4444806949256361,1.0000000000000018,1.2928207975304744,1.6467269812383831,0.10977592342295034,0.11251979528753075,1.2874575070999132,0,0.0,0.01220393180847168
1,spectral,random,0.0,0,7,0.01,0.9,1,100,0.00032109789526744666,1558,1.0,0.03210978952674466,0.03210978952674467,0.267123731325411,0,7,-1.0824231785786331,4.015679510325059,0.999999999999999,3.4766566776414067,12.762702330343174,0.07243495579264381,0.07462808637888396,1.2892382869669445,0,0.0,0.01662731170654297
1,spectralg,random,0.0,0,7,0.01,0.9,1,100,0.00032109789526744666,1558,1.0,0.03210978952674466,0.03210978952674467,0.267123731325411,0,7,-1.0824231785786331,4.015679510325059,1.0000000000000036,3.464493668722102,12.762702330343174,0.0725054529536695,0.07468608482910788,1.2892380848713754,0,0.0,0.03559994697570801
1,molfe,random,0.0,0,7,0.01,0.9,1,100,0.00032109789526744666,1558,1.0,0.03210978952674466,0.03210978952674467,0.267123731325411,0,7,-0.022133111893469372,1.0936983630075554,1.0077331235610631,934903.7004765233,1.6356736386302805e+34,25.20761897897517,25.20761897897517,25.144175457483435,1,0.0,0.010447978973388672
1,molrk3,random,0.0,0,7,0.01,0.9,1,100,0.00032109789526744666,1558,1.0,0.03210978952674466,0.03210978952674467,0.267123731325411,0,7,-0.021771914491708937,1.092309201831969,1.0077631012360824,979245.4729797859,2.2023536653035395e+34,26.40471714418648,26.40471714418648,26.341273622694747,1,0.0,0.010560989379882812
1,maxent,random,0.0,0,7,0.01,0.9,1,100,0.00032109789526744666,1558,1.0,0.03210978952674466,0.03210978952674467,0.267123731325411,11,7,-0.20659517332181335,1.597341335843253,1.0000000000000018,1.5111997144677691,2.2637576312232572,0.06889808024681399,0.07803896828509216,1.2888158794180158,0,0.0,0.44411396980285645
1,lp,random,0.0,0,7,0.01,0.9,1,100,0.00032109789526744666,1558,1.0,0.03210978952674466,0.03210978952674467,0.267123731325411,11,7,-0.20659517332181335,1.597341335843253,1.000000000000002,1.5888879136251488,2.438400529695182,0.0737459792237613,0.07661555769860195,1.2888439300075452,0,0.0,0.05408787727355957
1,lprand,random,0.0,0,7,0.01,0.9,1,100,0.00032109789526744666,1558,1.0,0.03210978952674466,0.03210978952674467,0.267123731325411,11,7,-0.20659517332181335,1.597341335843253,0.9999999999999999,1.3123712290484084,1.9961377181246203,0.0621620697251381,0.06603804948765779,1.2888825420907872,0,0.0,0.055120229721069336
1,maxentw,random,0.0,0,7,0.01,0.9,1,100,0.00032109789526744666,1558,1.0,0.03210978952674466,0.03210978952674467,0.267123731325411,11,7,-0.20659517332181335,1.597341335843253,1.0000000000000018,1.5111997144677691,2.2637576312232572,0.06889808024681399,0.07803896828509216,1.2888158794180158,0,0.0,0.9635131359100342
1,minnorm,random,0.0,1,3,0.01,0.9,1,100,0.00039715644509288195,1259,1.0,0.039715644509288196,0.039715644509288196,0.29708077655482557,0,3,-0.8444859005462689,2.6889718010925385,1.171023267241833,2.442537436788061e+87,2.442537436788061e+87,inf,1338463.8654429254,1338463.9092569556,1,0.0,0.00704503059387207
1,projgauss,random,0.0,1,3,0.01,0.9,1,100,0.00039715644509288195,1259,1.0,0.039715644509288196,0.039715644509288196,0.29708077655482557,0,3,-0.8444859005462693,2.688971801092539,1.1710232672418326,2.4425374367868093e+87,2.4425374367868093e+87,inf,1338463.8654554284,1338463.9092694586,1,0.0,0.008379936218261719
1,spectral,random,0.0,1,3,0.01,0.9,1,100,0.00039715644509288195,1259,1.0,0.039715644509288196,0.039715644509288196,0.29708077655482557,0,3,-0.8444859005462689,2.6889718010925385,1.171023267241833,2.442537436788061e+87,2.442537436788061e+87,inf,1338463.8654429254,1338463.9092569556,1,0.0,0.007828950881958008
1,spectralg,random,0.0,1,3,0.01,0.9,1,100,0.00039715644509288195,1259,1.0,0.039715644509288196,0.039715644509288196,0.29708077655482557,0,3,-0.8444859005462689,2.6889718010925385,1.171023267241833,2.442537436788061e+87,2.442537436788061e+87,inf,1338463.8654429254,1338463.9092569556,1,0.0,0.007658958435058594
1,molfe,random,0.0,1,3,0.01,0.9,1,100,0.00039715644509288195,1259,1.0,0.039715644509288196,0.039715644509288196,0.29708077655482557,0,3,-0.8324053179014793,2.6648106358029593,1.1693344426385195,3.984635890160972e+86,3.984635890160972e+86,inf,1074061.1144508077,1074061.158264838,1,0.0,0.007451295852661133
1,molrk3,random,0.0,1,3,0.01,0.9,1,100,0.00039715644509288195,1259,1.0,0.039715644509288196,0.039715644509288196,0.29708077655482557,0,3,-0.8335230434106708,2.667046086821342,1.1844807730028528,4.337944234503702e+93,4.337944234503702e+93,inf,7403209.089644157,7403209.133458188,1,0.0,0.007493019104003906
1,maxent,random,0.0,1,3,0.01,0.9,1,100,0.00039715644509288195,1259,1.0,0.039715644509288196,0.039715644509288196,0.29708077655482557,35,3,-0.8444859005462689,2.6889718010925385,1.171023267241833,2.4425374367880686e+87,2.4425374367880686e+87,inf,1338463.8654134911,1338463.9092275214,1,0.0,0.626392126083374
1,lp,random,0.0,1,3,0.01,0.9,1,100,0.00039715644509288195,1259,1.0,0.039715644509288196,0.039715644509288196,0.29708077655482557,35,3,-0.8444859005462689,2.6889718010925385,1.171023267241833,2.4425374367880725e+87,2.4425374367880725e+87,inf,1338463.8654030373,1338463.9092170675,1,0.0,0.04817008972167969
1,lprand,random,0.0,1,3,0.01,0.9,1,100,0.00039715644509288195,1259,1.0,0.039715644509288196,0.039715644509288196,0.29708077655482557,35,3,-0.8444859005462689,2.6889718010925385,1.171023267241833,2.4425374367880725e+87,2.4425374367880725e+87,inf,1338463.8654030373,1338463.9092170675,1,0.0,0.04593801498413086
1,maxentw,random,0.0,1,3,0.01,0.9,1,100,0.00039715644509288195,1259,1.0,0.039715644509288196,0.039715644509288196,0.29708077655482557,6,7,-0.583266665781658,2.1665333315633157,1.0001961890326538,7197.193577715941,411856.27392660134,14.279036395235382,14.279036395235382,14.411912660161939,1,0.0,1.0233948230743408
1,minnorm,random,0.0,1,5,0.01,0.9,1,100,0.00039715644509288195,1259,1.0,0.039715644509288196,0.039715644509288196,0.29708077655482557,0,5,-0.27440833378176005,1.870183268022534,1.0007717983617563,2413.9446527728783,1732647.4809197502,15.995906992292385,15.995906992292385,16.12878325721894,1,0.0,0.012441158294677734
1,projgauss,random,0.0,1,5,0.01,0.9,1,100,0.00039715644509288195,1259,1.0,0.039715644509288196,0.039715644509288196,0.29708077655482557,0,5,-0.2939260828809373,1.8913474846838532,1.000878767612687,2412.8788455492077,13140471.306881554,16.03293106182299,16.03293106182299,16.165807326749544,1,0.0,0.012090206146240234
1,spectral,random,0.0,1,5,0.01,0.9,1,100,0.00039715644509288195,1259,1.0,0.039715644509288196,0.039715644509288196,0.29708077655482557,0,5,-1.393647718770384,6.422841348453358,1.0003031466040093,16528.326868746866,931082.4267557035,15.692696930606099,15.692696930606099,15.825573195532655,1,0.0,0.016724824905395508
1,spectralg,random,0.0,1,5,0.01,0.9,1,100,0.00039715644509288195,1259,1.0,0.039715644509288196,0.039715644509288196,0.29708077655482557,0,5,-1.393647718770384,6.422841348453358,1.000274029035783,16528.292025812094,931109.2739894019,15.629013289640007,15.629013289640007,15.761889554566563,1,0.0,0.042604923248291016
1,molfe,random,0.0,1,5,0.01,0.9,1,100,0.00039715644509288195,1259,1.0,0.039715644509288196,0.039715644509288196,0.29708077655482557,0,5,-0.1431711048100774,1.5226415298636145,1.0107272355571133,12561242.620854177,4.027692461142311e+47,2119.5331279308143,2119.5331279308143,2119.754930661499,1,0.0,0.011489152908325195
1,molrk3,random,0.0,1,5,0.01,0.9,1,100,0.00039715644509288195,1259,1.0,0.039715644509288196,0.039715644509288196,0.29708077655482557,0,5,-0.1449269797792158,1.527592261963024,1.0107849780853717,13498923.51950619,7.131161682544761e+47,2277.3036805160323,2277.3036805160323,2277.525483246717,1,0.0,0.01561594009399414
1,maxent,random,0.0,1,5,0.01,0.9,1,100,0.00039715644509288195,1259,1.0,0.039715644509288196,0.039715644509288196,0.29708077655482557,7,5,-0.27440833378176005,1.870183268022534,1.0000981351821976,3159.4520545014393,179327.8196156929,15.609457870645604,15.609457870645604,15.742334135572161,1,0.0,0.540808916091919
1,lp,random,0.0,1,5,0.01,0.9,1,100,0.00039715644509288195,1259,1.0,0.039715644509288196,0.039715644509288196,0.29708077655482557,7,5,-0.27440833378176005,1.870183268022534,1.000000861227813,4907.8506555533,281570.2282003809,15.489894619379164,15.489894619379164,15.622770884305721,1,0.0,0.05539393424987793
1,lprand,random,0.0,1,5,0.01,0.9,1,100,0.00039715644509288195,1259,1.0,0.039715644509288196,0.039715644509288196,0.29708077655482557,7,5,-0.27440833378176005,1.870183268022534,1.000001587711748,8315.3558942429,483279.12606544327,15.582706977136759,15.582706977136759,15.715583242063316,1,0.0,0.05343008041381836
1,maxentw,random,0.0,1,5,0.01,0.9,1,100,0.00039715644509288195,1259,1.0,0.039715644509288196,0.039715644509288196,0.29708077655482557,6,7,-0.2675980601521131,1.7147457597350892,1.0000008173035666,2060.9433747500348,115705.63431753394,15.609457870645604,15.609457870645604,15.742334135572161,1,0.0,0.8362529277801514
1,minnorm,random,0.0,1,7,0.01,0.9,1,100,0.00039715644509288195,1259,1.0,0.039715644509288196,0.039715644509288196,0.29708077655482557,0,7,-0.2172285456519153,1.5878838402258795,0.9999999999999991,1.5845983658702323,1.7728893460671136,0.15916295058121666,0.18048397966658236,1.2873597213179884,0,0.0,0.01318216323852539
1,projgauss,random,0.0,1,7,0.01,0.9,1,100,0.00039715644509288195,1259,1.0,0.039715644509288196,0.039715644509288196,0.29708077655482557,0,7,-0.16178430976856525,1.4343422807811095,1.000000000000001,1.2844110744082367,1.5663361625133465,0.11798602316217588,0.12002237020606144,1.2878416483019637,0,0.0,0.010809183120727539
1,spectral,random,0.0,1,7,0.01,0.9,1,100,0.00039715644509288195,1259,1.0,0.039715644509288196,0.039715644509288196,0.29708077655482557,0,7,-1.7729029101813993,7.178411807216343,0.9999999999999961,3.4997263408102017,20.57694102196057,0.07843254467435734,0.08614087115957653,1.2897091056896657,0,0.0,0.019209861755371094
1,spectralg,random,0.0,1,7,0.01,0.9,1,100,0.00039715644509288195,1259,1.0,0.039715644509288196,0.039715644509288196,0.29708077655482557,0,7,-1.7729029101813993,7.178411807216343,0.9999999999999997,3.4996457951376234,20.57694102196057,0.07852511650204086,0.08620029872508622,1.2897101516249547,0,0.0,0.03872799873352051
1,molfe,random,0.0,1,7,0.01,0.9,1,100,0.00039715644509288195,1259,1.0,0.039715644509288196,0.039715644509288196,0.29708077655482557,0,7,-0.030484698298661905,1.1218075319332024,1.0094135152227366,387220.26705285686,1.4326047803760766e+41,156.6322578652157,156.6322578652157,155.8268691582139,1,0.0,0.011486291885375977
1,molrk3,random,0.0,1,7,0.01,0.9,1,100,0.00039715644509288195,1259,1.0,0.039715644509288196,0.039715644509288196,0.29708077655482557,0,7,-0.029962173206667192,1.1211148463508096,1.0094579613857877,409293.0568556204,2.2250988040183273e+41,165.56706467635897,165.56706467635897,164.76167596935716,1,0.0,0.014462947845458984
1,maxent,random,0.0,1,7,0.01,0.9,1,100,0.00039715644509288195,1259,1.0,0.039715644509288196,0.039715644509288196,0.29708077655482557,6,7,-0.17342976767401105,1.5328001358128012,0.9999999999999987,1.3249091255119063,1.76573280075508,0.07908696458759734,0.08620518235072522,1.2888757080602722,0,0.0,0.48257875442504883
1,lp,random,0.0,1,7,0.01,0.9,1,100,0.00039715644509288195,1259,1.0,0.039715644509288196,0.039715644509288196,0.29708077655482557,6,7,-0.17342976767401105,1.5328001358128012,1.000000000000003,1.361962526187698,1.8820403582952947,0.08435847536315194,0.09070142394906722,1.2890385347382316,0,0.0,0.06547808647155762
1,lprand,random,0.0,1,7,0.01,0.9,1,100,0.00039715644509288195,1259,1.0,0.039715644509288196,0.039715644509288196,0.29708077655482557,6,7,-0.17342976767401105,1.5328001358128012,1.0000000000000018,1.332218140270892,1.7476557117819054,0.07966079016449495,0.086861732250338,1.2889388092760334,0,0.0,0.05898094177246094
1,maxentw,random,0.0,1,7,0.01,0.9,1,100,0.00039715644509288195,1259,1.0,0.039715644509288196,0.039715644509288196,0.29708077655482557,6,7,-0.17342976767401105,1.5328001358128012,0.9999999999999987,1.3249091255119063,1.76573280075508,0.07908696458759734,0.08620518235072522,1.2888757080602722,0,0.0,0.7625651359558105
1,minnorm,jitter,0.0,0,3,0.003,0.9,1,100,0.008999999999999909,56,3.3333333333333335,0.26999999999999724,0.8999999999999909,0.9999999999999898,0,3,-0.35000000000000125,1.7000000000000026,1.6999999999999598,8037844446307.838,inf,0.012235125799708202,0.012235125799708202,1.2959426468545396,0,0.0,0.008047103881835938
1,projgauss,jitter,0.0,0,3,0.003,0.9,1,100,0.008999999999999909,56,3.3333333333333335,0.26999999999999724,0.8999999999999909,0.9999999999999898,0,3,-0.350000000000001,1.7000000000000017,1.6999999999999615,8037844446307.623,inf,0.012257583992065911,0.012257583992065911,1.295942646854539,0,0.0,0.009814023971557617
1,spectral,jitter,0.0,0,3,0.003,0.9,1,100,0.008999999999999909,56,3.3333333333333335,0.26999999999999724,0.8999999999999909,0.9999999999999898,0,3,-0.35000000000000125,1.7000000000000026,1.6999999999999598,8037844446307.838,inf,0.012235125799708202,0.012235125799708202,1.2959426468545396,0,0.0,0.013647794723510742
1,spectralg,jitter,0.0,0,3,0.003,0.9,1,100,0.008999999999999909,56,3.3333333333333335,0.26999999999999724,0.8999999999999909,0.9999999999999898,0,3,-0.35000000000000125,1.7000000000000026,1.6999999999999598,8037844446307.838,inf,0.012235125799708202,0.012235125799708202,1.2959426468545396,0,0.0,0.014183282852172852
1,molfe,jitter,0.0,0,3,0.003,0.9,1,100,0.008999999999999909,56,3.3333333333333335,0.26999999999999724,0.8999999999999909,0.9999999999999898,0,3,-0.1800000000000043,1.3600000000000085,1.0679988438908925,58.58155761924346,6.498030682315009e+285,0.23419328324214472,0.23419328324214472,1.3830828016413834,0,0.0,0.009023189544677734
1,molrk3,jitter,0.0,0,3,0.003,0.9,1,100,0.008999999999999909,56,3.3333333333333335,0.26999999999999724,0.8999999999999909,0.9999999999999898,0,3,-0.09738000000000328,1.1967040000000064,1.0,1.0007147221112975,1.1967040000000064,0.00852584667946895,0.00852584667946895,1.296078232409326,0,0.0,0.008949995040893555
1,maxent,jitter,0.0,0,3,0.003,0.9,1,100,0.008999999999999909,56,3.3333333333333335,0.26999999999999724,0.8999999999999909,0.9999999999999898,100,3,-0.35000000000000125,1.7000000000000026,1.6999999999999598,8037844446307.838,inf,0.012235125799708202,0.012235125799708202,1.2959426468545396,0,0.0,1.5475447177886963
1,lp,jitter,0.0,0,3,0.003,0.9,1,100,0.008999999999999909,56,3.3333333333333335,0.26999999999999724,0.8999999999999909,0.9999999999999898,100,3,-0.35000000000000125,1.7000000000000026,1.6999999999999598,8037844446307.838,inf,0.012235125799708202,0.012235125799708202,1.2959426468545396,0,0.0,0.050617218017578125
1,lprand,jitter,0.0,0,3,0.003,0.9,1,100,0.008999999999999909,56,3.3333333333333335,0.26999999999999724,0.8999999999999909,0.9999999999999898,100,3,-0.35000000000000125,1.7000000000000026,1.6999999999999598,8037844446307.838,inf,0.012235125799708202,0.012235125799708202,1.2959426468545396,0,0.0,0.047477006912231445
1,maxentw,jitter,0.0,0,3,0.003,0.9,1,100,0.008999999999999909,56,3.3333333333333335,0.26999999999999724,0.8999999999999909,0.9999999999999898,0,5,0.00039005037238966356,1.0000000000000002,0.9999999999999972,0.9999999999999973,1.0000000000000002,0.0007996010678692628,0.0007996010678692628,1.2960130154706184,0,0.0,1.557420015335083
1,minnorm,jitter,0.0,0,5,0.003,0.9,1,100,0.008999999999999909,56,3.3333333333333335,0.26999999999999724,0.8999999999999909,0.9999999999999898,0,5,-0.07285714285714447,1.1457142857142886,0.9999999999999997,1.00384405616819,1.1457142857142888,0.008266799174395323,0.008266799174395323,1.2960597961493985,0,0.0,0.006682872772216797
1,projgauss,jitter,0.0,0,5,0.003,0.9,1,100,0.008999999999999909,56,3.3333333333333335,0.26999999999999724,0.8999999999999909,0.9999999999999898,0,5,-0.025979058543372825,1.0519581170867456,1.0000000000000042,1.0000641486208266,1.0519581170867458,0.0028965359084529296,0.0028965359084529296,1.2960324779052976,0,0.0,0.0076448917388916016
1,spectral,jitter,0.0,0,5,0.003,0.9,1,100,0.008999999999999909,56,3.3333333333333335,0.26999999999999724,0.8999999999999909,0.9999999999999898,0,5,0.006558181604358809,1.0000000000000002,1.0000000000000018,0.9999999999999926,1.0000000000000004,0.0014224261617219527,0.0014224261617219527,1.2960100160069987,0,0.0,0.012325286865234375
1,spectralg,jitter,0.0,0,5,0.003,0.9,1,100,0.008999999999999909,56,3.3333333333333335,0.26999999999999724,0.8999999999999909,0.9999999999999898,0,5,0.006558181604358809,1.0000000000000002,1.0000000000000018,0.9999999999999926,1.0000000000000004,0.0014224261617219527,0.0014224261617219527,1.2960100160069987,0,0.0,0.024258136749267578
1,molfe,jitter,0.0,0,5,0.003,0.9,1,100,0.008999999999999909,56,3.3333333333333335,0.26999999999999724,0.8999999999999909,0.9999999999999898,0,5,-0.12857142857142864,1.4628571428571406,1.154285714285712,3257.8043826347357,inf,0.2346571834022022,0.2346571834022022,1.3882723086814128,0,0.0,0.007946968078613281
1,molrk3,jitter,0.0,0,5,0.003,0.9,1,100,0.008999999999999909,56,3.3333333333333335,0.26999999999999724,0.8999999999999909,0.9999999999999898,0,5,-0.12009169679300292,1.413027265306121,1.1667998600583078,5744.741337398178,inf,0.02892107807925061,0.02892107807925061,1.2962299166751063,0,0.0,0.007939815521240234
1,maxent,jitter,0.0,0,5,0.003,0.9,1,100,0.008999999999999909,56,3.3333333333333335,0.26999999999999724,0.8999999999999909,0.9999999999999898,0,5,0.00039005037238966356,1.0000000000000002,0.9999999999999972,0.9999999999999973,1.0000000000000002,0.0007996010678692628,0.0007996010678692628,1.2960130154706184,0,0.0,0.021704912185668945
1,lp,jitter,0.0,0,5,0.003,0.9,1,100,0.008999999999999909,56,3.3333333333333335,0.26999999999999724,0.8999999999999909,0.9999999999999898,0,5,0.0,1.0,1.0000000000000009,0.9999999999999984,1.0,0.01172879552294899,0.01172879552294899,1.2959523777755964,0,0.0,0.05044221878051758
1,lprand,jitter,0.0,0,5,0.003,0.9,1,100,0.008999999999999909,56,3.3333333333333335,0.26999999999999724,0.8999999999999909,0.9999999999999898,0,5,0.0,1.0,0.9999999999999993,1.0000000000000004,1.0000000000000004,0.00505695171002702,0.00505695171002702,1.2959523777755964,0,0.0,0.04997396469116211
1,maxentw,jitter,0.0,0,5,0.003,0.9,1,100,0.008999999999999909,56,3.3333333333333335,0.26999999999999724,0.8999999999999909,0.9999999999999898,0,5,0.00039005037238966356,1.0000000000000002,0.9999999999999972,0.9999999999999973,1.0000000000000002,0.0007996010678692628,0.0007996010678692628,1.2960130154706184,0,0.0,0.021815776824951172
1,minnorm,jitter,0.0,0,7,0.003,0.9,1,100,0.008999999999999909,56,3.3333333333333335,0.26999999999999724,0.8999999999999909,0.9999999999999898,0,7,-0.11130952380952448,1.2226190476190486,0.999999999999997,1.0836959669162034,1.2226190476190486,0.03869311162613004,0.03869311162613004,1.2962074389721407,0,0.0,0.006680011749267578
1,projgauss,jitter,0.0,0,7,0.003,0.9,1,100,0.008999999999999909,56,3.3333333333333335,0.26999999999999724,0.8999999999999909,0.9999999999999898,0,7,-0.025412722644359207,1.0508254452887185,1.0000000000000013,1.0076063566754407,1.0508254452887185,0.010439182501249672,0.010439182501249672,1.2960696084935242,0,0.0,0.0075571537017822266
1,spectral,jitter,0.0,0,7,0.003,0.9,1,100,0.008999999999999909,56,3.3333333333333335,0.26999999999999724,0.8999999999999909,0.9999999999999898,0,7,-0.0017507488752045858,1.0035014977504089,1.0000000000000013,1.0000000000179656,1.0035014977504086,3.1716138324755505e-05,3.1716138324755505e-05,1.2960184620526165,0,0.0,0.01270604133605957
1,spectralg,jitter,0.0,0,7,0.003,0.9,1,100,0.008999999999999909,56,3.3333333333333335,0.26999999999999724,0.8999999999999909,0.9999999999999898,0,7,-0.0017507488752045858,1.0035014977504089,1.0000000000000013,1.0000000000179656,1.0035014977504086,3.1716138324755505e-05,3.1716138324755505e-05,1.2960184620526165,0,0.0,0.02656102180480957
1,molfe,jitter,0.0,0,7,0.003,0.9,1,100,0.008999999999999909,56,3.3333333333333335,0.26999999999999724,0.8999999999999909,0.9999999999999898,0,7,-0.06428571428571436,1.359999999999997,1.0594097408341308,39.871523558025714,5.551099919045345e+250,0.23910917516338892,0.23910917516338892,1.397036739763566,0,0.0,0.007359027862548828
1,molrk3,jitter,0.0,0,7,0.003,0.9,1,100,0.008999999999999909,56,3.3333333333333335,0.26999999999999724,0.8999999999999909,0.9999999999999898,0,7,-0.061251520408162785,1.3491252186588896,1.0604917606141462,39.22262828443564,1.5065323239791347e+255,0.05942178952297276,0.05942178952297276,1.2964555079076774,0,0.0,0.007444143295288086
1,maxent,jitter,0.0,0,7,0.003,0.9,1,100,0.008999999999999909,56,3.3333333333333335,0.26999999999999724,0.8999999999999909,0.9999999999999898,0,7,4.267183317983441e-07,1.0000000000000002,1.000000000000001,1.0000000000000062,1.0000000000009912,2.7809156120543743e-05,2.7809156120543743e-05,1.29601885517818,0,0.0,0.02398395538330078
1,lp,jitter,0.0,0,7,0.003,0.9,1,100,0.008999999999999909,56,3.3333333333333335,0.26999999999999724,0.8999999999999909,0.9999999999999898,0,7,0.0,1.0,0.9999999999999998,0.9999999999999986,1.0,0.01172879552294969,0.01172879552294969,1.2959523777755964,0,0.0,0.04974985122680664
1,lprand,jitter,0.0,0,7,0.003,0.9,1,100,0.008999999999999909,56,3.3333333333333335,0.26999999999999724,0.8999999999999909,0.9999999999999898,0,7,0.0,1.0,1.0000000000000016,1.0000000000000002,1.0000000000000002,0.0032766065231399355,0.0032766065231399355,1.296056799734239,0,0.0,0.04989790916442871
1,maxentw,jitter,0.0,0,7,0.003,0.9,1,100,0.008999999999999909,56,3.3333333333333335,0.26999999999999724,0.8999999999999909,0.9999999999999898,0,7,4.267183317983441e-07,1.0000000000000002,1.000000000000001,1.0000000000000062,1.0000000000009912,2.7809156120543743e-05,2.7809156120543743e-05,1.29601885517818,0,0.0,0.024028778076171875
1,minnorm,jitter,0.1,0,3,0.003,0.9,1,100,0.007284204207073308,69,3.3333333333333335,0.21852612621219925,0.7284204207073308,0.8093560230081454,0,3,-0.2993530915881995,1.5987061831763998,1.0000000000000016,1.0061752641011796,1.5987061831763998,0.006970823824302346,0.006970823824302346,1.2967696909006925,0,0.0,0.008050918579101562
1,projgauss,jitter,0.1,0,3,0.003,0.9,1,100,0.007284204207073308,69,3.3333333333333335,0.21852612621219925,0.7284204207073308,0.8093560230081454,0,3,-0.2993530915881998,1.5987061831763998,1.0000000000000024,1.0061752641011754,1.5987061831763998,0.00697082382430235,0.00697082382430235,1.296769690900693,0,0.0,0.009019136428833008
1,spectral,jitter,0.1,0,3,0.003,0.9,1,100,0.007284204207073308,69,3.3333333333333335,0.21852612621219925,0.7284204207073308,0.8093560230081454,0,3,-0.2993530915881995,1.5987061831763998,1.0000000000000016,1.0061752641011796,1.5987061831763998,0.006970823824302346,0.006970823824302346,1.2967696909006925,0,0.0,0.008791923522949219
1,spectralg,jitter,0.1,0,3,0.003,0.9,1,100,0.007284204207073308,69,3.3333333333333335,0.21852612621219925,0.7284204207073308,0.8093560230081454,0,3,-0.2993530915881995,1.5987061831763998,1.0000000000000016,1.0061752641011796,1.5987061831763998,0.006970823824302346,0.006970823824302346,1.2967696909006925,0,0.0,0.00875091552734375
1,molfe,jitter,0.1,0,3,0.003,0.9,1,100,0.007284204207073308,69,3.3333333333333335,0.21852612621219925,0.7284204207073308,0.8093560230081454,0,3,-0.24819351603427164,1.4963870320685433,1.0119035400755017,4.499431781908502,3.344097675967329e+51,0.1839012026175093,0.1839012026175093,1.334295318800034,0,0.0,0.008787155151367188
1,molrk3,jitter,0.1,0,3,0.003,0.9,1,100,0.007284204207073308,69,3.3333333333333335,0.21852612621219925,0.7284204207073308,0.8093560230081454,0,3,-0.1542144275160614,1.3098012883041559,0.9999999999999989,1.0068462516251055,1.3098012883041559,0.00870622171714102,0.00870622171714102,1.2968478870906912,0,0.0,0.007865190505981445
1,maxent,jitter,0.1,0,3,0.003,0.9,1,100,0.007284204207073308,69,3.3333333333333335,0.21852612621219925,0.7284204207073308,0.8093560230081454,46,3,-0.2993530915881995,1.5987061831763998,1.0000000000000022,1.0061752640648833,1.5987061831763998,0.006970823814936959,0.006970823814936959,1.296769690900693,0,0.0,0.8163480758666992
1,lp,jitter,0.1,0,3,0.003,0.9,1,100,0.007284204207073308,69,3.3333333333333335,0.21852612621219925,0.7284204207073308,0.8093560230081454,46,3,-0.2993530915881995,1.5987061831763998,0.9999999999999998,1.006175264101179,1.5987061831763998,0.006970823824302183,0.006970823824302183,1.296769690900693,0,0.0,0.04970502853393555
1,lprand,jitter,0.1,0,3,0.003,0.9,1,100,0.007284204207073308,69,3.3333333333333335,0.21852612621219925,0.7284204207073308,0.8093560230081454,46,3,-0.2993530915881995,1.5987061831763998,0.9999999999999998,1.006175264101179,1.5987061831763998,0.006970823824302183,0.006970823824302183,1.296769690900693,0,0.0,0.049286842346191406
1,maxentw,jitter,0.1,0,3,0.003,0.9,1,100,0.007284204207073308,69,3.3333333333333335,0.21852612621219925,0.7284204207073308,0.8093560230081454,0,5,6.933071580479863e-05,1.0000000000000002,1.0000000000000022,1.000000000000002,1.000000000000182,0.0027991229436360315,0.0027991229436360315,1.296769690900693,0,0.0,0.8304438591003418
1,minnorm,jitter,0.1,0,5,0.003,0.9,1,100,0.007284204207073308,69,3.3333333333333335,0.21852612621219925,0.7284204207073308,0.8093560230081454,0,5,-0.10917910089724772,1.2183582017944947,1.000000000000005,1.0139165242311994,1.2183582017944947,0.013165571249198427,0.013165571249198427,1.2968584337802866,0,0.0,0.0071868896484375
1,projgauss,jitter,0.1,0,5,0.003,0.9,1,100,0.007284204207073308,69,3.3333333333333335,0.21852612621219925,0.7284204207073308,0.8093560230081454,0,5,-0.0634993617740835,1.126998723548167,0.9999999999999997,1.002130075996124,1.1269987235481669,0.007164740362455842,0.007164740362455842,1.296833167143638,0,0.0,0.008967876434326172
1,spectral,jitter,0.1,0,5,0.003,0.9,1,100,0.007284204207073308,69,3.3333333333333335,0.21852612621219925,0.7284204207073308,0.8093560230081454,0,5,-0.06575767926332662,1.1315153585266529,1.0000000000000009,0.9999999999999953,1.1315153585266526,0.0008157615349025892,0.0008157615349025892,1.2967945990119414,0,0.0,0.013293981552124023
1,spectralg,jitter,0.1,0,5,0.003,0.9,1,100,0.007284204207073308,69,3.3333333333333335,0.21852612621219925,0.7284204207073308,0.8093560230081454,0,5,-0.06575767926332662,1.1315153585266529,1.0000000000000009,0.9999999999999953,1.1315153585266526,0.0008157615349025892,0.0008157615349025892,1.2967945990119414,0,0.0,0.0249178409576416
1,molfe,jitter,0.1,0,5,0.003,0.9,1,100,0.007284204207073308,69,3.3333333333333335,0.21852612621219925,0.7284204207073308,0.8093560230081454,0,5,-0.13090094646569175,1.3983148038990532,1.121979169898035,3691.0169873887435,inf,0.2077350766009718,0.2077350766009718,1.3603046001494676,0,0.0,0.008652925491333008
1,molrk3,jitter,0.1,0,5,0.003,0.9,1,100,0.007284204207073308,69,3.3333333333333335,0.21852612621219925,0.7284204207073308,0.8093560230081454,0,5,-0.12158257324853701,1.367977899581946,1.1297211151847273,5803.737142514345,inf,0.13318412111999667,0.13318412111999667,1.2969668567283628,0,0.0,0.008411884307861328
1,maxent,jitter,0.1,0,5,0.003,0.9,1,100,0.007284204207073308,69,3.3333333333333335,0.21852612621219925,0.7284204207073308,0.8093560230081454,0,5,9.34988286559968e-06,1.0000000000000002,1.000000000000001,1.0000000000000022,1.0000000000002431,0.0002375250921643965,0.0002375250921643965,1.2967971894241683,0,0.0,0.07074999809265137
1,lp,jitter,0.1,0,5,0.003,0.9,1,100,0.007284204207073308,69,3.3333333333333335,0.21852612621219925,0.7284204207073308,0.8093560230081454,0,5,0.0,1.0000000000000002,1.0000000000000038,1.0000000000000007,1.000000000000004,0.00614026471791615,0.00614026471791615,1.2967617375743132,0,0.0,0.0495760440826416
1,lprand,jitter,0.1,0,5,0.003,0.9,1,100,0.007284204207073308,69,3.3333333333333335,0.21852612621219925,0.7284204207073308,0.8093560230081454,0,5,0.0,1.0000000000000002,0.9999999999999992,0.9999999999999999,1.0000000000000004,0.003595707793838554,0.003595707793838554,1.2968047674553498,0,0.0,0.05179786682128906
1,maxentw,jitter,0.1,0,5,0.003,0.9,1,100,0.007284204207073308,69,3.3333333333333335,0.21852612621219925,0.7284204207073308,0.8093560230081454,0,5,9.34988286559968e-06,1.0000000000000002,1.000000000000001,1.0000000000000022,1.0000000000002431,0.0002375250921643965,0.0002375250921643965,1.2967971894241683,0,0.0,0.07001233100891113
1,minnorm,jitter,0.1,0,7,0.003,0.9,1,100,0.007284204207073308,69,3.3333333333333335,0.21852612621219925,0.7284204207073308,0.8093560230081454,0,7,-0.12597887747446923,1.2519577549489391,1.0000000000000004,1.1023184687809295,1.2519577549489391,0.04351384873265787,0.04351384873265787,1.2969580751267835,0,0.0,0.007070064544677734
1,projgauss,jitter,0.1,0,7,0.003,0.9,1,100,0.007284204207073308,69,3.3333333333333335,0.21852612621219925,0.7284204207073308,0.8093560230081454,0,7,-0.03953634160575509,1.1085145685462408,1.0000000000000002,1.014850699518021,1.1085145685462408,0.013567571253551486,0.013567571253551486,1.2968512817715887,0,0.0,0.008279085159301758
1,spectral,jitter,0.1,0,7,0.003,0.9,1,100,0.007284204207073308,69,3.3333333333333335,0.21852612621219925,0.7284204207073308,0.8093560230081454,0,7,-0.04598744165404775,1.172807144687908,0.9999999999999987,1.0000339328616654,1.172807144687908,0.0015143498111713227,0.0015143498111713227,1.2968091799246775,0,0.0,0.013391733169555664
1,spectralg,jitter,0.1,0,7,0.003,0.9,1,100,0.007284204207073308,69,3.3333333333333335,0.21852612621219925,0.7284204207073308,0.8093560230081454,0,7,-0.04598744165404775,1.172807144687908,0.9999999999999987,1.0000339328616654,1.172807144687908,0.0015143498111713227,0.0015143498111713227,1.2968091799246775,0,0.0,0.02712273597717285
1,molfe,jitter,0.1,0,7,0.003,0.9,1,100,0.007284204207073308,69,3.3333333333333335,0.21852612621219925,0.7284204207073308,0.8093560230081454,0,7,-0.06198284939846247,1.3029359775917029,1.0475901962251242,47.35977363276117,1.436642067066781e+202,0.19222917065124578,0.19222917065124578,1.350800164248839,0,0.0,0.007664918899536133
1,molrk3,jitter,0.1,0,7,0.003,0.9,1,100,0.007284204207073308,69,3.3333333333333335,0.21852612621219925,0.7284204207073308,0.8093560230081454,0,7,-0.0584774077136889,1.295800978407791,1.0482637468859173,47.67233752834978,8.922054923771375e+204,0.06003553119063823,0.06003553119063823,1.2971305666508113,0,0.0,0.0076961517333984375
1,maxent,jitter,0.1,0,7,0.003,0.9,1,100,0.007284204207073308,69,3.3333333333333335,0.21852612621219925,0.7284204207073308,0.8093560230081454,0,7,1.2489911158737787e-09,1.0000000000000004,0.9999999999999989,1.0000000000000018,1.0000000000001186,3.6488453617755656e-05,4.1210441183922586e-05,1.2967979015286584,0,0.0,0.10000419616699219
1,lp,jitter,0.1,0,7,0.003,0.9,1,100,0.007284204207073308,69,3.3333333333333335,0.21852612621219925,0.7284204207073308,0.8093560230081454,0,7,0.0,1.0,1.000000000000002,1.0000000000000004,1.0000000000000162,0.00365267998160132,0.00365267998160132,1.2968047674553498,0,0.0,0.05269503593444824
1,lprand,jitter,0.1,0,7,0.003,0.9,1,100,0.007284204207073308,69,3.3333333333333335,0.21852612621219925,0.7284204207073308,0.8093560230081454,0,7,0.0,1.0,0.9999999999999996,1.0000000000000002,1.0000000000000004,0.0028461195667852657,0.0028461195667852657,1.2968047674553498,0,0.0,0.05285215377807617
1,maxentw,jitter,0.1,0,7,0.003,0.9,1,100,0.007284204207073308,69,3.3333333333333335,0.21852612621219925,0.7284204207073308,0.8093560230081454,0,7,1.2489911158737787e-09,1.0000000000000004,0.9999999999999989,1.0000000000000018,1.0000000000001186,3.6488453617755656e-05,4.1210441183922586e-05,1.2967979015286584,0,0.0,0.1025381088256836
1,minnorm,jitter,0.1,1,3,0.003,0.9,1,100,0.007420131309371925,68,3.3333333333333335,0.22260393928115774,0.7420131309371925,0.8244590343746583,0,3,-0.3243022349620823,1.6486044699241644,1.0233904185959721,10.125408308435468,4.613977441987602e+100,0.007388079234069332,0.007388079234069332,1.2966268008277182,0,0.0,0.008528947830200195
1,projgauss,jitter,0.1,1,3,0.003,0.9,1,100,0.007420131309371925,68,3.3333333333333335,0.22260393928115774,0.7420131309371925,0.8244590343746583,0,3,-0.3243022349620822,1.648604469924164,1.0233904185959715,10.125408308435407,4.613977441986533e+100,0.007388079234069617,0.007388079234069617,1.2966268008277184,0,0.0,0.009490966796875
1,spectral,jitter,0.1,1,3,0.003,0.9,1,100,0.007420131309371925,68,3.3333333333333335,0.22260393928115774,0.7420131309371925,0.8244590343746583,0,3,-0.3243022349620823,1.6486044699241644,1.0233904185959721,10.125408308435468,4.613977441987602e+100,0.007388079234069332,0.007388079234069332,1.2966268008277182,0,0.0,0.009217023849487305
1,spectralg,jitter,0.1,1,3,0.003,0.9,1,100,0.007420131309371925,68,3.3333333333333335,0.22260393928115774,0.7420131309371925,0.8244590343746583,0,3,-0.3243022349620823,1.6486044699241644,1.0233904185959721,10.125408308435468,4.613977441987602e+100,0.007388079234069332,0.007388079234069332,1.2966268008277182,0,0.0,0.009186029434204102
1,molfe,jitter,0.1,1,3,0.003,0.9,1,100,0.007420131309371925,68,3.3333333333333335,0.22260393928115774,0.7420131309371925,0.8244590343746583,0,3,-0.23453659450659228,1.4690731890131845,1.0146202750876057,5.242497160137389,1.4539202630166719e+63,0.18843348811207505,0.18843348811207505,1.3384335222123958,0,0.0,0.009022951126098633
1,molrk3,jitter,0.1,1,3,0.003,0.9,1,100,0.007420131309371925,68,3.3333333333333335,0.22260393928115774,0.7420131309371925,0.8244590343746583,0,3,-0.1470171904943406,1.2951597456514916,1.0000000000000018,1.0048521219920297,1.2951597456514916,0.008731625425632342,0.008731625425632342,1.2967232938359596,0,0.0,0.008048772811889648
1,maxent,jitter,0.1,1,3,0.003,0.9,1,100,0.007420131309371925,68,3.3333333333333335,0.22260393928115774,0.7420131309371925,0.8244590343746583,45,3,-0.3243022349620823,1.6486044699241644,1.0233904185689797,10.125408271632743,4.613976223098983e+100,0.007388079230520241,0.007388079230520241,1.2966268008277182,0,0.0,0.7818541526794434
1,lp,jitter,0.1,1,3,0.003,0.9,1,100,0.007420131309371925,68,3.3333333333333335,0.22260393928115774,0.7420131309371925,0.8244590343746583,45,3,-0.3243022349620823,1.6486044699241644,1.0233904185959728,10.125408308435443,4.613977441986504e+100,0.007388079234069596,0.007388079234069596,1.2966268008277182,0,0.0,0.04793286323547363
1,lprand,jitter,0.1,1,3,0.003,0.9,1,100,0.007420131309371925,68,3.3333333333333335,0.22260393928115774,0.7420131309371925,0.8244590343746583,45,3,-0.3243022349620823,1.6486044699241644,1.0233904185959728,10.125408308435443,4.613977441986504e+100,0.007388079234069596,0.007388079234069596,1.2966268008277182,0,0.0,0.04791712760925293
1,maxentw,jitter,0.1,1,3,0.003,0.9,1,100,0.007420131309371925,68,3.3333333333333335,0.22260393928115774,0.7420131309371925,0.8244590343746583,0,5,7.981955926611103e-05,1.0000000000000002,1.0000000000000002,1.0000000000000029,1.0000000000001705,0.002723203106629178,0.002723203106629178,1.2966813968804245,0,0.0,0.81131911277771
1,minnorm,jitter,0.1,1,5,0.003,0.9,1,100,0.007420131309371925,68,3.3333333333333335,0.22260393928115774,0.7420131309371925,0.8244590343746583,0,5,-0.10736419849904857,1.2147283969980962,1.0000000000000002,1.0128212142975563,1.214728396998096,0.012892589691133827,0.012892589691133827,1.2967294854469182,0,0.0,0.007064104080200195
1,projgauss,jitter,0.1,1,5,0.003,0.9,1,100,0.007420131309371925,68,3.3333333333333335,0.22260393928115774,0.7420131309371925,0.8244590343746583,0,5,-0.06354052008957028,1.1270810401791407,1.000000000000001,1.0018182951373056,1.1270810401791407,0.006898689758403881,0.006898689758403881,1.2967054816215962,0,0.0,0.007899999618530273
1,spectral,jitter,0.1,1,5,0.003,0.9,1,100,0.007420131309371925,68,3.3333333333333335,0.22260393928115774,0.7420131309371925,0.8244590343746583,0,5,-0.06298838060167916,1.1259767612033584,1.0000000000000013,0.9999999999999895,1.1259767612033587,0.0008127623293075203,0.0008127623293075203,1.2966856496890187,0,0.0,0.01314401626586914
1,spectralg,jitter,0.1,1,5,0.003,0.9,1,100,0.007420131309371925,68,3.3333333333333335,0.22260393928115774,0.7420131309371925,0.8244590343746583,0,5,-0.06298838060167916,1.1259767612033584,1.0000000000000013,0.9999999999999895,1.1259767612033587,0.0008127623293075203,0.0008127623293075203,1.2966856496890187,0,0.0,0.02539515495300293
1,molfe,jitter,0.1,1,5,0.003,0.9,1,100,0.007420131309371925,68,3.3333333333333335,0.22260393928115774,0.7420131309371925,0.8244590343746583,0,5,-0.13189713797752436,1.4044566756436188,1.1245767155813433,3976.849294729215,inf,0.2351395935391336,0.2351395935391336,1.3828196408851146,0,0.0,0.008604764938354492
1,molrk3,jitter,0.1,1,5,0.003,0.9,1,100,0.007420131309371925,68,3.3333333333333335,0.22260393928115774,0.7420131309371925,0.8244590343746583,0,5,-0.12197487584288698,1.3756842144010668,1.1326586197231399,6325.139930607219,inf,0.10907283310462468,0.10907283310462468,1.2968469953080812,0,0.0,0.008399009704589844
1,maxent,jitter,0.1,1,5,0.003,0.9,1,100,0.007420131309371925,68,3.3333333333333335,0.22260393928115774,0.7420131309371925,0.8244590343746583,0,5,2.6819803407183844e-05,1.0000000000000002,0.9999999999999969,1.0000000000000033,1.000000000000269,0.00026557065429136384,0.00026557065429136384,1.2966813968804245,0,0.0,0.08568215370178223
1,lp,jitter,0.1,1,5,0.003,0.9,1,100,0.007420131309371925,68,3.3333333333333335,0.22260393928115774,0.7420131309371925,0.8244590343746583,0,5,0.0,1.0000000000000002,1.0000000000000002,1.0000000000000007,1.0000000000000162,0.0067886742905363395,0.0067886742905363395,1.2966211917110926,0,0.0,0.05350971221923828
1,lprand,jitter,0.1,1,5,0.003,0.9,1,100,0.007420131309371925,68,3.3333333333333335,0.22260393928115774,0.7420131309371925,0.8244590343746583,0,5,0.0,1.0,1.0000000000000002,1.0000000000000009,1.0000000000000675,0.0035814922166118313,0.0035814922166118313,1.2966467821599001,0,0.0,0.05372309684753418
1,maxentw,jitter,0.1,1,5,0.003,0.9,1,100,0.007420131309371925,68,3.3333333333333335,0.22260393928115774,0.7420131309371925,0.8244590343746583,0,5,2.6819803407183844e-05,1.0000000000000002,0.9999999999999969,1.0000000000000033,1.000000000000269,0.00026557065429136384,0.00026557065429136384,1.2966813968804245,0,0.0,0.08631205558776855
1,minnorm,jitter,0.1,1,7,0.003,0.9,1,100,0.007420131309371925,68,3.3333333333333335,0.22260393928115774,0.7420131309371925,0.8244590343746583,0,7,-0.12318995618118476,1.2463799123623698,0.9999999999999993,1.0999220902349778,1.2463799123623698,0.04342704866231514,0.04342704866231514,1.296872655332248,0,0.0,0.0075151920318603516
1,projgauss,jitter,0.1,1,7,0.003,0.9,1,100,0.007420131309371925,68,3.3333333333333335,0.22260393928115774,0.7420131309371925,0.8244590343746583,0,7,-0.03940321127169255,1.0966814995406469,1.0000000000000007,1.014076950739041,1.0966814995406469,0.013379262378571788,0.013379262378571788,1.2967395451694708,0,0.0,0.008341073989868164
1,spectral,jitter,0.1,1,7,0.003,0.9,1,100,0.007420131309371925,68,3.3333333333333335,0.22260393928115774,0.7420131309371925,0.8244590343746583,0,7,-0.04657810363553158,1.136192150291839,0.9999999999999996,1.000029110501876,1.136192150291839,0.0014198141093511377,0.0014198141093511377,1.2966655020087763,0,0.0,0.01392507553100586
1,spectralg,jitter,0.1,1,7,0.003,0.9,1,100,0.007420131309371925,68,3.3333333333333335,0.22260393928115774,0.7420131309371925,0.8244590343746583,0,7,-0.04657810363553158,1.136192150291839,0.9999999999999996,1.000029110501876,1.136192150291839,0.0014198141093511377,0.0014198141093511377,1.2966655020087763,0,0.0,0.028158903121948242
1,molfe,jitter,0.1,1,7,0.003,0.9,1,100,0.007420131309371925,68,3.3333333333333335,0.22260393928115774,0.7420131309371925,0.8244590343746583,0,7,-0.06612138336311792,1.3055487904205563,1.0482126946849093,45.96932134765794,5.076049094628495e+204,0.19564033408202475,0.19564033408202475,1.353596597963465,0,0.0,0.008262157440185547
1,molrk3,jitter,0.1,1,7,0.003,0.9,1,100,0.007420131309371925,68,3.3333333333333335,0.22260393928115774,0.7420131309371925,0.8244590343746583,0,7,-0.062186965477215805,1.3002240131604172,1.0489014902310243,46.13100701350566,3.680319029753818e+207,0.05937945793066426,0.05937945793066426,1.2970176519118557,0,0.0,0.008654117584228516
1,maxent,jitter,0.1,1,7,0.003,0.9,1,100,0.007420131309371925,68,3.3333333333333335,0.22260393928115774,0.7420131309371925,0.8244590343746583,0,7,1.2625251032463703e-09,1.0000000000000002,1.0000000000000016,1.0000000000000016,1.0000000000000244,3.950309235234428e-05,3.995855427207928e-05,1.2966844878945238,0,0.0,0.10256695747375488
1,lp,jitter,0.1,1,7,0.003,0.9,1,100,0.007420131309371925,68,3.3333333333333335,0.22260393928115774,0.7420131309371925,0.8244590343746583,0,7,0.0,1.0000000000000002,1.000000000000001,1.0000000000000002,1.0000000000000004,0.005507209388351628,0.005507209388351628,1.2966056969934494,0,0.0,0.05140566825866699
1,lprand,jitter,0.1,1,7,0.003,0.9,1,100,0.007420131309371925,68,3.3333333333333335,0.22260393928115774,0.7420131309371925,0.8244590343746583,0,7,0.0,1.0,1.0000000000000018,1.0000000000000009,1.0000000000000115,0.0026132984190178066,0.002892779096774989,1.2966241793165374,0,0.0,0.05096316337585449
1,maxentw,jitter,0.1,1,7,0.003,0.9,1,100,0.007420131309371925,68,3.3333333333333335,0.22260393928115774,0.7420131309371925,0.8244590343746583,0,7,1.2625251032463703e-09,1.0000000000000002,1.0000000000000016,1.0000000000000016,1.0000000000000244,3.950309235234428e-05,3.995855427207928e-05,1.2966844878945238,0,0.0,0.10097312927246094
1,minnorm,jitter,0.25,0,3,0.003,0.9,1,100,0.004109057284667606,122,3.3333333333333335,0.12327171854002816,0.41090572846676054,0.5233900575203676,0,3,-0.14436790100697203,1.288735802013944,1.0000000000000027,1.0042236495220525,1.2887358020139443,0.0019662426003028465,0.0019662426003028465,1.2965268036566462,0,0.0,0.007714033126831055
1,projgauss,jitter,0.25,0,3,0.003,0.9,1,100,0.004109057284667606,122,3.3333333333333335,0.12327171854002816,0.41090572846676054,0.5233900575203676,0,3,-0.14436790100697217,1.2887358020139446,1.0000000000000033,1.0042236495220531,1.2887358020139446,0.0019662426003041024,0.0019662426003041024,1.2965268036566455,0,0.0,0.009258031845092773
1,spectral,jitter,0.25,0,3,0.003,0.9,1,100,0.004109057284667606,122,3.3333333333333335,0.12327171854002816,0.41090572846676054,0.5233900575203676,0,3,-0.14436790100697203,1.288735802013944,1.0000000000000027,1.0042236495220525,1.2887358020139443,0.0019662426003028465,0.0019662426003028465,1.2965268036566462,0,0.0,0.009077072143554688
1,spectralg,jitter,0.25,0,3,0.003,0.9,1,100,0.004109057284667606,122,3.3333333333333335,0.12327171854002816,0.41090572846676054,0.5233900575203676,0,3,-0.14436790100697203,1.288735802013944,1.0000000000000027,1.0042236495220525,1.2887358020139443,0.0019662426003028465,0.0019662426003028465,1.2965268036566462,0,0.0,0.008990049362182617
1,molfe,jitter,0.25,0,3,0.003,0.9,1,100,0.004109057284667606,122,3.3333333333333335,0.12327171854002816,0.41090572846676054,0.5233900575203676,0,3,-0.2868216198452135,1.5736432396904267,1.0000000000000013,1.3293923694651644,1.6745569443400177,0.09834157300327706,0.09834157300327706,1.2982751261574177,0,0.0,0.009341955184936523
1,molrk3,jitter,0.25,0,3,0.003,0.9,1,100,0.004109057284667606,122,3.3333333333333335,0.12327171854002816,0.41090572846676054,0.5233900575203676,0,3,-0.21337622069878098,1.4271867526471396,0.9999999999999998,1.1235080057225706,1.5150977253552598,0.009667430005616501,0.009667430005616501,1.2965727434593388,0,0.0,0.00847482681274414
1,maxent,jitter,0.25,0,3,0.003,0.9,1,100,0.004109057284667606,122,3.3333333333333335,0.12327171854002816,0.41090572846676054,0.5233900575203676,48,3,-0.14436790100697203,1.288735802013944,1.0000000000000022,1.0042236495210248,1.2887358020139443,0.0019662428948694953,0.0019662428948694953,1.2965268036566462,0,0.0,0.862480878829956
1,lp,jitter,0.25,0,3,0.003,0.9,1,100,0.004109057284667606,122,3.3333333333333335,0.12327171854002816,0.41090572846676054,0.5233900575203676,48,3,-0.14436790100697203,1.288735802013944,1.000000000000001,1.004223649522051,1.2887358020139443,0.0019662426003040747,0.0019662426003040747,1.2965268036566462,0,0.0,0.04779982566833496
1,lprand,jitter,0.25,0,3,0.003,0.9,1,100,0.004109057284667606,122,3.3333333333333335,0.12327171854002816,0.41090572846676054,0.5233900575203676,48,3,-0.14436790100697203,1.288735802013944,0.9999999999999992,1.0042236495220507,1.2887358020139443,0.0019662426003040053,0.0019662426003040053,1.2965268036566462,0,0.0,0.04749178886413574
1,maxentw,jitter,0.25,0,3,0.003,0.9,1,100,0.004109057284667606,122,3.3333333333333335,0.12327171854002816,0.41090572846676054,0.5233900575203676,47,5,-0.14436790100697203,1.288735802013944,0.999999999999998,1.0042236495210248,1.2887358020139443,0.0019702305904636995,0.0019702305904636995,1.2965268036566462,0,0.0,3.024420976638794
1,minnorm,jitter,0.25,0,5,0.003,0.9,1,100,0.004109057284667606,122,3.3333333333333335,0.12327171854002816,0.41090572846676054,0.5233900575203676,0,5,-0.15147089723848264,1.326421200768344,1.0000000000000009,1.0428119964762486,1.326421200768344,0.02070333980042019,0.02070333980042019,1.296618644652726,0,0.0,0.008831024169921875
1,projgauss,jitter,0.25,0,5,0.003,0.9,1,100,0.004109057284667606,122,3.3333333333333335,0.12327171854002816,0.41090572846676054,0.5233900575203676,0,5,-0.1244272257180601,1.2780155755268554,0.9999999999999977,1.0197689588380212,1.2780155755268552,0.014236056101108688,0.014236056101108688,1.2965875637710371,0,0.0,0.00965571403503418
1,spectral,jitter,0.25,0,5,0.003,0.9,1,100,0.004109057284667606,122,3.3333333333333335,0.12327171854002816,0.41090572846676054,0.5233900575203676,0,5,-0.23650274623585188,1.8353373356704397,1.000000000000001,1.0004293963460689,1.8353373356704397,0.004716838566794983,0.004716838566794983,1.2964691970467634,0,0.0,0.01520991325378418
1,spectralg,jitter,0.25,0,5,0.003,0.9,1,100,0.004109057284667606,122,3.3333333333333335,0.12327171854002816,0.41090572846676054,0.5233900575203676,0,5,-0.23650274623585188,1.8353373356704397,1.000000000000001,1.0004293963460689,1.8353373356704397,0.004716838566794983,0.004716838566794983,1.2964691970467634,0,0.0,0.02612590789794922
1,molfe,jitter,0.25,0,5,0.003,0.9,1,100,0.004109057284667606,122,3.3333333333333335,0.12327171854002816,0.41090572846676054,0.5233900575203676,0,5,-0.10501642280257432,1.2615871533518186,1.0607799704859355,2675.052219586188,3.9475491721238056e+256,0.16559070301359402,0.16559070301359402,1.2997919232791078,0,0.0,0.009836673736572266
1,molrk3,jitter,0.25,0,5,0.003,0.9,1,100,0.004109057284667606,122,3.3333333333333335,0.12327171854002816,0.41090572846676054,0.5233900575203676,0,5,-0.09953714757013027,1.2531128636354003,1.0626644951686488,3311.706719409991,2.019876258527702e+264,0.1579239696481417,0.1579239696481417,1.2967136408380309,0,0.0,0.008742094039916992
1,maxent,jitter,0.25,0,5,0.003,0.9,1,100,0.004109057284667606,122,3.3333333333333335,0.12327171854002816,0.41090572846676054,0.5233900575203676,47,5,-0.15147089723848264,1.326421200768344,0.999999999999999,1.0139476961438552,1.326421200768344,0.00946977785466441,0.00946977785466441,1.296606817472253,0,0.0,0.9063282012939453
1,lp,jitter,0.25,0,5,0.003,0.9,1,100,0.004109057284667606,122,3.3333333333333335,0.12327171854002816,0.41090572846676054,0.5233900575203676,47,5,-0.15147089723848264,1.326421200768344,0.9999999999999991,1.0123527793866731,1.326421200768344,0.008418477520409955,0.008418477520409955,1.2966046253266479,0,0.0,0.048557281494140625
1,lprand,jitter,0.25,0,5,0.003,0.9,1,100,0.004109057284667606,122,3.3333333333333335,0.12327171854002816,0.41090572846676054,0.5233900575203676,47,5,-0.15147089723848264,1.326421200768344,1.0000000000000024,1.0149054097471821,1.326421200768344,0.009187011475431921,0.009187011475431921,1.2966079237110812,0,0.0,0.048422813415527344
1,maxentw,jitter,0.25,0,5,0.003,0.9,1,100,0.004109057284667606,122,3.3333333333333335,0.12327171854002816,0.41090572846676054,0.5233900575203676,47,5,-0.15147089723848264,1.326421200768344,0.999999999999999,1.0139476961438552,1.326421200768344,0.00946977785466441,0.00946977785466441,1.296606817472253,0,0.0,3.0411157608032227
1,minnorm,jitter,0.25,0,7,0.003,0.9,1,100,0.004109057284667606,122,3.3333333333333335,0.12327171854002816,0.41090572846676054,0.5233900575203676,0,7,-0.13956863814163045,1.3856778641900196,0.9999999999999976,1.1291283751735457,1.3856778641900196,0.051216115730891146,0.051216115730891146,1.2967225584018962,0,0.0,0.008049964904785156
1,projgauss,jitter,0.25,0,7,0.003,0.9,1,100,0.004109057284667606,122,3.3333333333333335,0.12327171854002816,0.41090572846676054,0.5233900575203676,0,7,-0.0681723016114807,1.2491363610981556,0.9999999999999996,1.037156207369568,1.2491363610981556,0.02002240398733507,0.02002240398733507,1.2965914811866321,0,0.0,0.00886392593383789
1,spectral,jitter,0.25,0,7,0.003,0.9,1,100,0.004109057284667606,122,3.3333333333333335,0.12327171854002816,0.41090572846676054,0.5233900575203676,0,7,-0.3794357125304777,2.122210424092437,0.9999999999999992,1.0159433962078215,2.1222104240924367,0.011365187850098966,0.011365187850098966,1.2965941763825732,0,0.0,0.014088869094848633
1,spectralg,jitter,0.25,0,7,0.003,0.9,1,100,0.004109057284667606,122,3.3333333333333335,0.12327171854002816,0.41090572846676054,0.5233900575203676,0,7,-0.3794357125304777,2.122210424092437,0.9999999999999992,1.0159433962078215,2.1222104240924367,0.011365187850098966,0.011365187850098966,1.2965941763825732,0,0.0,0.029324054718017578
1,molfe,jitter,0.25,0,7,0.003,0.9,1,100,0.004109057284667606,122,3.3333333333333335,0.12327171854002816,0.41090572846676054,0.5233900575203676,0,7,-0.043144699340652154,1.1815227676804603,1.0257420432089457,57.94983344422494,7.039505238440778e+110,0.11484489104645856,0.11484489104645856,1.298551274029166,0,0.0,0.008668899536132812
1,molrk3,jitter,0.25,0,7,0.003,0.9,1,100,0.004109057284667606,122,3.3333333333333335,0.12327171854002816,0.41090572846676054,0.5233900575203676,0,7,-0.042036239251128926,1.178490793099484,1.0260198023193596,59.05761611116191,1.1026780833278778e+112,0.06054225613807774,0.06054225613807774,1.2968862994198507,0,0.0,0.00827336311340332
1,maxent,jitter,0.25,0,7,0.003,0.9,1,100,0.004109057284667606,122,3.3333333333333335,0.12327171854002816,0.41090572846676054,0.5233900575203676,47,7,-0.13956863814163045,1.3856778641900196,0.9999999999999989,1.0512678306375691,1.3856778641900196,0.01857644006035575,0.01857644006035575,1.2966659748050207,0,0.0,0.829118013381958
1,lp,jitter,0.25,0,7,0.003,0.9,1,100,0.004109057284667606,122,3.3333333333333335,0.12327171854002816,0.41090572846676054,0.5233900575203676,47,7,-0.13956863814163045,1.3856778641900196,1.0000000000000013,1.052278002346982,1.3856778641900196,0.018323096173826856,0.018323096173826856,1.2966625671161518,0,0.0,0.047514915466308594
1,lprand,jitter,0.25,0,7,0.003,0.9,1,100,0.004109057284667606,122,3.3333333333333335,0.12327171854002816,0.41090572846676054,0.5233900575203676,47,7,-0.13956863814163045,1.3856778641900196,1.0000000000000009,1.0535767727153795,1.3856778641900196,0.018811679733271747,0.018811679733271747,1.2966701620521506,0,0.0,0.04882502555847168
1,maxentw,jitter,0.25,0,7,0.003,0.9,1,100,0.004109057284667606,122,3.3333333333333335,0.12327171854002816,0.41090572846676054,0.5233900575203676,47,7,-0.13956863814163045,1.3856778641900196,0.9999999999999989,1.0512678306375691,1.3856778641900196,0.01857644006035575,0.01857644006035575,1.2966659748050207,0,0.0,2.9739151000976562
1,minnorm,jitter,0.25,1,3,0.003,0.9,1,100,0.004723299198038042,106,3.3333333333333335,0.14169897594114125,0.4723299198038042,0.5611475859366555,0,3,-0.1874616148102719,1.374923229620544,1.0000000000000033,1.0003192819501716,1.374923229620544,0.0005679610660411782,0.0005730897302546611,1.2955750164204107,0,0.0,0.008498907089233398
1,projgauss,jitter,0.25,1,3,0.003,0.9,1,100,0.004723299198038042,106,3.3333333333333335,0.14169897594114125,0.4723299198038042,0.5611475859366555,0,3,-0.18746161481027207,1.3749232296205447,1.000000000000002,1.000319281950164,1.3749232296205447,0.0005679610660458412,0.0005730897302590465,1.2955750164204087,0,0.0,0.009836912155151367
1,spectral,jitter,0.25,1,3,0.003,0.9,1,100,0.004723299198038042,106,3.3333333333333335,0.14169897594114125,0.4723299198038042,0.5611475859366555,0,3,-0.1874616148102719,1.374923229620544,1.0000000000000033,1.0003192819501716,1.374923229620544,0.0005679610660411782,0.0005730897302546611,1.2955750164204107,0,0.0,0.009462118148803711
1,spectralg,jitter,0.25,1,3,0.003,0.9,1,100,0.004723299198038042,106,3.3333333333333335,0.14169897594114125,0.4723299198038042,0.5611475859366555,0,3,-0.1874616148102719,1.374923229620544,1.0000000000000033,1.0003192819501716,1.374923229620544,0.0005679610660411782,0.0005730897302546611,1.2955750164204107,0,0.0,0.00902104377746582
1,molfe,jitter,0.25,1,3,0.003,0.9,1,100,0.004723299198038042,106,3.3333333333333335,0.14169897594114125,0.4723299198038042,0.5611475859366555,0,3,-0.28278003104175575,1.5655600620835113,1.0000000000000004,1.3471550682057474,1.6277331979865504,0.11390324947339758,0.11390324947339758,1.2978721854749382,0,0.0,0.00966501235961914
1,molrk3,jitter,0.25,1,3,0.003,0.9,1,100,0.004723299198038042,106,3.3333333333333335,0.14169897594114125,0.4723299198038042,0.5611475859366555,0,3,-0.1982211795993578,1.3965105557545137,1.0000000000000009,1.0897374364917989,1.4114711735413663,0.009647465714367781,0.009647465714367781,1.2955128281438946,0,0.0,0.008200883865356445
1,maxent,jitter,0.25,1,3,0.003,0.9,1,100,0.004723299198038042,106,3.3333333333333335,0.14169897594114125,0.4723299198038042,0.5611475859366555,44,3,-0.1874616148102719,1.374923229620544,0.9999999999999997,1.0003192819501656,1.374923229620544,0.0005679610660594969,0.0005730897302731464,1.2955750164204107,0,0.0,0.686600923538208
1,lp,jitter,0.25,1,3,0.003,0.9,1,100,0.004723299198038042,106,3.3333333333333335,0.14169897594114125,0.4723299198038042,0.5611475859366555,44,3,-0.1874616148102719,1.374923229620544,1.000000000000003,1.0003192819501654,1.374923229620544,0.0005679610660436207,0.0005730897302567706,1.2955750164204107,0,0.0,0.05002021789550781
1,lprand,jitter,0.25,1,3,0.003,0.9,1,100,0.004723299198038042,106,3.3333333333333335,0.14169897594114125,0.4723299198038042,0.5611475859366555,44,3,-0.1874616148102719,1.374923229620544,1.000000000000003,1.0003192819501654,1.374923229620544,0.0005679610660436207,0.0005730897302567706,1.2955750164204107,0,0.0,0.04869198799133301
1,maxentw,jitter,0.25,1,3,0.003,0.9,1,100,0.004723299198038042,106,3.3333333333333335,0.14169897594114125,0.4723299198038042,0.5611475859366555,40,5,-0.1097135194086794,1.2194270388173583,1.0000000000000004,1.0001751831037775,1.2194270388173583,0.0007126563344796652,0.000723766122277314,1.2955750164204107,0,0.0,2.5226030349731445
1,minnorm,jitter,0.25,1,5,0.003,0.9,1,100,0.004723299198038042,106,3.3333333333333335,0.14169897594114125,0.4723299198038042,0.5611475859366555,0,5,-0.13748302855093167,1.2883058289201346,0.9999999999999991,1.0362018860540376,1.2883058289201346,0.01940350640499405,0.01940350640499405,1.2953950834372554,0,0.0,0.007590055465698242
1,projgauss,jitter,0.25,1,5,0.003,0.9,1,100,0.004723299198038042,106,3.3333333333333335,0.14169897594114125,0.4723299198038042,0.5611475859366555,0,5,-0.10951999117067342,1.2535516957674284,1.000000000000002,1.0145636041283788,1.2535516957674284,0.013132599274007246,0.013132599274007246,1.2954551894064639,0,0.0,0.008372783660888672
1,spectral,jitter,0.25,1,5,0.003,0.9,1,100,0.004723299198038042,106,3.3333333333333335,0.14169897594114125,0.4723299198038042,0.5611475859366555,0,5,-0.22983143509060933,1.7916443410703589,0.9999999999999988,1.0003155311714529,1.7916443410703589,0.0036090535140409982,0.0036090535140409982,1.2956269168731973,0,0.0,0.014724969863891602
1,spectralg,jitter,0.25,1,5,0.003,0.9,1,100,0.004723299198038042,106,3.3333333333333335,0.14169897594114125,0.4723299198038042,0.5611475859366555,0,5,-0.22983143509060933,1.7916443410703589,0.9999999999999988,1.0003155311714529,1.7916443410703589,0.0036090535140409982,0.0036090535140409982,1.2956269168731973,0,0.0,0.02507495880126953
1,molfe,jitter,0.25,1,5,0.003,0.9,1,100,0.004723299198038042,106,3.3333333333333335,0.14169897594114125,0.4723299198038042,0.5611475859366555,0,5,-0.11789057434219503,1.2934663553058585,1.0706884152245724,3597.1368136793835,9.104182264740478e+296,0.22442403682526346,0.22442403682526346,1.341800344210345,0,0.0,0.008388042449951172
1,molrk3,jitter,0.25,1,5,0.003,0.9,1,100,0.004723299198038042,106,3.3333333333333335,0.14169897594114125,0.4723299198038042,0.5611475859366555,0,5,-0.11015670250617644,1.283019407480507,1.0732457111734401,4587.608015553553,2.094563580147345e+307,0.12482321737777813,0.12482321737777813,1.2955040427465985,0,0.0,0.008501052856445312
1,maxent,jitter,0.25,1,5,0.003,0.9,1,100,0.004723299198038042,106,3.3333333333333335,0.14169897594114125,0.4723299198038042,0.5611475859366555,40,5,-0.13748302855093167,1.2883058289201346,0.9999999999999986,1.0115848528042832,1.2883058289201346,0.008793091609544012,0.008793091609544012,1.295450660061875,0,0.0,0.6864809989929199
1,lp,jitter,0.25,1,5,0.003,0.9,1,100,0.004723299198038042,106,3.3333333333333335,0.14169897594114125,0.4723299198038042,0.5611475859366555,40,5,-0.13748302855093167,1.2883058289201346,1.0000000000000007,1.0102994865791808,1.2883058289201346,0.007104781954639421,0.007104781954639421,1.2954630689910285,0,0.0,0.04735612869262695
1,lprand,jitter,0.25,1,5,0.003,0.9,1,100,0.004723299198038042,106,3.3333333333333335,0.14169897594114125,0.4723299198038042,0.5611475859366555,40,5,-0.13748302855093167,1.2883058289201346,0.9999999999999991,1.0128122765359209,1.2883058289201346,0.008400347405537766,0.008400347405537766,1.295451015245944,0,0.0,0.04874706268310547
1,maxentw,jitter,0.25,1,5,0.003,0.9,1,100,0.004723299198038042,106,3.3333333333333335,0.14169897594114125,0.4723299198038042,0.5611475859366555,40,5,-0.13748302855093167,1.2883058289201346,0.9999999999999986,1.0115848528042832,1.2883058289201346,0.008793091609544012,0.008793091609544012,1.295450660061875,0,0.0,2.5248851776123047
1,minnorm,jitter,0.25,1,7,0.003,0.9,1,100,0.004723299198038042,106,3.3333333333333335,0.14169897594114125,0.4723299198038042,0.5611475859366555,0,7,-0.1363970119399455,1.3577411212874366,0.9999999999999998,1.1221122627703948,1.3577411212874368,0.05025578714008884,0.05025578714008884,1.295649042567942,0,0.0,0.007471799850463867
1,projgauss,jitter,0.25,1,7,0.003,0.9,1,100,0.004723299198038042,106,3.3333333333333335,0.14169897594114125,0.4723299198038042,0.5611475859366555,0,7,-0.06732615169862102,1.2034762428075612,0.9999999999999981,1.0331458738660655,1.2034762428075612,0.018955833339973804,0.018955833339973804,1.295404922737135,0,0.0,0.008504152297973633
1,spectral,jitter,0.25,1,7,0.003,0.9,1,100,0.004723299198038042,106,3.3333333333333335,0.14169897594114125,0.4723299198038042,0.5611475859366555,0,7,-0.26598470738337043,1.9554524409808272,1.0000000000000016,1.0115806580515,1.9554524409808272,0.009338483645675001,0.009338483645675001,1.2954987347759772,0,0.0,0.01485896110534668
1,spectralg,jitter,0.25,1,7,0.003,0.9,1,100,0.004723299198038042,106,3.3333333333333335,0.14169897594114125,0.4723299198038042,0.5611475859366555,0,7,-0.26598470738337043,1.9554524409808272,1.0000000000000016,1.0115806580515,1.9554524409808272,0.009338483645675001,0.009338483645675001,1.2954987347759772,0,0.0,0.028578758239746094
1,molfe,jitter,0.25,1,7,0.003,0.9,1,100,0.004723299198038042,106,3.3333333333333335,0.14169897594114125,0.4723299198038042,0.5611475859366555,0,7,-0.054573917843149494,1.2082461667384155,1.028478177697448,49.85495087370491,2.1218894723250032e+122,0.12853025301583865,0.12853025301583865,1.2985314334484537,0,0.0,0.007938146591186523
1,molrk3,jitter,0.25,1,7,0.003,0.9,1,100,0.004723299198038042,106,3.3333333333333335,0.14169897594114125,0.4723299198038042,0.5611475859366555,0,7,-0.05276297314042157,1.207430000101434,1.0286785175220055,50.25693767601317,1.5708753273353096e+123,0.05921835517553782,0.05921835517553782,1.2957141449891156,0,0.0,0.00830984115600586
1,maxent,jitter,0.25,1,7,0.003,0.9,1,100,0.004723299198038042,106,3.3333333333333335,0.14169897594114125,0.4723299198038042,0.5611475859366555,40,7,-0.13300685607468868,1.3577411212874366,0.9999999999999986,1.0464579694023957,1.3577411212874368,0.01742963709350387,0.01742963709350387,1.2953249410463616,0,0.0,0.8174102306365967
1,lp,jitter,0.25,1,7,0.003,0.9,1,100,0.004723299198038042,106,3.3333333333333335,0.14169897594114125,0.4723299198038042,0.5611475859366555,40,7,-0.13300685607468868,1.3577411212874366,0.9999999999999987,1.0463891514562336,1.3577411212874368,0.017228794147724852,0.017228794147724852,1.2953307420802616,0,0.0,0.0494840145111084
1,lprand,jitter,0.25,1,7,0.003,0.9,1,100,0.004723299198038042,106,3.3333333333333335,0.14169897594114125,0.4723299198038042,0.5611475859366555,40,7,-0.13300685607468868,1.3577411212874366,1.0000000000000002,1.0476950969538779,1.3577411212874368,0.01746664283171251,0.01746664283171251,1.2952980788195112,0,0.0,0.04880189895629883
1,maxentw,jitter,0.25,1,7,0.003,0.9,1,100,0.004723299198038042,106,3.3333333333333335,0.14169897594114125,0.4723299198038042,0.5611475859366555,40,7,-0.13300685607468868,1.3577411212874366,0.9999999999999986,1.0464579694023957,1.3577411212874368,0.01742963709350387,0.01742963709350387,1.2953249410463616,0,0.0,2.6637041568756104
1,minnorm,jitter,0.45,0,3,0.003,0.9,1,100,0.00030289511744309243,1651,3.3333333333333335,0.009086853523292773,0.030289511744309244,0.14210210353664543,0,3,-0.3720005542598258,1.7440011085196518,1.0000236489446013,64766.81937715787,3713259.2791986284,15.069591125846618,15.069591125846618,15.261128084838647,1,0.0,0.012515783309936523
1,projgauss,jitter,0.45,0,3,0.003,0.9,1,100,0.00030289511744309243,1651,3.3333333333333335,0.009086853523292773,0.030289511744309244,0.14210210353664543,0,3,-0.37200055425982664,1.7440011085196534,1.0000236554628765,64766.819339839734,3712196.4175018016,15.069591126438585,15.069591126438585,15.261128085430615,1,0.0,0.013552188873291016
1,spectral,jitter,0.45,0,3,0.003,0.9,1,100,0.00030289511744309243,1651,3.3333333333333335,0.009086853523292773,0.030289511744309244,0.14210210353664543,0,3,-0.3720005542598258,1.7440011085196518,1.0000236489446013,64766.81937715787,3713259.2791986284,15.069591125846618,15.069591125846618,15.261128084838647,1,0.0,0.011267900466918945
1,spectralg,jitter,0.45,0,3,0.003,0.9,1,100,0.00030289511744309243,1651,3.3333333333333335,0.009086853523292773,0.030289511744309244,0.14210210353664543,0,3,-0.3720005542598258,1.7440011085196518,1.0000236489446013,64766.81937715787,3713259.2791986284,15.069591125846618,15.069591125846618,15.261128084838647,1,0.0,0.01148533821105957
1,molfe,jitter,0.45,0,3,0.003,0.9,1,100,0.00030289511744309243,1651,3.3333333333333335,0.009086853523292773,0.030289511744309244,0.14210210353664543,0,3,-0.36577131761223974,1.7315426352244796,1.0000373782281737,72420.64138012228,4249308.911422676,15.061792975893846,15.061792975893846,15.253329934885876,1,0.0,0.012593984603881836
1,molrk3,jitter,0.45,0,3,0.003,0.9,1,100,0.00030289511744309243,1651,3.3333333333333335,0.009086853523292773,0.030289511744309244,0.14210210353664543,0,3,-0.3720005542598256,1.7440011085196514,1.000037376957827,72497.11809803554,4249233.04093574,15.069591125899882,15.069591125899882,15.261128084891912,1,0.0,0.011652231216430664
1,maxent,jitter,0.45,0,3,0.003,0.9,1,100,0.00030289511744309243,1651,3.3333333333333335,0.009086853523292773,0.030289511744309244,0.14210210353664543,83,3,-0.3720005542598258,1.7440011085196518,1.0000240728401757,64766.81930318593,3712390.6168898256,15.06959112591859,15.06959112591859,15.26112808491062,1,0.0,1.3371100425720215
1,lp,jitter,0.45,0,3,0.003,0.9,1,100,0.00030289511744309243,1651,3.3333333333333335,0.009086853523292773,0.030289511744309244,0.14210210353664543,83,3,-0.3720005542598258,1.7440011085196518,1.0000236550890207,64766.81917457335,3712871.861025059,15.069591125221523,15.069591125221523,15.261128084213553,1,0.0,0.050299882888793945
1,lprand,jitter,0.45,0,3,0.003,0.9,1,100,0.00030289511744309243,1651,3.3333333333333335,0.009086853523292773,0.030289511744309244,0.14210210353664543,83,3,-0.3720005542598258,1.7440011085196518,1.0000236550890207,64766.81917457335,3712871.861025059,15.069591125221523,15.069591125221523,15.261128084213553,1,0.0,0.0497891902923584
1,maxentw,jitter,0.45,0,3,0.003,0.9,1,100,0.00030289511744309243,1651,3.3333333333333335,0.009086853523292773,0.030289511744309244,0.14210210353664543,83,3,-0.3720005542598258,1.7440011085196518,1.0000240728401757,64766.81930318593,3712390.6168898256,15.06959112591859,15.06959112591859,15.26112808491062,1,0.0,5.166583776473999
1,minnorm,jitter,0.45,0,5,0.003,0.9,1,100,0.00030289511744309243,1651,3.3333333333333335,0.009086853523292773,0.030289511744309244,0.14210210353664543,0,5,-0.1955784995214719,1.5717940666605856,0.9999999999999969,1.204910118080039,1.5717940666605854,0.03909779379202516,0.03909779379202516,1.2959379678365703,0,0.0,0.010250091552734375
1,projgauss,jitter,0.45,0,5,0.003,0.9,1,100,0.00030289511744309243,1651,3.3333333333333335,0.009086853523292773,0.030289511744309244,0.14210210353664543,0,5,-0.16252768791534833,1.4955924869128963,0.9999999999999996,1.1453275136330459,1.4955924869128963,0.03009664028853576,0.030260680907129744,1.2959114538913612,0,0.0,0.013592958450317383
1,spectral,jitter,0.45,0,5,0.003,0.9,1,100,0.00030289511744309243,1651,3.3333333333333335,0.009086853523292773,0.030289511744309244,0.14210210353664543,0,5,-0.1275674170295466,1.3169699782420468,0.9999999999999989,1.4033615179388097,4.3171182793722025,0.012299308665402992,0.012299308665402992,1.2957534961563884,0,0.0,0.01822829246520996
1,spectralg,jitter,0.45,0,5,0.003,0.9,1,100,0.00030289511744309243,1651,3.3333333333333335,0.009086853523292773,0.030289511744309244,0.14210210353664543,0,5,-0.1275674170295466,1.3107761830750313,1.0000000000000016,1.3374008350256832,3.7960052347909685,0.011227507665426462,0.011227507665426462,1.295753515790649,0,0.0,0.036341190338134766
1,molfe,jitter,0.45,0,5,0.003,0.9,1,100,0.00030289511744309243,1651,3.3333333333333335,0.009086853523292773,0.030289511744309244,0.14210210353664543,0,5,-0.015122848496636743,1.0440008199818427,1.0037869529408163,1314.3593306925193,6.597969519548898e+16,0.34239296749860576,0.34239296749860576,1.3512855784957585,0,0.0,0.011260747909545898
1,molrk3,jitter,0.45,0,5,0.003,0.9,1,100,0.00030289511744309243,1651,3.3333333333333335,0.009086853523292773,0.030289511744309244,0.14210210353664543,0,5,-0.015074091992718468,1.0438362684740756,1.0037941324985504,1329.781342906981,7.08717216867156e+16,0.34462029612437123,0.34462029612437123,1.3483489363593064,0,0.0,0.012896060943603516
1,maxent,jitter,0.45,0,5,0.003,0.9,1,100,0.00030289511744309243,1651,3.3333333333333335,0.009086853523292773,0.030289511744309244,0.14210210353664543,83,5,-0.1955784995214719,1.5717940666605856,1.0000000000000027,1.1765694191368596,1.5717940666605854,0.02709060931430829,0.02709060931430829,1.2959504347505875,0,0.0,1.4012541770935059
1,lp,jitter,0.45,0,5,0.003,0.9,1,100,0.00030289511744309243,1651,3.3333333333333335,0.009086853523292773,0.030289511744309244,0.14210210353664543,83,5,-0.1955784995214719,1.5717940666605856,0.9999999999999987,1.1763482729096721,1.5717940666605854,0.026768804866470153,0.026768804866470153,1.2959527688613335,0,0.0,0.052278995513916016
1,lprand,jitter,0.45,0,5,0.003,0.9,1,100,0.00030289511744309243,1651,3.3333333333333335,0.009086853523292773,0.030289511744309244,0.14210210353664543,83,5,-0.1955784995214719,1.5717940666605856,1.0000000000000002,1.1764363836558818,1.5717940666605854,0.027082301365390915,0.027082301365390915,1.2959499784304707,0,0.0,0.05105113983154297
1,maxentw,jitter,0.45,0,5,0.003,0.9,1,100,0.00030289511744309243,1651,3.3333333333333335,0.009086853523292773,0.030289511744309244,0.14210210353664543,83,5,-0.1955784995214719,1.5717940666605856,1.0000000000000027,1.1765694191368596,1.5717940666605854,0.02709060931430829,0.02709060931430829,1.2959504347505875,0,0.0,5.236142873764038
1,minnorm,jitter,0.45,0,7,0.003,0.9,1,100,0.00030289511744309243,1651,3.3333333333333335,0.009086853523292773,0.030289511744309244,0.14210210353664543,0,7,-0.18571704140152603,1.5227264650649202,1.0000000000000004,1.2433908197035515,1.5227264650649202,0.12907507455685274,0.12907507455685274,1.2953281626786604,0,0.0,0.010297775268554688
1,projgauss,jitter,0.45,0,7,0.003,0.9,1,100,0.00030289511744309243,1651,3.3333333333333335,0.009086853523292773,0.030289511744309244,0.14210210353664543,0,7,-0.10548003629775314,1.3446823738438705,0.999999999999998,1.1879649338197067,1.3448631795035733,0.06165470017403829,0.06165470017403829,1.295352657984912,0,0.0,0.013602018356323242
1,spectral,jitter,0.45,0,7,0.003,0.9,1,100,0.00030289511744309243,1651,3.3333333333333335,0.009086853523292773,0.030289511744309244,0.14210210353664543,0,7,-0.18050727183406554,1.51594805216927,0.9999999999999999,1.6508686849708014,4.651198590247178,0.03057317887528166,0.03100188814522878,1.2962935283013597,0,0.0,0.017304182052612305
1,spectralg,jitter,0.45,0,7,0.003,0.9,1,100,0.00030289511744309243,1651,3.3333333333333335,0.009086853523292773,0.030289511744309244,0.14210210353664543,0,7,-0.18050727183406554,1.51594805216927,1.0000000000000007,1.6190977334897894,4.651199535959409,0.031225048169356506,0.03166585784377704,1.2962936402308192,0,0.0,0.0474247932434082
1,molfe,jitter,0.45,0,7,0.003,0.9,1,100,0.00030289511744309243,1651,3.3333333333333335,0.009086853523292773,0.030289511744309244,0.14210210353664543,0,7,-0.0065375496492767774,1.0191378009612668,1.0011809389745998,88.496489557164,3924545.0927882656,0.0594141411447478,0.059904667580336315,1.2965528833909752,0,0.0,0.010882854461669922
1,molrk3,jitter,0.45,0,7,0.003,0.9,1,100,0.00030289511744309243,1651,3.3333333333333335,0.009086853523292773,0.030289511744309244,0.14210210353664543,0,7,-0.006530112857879623,1.019118760483925,1.001176488456231,88.56168178579411,3803900.12506083,0.06070367115071623,0.0607075031545837,1.2964057325007945,0,0.0,0.011939287185668945
1,maxent,jitter,0.45,0,7,0.003,0.9,1,100,0.00030289511744309243,1651,3.3333333333333335,0.009086853523292773,0.030289511744309244,0.14210210353664543,83,7,-0.18571704140152603,1.5227264650649202,0.9999999999999998,1.3692482465693216,1.7347186890442325,0.06025229879727756,0.061535449457047475,1.2952994363134087,0,0.0,1.3968501091003418
1,lp,jitter,0.45,0,7,0.003,0.9,1,100,0.00030289511744309243,1651,3.3333333333333335,0.009086853523292773,0.030289511744309244,0.14210210353664543,83,7,-0.18571704140152603,1.5227264650649202,0.9999999999999998,1.3659840411866537,1.7376958381625567,0.05941688237841691,0.06097944926000343,1.2953055546968844,0,0.0,0.05200695991516113
1,lprand,jitter,0.45,0,7,0.003,0.9,1,100,0.00030289511744309243,1651,3.3333333333333335,0.009086853523292773,0.030289511744309244,0.14210210353664543,83,7,-0.18571704140152603,1.5227264650649202,1.0000000000000009,1.3685977607330315,1.738867771204002,0.05673853725203348,0.05886286885682401,1.2953299000465286,0,0.0,0.05233001708984375
1,maxentw,jitter,0.45,0,7,0.003,0.9,1,100,0.00030289511744309243,1651,3.3333333333333335,0.009086853523292773,0.030289511744309244,0.14210210353664543,83,7,-0.18571704140152603,1.5227264650649202,0.9999999999999998,1.3692482465693216,1.7347186890442325,0.06025229879727756,0.061535449457047475,1.2952994363134087,0,0.0,5.205172061920166
1,minnorm,jitter,0.45,1,3,0.003,0.9,1,100,0.0006619136891797146,756,3.3333333333333335,0.019857410675391436,0.06619136891797145,0.21006565468597582,0,3,-0.3318637463165047,1.6637274926330103,1.0024804287005613,19978.37210976057,292694441865308.4,14.926345244998418,14.926345244998418,15.146484679600766,1,0.0,0.009942054748535156
1,projgauss,jitter,0.45,1,3,0.003,0.9,1,100,0.0006619136891797146,756,3.3333333333333335,0.019857410675391436,0.06619136891797145,0.21006565468597582,0,3,-0.3318637463165052,1.6637274926330106,1.0024804287000197,19978.372110130542,292694812698911.4,14.92634524535325,14.92634524535325,15.146484679955599,1,0.0,0.00947117805480957
1,spectral,jitter,0.45,1,3,0.003,0.9,1,100,0.0006619136891797146,756,3.3333333333333335,0.019857410675391436,0.06619136891797145,0.21006565468597582,0,3,-0.3318637463165047,1.6637274926330103,1.0024804287005613,19978.37210976057,292694441865308.4,14.926345244998418,14.926345244998418,15.146484679600766,1,0.0,0.01059103012084961
1,spectralg,jitter,0.45,1,3,0.003,0.9,1,100,0.0006619136891797146,756,3.3333333333333335,0.019857410675391436,0.06619136891797145,0.21006565468597582,0,3,-0.3318637463165047,1.6637274926330103,1.0024804287005613,19978.37210976057,292694441865308.4,14.926345244998418,14.926345244998418,15.146484679600766,1,0.0,0.010983943939208984
1,molfe,jitter,0.45,1,3,0.003,0.9,1,100,0.0006619136891797146,756,3.3333333333333335,0.019857410675391436,0.06619136891797145,0.21006565468597582,0,3,-0.32028741904792096,1.640574838095842,1.001256754627236,20479.374841875946,4159289332.4641232,14.899535301651678,14.899535301651678,15.119674736254026,1,0.0,0.010163068771362305
1,molrk3,jitter,0.45,1,3,0.003,0.9,1,100,0.0006619136891797146,756,3.3333333333333335,0.019857410675391436,0.06619136891797145,0.21006565468597582,0,3,-0.3318637463165055,1.6637274926330112,1.001255985003664,20506.65059366088,4124680742.6925993,14.917028027226102,14.917028027226102,15.13716746182845,1,0.0,0.010790109634399414
1,maxent,jitter,0.45,1,3,0.003,0.9,1,100,0.0006619136891797146,756,3.3333333333333335,0.019857410675391436,0.06619136891797145,0.21006565468597582,76,3,-0.3318637463165047,1.6637274926330103,1.0024804286993618,19978.37210078759,292694314831254.06,14.926345244963107,14.926345244963107,15.146484679565456,1,0.0,1.2089519500732422
1,lp,jitter,0.45,1,3,0.003,0.9,1,100,0.0006619136891797146,756,3.3333333333333335,0.019857410675391436,0.06619136891797145,0.21006565468597582,76,3,-0.3318637463165047,1.6637274926330103,1.0024804287000684,19978.372102468435,292694550413671.8,14.926345245011893,14.926345245011893,15.146484679614241,1,0.0,0.047666311264038086
1,lprand,jitter,0.45,1,3,0.003,0.9,1,100,0.0006619136891797146,756,3.3333333333333335,0.019857410675391436,0.06619136891797145,0.21006565468597582,76,3,-0.3318637463165047,1.6637274926330103,1.0024804287000684,19978.372102468435,292694550413671.8,14.926345245011893,14.926345245011893,15.146484679614241,1,0.0,0.04836869239807129
1,maxentw,jitter,0.45,1,3,0.003,0.9,1,100,0.0006619136891797146,756,3.3333333333333335,0.019857410675391436,0.06619136891797145,0.21006565468597582,76,3,-0.3318637463165047,1.6637274926330103,1.0024804286993618,19978.37210078759,292694314831254.06,14.926345244963107,14.926345244963107,15.146484679565456,1,0.0,4.700638055801392
1,minnorm,jitter,0.45,1,5,0.003,0.9,1,100,0.0006619136891797146,756,3.3333333333333335,0.019857410675391436,0.06619136891797145,0.21006565468597582,0,5,-0.185618437851006,1.5159688296495333,1.0000000000000033,1.2427291374447806,1.5340953757398268,0.041359746349345985,0.041359746349345985,1.2951836919467903,0,0.0,0.009335041046142578
1,projgauss,jitter,0.45,1,5,0.003,0.9,1,100,0.0006619136891797146,756,3.3333333333333335,0.019857410675391436,0.06619136891797145,0.21006565468597582,0,5,-0.1686216509867564,1.437533781278873,1.0000000000000002,1.1744619502517335,1.4413347881584038,0.03373657275786485,0.03376285345213825,1.2952588761281791,0,0.0,0.010210037231445312
1,spectral,jitter,0.45,1,5,0.003,0.9,1,100,0.0006619136891797146,756,3.3333333333333335,0.019857410675391436,0.06619136891797145,0.21006565468597582,0,5,-0.22772644443605466,1.5365863437611715,0.9999999999999981,1.1638559079737982,3.813748729317988,0.01096768198561382,0.010981115943390463,1.2958310525517143,0,0.0,0.01437687873840332
1,spectralg,jitter,0.45,1,5,0.003,0.9,1,100,0.0006619136891797146,756,3.3333333333333335,0.019857410675391436,0.06619136891797145,0.21006565468597582,0,5,-0.22772644443605466,1.5307766375404064,1.0,1.1335491305894825,3.7196242930431733,0.010669368644430799,0.010683732029565185,1.2958313849155776,0,0.0,0.03232216835021973
1,molfe,jitter,0.45,1,5,0.003,0.9,1,100,0.0006619136891797146,756,3.3333333333333335,0.019857410675391436,0.06619136891797145,0.21006565468597582,0,5,-0.032435899184908544,1.0887423744137217,1.0060448312307912,1529.9111181458263,2.3891540035531135e+27,0.3534983201674462,0.3534983201674462,1.2958400404303596,0,0.0,0.010048151016235352
1,molrk3,jitter,0.45,1,5,0.003,0.9,1,100,0.0006619136891797146,756,3.3333333333333335,0.019857410675391436,0.06619136891797145,0.21006565468597582,0,5,-0.03228903687664727,1.087989604841971,1.0060631380361058,1552.6446975831207,2.86573730834602e+27,0.3576531676560408,0.3576531676560408,1.2955047430046664,0,0.0,0.009776115417480469
1,maxent,jitter,0.45,1,5,0.003,0.9,1,100,0.0006619136891797146,756,3.3333333333333335,0.019857410675391436,0.06619136891797145,0.21006565468597582,76,5,-0.185618437851006,1.5159688296495333,1.0000000000000038,1.655749961827804,2.4079027591824875,0.024613141669271754,0.02464710730532027,1.2950569222725155,0,0.0,1.2856903076171875
1,lp,jitter,0.45,1,5,0.003,0.9,1,100,0.0006619136891797146,756,3.3333333333333335,0.019857410675391436,0.06619136891797145,0.21006565468597582,76,5,-0.185618437851006,1.5159688296495333,1.000000000000001,1.7004990873433747,2.512338372672134,0.02437383511190827,0.024416012115818064,1.2950550118511548,0,0.0,0.050482988357543945
1,lprand,jitter,0.45,1,5,0.003,0.9,1,100,0.0006619136891797146,756,3.3333333333333335,0.019857410675391436,0.06619136891797145,0.21006565468597582,76,5,-0.185618437851006,1.5159688296495333,0.9999999999999988,1.704435481798086,2.4973638938203333,0.02462522725612376,0.024667730965311052,1.2950569118017792,0,0.0,0.04906105995178223
1,maxentw,jitter,0.45,1,5,0.003,0.9,1,100,0.0006619136891797146,756,3.3333333333333335,0.019857410675391436,0.06619136891797145,0.21006565468597582,76,5,-0.185618437851006,1.5159688296495333,1.0000000000000038,1.655749961827804,2.4079027591824875,0.024613141669271754,0.02464710730532027,1.2950569222725155,0,0.0,4.756462812423706
1,minnorm,jitter,0.45,1,7,0.003,0.9,1,100,0.0006619136891797146,756,3.3333333333333335,0.019857410675391436,0.06619136891797145,0.21006565468597582,0,7,-0.16168264565411702,1.5182418023681041,1.0000000000000049,1.1760971031808496,1.5182418023681041,0.08529698423453314,0.08529698423453314,1.2939033050895976,0,0.0,0.010189056396484375
1,projgauss,jitter,0.45,1,7,0.003,0.9,1,100,0.0006619136891797146,756,3.3333333333333335,0.019857410675391436,0.06619136891797145,0.21006565468597582,0,7,-0.10459234719887052,1.333501537437028,1.0000000000000029,1.1074108384866899,1.333501537437028,0.043397128957214814,0.043397128957214814,1.2948112796916953,0,0.0,0.010024785995483398
1,spectral,jitter,0.45,1,7,0.003,0.9,1,100,0.0006619136891797146,756,3.3333333333333335,0.019857410675391436,0.06619136891797145,0.21006565468597582,0,7,-0.2417855847863013,1.6108315471762928,0.9999999999999963,1.514920551312903,3.5048002753981087,0.04196229607675889,0.04196229607675889,1.2953801038979111,0,0.0,0.016597986221313477
1,spectralg,jitter,0.45,1,7,0.003,0.9,1,100,0.0006619136891797146,756,3.3333333333333335,0.019857410675391436,0.06619136891797145,0.21006565468597582,0,7,-0.2417855847863013,1.6108315471762928,1.0000000000000024,1.5374716511665345,3.5109259213940005,0.04244660002669494,0.04244660002669494,1.2953783384517412,0,0.0,0.04337310791015625
1,molfe,jitter,0.45,1,7,0.003,0.9,1,100,0.0006619136891797146,756,3.3333333333333335,0.019857410675391436,0.06619136891797145,0.21006565468597582,0,7,-0.01014897932349483,1.0419775298603637,1.0031552352683666,92.00878197090859,338787038866676.3,0.0633439463245693,0.0633439463245693,1.2955360980521136,0,0.0,0.010315895080566406
1,molrk3,jitter,0.45,1,7,0.003,0.9,1,100,0.0006619136891797146,756,3.3333333333333335,0.019857410675391436,0.06619136891797145,0.21006565468597582,0,7,-0.010153011474280204,1.041926522254986,1.0031407297790957,92.44359315725504,289201698904171.94,0.06216179046738446,0.06281617982468848,1.2952065761906002,0,0.0,0.010171175003051758
1,maxent,jitter,0.45,1,7,0.003,0.9,1,100,0.0006619136891797146,756,3.3333333333333335,0.019857410675391436,0.06619136891797145,0.21006565468597582,76,7,-0.15302550427059927,1.5182418023681041,0.9999999999999997,1.208232493650703,1.5339789841674152,0.04076401776911398,0.04076401776911398,1.2940604319288682,0,0.0,1.2472519874572754
1,lp,jitter,0.45,1,7,0.003,0.9,1,100,0.0006619136891797146,756,3.3333333333333335,0.019857410675391436,0.06619136891797145,0.21006565468597582,76,7,-0.15302550427059927,1.5182418023681041,0.9999999999999997,1.2054517621800103,1.5547105787967486,0.041646081431367055,0.041646081431367055,1.2940606601247528,0,0.0,0.05159497261047363
1,lprand,jitter,0.45,1,7,0.003,0.9,1,100,0.0006619136891797146,756,3.3333333333333335,0.019857410675391436,0.06619136891797145,0.21006565468597582,76,7,-0.15302550427059927,1.5182418023681041,1.0000000000000007,1.1940182539978959,1.5869171654764793,0.039304410251335686,0.039304410251335686,1.2940605402334981,0,0.0,0.048484086990356445
1,maxentw,jitter,0.45,1,7,0.003,0.9,1,100,0.0006619136891797146,756,3.3333333333333335,0.019857410675391436,0.06619136891797145,0.21006565468597582,76,7,-0.15302550427059927,1.5182418023681041,0.9999999999999997,1.208232493650703,1.5339789841674152,0.04076401776911398,0.04076401776911398,1.2940604319288682,0,0.0,4.714747905731201
1,minnorm,random,0.0,0,3,0.003,0.9,1,100,0.0010703263175581555,468,3.3333333333333335,0.03210978952674466,0.10703263175581554,0.267123731325411,0,3,-1.798338923404243,4.596677846808486,1.1006443281724383,3.638648369130765e+21,5.21367613428524e+43,inf,1042747.6215692274,1042748.7163275355,1,0.0,0.0071659088134765625
1,projgauss,random,0.0,0,3,0.003,0.9,1,100,0.0010703263175581555,468,3.3333333333333335,0.03210978952674466,0.10703263175581554,0.267123731325411,0,3,-1.798338923404242,4.596677846808483,1.100644328172438,3.638648369131036e+21,5.213676134285126e+43,inf,1042747.6221157977,1042748.7168741057,1,0.0,0.008128881454467773
1,spectral,random,0.0,0,3,0.003,0.9,1,100,0.0010703263175581555,468,3.3333333333333335,0.03210978952674466,0.10703263175581554,0.267123731325411,0,3,-1.798338923404243,4.596677846808486,1.1006443281724383,3.638648369130765e+21,5.21367613428524e+43,inf,1042747.6215692274,1042748.7163275355,1,0.0,0.008437871932983398
1,spectralg,random,0.0,0,3,0.003,0.9,1,100,0.0010703263175581555,468,3.3333333333333335,0.03210978952674466,0.10703263175581554,0.267123731325411,0,3,-1.798338923404243,4.596677846808486,1.1006443281724383,3.638648369130765e+21,5.21367613428524e+43,inf,1042747.6215692274,1042748.7163275355,1,0.0,0.008101940155029297
1,molfe,random,0.0,0,3,0.003,0.9,1,100,0.0010703263175581555,468,3.3333333333333335,0.03210978952674466,0.10703263175581554,0.267123731325411,0,3,-1.644771636891305,4.28954327378261,1.0987177291120245,1.7289394809100687e+21,9.754437784954704e+42,inf,1597853.2283398365,1597854.36556837,1,0.0,0.007584095001220703
1,molrk3,random,0.0,0,3,0.003,0.9,1,100,0.0010703263175581555,468,3.3333333333333335,0.03210978952674466,0.10703263175581554,0.267123731325411,0,3,-1.7983389234042666,4.596677846808534,1.1037506613043113,1.4678678304676393e+22,9.419906779671965e+44,inf,1837806.158818339,1837807.253576647,1,0.0,0.00747990608215332
1,maxent,random,0.0,0,3,0.003,0.9,1,100,0.0010703263175581555,468,3.3333333333333335,0.03210978952674466,0.10703263175581554,0.267123731325411,58,3,-1.798338923404243,4.596677846808486,1.1006443281724383,3.638648369205608e+21,5.21367613439248e+43,inf,1042747.6196764105,1042748.7144347185,1,0.0,0.9373989105224609
1,lp,random,0.0,0,3,0.003,0.9,1,100,0.0010703263175581555,468,3.3333333333333335,0.03210978952674466,0.10703263175581554,0.267123731325411,58,3,-1.798338923404243,4.596677846808486,1.1006443281724383,3.6386483691308413e+21,5.21367613428535e+43,inf,1042747.6219245677,1042748.7166828758,1,0.0,0.04726696014404297
1,lprand,random,0.0,0,3,0.003,0.9,1,100,0.0010703263175581555,468,3.3333333333333335,0.03210978952674466,0.10703263175581554,0.267123731325411,58,3,-1.798338923404243,4.596677846808486,1.1006443281724383,3.6386483691308413e+21,5.21367613428535e+43,inf,1042747.6219245677,1042748.7166828758,1,0.0,0.04698300361633301
1,maxentw,random,0.0,0,3,0.003,0.9,1,100,0.0010703263175581555,468,3.3333333333333335,0.03210978952674466,0.10703263175581554,0.267123731325411,56,5,-1.798338923404243,4.596677846808486,1.1006443281724383,3.638648369205608e+21,5.21367613439248e+43,inf,1042747.6196764105,1042748.7144347185,1,0.0,3.573387861251831
1,minnorm,random,0.0,0,5,0.003,0.9,1,100,0.0010703263175581555,468,3.3333333333333335,0.03210978952674466,0.10703263175581554,0.267123731325411,0,5,-0.35105287256895773,2.05285295102651,1.0000009948001718,7111.467284519726,3145333.7380785625,1.5566354921261798,1.5946921946454782,1.4313367495388136,0,0.0,0.008177995681762695
1,projgauss,random,0.0,0,5,0.003,0.9,1,100,0.0010703263175581555,468,3.3333333333333335,0.03210978952674466,0.10703263175581554,0.267123731325411,0,5,-0.36396590459529143,2.0684711014370043,1.0000030472499861,6912.700358043203,3050646.089499387,1.5680787628404436,1.6057758063524188,1.9858550520952076,0,0.0,0.008855104446411133
1,spectral,random,0.0,0,5,0.003,0.9,1,100,0.0010703263175581555,468,3.3333333333333335,0.03210978952674466,0.10703263175581554,0.267123731325411,0,5,-1.921347287021956,6.071652983792464,1.0000017280759959,34873.57174674138,12876965.042911835,1.7013742336004443,1.735560291583387,1.2959614101025545,0,0.0,0.015762805938720703
1,spectralg,random,0.0,0,5,0.003,0.9,1,100,0.0010703263175581555,468,3.3333333333333335,0.03210978952674466,0.10703263175581554,0.267123731325411,0,5,-1.921347287021956,6.071652983792464,1.0000018800561823,34873.57174865952,17255176.786170322,1.701374342643088,1.7355602915078656,1.4151575420427756,0,0.0,0.03572392463684082
1,molfe,random,0.0,0,5,0.003,0.9,1,100,0.0010703263175581555,468,3.3333333333333335,0.03210978952674466,0.10703263175581554,0.267123731325411,0,5,-0.16002312816853365,1.6048768103133328,1.0269333131971217,51691094.03840226,5.433179350922817e+117,538.1662113421258,538.1662113421258,538.1731905382155,1,0.0,0.009353160858154297
1,molrk3,random,0.0,0,5,0.003,0.9,1,100,0.0010703263175581555,468,3.3333333333333335,0.03210978952674466,0.10703263175581554,0.267123731325411,0,5,-0.16852374918735935,1.6398503244170106,1.0272992711295887,61093659.05054479,1.916152477301391e+119,633.7074457776786,633.7074457776786,633.7144249737682,1,0.0,0.009250879287719727
1,maxent,random,0.0,0,5,0.003,0.9,1,100,0.0010703263175581555,468,3.3333333333333335,0.03210978952674466,0.10703263175581554,0.267123731325411,56,5,-0.35105287256895773,2.05285295102651,1.0000010787133706,7016.505079014611,3098955.5109810606,1.5636122502402234,1.6016770377278586,1.8344142016961364,0,0.0,0.9470269680023193
1,lp,random,0.0,0,5,0.003,0.9,1,100,0.0010703263175581555,468,3.3333333333333335,0.03210978952674466,0.10703263175581554,0.267123731325411,56,5,-0.35105287256895773,2.05285295102651,1.0000024779201695,7100.444339442785,3126696.8181396,1.5650092236551258,1.60302129250432,1.839630658243197,0,0.0,0.047826290130615234
1,lprand,random,0.0,0,5,0.003,0.9,1,100,0.0010703263175581555,468,3.3333333333333335,0.03210978952674466,0.10703263175581554,0.267123731325411,56,5,-0.35105287256895773,2.05285295102651,1.0000010972830735,7546.222996172861,3328026.955931126,1.5673232417989822,1.6052673972605844,1.8507568584784773,0,0.0,0.04982137680053711
1,maxentw,random,0.0,0,5,0.003,0.9,1,100,0.0010703263175581555,468,3.3333333333333335,0.03210978952674466,0.10703263175581554,0.267123731325411,56,5,-0.35105287256895773,2.05285295102651,1.0000010787133706,7016.505079014611,3098955.5109810606,1.5636122502402234,1.6016770377278586,1.8344142016961364,0,0.0,3.6945247650146484
1,minnorm,random,0.0,0,7,0.003,0.9,1,100,0.0010703263175581555,468,3.3333333333333335,0.03210978952674466,0.10703263175581554,0.267123731325411,0,7,-0.20791229517839818,1.6158979241653963,1.0000000000000027,2.181773363816859,2.4993209002955363,0.1644798218788971,0.16474993219741396,1.2946650854739277,0,0.0,0.00885462760925293
1,projgauss,random,0.0,0,7,0.003,0.9,1,100,0.0010703263175581555,468,3.3333333333333335,0.03210978952674466,0.10703263175581554,0.267123731325411,0,7,-0.16079879072035508,1.4454818373885547,1.000000000000005,1.4072941608528238,1.6383235320461882,0.0857315766228467,0.08660926845478917,1.2955551641545227,0,0.0,0.009621143341064453
1,spectral,random,0.0,0,7,0.003,0.9,1,100,0.0010703263175581555,468,3.3333333333333335,0.03210978952674466,0.10703263175581554,0.267123731325411,0,7,-1.7631558615769929,5.805921242436285,0.9999999999999998,4.5558305672048265,24.130527675810928,0.09711926956206562,0.09808449720059165,1.295986872754532,0,0.0,0.015351057052612305
1,spectralg,random,0.0,0,7,0.003,0.9,1,100,0.0010703263175581555,468,3.3333333333333335,0.03210978952674466,0.10703263175581554,0.267123731325411,0,7,-1.7631558615769929,5.805921242436285,1.0000000000000004,4.509186132503238,24.175184804320274,0.09832771514023986,0.09954962187681637,1.2959868598531143,0,0.0,0.045487165451049805
1,molfe,random,0.0,0,7,0.003,0.9,1,100,0.0010703263175581555,468,3.3333333333333335,0.03210978952674466,0.10703263175581554,0.267123731325411,0,7,-0.048826861563367054,1.2107832087693846,1.0182240123647144,23853.001192213116,1.4430683077122645e+79,3.5107124739437583,3.5107124739437583,3.4959492260275824,0,0.0,0.00829315185546875
1,molrk3,random,0.0,0,7,0.003,0.9,1,100,0.0010703263175581555,468,3.3333333333333335,0.03210978952674466,0.10703263175581554,0.267123731325411,0,7,-0.04782544602720235,1.2067826538143511,1.0183910784215582,25823.13840952849,7.443910816782842e+79,3.674334276725926,3.674334276725926,3.6595710288097503,0,0.0,0.00836491584777832
1,maxent,random,0.0,0,7,0.003,0.9,1,100,0.0010703263175581555,468,3.3333333333333335,0.03210978952674466,0.10703263175581554,0.267123731325411,56,7,-0.20791229517839818,1.6158979241653963,1.0000000000000022,2.214688966736653,2.654360492038986,0.10673171770095236,0.10755480795235317,1.2950981261974233,0,0.0,0.9980368614196777
1,lp,random,0.0,0,7,0.003,0.9,1,100,0.0010703263175581555,468,3.3333333333333335,0.03210978952674466,0.10703263175581554,0.267123731325411,56,7,-0.20791229517839818,1.6158979241653963,1.0000000000000042,2.2869212743049063,2.733696708547323,0.10418235209660853,0.10499920284922615,1.2951318398749876,0,0.0,0.04947996139526367
1,lprand,random,0.0,0,7,0.003,0.9,1,100,0.0010703263175581555,468,3.3333333333333335,0.03210978952674466,0.10703263175581554,0.267123731325411,56,7,-0.20791229517839818,1.6158979241653963,1.0000000000000013,2.1587135259858234,2.590783533938223,0.10489743282880015,0.10564092482404264,1.2951035668368864,0,0.0,0.0502161979675293
1,maxentw,random,0.0,0,7,0.003,0.9,1,100,0.0010703263175581555,468,3.3333333333333335,0.03210978952674466,0.10703263175581554,0.267123731325411,56,7,-0.20791229517839818,1.6158979241653963,1.0000000000000022,2.214688966736653,2.654360492038986,0.10673171770095236,0.10755480795235317,1.2950981261974233,0,0.0,3.641278028488159
1,minnorm,random,0.0,1,3,0.003,0.9,1,100,0.001323854816976273,378,3.3333333333333335,0.03971564450928819,0.1323854816976273,0.29708077655482557,0,3,-1.489420769622975,3.978841539245951,1.384772633691865,4.1380562390930346e+54,3.582664601410406e+142,inf,4168321.9749427894,4168321.978590479,1,0.0,0.006530046463012695
1,projgauss,random,0.0,1,3,0.003,0.9,1,100,0.001323854816976273,378,3.3333333333333335,0.03971564450928819,0.1323854816976273,0.29708077655482557,0,3,-1.4894207696229749,3.97884153924595,1.384772633691865,4.1380562390930175e+54,3.5826646014103914e+142,inf,4168321.9749202193,4168321.978567909,1,0.0,0.008095026016235352
1,spectral,random,0.0,1,3,0.003,0.9,1,100,0.001323854816976273,378,3.3333333333333335,0.03971564450928819,0.1323854816976273,0.29708077655482557,0,3,-1.489420769622975,3.978841539245951,1.384772633691865,4.1380562390930346e+54,3.582664601410406e+142,inf,4168321.9749427894,4168321.978590479,1,0.0,0.007587909698486328
1,spectralg,random,0.0,1,3,0.003,0.9,1,100,0.001323854816976273,378,3.3333333333333335,0.03971564450928819,0.1323854816976273,0.29708077655482557,0,3,-1.489420769622975,3.978841539245951,1.384772633691865,4.1380562390930346e+54,3.582664601410406e+142,inf,4168321.9749427894,4168321.978590479,1,0.0,0.007299184799194336
1,molfe,random,0.0,1,3,0.003,0.9,1,100,0.001323854816976273,378,3.3333333333333335,0.03971564450928819,0.1323854816976273,0.29708077655482557,0,3,-1.3551920735697527,3.710384147139506,1.3660079158772631,2.5321187152041254e+52,4.522561104337645e+136,inf,1375061.1625653226,1375061.1662130125,1,0.0,0.007216215133666992
1,molrk3,random,0.0,1,3,0.003,0.9,1,100,0.001323854816976273,378,3.3333333333333335,0.03971564450928819,0.1323854816976273,0.29708077655482557,0,3,-1.4658504374962904,3.931700874992581,1.4411606593207664,1.568393188701004e+61,8.21422656001845e+159,inf,6581005.474330235,6581005.48080426,1,0.0,0.007229804992675781
1,maxent,random,0.0,1,3,0.003,0.9,1,100,0.001323854816976273,378,3.3333333333333335,0.03971564450928819,0.1323854816976273,0.29708077655482557,54,3,-1.489420769622975,3.978841539245951,1.384772633691865,4.1380562390930243e+54,3.582664601410398e+142,inf,4168321.9748884463,4168321.978536136,1,0.0,0.865196943283081
1,lp,random,0.0,1,3,0.003,0.9,1,100,0.001323854816976273,378,3.3333333333333335,0.03971564450928819,0.1323854816976273,0.29708077655482557,54,3,-1.489420769622975,3.978841539245951,1.384772633691865,4.1380562390930414e+54,3.5826646014104126e+142,inf,4168321.9748347667,4168321.9784824564,1,0.0,0.04926896095275879
1,lprand,random,0.0,1,3,0.003,0.9,1,100,0.001323854816976273,378,3.3333333333333335,0.03971564450928819,0.1323854816976273,0.29708077655482557,54,3,-1.489420769622975,3.978841539245951,1.384772633691865,4.138056239093043e+54,3.5826646014104136e+142,inf,4168321.974834736,4168321.9784824257,1,0.0,0.04758501052856445
1,maxentw,random,0.0,1,3,0.003,0.9,1,100,0.001323854816976273,378,3.3333333333333335,0.03971564450928819,0.1323854816976273,0.29708077655482557,52,5,-1.489420769622975,3.978841539245951,1.384772633691865,4.1380562390930243e+54,3.582664601410398e+142,inf,4168321.9748884463,4168321.978536136,1,0.0,3.2456300258636475
1,minnorm,random,0.0,1,5,0.003,0.9,1,100,0.001323854816976273,378,3.3333333333333335,0.03971564450928819,0.1323854816976273,0.29708077655482557,0,5,-0.44093531016286125,2.3466573100628065,1.0020323745273874,5405.505324946567,4190037004264.421,15.17007304299826,15.17007304299826,15.23686800196125,1,0.0,0.00846719741821289
1,projgauss,random,0.0,1,5,0.003,0.9,1,100,0.001323854816976273,378,3.3333333333333335,0.03971564450928819,0.1323854816976273,0.29708077655482557,0,5,-0.4442298685866214,2.3683639941166086,1.0010225270533175,5425.496134282931,633500097.9717151,15.158858896123155,15.158858896123155,15.225653855086145,1,0.0,0.008879899978637695
1,spectral,random,0.0,1,5,0.003,0.9,1,100,0.001323854816976273,378,3.3333333333333335,0.03971564450928819,0.1323854816976273,0.29708077655482557,0,5,-2.2274579220642297,9.880673891471599,1.000013840252742,44846.26638237004,5296889.554828782,14.864048092690686,14.864048092690686,14.930843051653676,1,0.0,0.014775991439819336
1,spectralg,random,0.0,1,5,0.003,0.9,1,100,0.001323854816976273,378,3.3333333333333335,0.03971564450928819,0.1323854816976273,0.29708077655482557,0,5,-2.2274579220642297,9.880673891471599,1.0000122652904802,44846.27756647481,72059920.90550868,14.891134802536376,14.891134802536376,14.957929761499367,1,0.0,0.03206777572631836
1,molfe,random,0.0,1,5,0.003,0.9,1,100,0.001323854816976273,378,3.3333333333333335,0.03971564450928819,0.1323854816976273,0.29708077655482557,0,5,-0.2939238828570824,2.069367051307117,1.0468841929807007,1683324085.7611566,3.840993778575939e+199,11251.687774940936,11251.687774940936,11252.367133857391,1,0.0,0.008498907089233398
1,molrk3,random,0.0,1,5,0.003,0.9,1,100,0.001323854816976273,378,3.3333333333333335,0.03971564450928819,0.1323854816976273,0.29708077655482557,0,5,-0.3203229696244915,2.176894252750929,1.0480004329958112,2395150883.5973406,1.6317006547228168e+204,15395.16120955674,15395.16120955674,15395.840568473195,1,0.0,0.009383916854858398
1,maxent,random,0.0,1,5,0.003,0.9,1,100,0.001323854816976273,378,3.3333333333333335,0.03971564450928819,0.1323854816976273,0.29708077655482557,52,5,-0.44093531016286125,2.3466573100628065,1.0006810421201922,7115.852290395827,80311869.12601578,15.020957507339663,15.020957507339663,15.087752466302653,1,0.0,0.9059309959411621
1,lp,random,0.0,1,5,0.003,0.9,1,100,0.001323854816976273,378,3.3333333333333335,0.03971564450928819,0.1323854816976273,0.29708077655482557,52,5,-0.44093531016286125,2.3466573100628065,1.0002166206379233,9679.515621784332,6598652.587184893,15.028543855364937,15.028543855364937,15.095338814327928,1,0.0,0.04939436912536621
1,lprand,random,0.0,1,5,0.003,0.9,1,100,0.001323854816976273,378,3.3333333333333335,0.03971564450928819,0.1323854816976273,0.29708077655482557,52,5,-0.44093531016286125,2.3466573100628065,1.0000024181810634,10283.557467005994,7014963.222186527,15.028521196272557,15.028521196272557,15.095316155235547,1,0.0,0.050122976303100586
1,maxentw,random,0.0,1,5,0.003,0.9,1,100,0.001323854816976273,378,3.3333333333333335,0.03971564450928819,0.1323854816976273,0.29708077655482557,52,5,-0.44093531016286125,2.3466573100628065,1.0006810421201922,7115.852290395827,80311869.12601578,15.020957507339663,15.020957507339663,15.087752466302653,1,0.0,3.286060094833374
1,minnorm,random,0.0,1,7,0.003,0.9,1,100,0.001323854816976273,378,3.3333333333333335,0.03971564450928819,0.1323854816976273,0.29708077655482557,0,7,-0.2093307769244046,1.5694392523565919,1.0000000000000004,1.7371044120561625,1.9723362331060779,0.1717923982837848,0.1717923982837848,1.2953655297008198,0,0.0,0.008195638656616211
1,projgauss,random,0.0,1,7,0.003,0.9,1,100,0.001323854816976273,378,3.3333333333333335,0.03971564450928819,0.1323854816976273,0.29708077655482557,0,7,-0.16816222768120465,1.4256015784839584,1.000000000000002,1.4606867187545005,1.6717541650405554,0.11797037631958537,0.11797037631958537,1.2959163055913026,0,0.0,0.010471105575561523
1,spectral,random,0.0,1,7,0.003,0.9,1,100,0.001323854816976273,378,3.3333333333333335,0.03971564450928819,0.1323854816976273,0.29708077655482557,0,7,-2.7681697012467663,10.927770300930217,1.000000000000001,8.83412007296856,36.1990812980911,0.1297183567755782,0.1330712691343484,1.296693251511016,0,0.0,0.014754056930541992
1,spectralg,random,0.0,1,7,0.003,0.9,1,100,0.001323854816976273,378,3.3333333333333335,0.03971564450928819,0.1323854816976273,0.29708077655482557,0,7,-2.7681697012467663,10.927770300930217,1.000000000000005,8.831703308132306,36.218751757207556,0.13052259109312347,0.13366718199386451,1.2967375131925996,0,0.0,0.04199576377868652
1,molfe,random,0.0,1,7,0.003,0.9,1,100,0.001323854816976273,378,3.3333333333333335,0.03971564450928819,0.1323854816976273,0.29708077655482557,0,7,-0.07382664647793415,1.2923477398495757,1.0185245515998889,9549.681064167546,5.104997184666806e+80,1.2521195096050637,1.2521195096050637,1.3779203071357062,0,0.0,0.008275032043457031
1,molrk3,random,0.0,1,7,0.003,0.9,1,100,0.001323854816976273,378,3.3333333333333335,0.03971564450928819,0.1323854816976273,0.29708077655482557,0,7,-0.07226797922860637,1.2904098929416559,1.0186971905836775,10206.125658498375,2.7800865640077147e+81,1.3161117473437054,1.3161117473437054,1.3608152047846398,0,0.0,0.009157180786132812
1,maxent,random,0.0,1,7,0.003,0.9,1,100,0.001323854816976273,378,3.3333333333333335,0.03971564450928819,0.1323854816976273,0.29708077655482557,52,7,-0.2093307769244046,1.5694392523565919,0.9999999999999976,1.9827879065567113,2.304724954824661,0.14337290031809136,0.14399792808326706,1.2953981253807707,0,0.0,0.8553969860076904
1,lp,random,0.0,1,7,0.003,0.9,1,100,0.001323854816976273,378,3.3333333333333335,0.03971564450928819,0.1323854816976273,0.29708077655482557,52,7,-0.2093307769244046,1.5694392523565919,1.0,2.0436235293654628,2.3851225610137843,0.14195603904546628,0.14270366736372275,1.295405535903757,0,0.0,0.049542903900146484
1,lprand,random,0.0,1,7,0.003,0.9,1,100,0.001323854816976273,378,3.3333333333333335,0.03971564450928819,0.1323854816976273,0.29708077655482557,52,7,-0.2093307769244046,1.5694392523565919,1.0000000000000004,2.0099669981734753,2.3524650633378488,0.14000997194655596,0.14083325661892054,1.295391356716912,0,0.0,0.050965070724487305
1,maxentw,random,0.0,1,7,0.003,0.9,1,100,0.001323854816976273,378,3.3333333333333335,0.03971564450928819,0.1323854816976273,0.29708077655482557,52,7,-0.2093307769244046,1.5694392523565919,0.9999999999999976,1.9827879065567113,2.304724954824661,0.14337290031809136,0.14399792808326706,1.2953981253807707,0,0.0,3.2279770374298096
1,minnorm,jitter,0.0,0,3,0.001,0.9,1,100,0.008999999999999909,56,10.0,0.08999999999999908,0.8999999999999909,0.9999999999999898,0,3,0.009999999999998824,1.0000000000000007,1.0000000000000009,1.0000000000000364,1.0000000000058227,0.003408700746777356,0.003408700746777356,1.2978267083220172,0,0.0,0.008673906326293945
1,projgauss,jitter,0.0,0,3,0.001,0.9,1,100,0.008999999999999909,56,10.0,0.08999999999999908,0.8999999999999909,0.9999999999999898,0,3,0.009999999999998899,1.0000000000000004,1.000000000000004,1.0000000000000135,1.000000000002281,0.0034087007467786465,0.0034087007467786465,1.2978267083220172,0,0.0,0.009741783142089844
1,spectral,jitter,0.0,0,3,0.001,0.9,1,100,0.008999999999999909,56,10.0,0.08999999999999908,0.8999999999999909,0.9999999999999898,0,3,0.009999999999998824,1.0000000000000007,1.0000000000000009,1.0000000000000364,1.0000000000058227,0.003408700746777356,0.003408700746777356,1.2978267083220172,0,0.0,0.009608983993530273
1,spectralg,jitter,0.0,0,3,0.001,0.9,1,100,0.008999999999999909,56,10.0,0.08999999999999908,0.8999999999999909,0.9999999999999898,0,3,0.009999999999998824,1.0000000000000007,1.0000000000000009,1.0000000000000364,1.0000000000058227,0.003408700746777356,0.003408700746777356,1.2978267083220172,0,0.0,0.009974002838134766
1,molfe,jitter,0.0,0,3,0.001,0.9,1,100,0.008999999999999909,56,10.0,0.08999999999999908,0.8999999999999909,0.9999999999999898,0,3,-0.36000000000000265,1.720000000000005,1.2289882268675476,155053.10742110826,4.9468330639602837e+89,0.2653883260886767,0.2653883260886767,1.5081740555725183,0,0.0,0.008600234985351562
1,molrk3,jitter,0.0,0,3,0.001,0.9,1,100,0.008999999999999909,56,10.0,0.08999999999999908,0.8999999999999909,0.9999999999999898,0,3,-0.2660400000000047,1.5476320000000092,1.0000000000000049,1.1316407223728693,1.5476320000000092,0.009722716789062759,0.009722716789062759,1.2979026199536556,0,0.0,0.008529186248779297
1,maxent,jitter,0.0,0,3,0.001,0.9,1,100,0.008999999999999909,56,10.0,0.08999999999999908,0.8999999999999909,0.9999999999999898,0,3,0.009999999999999084,1.0000000000000002,0.9999999999999983,1.0000000000000007,1.000000000000032,0.003408700746777106,0.003408700746777106,1.2978267083220172,0,0.0,0.024785995483398438
1,lp,jitter,0.0,0,3,0.001,0.9,1,100,0.008999999999999909,56,10.0,0.08999999999999908,0.8999999999999909,0.9999999999999898,0,3,0.009999999999999088,1.0,1.000000000000004,0.9999999999999982,1.0,0.0034087007467769465,0.0034087007467769465,1.297826708322017,0,0.0,0.05036592483520508
1,lprand,jitter,0.0,0,3,0.001,0.9,1,100,0.008999999999999909,56,10.0,0.08999999999999908,0.8999999999999909,0.9999999999999898,0,3,0.009999999999999088,1.0,1.000000000000004,0.9999999999999982,1.0,0.0034087007467769465,0.0034087007467769465,1.297826708322017,0,0.0,0.049046993255615234
1,maxentw,jitter,0.0,0,3,0.001,0.9,1,100,0.008999999999999909,56,10.0,0.08999999999999908,0.8999999999999909,0.9999999999999898,0,3,0.009999999999999084,1.0000000000000002,0.9999999999999983,1.0000000000000007,1.000000000000032,0.003408700746777106,0.003408700746777106,1.2978267083220172,0,0.0,0.02499103546142578
1,minnorm,jitter,0.0,0,5,0.001,0.9,1,100,0.008999999999999909,56,10.0,0.08999999999999908,0.8999999999999909,0.9999999999999898,0,5,-0.12428571428571569,1.2485714285714304,1.0000000000000009,1.1804454542537748,1.2485714285714304,0.01986677638871115,0.01986677638871115,1.2979373945299522,0,0.0,0.007171154022216797
1,projgauss,jitter,0.0,0,5,0.001,0.9,1,100,0.008999999999999909,56,10.0,0.08999999999999908,0.8999999999999909,0.9999999999999898,0,5,-0.07740762997194395,1.154815259943888,1.0000000000000002,1.1313059914275125,1.1643741643882135,0.013759916659343813,0.013759916659343813,1.2979100762858522,0,0.0,0.008558034896850586
1,spectral,jitter,0.0,0,5,0.001,0.9,1,100,0.008999999999999909,56,10.0,0.08999999999999908,0.8999999999999909,0.9999999999999898,0,5,-0.041287673689611976,1.082575347379224,0.9999999999999988,1.0000000000000169,1.082575347379224,0.0002741870410429281,0.0002741870410429281,1.2978448674741818,0,0.0,0.013657093048095703
1,spectralg,jitter,0.0,0,5,0.001,0.9,1,100,0.008999999999999909,56,10.0,0.08999999999999908,0.8999999999999909,0.9999999999999898,0,5,-0.041287673689611976,1.082575347379224,0.9999999999999988,1.0000000000000169,1.082575347379224,0.0002741870410429281,0.0002741870410429281,1.2978448674741818,0,0.0,0.02438807487487793
1,molfe,jitter,0.0,0,5,0.001,0.9,1,100,0.008999999999999909,56,10.0,0.08999999999999908,0.8999999999999909,0.9999999999999898,0,5,-0.15428571428571466,1.5142857142857116,1.0733378055616916,110.8672216549632,2.9475497819159446e+307,0.2664953225688462,0.2664953225688462,1.5136738297080345,0,0.0,0.00801396369934082
1,molrk3,jitter,0.0,0,5,0.001,0.9,1,100,0.008999999999999909,56,10.0,0.08999999999999908,0.8999999999999909,0.9999999999999898,0,5,-0.14154297376093347,1.5030977959183653,1.0527736909620953,25.759904106700024,2.2399222429890584e+223,0.03301158232197059,0.03301158232197059,1.2980486921839236,0,0.0,0.008137941360473633
1,maxent,jitter,0.0,0,5,0.001,0.9,1,100,0.008999999999999909,56,10.0,0.08999999999999908,0.8999999999999909,0.9999999999999898,0,5,4.323000793521306e-09,1.0000000000000002,0.9999999999999986,1.0000000000000022,1.0000000000002374,0.000504224874152373,0.000504224874152373,1.297842408070501,0,0.0,0.024237632751464844
1,lp,jitter,0.0,0,5,0.001,0.9,1,100,0.008999999999999909,56,10.0,0.08999999999999908,0.8999999999999909,0.9999999999999898,0,5,0.0,1.0,1.0000000000000016,1.0000000000000002,1.0000000000000002,0.004376677220056316,0.004376677220056316,1.2978233306667586,0,0.0,0.05290484428405762
1,lprand,jitter,0.0,0,5,0.001,0.9,1,100,0.008999999999999909,56,10.0,0.08999999999999908,0.8999999999999909,0.9999999999999898,0,5,0.0,1.0,1.0000000000000009,0.9999999999999991,1.0,0.0024418157420186687,0.0024418157420186687,1.2978233306667586,0,0.0,0.05185198783874512
1,maxentw,jitter,0.0,0,5,0.001,0.9,1,100,0.008999999999999909,56,10.0,0.08999999999999908,0.8999999999999909,0.9999999999999898,0,5,4.323000793521306e-09,1.0000000000000002,0.9999999999999986,1.0000000000000022,1.0000000000002374,0.000504224874152373,0.000504224874152373,1.297842408070501,0,0.0,0.02422022819519043
1,minnorm,jitter,0.0,0,7,0.001,0.9,1,100,0.008999999999999909,56,10.0,0.08999999999999908,0.8999999999999909,0.9999999999999898,0,7,-0.1327380952380959,1.265476190476192,0.9999999999999994,1.3173668802165373,1.3173668802165373,0.05447586304406084,0.05447586304406084,1.2980753818597908,0,0.0,0.006821870803833008
1,projgauss,jitter,0.0,0,7,0.001,0.9,1,100,0.008999999999999909,56,10.0,0.08999999999999908,0.8999999999999909,0.9999999999999898,0,7,-0.04684129407293047,1.094991111797704,0.9999999999999988,1.1713617930221516,1.1713617930221516,0.022352993321339165,0.022352993321339165,1.2979375513811737,0,0.0,0.008361339569091797
1,spectral,jitter,0.0,0,7,0.001,0.9,1,100,0.008999999999999909,56,10.0,0.08999999999999908,0.8999999999999909,0.9999999999999898,0,7,-0.04053427816076152,1.0992648728384933,0.9999999999999976,1.0048944485723907,1.0992648728384933,0.0015463677277640642,0.0015463677277640642,1.2978510719510936,0,0.0,0.013338088989257812
1,spectralg,jitter,0.0,0,7,0.001,0.9,1,100,0.008999999999999909,56,10.0,0.08999999999999908,0.8999999999999909,0.9999999999999898,0,7,-0.04053427816076152,1.0992648728384933,0.9999999999999976,1.0048944485723907,1.0992648728384933,0.0015463677277640642,0.0015463677277640642,1.2978510719510936,0,0.0,0.02779865264892578
1,molfe,jitter,0.0,0,7,0.001,0.9,1,100,0.008999999999999909,56,10.0,0.08999999999999908,0.8999999999999909,0.9999999999999898,0,7,-0.08571428571428562,1.3771428571428543,1.0361382521657203,19.388017753674596,1.9540406015915047e+154,0.2727624736952763,0.2727624736952763,1.520345344460812,0,0.0,0.0073490142822265625
1,molrk3,jitter,0.0,0,7,0.001,0.9,1,100,0.008999999999999909,56,10.0,0.08999999999999908,0.8999999999999909,0.9999999999999898,0,7,-0.08164800437317782,1.382222871720114,1.019770317011515,8.441453238177484,1.3495735868936984e+85,0.06778808656501416,0.06778808656501416,1.298265887440826,0,0.0,0.007557868957519531
1,maxent,jitter,0.0,0,7,0.001,0.9,1,100,0.008999999999999909,56,10.0,0.08999999999999908,0.8999999999999909,0.9999999999999898,0,7,7.191853801620015e-16,1.0,1.000000000000002,0.9999999999999947,1.0,0.0005026315365892139,0.0005026315365892139,1.2978424196032208,0,0.0,0.026713132858276367
1,lp,jitter,0.0,0,7,0.001,0.9,1,100,0.008999999999999909,56,10.0,0.08999999999999908,0.8999999999999909,0.9999999999999898,0,7,0.0,1.0,1.0000000000000007,0.9999999999999976,1.0,0.004376677220053714,0.004376677220053714,1.2978233306667586,0,0.0,0.05191183090209961
1,lprand,jitter,0.0,0,7,0.001,0.9,1,100,0.008999999999999909,56,10.0,0.08999999999999908,0.8999999999999909,0.9999999999999898,0,7,0.0,1.0,1.0000000000000004,0.9999999999999992,1.0000000000000002,0.0018917760978665044,0.0018917760978665044,1.297849538897957,0,0.0,0.05194091796875
1,maxentw,jitter,0.0,0,7,0.001,0.9,1,100,0.008999999999999909,56,10.0,0.08999999999999908,0.8999999999999909,0.9999999999999898,0,7,7.191853801620015e-16,1.0,1.000000000000002,0.9999999999999947,1.0,0.0005026315365892139,0.0005026315365892139,1.2978424196032208,0,0.0,0.026188135147094727
1,minnorm,jitter,0.1,0,3,0.001,0.9,1,100,0.007284204207073308,69,10.0,0.07284204207073308,0.7284204207073308,0.8093560230081454,0,3,-0.10542405484868944,1.2108481096973787,1.0000000000000013,1.0020184454674284,1.2108481096973787,0.0005380304396740282,0.0005380304396740282,1.2982952436687185,0,0.0,0.00888967514038086
1,projgauss,jitter,0.1,0,3,0.001,0.9,1,100,0.007284204207073308,69,10.0,0.07284204207073308,0.7284204207073308,0.8093560230081454,0,3,-0.10542405484868933,1.2108481096973787,1.0000000000000007,1.0020184454674284,1.2108481096973787,0.0005380304396735633,0.0005380304396735633,1.2982952436687185,0,0.0,0.009626150131225586
1,spectral,jitter,0.1,0,3,0.001,0.9,1,100,0.007284204207073308,69,10.0,0.07284204207073308,0.7284204207073308,0.8093560230081454,0,3,-0.10542405484868944,1.2108481096973787,1.0000000000000013,1.0020184454674284,1.2108481096973787,0.0005380304396740282,0.0005380304396740282,1.2982952436687185,0,0.0,0.009318113327026367
1,spectralg,jitter,0.1,0,3,0.001,0.9,1,100,0.007284204207073308,69,10.0,0.07284204207073308,0.7284204207073308,0.8093560230081454,0,3,-0.10542405484868944,1.2108481096973787,1.0000000000000013,1.0020184454674284,1.2108481096973787,0.0005380304396740282,0.0005380304396740282,1.2982952436687185,0,0.0,0.009196043014526367
1,molfe,jitter,0.1,0,3,0.001,0.9,1,100,0.007284204207073308,69,10.0,0.07284204207073308,0.7284204207073308,0.8093560230081454,0,3,-0.4220797328268749,1.8441594656537499,1.1347082467595835,11893.698526667902,1.3726319877534892e+55,0.2594494167665091,0.2594494167665091,1.4989470885631586,0,0.0,0.008792877197265625
1,molrk3,jitter,0.1,0,3,0.001,0.9,1,100,0.007284204207073308,69,10.0,0.07284204207073308,0.7284204207073308,0.8093560230081454,0,3,-0.34344281265803683,1.697863789634514,1.0000000000000022,1.575297968381126,1.9768839938659606,0.00993533291809872,0.00993533291809872,1.2983366890363828,0,0.0,0.008097171783447266
1,maxent,jitter,0.1,0,3,0.001,0.9,1,100,0.007284204207073308,69,10.0,0.07284204207073308,0.7284204207073308,0.8093560230081454,79,3,-0.10542405484868944,1.2108481096973787,0.999999999999998,1.0020184454674308,1.2108481096973787,0.0005380304396833124,0.0005380304396833124,1.2982952436687185,0,0.0,1.2150599956512451
1,lp,jitter,0.1,0,3,0.001,0.9,1,100,0.007284204207073308,69,10.0,0.07284204207073308,0.7284204207073308,0.8093560230081454,79,3,-0.10542405484868944,1.2108481096973787,1.0000000000000004,1.0020184454674308,1.2108481096973787,0.0005380304396739588,0.0005380304396739588,1.2982952436687185,0,0.0,0.04754519462585449
1,lprand,jitter,0.1,0,3,0.001,0.9,1,100,0.007284204207073308,69,10.0,0.07284204207073308,0.7284204207073308,0.8093560230081454,79,3,-0.10542405484868944,1.2108481096973787,1.0000000000000004,1.0020184454674308,1.2108481096973787,0.0005380304396739588,0.0005380304396739588,1.2982952436687185,0,0.0,0.04706406593322754
1,maxentw,jitter,0.1,0,3,0.001,0.9,1,100,0.007284204207073308,69,10.0,0.07284204207073308,0.7284204207073308,0.8093560230081454,79,3,-0.10542405484868944,1.2108481096973787,0.999999999999998,1.0020184454674308,1.2108481096973787,0.0005380304396833124,0.0005380304396833124,1.2982952436687185,0,0.0,4.805373907089233
1,minnorm,jitter,0.1,0,5,0.001,0.9,1,100,0.007284204207073308,69,10.0,0.07284204207073308,0.7284204207073308,0.8093560230081454,0,5,-0.15066341162052577,1.3013268232410513,0.9999999999999996,1.2286529086248408,1.3013268232410513,0.023450339897136574,0.023450339897136574,1.2983793526921468,0,0.0,0.007850170135498047
1,projgauss,jitter,0.1,0,5,0.001,0.9,1,100,0.007284204207073308,69,10.0,0.07284204207073308,0.7284204207073308,0.8093560230081454,0,5,-0.10930834597471677,1.2186166919494337,0.9999999999999979,1.1682455357341401,1.2186166919494335,0.01659602664106502,0.01659602664106502,1.2983540860554976,0,0.0,0.0081939697265625
1,spectral,jitter,0.1,0,5,0.001,0.9,1,100,0.007284204207073308,69,10.0,0.07284204207073308,0.7284204207073308,0.8093560230081454,0,5,-0.19131078468362472,1.5852939729505893,1.0000000000000016,1.0011616392757596,1.5852939729505895,0.003833012597452286,0.003833012597452286,1.2982723682733035,0,0.0,0.012861013412475586
1,spectralg,jitter,0.1,0,5,0.001,0.9,1,100,0.007284204207073308,69,10.0,0.07284204207073308,0.7284204207073308,0.8093560230081454,0,5,-0.19131078468362472,1.5852939729505893,1.0000000000000016,1.0011616392757596,1.5852939729505895,0.003833012597452286,0.003833012597452286,1.2982723682733035,0,0.0,0.02559804916381836
1,molfe,jitter,0.1,0,5,0.001,0.9,1,100,0.007284204207073308,69,10.0,0.07284204207073308,0.7284204207073308,0.8093560230081454,0,5,-0.1541051797358201,1.451782056479078,1.042632377071747,55.50684256613249,2.9008315029400313e+181,0.21009517019001533,0.21009517019001533,1.457294998905109,0,0.0,0.008049964904785156
1,molrk3,jitter,0.1,0,5,0.001,0.9,1,100,0.007284204207073308,69,10.0,0.07284204207073308,0.7284204207073308,0.8093560230081454,0,5,-0.14599125108770358,1.4485733628687096,1.039139633965287,29.444375191176093,8.897545881774473e+166,0.03286498082447112,0.03286498082447112,1.298451038666974,0,0.0,0.007867813110351562
1,maxent,jitter,0.1,0,5,0.001,0.9,1,100,0.007284204207073308,69,10.0,0.07284204207073308,0.7284204207073308,0.8093560230081454,79,5,-0.15066341162052577,1.3013268232410513,0.9999999999999992,1.2174458981450662,1.3013268232410513,0.020514311675864063,0.020514311675864063,1.2983793526921468,0,0.0,1.267151117324829
1,lp,jitter,0.1,0,5,0.001,0.9,1,100,0.007284204207073308,69,10.0,0.07284204207073308,0.7284204207073308,0.8093560230081454,79,5,-0.15066341162052577,1.3013268232410513,0.9999999999999998,1.2168444434640147,1.3013268232410513,0.020456067109081585,0.020456067109081585,1.2983793526921468,0,0.0,0.04753994941711426
1,lprand,jitter,0.1,0,5,0.001,0.9,1,100,0.007284204207073308,69,10.0,0.07284204207073308,0.7284204207073308,0.8093560230081454,79,5,-0.15066341162052577,1.3013268232410513,0.9999999999999977,1.2165621638535167,1.3013268232410513,0.020489597302257474,0.020489597302257474,1.2983793526921468,0,0.0,0.04653215408325195
1,maxentw,jitter,0.1,0,5,0.001,0.9,1,100,0.007284204207073308,69,10.0,0.07284204207073308,0.7284204207073308,0.8093560230081454,79,5,-0.15066341162052577,1.3013268232410513,0.9999999999999992,1.2174458981450662,1.3013268232410513,0.020514311675864063,0.020514311675864063,1.2983793526921468,0,0.0,4.866271018981934
1,minnorm,jitter,0.1,0,7,0.001,0.9,1,100,0.007284204207073308,69,10.0,0.07284204207073308,0.7284204207073308,0.8093560230081454,0,7,-0.1443484379067611,1.2886968758135218,0.9999999999999981,1.345342439180966,1.345342439180966,0.0580162456745443,0.0580162456745443,1.2984721591968913,0,0.0,0.0076520442962646484
1,projgauss,jitter,0.1,0,7,0.001,0.9,1,100,0.007284204207073308,69,10.0,0.07284204207073308,0.7284204207073308,0.8093560230081454,0,7,-0.05790590203804689,1.1821885517693438,0.9999999999999998,1.1823645324348273,1.1823645324348273,0.023941063458702283,0.023941063458702283,1.2983653658416978,0,0.0,0.008374929428100586
1,spectral,jitter,0.1,0,7,0.001,0.9,1,100,0.007284204207073308,69,10.0,0.07284204207073308,0.7284204207073308,0.8093560230081454,0,7,-0.21174215471463345,1.7896516651820762,0.9999999999999966,1.0643681569191328,1.7896516651820762,0.00799015997156511,0.00799015997156511,1.298326169918194,0,0.0,0.015269994735717773
1,spectralg,jitter,0.1,0,7,0.001,0.9,1,100,0.007284204207073308,69,10.0,0.07284204207073308,0.7284204207073308,0.8093560230081454,0,7,-0.21174215471463345,1.7896516651820762,0.9999999999999966,1.0643681569191328,1.7896516651820762,0.00799015997156511,0.00799015997156511,1.298326169918194,0,0.0,0.028671979904174805
1,molfe,jitter,0.1,0,7,0.001,0.9,1,100,0.007284204207073308,69,10.0,0.07284204207073308,0.7284204207073308,0.8093560230081454,0,7,-0.07929907486953254,1.3174543856145282,1.0210420753862666,15.900125148598168,3.647438192120677e+90,0.21925328464648453,0.21925328464648453,1.4672902428784738,0,0.0,0.008758068084716797
1,molrk3,jitter,0.1,0,7,0.001,0.9,1,100,0.007284204207073308,69,10.0,0.07284204207073308,0.7284204207073308,0.8093560230081454,0,7,-0.0767744048487694,1.3207122137613596,1.0154789206402408,9.833581168227097,1.1358994970155353e+67,0.06848907438020263,0.06848907438020263,1.2986090072709668,0,0.0,0.0077037811279296875
1,maxent,jitter,0.1,0,7,0.001,0.9,1,100,0.007284204207073308,69,10.0,0.07284204207073308,0.7284204207073308,0.8093560230081454,79,7,-0.1443484379067611,1.2886968758135218,0.9999999999999982,1.328549661204292,1.3386096779055037,0.04971915264197008,0.04971915264197008,1.2984721591968913,0,0.0,1.3724470138549805
1,lp,jitter,0.1,0,7,0.001,0.9,1,100,0.007284204207073308,69,10.0,0.07284204207073308,0.7284204207073308,0.8093560230081454,79,7,-0.1443484379067611,1.2886968758135218,1.0,1.3279573061453154,1.3388374164686958,0.04974464021512259,0.04974464021512259,1.2984721591968913,0,0.0,0.05057930946350098
1,lprand,jitter,0.1,0,7,0.001,0.9,1,100,0.007284204207073308,69,10.0,0.07284204207073308,0.7284204207073308,0.8093560230081454,79,7,-0.1443484379067611,1.2886968758135218,1.0000000000000002,1.3279817796709876,1.3363614956591068,0.04980892948200957,0.04980892948200957,1.2984721591968913,0,0.0,0.05031704902648926
1,maxentw,jitter,0.1,0,7,0.001,0.9,1,100,0.007284204207073308,69,10.0,0.07284204207073308,0.7284204207073308,0.8093560230081454,79,7,-0.1443484379067611,1.2886968758135218,0.9999999999999982,1.328549661204292,1.3386096779055037,0.04971915264197008,0.04971915264197008,1.2984721591968913,0,0.0,5.012409210205078
1,minnorm,jitter,0.1,1,3,0.001,0.9,1,100,0.007420131309371925,68,10.0,0.07420131309371925,0.7420131309371925,0.8244590343746583,0,3,-0.0915255662223628,1.1830511324447257,1.0000000000000022,1.0008553388811146,1.1830511324447257,0.0002841778718645216,0.0002866631224625049,1.298180990957592,0,0.0,0.008894920349121094
1,projgauss,jitter,0.1,1,3,0.001,0.9,1,100,0.007420131309371925,68,10.0,0.07420131309371925,0.7420131309371925,0.8244590343746583,0,3,-0.09152556622236274,1.1830511324447253,1.0000000000000033,1.000855338881116,1.1830511324447253,0.0002841778718640775,0.0002866631224620608,1.2981809909575923,0,0.0,0.010618209838867188
1,spectral,jitter,0.1,1,3,0.001,0.9,1,100,0.007420131309371925,68,10.0,0.07420131309371925,0.7420131309371925,0.8244590343746583,0,3,-0.0915255662223628,1.1830511324447257,1.0000000000000022,1.0008553388811146,1.1830511324447257,0.0002841778718645216,0.0002866631224625049,1.298180990957592,0,0.0,0.010516166687011719
1,spectralg,jitter,0.1,1,3,0.001,0.9,1,100,0.007420131309371925,68,10.0,0.07420131309371925,0.7420131309371925,0.8244590343746583,0,3,-0.0915255662223628,1.1830511324447257,1.0000000000000022,1.0008553388811146,1.1830511324447257,0.0002841778718645216,0.0002866631224625049,1.298180990957592,0,0.0,0.009814023971557617
1,molfe,jitter,0.1,1,3,0.001,0.9,1,100,0.007420131309371925,68,10.0,0.07420131309371925,0.7420131309371925,0.8244590343746583,0,3,-0.4111641583224132,1.8223283166448263,1.1414052558203593,16227.30882788634,4.8025947876682925e+57,0.28737382966423297,0.28737382966423297,1.5114643399371628,0,0.0,0.008442163467407227
1,molrk3,jitter,0.1,1,3,0.001,0.9,1,100,0.007420131309371925,68,10.0,0.07420131309371925,0.7420131309371925,0.8244590343746583,0,3,-0.33404500103605517,1.6773517491749708,0.999999999999998,1.499614086140601,1.9209014196127554,0.009962916109120104,0.009962916109120104,1.298235565921792,0,0.0,0.0076351165771484375
1,maxent,jitter,0.1,1,3,0.001,0.9,1,100,0.007420131309371925,68,10.0,0.07420131309371925,0.7420131309371925,0.8244590343746583,72,3,-0.0915255662223628,1.1830511324447257,1.0000000000000027,1.0008553388811843,1.1830511324447257,0.0002841778751725421,0.0002866631258593433,1.298180990957592,0,0.0,1.1590540409088135
1,lp,jitter,0.1,1,3,0.001,0.9,1,100,0.007420131309371925,68,10.0,0.07420131309371925,0.7420131309371925,0.8244590343746583,72,3,-0.0915255662223628,1.1830511324447257,1.0000000000000024,1.0008553388811154,1.1830511324447257,0.0002841778718641885,0.00028666312246228287,1.2981809909575923,0,0.0,0.04834604263305664
1,lprand,jitter,0.1,1,3,0.001,0.9,1,100,0.007420131309371925,68,10.0,0.07420131309371925,0.7420131309371925,0.8244590343746583,72,3,-0.0915255662223628,1.1830511324447257,0.9999999999999994,1.0008553388811154,1.1830511324447257,0.0002841778718641885,0.00028666312246228287,1.2981809909575923,0,0.0,0.048716068267822266
1,maxentw,jitter,0.1,1,3,0.001,0.9,1,100,0.007420131309371925,68,10.0,0.07420131309371925,0.7420131309371925,0.8244590343746583,72,3,-0.0915255662223628,1.1830511324447257,1.0000000000000027,1.0008553388811843,1.1830511324447257,0.0002841778751725421,0.0002866631258593433,1.298180990957592,0,0.0,4.43923020362854
1,minnorm,jitter,0.1,1,5,0.001,0.9,1,100,0.007420131309371925,68,10.0,0.07420131309371925,0.7420131309371925,0.8244590343746583,0,5,-0.15201517751203478,1.3040303550240684,1.0,1.2241172155449789,1.3040303550240684,0.02330596592854258,0.02330596592854258,1.298273513022341,0,0.0,0.007597923278808594
1,projgauss,jitter,0.1,1,5,0.001,0.9,1,100,0.007420131309371925,68,10.0,0.07420131309371925,0.7420131309371925,0.8244590343746583,0,5,-0.10819149910255628,1.2163829982051126,1.0000000000000002,1.166762921672275,1.2163829982051129,0.016493394502640674,0.016493394502640674,1.2982495091970194,0,0.0,0.008339166641235352
1,spectral,jitter,0.1,1,5,0.001,0.9,1,100,0.007420131309371925,68,10.0,0.07420131309371925,0.7420131309371925,0.8244590343746583,0,5,-0.18851708405014214,1.5569276114094297,0.9999999999999992,1.0003586972999061,1.5569276114094297,0.003547549570544442,0.003547549570544442,1.2981899833435522,0,0.0,0.013115882873535156
1,spectralg,jitter,0.1,1,5,0.001,0.9,1,100,0.007420131309371925,68,10.0,0.07420131309371925,0.7420131309371925,0.8244590343746583,0,5,-0.18851708405014214,1.5569276114094297,0.9999999999999992,1.0003586972999061,1.5569276114094297,0.003547549570544442,0.003547549570544442,1.2981899833435522,0,0.0,0.025282859802246094
1,molfe,jitter,0.1,1,5,0.001,0.9,1,100,0.007420131309371925,68,10.0,0.07420131309371925,0.7420131309371925,0.8244590343746583,0,5,-0.15846104950957643,1.4551997357775006,1.044784960107569,60.07092400812232,2.6149534921415376e+190,0.21509894655992667,0.21509894655992667,1.4630795725122034,0,0.0,0.008204221725463867
1,molrk3,jitter,0.1,1,5,0.001,0.9,1,100,0.007420131309371925,68,10.0,0.07420131309371925,0.7420131309371925,0.8244590343746583,0,5,-0.15003096376524544,1.4533114376432807,1.0394838631601748,30.020598550042457,2.389313773999624e+168,0.032958619703530145,0.032958619703530145,1.298351912842569,0,0.0,0.007980108261108398
1,maxent,jitter,0.1,1,5,0.001,0.9,1,100,0.007420131309371925,68,10.0,0.07420131309371925,0.7420131309371925,0.8244590343746583,72,5,-0.15201517751203478,1.3040303550240684,1.0,1.2069268763593999,1.3040303550240684,0.018153657354732556,0.018153657354732556,1.298188163229234,0,0.0,1.2154207229614258
1,lp,jitter,0.1,1,5,0.001,0.9,1,100,0.007420131309371925,68,10.0,0.07420131309371925,0.7420131309371925,0.8244590343746583,72,5,-0.15201517751203478,1.3040303550240684,1.000000000000003,1.2058607021749423,1.3040303550240684,0.018098801219152593,0.018098801219152593,1.2981882027095275,0,0.0,0.04754924774169922
1,lprand,jitter,0.1,1,5,0.001,0.9,1,100,0.007420131309371925,68,10.0,0.07420131309371925,0.7420131309371925,0.8244590343746583,72,5,-0.15201517751203478,1.3040303550240684,0.9999999999999993,1.2058555242134978,1.3040303550240684,0.018120079060857268,0.018120079060857268,1.298180990957592,0,0.0,0.047888994216918945
1,maxentw,jitter,0.1,1,5,0.001,0.9,1,100,0.007420131309371925,68,10.0,0.07420131309371925,0.7420131309371925,0.8244590343746583,72,5,-0.15201517751203478,1.3040303550240684,1.0,1.2069268763593999,1.3040303550240684,0.018153657354732556,0.018153657354732556,1.298188163229234,0,0.0,4.48723292350769
1,minnorm,jitter,0.1,1,7,0.001,0.9,1,100,0.007420131309371925,68,10.0,0.07420131309371925,0.7420131309371925,0.8244590343746583,0,7,-0.14118705218764993,1.2823741043753,0.9999999999999989,1.3400555664937381,1.3400555664937381,0.058123454951294395,0.058123454951294395,1.2984149699750605,0,0.0,0.00751805305480957
1,projgauss,jitter,0.1,1,7,0.001,0.9,1,100,0.007420131309371925,68,10.0,0.07420131309371925,0.7420131309371925,0.8244590343746583,0,7,-0.05767915247599011,1.1683927849150908,1.0000000000000004,1.1823173873444048,1.1823173873444048,0.02391507803394366,0.02391507803394366,1.298281859812283,0,0.0,0.008342981338500977
1,spectral,jitter,0.1,1,7,0.001,0.9,1,100,0.007420131309371925,68,10.0,0.07420131309371925,0.7420131309371925,0.8244590343746583,0,7,-0.16810653159657102,1.7174568177206513,0.9999999999999998,1.0578425597393657,1.7174568177206513,0.007512588523972172,0.007512588523972172,1.2981959048274203,0,0.0,0.014050960540771484
1,spectralg,jitter,0.1,1,7,0.001,0.9,1,100,0.007420131309371925,68,10.0,0.07420131309371925,0.7420131309371925,0.8244590343746583,0,7,-0.16810653159657102,1.7174568177206513,0.9999999999999998,1.0578425597393657,1.7174568177206513,0.007512588523972172,0.007512588523972172,1.2981959048274203,0,0.0,0.027832746505737305
1,molfe,jitter,0.1,1,7,0.001,0.9,1,100,0.007420131309371925,68,10.0,0.07420131309371925,0.7420131309371925,0.8244590343746583,0,7,-0.08369208733893553,1.3228650389820797,1.0221031709138302,15.57573580931365,1.1819206261252267e+95,0.2230973758125232,0.2230973758125232,1.4704544254963634,0,0.0,0.00826883316040039
1,molrk3,jitter,0.1,1,7,0.001,0.9,1,100,0.007420131309371925,68,10.0,0.07420131309371925,0.7420131309371925,0.8244590343746583,0,7,-0.08090641320040716,1.3286443696840737,1.0153883037011755,9.60705283352543,4.250860121282068e+66,0.06791770807722752,0.06791770807722752,1.2985219244556998,0,0.0,0.008105993270874023
1,maxent,jitter,0.1,1,7,0.001,0.9,1,100,0.007420131309371925,68,10.0,0.07420131309371925,0.7420131309371925,0.8244590343746583,72,7,-0.14118705218764993,1.2823741043753,1.0,1.3214469880491917,1.3376006943905658,0.04363903632483238,0.04363903632483238,1.2981881661922974,0,0.0,1.1549861431121826
1,lp,jitter,0.1,1,7,0.001,0.9,1,100,0.007420131309371925,68,10.0,0.07420131309371925,0.7420131309371925,0.8244590343746583,72,7,-0.14118705218764993,1.2823741043753,0.999999999999998,1.320429561174454,1.33216733493679,0.04371496119453045,0.04371496119453045,1.2981882027095275,0,0.0,0.04739999771118164
1,lprand,jitter,0.1,1,7,0.001,0.9,1,100,0.007420131309371925,68,10.0,0.07420131309371925,0.7420131309371925,0.8244590343746583,72,7,-0.14118705218764993,1.2823741043753,0.9999999999999984,1.3207981288451909,1.3371830379252554,0.043695613154703286,0.043695613154703286,1.2981797281973717,0,0.0,0.047647953033447266
1,maxentw,jitter,0.1,1,7,0.001,0.9,1,100,0.007420131309371925,68,10.0,0.07420131309371925,0.7420131309371925,0.8244590343746583,72,7,-0.14118705218764993,1.2823741043753,1.0,1.3214469880491917,1.3376006943905658,0.04363903632483238,0.04363903632483238,1.2981881661922974,0,0.0,4.431384086608887
1,minnorm,jitter,0.25,0,3,0.001,0.9,1,100,0.004710510517683309,107,10.0,0.04710510517683309,0.47105105176833084,0.5233900575203676,0,3,-0.3005668276072849,1.6011336552145694,1.0000000000000027,1.2334648193033257,1.6011336552145692,0.006171811136672402,0.006171811136672402,1.2980222352093418,0,0.0,0.008437156677246094
1,projgauss,jitter,0.25,0,3,0.001,0.9,1,100,0.004710510517683309,107,10.0,0.04710510517683309,0.47105105176833084,0.5233900575203676,0,3,-0.3005668276072846,1.6011336552145696,1.0000000000000004,1.2334648193033102,1.6011336552145696,0.006171811136675507,0.006171811136675507,1.298022235209341,0,0.0,0.010242938995361328
1,spectral,jitter,0.25,0,3,0.001,0.9,1,100,0.004710510517683309,107,10.0,0.04710510517683309,0.47105105176833084,0.5233900575203676,0,3,-0.3005668276072849,1.6011336552145694,1.0000000000000027,1.2334648193033257,1.6011336552145692,0.006171811136672402,0.006171811136672402,1.2980222352093418,0,0.0,0.009676933288574219
1,spectralg,jitter,0.25,0,3,0.001,0.9,1,100,0.004710510517683309,107,10.0,0.04710510517683309,0.47105105176833084,0.5233900575203676,0,3,-0.3005668276072849,1.6011336552145694,1.0000000000000027,1.2334648193033257,1.6011336552145692,0.006171811136672402,0.006171811136672402,1.2980222352093418,0,0.0,0.008966207504272461
1,molfe,jitter,0.25,0,3,0.001,0.9,1,100,0.004710510517683309,107,10.0,0.04710510517683309,0.47105105176833084,0.5233900575203676,0,3,-0.4877752378177863,1.9755504756355728,1.0307010189342132,89.00180257581322,4.557553699444251e+131,0.13028229887630882,0.13028229887630882,1.3768789153674423,0,0.0,0.009697198867797852
1,molrk3,jitter,0.25,0,3,0.001,0.9,1,100,0.004710510517683309,107,10.0,0.04710510517683309,0.47105105176833084,0.5233900575203676,0,3,-0.4294739290169032,1.8630608917459794,1.0000000000000027,2.675723012824863,3.442441919230307,0.01108398768583558,0.01108398768583558,1.2980513319553602,0,0.0,0.008322000503540039
1,maxent,jitter,0.25,0,3,0.001,0.9,1,100,0.004710510517683309,107,10.0,0.04710510517683309,0.47105105176833084,0.5233900575203676,93,3,-0.3005668276072849,1.6011336552145694,1.0,1.2334648193158217,1.6011336552145692,0.006171811104574675,0.006171811104574675,1.2980222352093418,0,0.0,1.4665141105651855
1,lp,jitter,0.25,0,3,0.001,0.9,1,100,0.004710510517683309,107,10.0,0.04710510517683309,0.47105105176833084,0.5233900575203676,93,3,-0.3005668276072849,1.6011336552145694,1.0000000000000033,1.2334648193033255,1.6011336552145692,0.0061718111366722735,0.0061718111366722735,1.2980222352093418,0,0.0,0.045445919036865234
1,lprand,jitter,0.25,0,3,0.001,0.9,1,100,0.004710510517683309,107,10.0,0.04710510517683309,0.47105105176833084,0.5233900575203676,93,3,-0.3005668276072849,1.6011336552145694,1.0000000000000033,1.2334648193033255,1.6011336552145692,0.0061718111366722735,0.0061718111366722735,1.2980222352093418,0,0.0,0.047461748123168945
1,maxentw,jitter,0.25,0,3,0.001,0.9,1,100,0.004710510517683309,107,10.0,0.04710510517683309,0.47105105176833084,0.5233900575203676,93,3,-0.3005668276072849,1.6011336552145694,1.0,1.2334648193158217,1.6011336552145692,0.006171811104574675,0.006171811104574675,1.2980222352093418,0,0.0,5.71931004524231
1,minnorm,jitter,0.25,0,5,0.001,0.9,1,100,0.004710510517683309,107,10.0,0.04710510517683309,0.47105105176833084,0.5233900575203676,0,5,-0.18404092247914494,1.407603593974683,1.0000000000000016,1.2938551939058096,1.4151150251179678,0.027573643830997085,0.027573643830997085,1.2981301830752774,0,0.0,0.007834911346435547
1,projgauss,jitter,0.25,0,5,0.001,0.9,1,100,0.004710510517683309,107,10.0,0.04710510517683309,0.47105105176833084,0.5233900575203676,0,5,-0.15441999654430727,1.3636219268759588,0.9999999999999998,1.2304202720568986,1.3636219268759588,0.02038487556004022,0.02038487556004022,1.2980924526319804,0,0.0,0.008654117584228516
1,spectral,jitter,0.25,0,5,0.001,0.9,1,100,0.004710510517683309,107,10.0,0.04710510517683309,0.47105105176833084,0.5233900575203676,0,5,-0.432188439617788,2.345501908097551,0.9999999999999983,1.3285942189402231,2.3455019080975505,0.010566970727183225,0.010566970727183225,1.2979033856560878,0,0.0,0.013327836990356445
1,spectralg,jitter,0.25,0,5,0.001,0.9,1,100,0.004710510517683309,107,10.0,0.04710510517683309,0.47105105176833084,0.5233900575203676,0,5,-0.432188439617788,2.345501908097551,1.0000000000000002,1.3282579320691714,2.3455019080975505,0.010563360308749825,0.010563360308749825,1.2979033856560878,0,0.0,0.02564406394958496
1,molfe,jitter,0.25,0,5,0.001,0.9,1,100,0.004710510517683309,107,10.0,0.04710510517683309,0.47105105176833084,0.5233900575203676,0,5,-0.13084638761777945,1.3499662494736713,1.0162683532334729,32.63771292832011,4.7877202160015256e+70,0.1330512975418099,0.1330512975418099,1.3807741237058362,0,0.0,0.008398294448852539
1,molrk3,jitter,0.25,0,5,0.001,0.9,1,100,0.004710510517683309,107,10.0,0.04710510517683309,0.47105105176833084,0.5233900575203676,0,5,-0.1267355453812307,1.3499959476922254,1.0164014004871402,25.545873945839595,1.7779188867425035e+71,0.03308359228675838,0.03308359228675838,1.2982129743278867,0,0.0,0.008664131164550781
1,maxent,jitter,0.25,0,5,0.001,0.9,1,100,0.004710510517683309,107,10.0,0.04710510517683309,0.47105105176833084,0.5233900575203676,93,5,-0.18404092247914494,1.407603593974683,1.0000000000000016,1.2761352018972567,1.408050069993444,0.026381662972858058,0.026381662972858058,1.2981301830752774,0,0.0,1.4667530059814453
1,lp,jitter,0.25,0,5,0.001,0.9,1,100,0.004710510517683309,107,10.0,0.04710510517683309,0.47105105176833084,0.5233900575203676,93,5,-0.18404092247914494,1.407603593974683,1.0000000000000002,1.275779734924867,1.413040232509808,0.026375937789095256,0.026375937789095256,1.2981301830752774,0,0.0,0.046930789947509766
1,lprand,jitter,0.25,0,5,0.001,0.9,1,100,0.004710510517683309,107,10.0,0.04710510517683309,0.47105105176833084,0.5233900575203676,93,5,-0.18404092247914494,1.407603593974683,1.0000000000000009,1.2759200247683178,1.407603593974683,0.026380345727511023,0.026380345727511023,1.2981301830752774,0,0.0,0.04552316665649414
1,maxentw,jitter,0.25,0,5,0.001,0.9,1,100,0.004710510517683309,107,10.0,0.04710510517683309,0.47105105176833084,0.5233900575203676,93,5,-0.18404092247914494,1.407603593974683,1.0000000000000016,1.2761352018972567,1.408050069993444,0.026381662972858058,0.026381662972858058,1.2981301830752774,0,0.0,5.685644865036011
1,minnorm,jitter,0.25,0,7,0.001,0.9,1,100,0.004710510517683309,107,10.0,0.04710510517683309,0.47105105176833084,0.5233900575203676,0,7,-0.15179587609351866,1.415854649784832,0.999999999999999,1.3555030426887176,1.415854649784832,0.06262470882689822,0.06262470882689822,1.2982575596796546,0,0.0,0.00786900520324707
1,projgauss,jitter,0.25,0,7,0.001,0.9,1,100,0.004710510517683309,107,10.0,0.04710510517683309,0.47105105176833084,0.5233900575203676,0,7,-0.07912870719043083,1.2900784851329925,1.0000000000000009,1.1990986942429356,1.2900784851329925,0.027240879980812205,0.027240879980812205,1.2980968473627381,0,0.0,0.008363962173461914
1,spectral,jitter,0.25,0,7,0.001,0.9,1,100,0.004710510517683309,107,10.0,0.04710510517683309,0.47105105176833084,0.5233900575203676,0,7,-0.5299944962792723,2.760962153182951,1.000000000000003,1.2675775196914707,2.7609621531829514,0.02309289308529703,0.02309289308529703,1.298140846153478,0,0.0,0.01453089714050293
1,spectralg,jitter,0.25,0,7,0.001,0.9,1,100,0.004710510517683309,107,10.0,0.04710510517683309,0.47105105176833084,0.5233900575203676,0,7,-0.5299944962792723,2.760962153182951,1.0000000000000007,1.267575821197092,2.7609621531829514,0.02306735222946949,0.02306735222946949,1.298140846153478,0,0.0,0.028298139572143555
1,molfe,jitter,0.25,0,7,0.001,0.9,1,100,0.004710510517683309,107,10.0,0.04710510517683309,0.47105105176833084,0.5233900575203676,0,7,-0.060846113777574706,1.2181369555550683,1.0091171389741331,15.06770213463273,1.0643267949850197e+40,0.14739652746273824,0.14739652746273824,1.392052074369354,0,0.0,0.0077898502349853516
1,molrk3,jitter,0.25,0,7,0.001,0.9,1,100,0.004710510517683309,107,10.0,0.04710510517683309,0.47105105176833084,0.5233900575203676,0,7,-0.05990865826556423,1.2191696054434806,1.0091350192331272,13.060763826468296,1.1641409256794315e+40,0.06994420490303738,0.06994420490303738,1.2984134757550225,0,0.0,0.008738994598388672
1,maxent,jitter,0.25,0,7,0.001,0.9,1,100,0.004710510517683309,107,10.0,0.04710510517683309,0.47105105176833084,0.5233900575203676,93,7,-0.15179587609351866,1.415854649784832,1.0000000000000009,1.3389804055525238,1.415854649784832,0.0563886521085577,0.0563886521085577,1.2982575596796546,0,0.0,1.444270133972168
1,lp,jitter,0.25,0,7,0.001,0.9,1,100,0.004710510517683309,107,10.0,0.04710510517683309,0.47105105176833084,0.5233900575203676,93,7,-0.15179587609351866,1.415854649784832,1.0000000000000002,1.338562116973222,1.415854649784832,0.056366717568795965,0.056366717568795965,1.2982575596796546,0,0.0,0.047287702560424805
1,lprand,jitter,0.25,0,7,0.001,0.9,1,100,0.004710510517683309,107,10.0,0.04710510517683309,0.47105105176833084,0.5233900575203676,93,7,-0.15179587609351866,1.415854649784832,0.9999999999999951,1.3387052157159205,1.415854649784832,0.05638637492299686,0.05638637492299686,1.2982575596796546,0,0.0,0.045641183853149414
1,maxentw,jitter,0.25,0,7,0.001,0.9,1,100,0.004710510517683309,107,10.0,0.04710510517683309,0.47105105176833084,0.5233900575203676,93,7,-0.15179587609351866,1.415854649784832,1.0000000000000009,1.3389804055525238,1.415854649784832,0.0563886521085577,0.0563886521085577,1.2982575596796546,0,0.0,5.694305896759033
1,minnorm,jitter,0.25,1,3,0.001,0.9,1,100,0.005050328273429899,100,10.0,0.050503282734298986,0.5050328273429899,0.5611475859366555,0,3,-0.25761734991617846,1.515234699832357,1.0000000000000036,1.1473811720826455,1.5152346998323567,0.005669655310439836,0.005669655310439836,1.2975834369505803,0,0.0,0.008336782455444336
1,projgauss,jitter,0.25,1,3,0.001,0.9,1,100,0.005050328273429899,100,10.0,0.050503282734298986,0.5050328273429899,0.5611475859366555,0,3,-0.2576173499161786,1.5152346998323574,1.0000000000000044,1.1473811720826366,1.5152346998323574,0.005669655310442681,0.005669655310442681,1.2975834369505792,0,0.0,0.010092020034790039
1,spectral,jitter,0.25,1,3,0.001,0.9,1,100,0.005050328273429899,100,10.0,0.050503282734298986,0.5050328273429899,0.5611475859366555,0,3,-0.25761734991617846,1.515234699832357,1.0000000000000036,1.1473811720826455,1.5152346998323567,0.005669655310439836,0.005669655310439836,1.2975834369505803,0,0.0,0.009636878967285156
1,spectralg,jitter,0.25,1,3,0.001,0.9,1,100,0.005050328273429899,100,10.0,0.050503282734298986,0.5050328273429899,0.5611475859366555,0,3,-0.25761734991617846,1.515234699832357,1.0000000000000036,1.1473811720826455,1.5152346998323567,0.005669655310439836,0.005669655310439836,1.2975834369505803,0,0.0,0.009234905242919922
1,molfe,jitter,0.25,1,3,0.001,0.9,1,100,0.005050328273429899,100,10.0,0.050503282734298986,0.5050328273429899,0.5611475859366555,0,3,-0.5001663973889723,2.000332794777945,1.0397510120067979,171.5536763936492,4.768526535074433e+169,0.14033448053155917,0.14033448053155917,1.3852234770167453,0,0.0,0.008645057678222656
1,molrk3,jitter,0.25,1,3,0.001,0.9,1,100,0.005050328273429899,100,10.0,0.050503282734298986,0.5050328273429899,0.5611475859366555,0,3,-0.40838483568972905,1.820115746955713,1.0000000000000042,2.6115043791020294,3.445407452579351,0.011084334618172341,0.011084334618172341,1.297554392671106,0,0.0,0.008275985717773438
1,maxent,jitter,0.25,1,3,0.001,0.9,1,100,0.005050328273429899,100,10.0,0.050503282734298986,0.5050328273429899,0.5611475859366555,92,3,-0.25761734991617846,1.515234699832357,1.000000000000002,1.147381172082647,1.5152346998323567,0.005669655310451639,0.005669655310451639,1.2975834369505803,0,0.0,1.4149861335754395
1,lp,jitter,0.25,1,3,0.001,0.9,1,100,0.005050328273429899,100,10.0,0.050503282734298986,0.5050328273429899,0.5611475859366555,92,3,-0.25761734991617846,1.515234699832357,1.0000000000000018,1.1473811720826457,1.5152346998323567,0.005669655310440093,0.005669655310440093,1.2975834369505803,0,0.0,0.0471348762512207
1,lprand,jitter,0.25,1,3,0.001,0.9,1,100,0.005050328273429899,100,10.0,0.050503282734298986,0.5050328273429899,0.5611475859366555,92,3,-0.25761734991617846,1.515234699832357,1.0000000000000007,1.1473811720826455,1.5152346998323567,0.005669655310440093,0.005669655310440093,1.2975834369505803,0,0.0,0.0469510555267334
1,maxentw,jitter,0.25,1,3,0.001,0.9,1,100,0.005050328273429899,100,10.0,0.050503282734298986,0.5050328273429899,0.5611475859366555,91,5,-0.25761734991617846,1.515234699832357,1.0000000000000022,1.147381033438905,1.5152346998323567,0.005679523381179913,0.005679523381179913,1.2975834369505803,0,0.0,5.5506432056427
1,minnorm,jitter,0.25,1,5,0.001,0.9,1,100,0.005050328273429899,100,10.0,0.050503282734298986,0.5050328273429899,0.5611475859366555,0,5,-0.17400653066724078,1.397346892759258,1.0000000000000022,1.288860819184512,1.397346892759258,0.027329056069647802,0.027329056069647802,1.29738371096837,0,0.0,0.007251262664794922
1,projgauss,jitter,0.25,1,5,0.001,0.9,1,100,0.005050328273429899,100,10.0,0.050503282734298986,0.5050328273429899,0.5611475859366555,0,5,-0.14442383003813863,1.3635601508843693,0.9999999999999994,1.2217049045699537,1.3635601508843693,0.020202085352678766,0.020202085352678766,1.2974474729621037,0,0.0,0.007915973663330078
1,spectral,jitter,0.25,1,5,0.001,0.9,1,100,0.005050328273429899,100,10.0,0.050503282734298986,0.5050328273429899,0.5611475859366555,0,5,-0.42387570673937564,2.3221786056759823,0.9999999999999964,1.2875796027481778,2.322178605675982,0.00992548056468081,0.00992548056468081,1.2977198515687087,0,0.0,0.012869119644165039
1,spectralg,jitter,0.25,1,5,0.001,0.9,1,100,0.005050328273429899,100,10.0,0.050503282734298986,0.5050328273429899,0.5611475859366555,0,5,-0.4152287478901426,2.3221786056759823,1.0000000000000002,1.2867000269642714,2.322178605675982,0.009918201147406859,0.009918201147406859,1.2977198515687087,0,0.0,0.02438521385192871
1,molfe,jitter,0.25,1,5,0.001,0.9,1,100,0.005050328273429899,100,10.0,0.050503282734298986,0.5050328273429899,0.5611475859366555,0,5,-0.14398477037951318,1.3575763502425016,1.019069298962209,37.90220714765826,3.3116494130297466e+82,0.1441027970431994,0.1441027970431994,1.3918719434722366,0,0.0,0.007989883422851562
1,molrk3,jitter,0.25,1,5,0.001,0.9,1,100,0.005050328273429899,100,10.0,0.050503282734298986,0.5050328273429899,0.5611475859366555,0,5,-0.14020160359892347,1.3593184513419332,1.015951392613114,28.83033127053317,1.7260225105716893e+69,0.03321921226752869,0.03321921226752869,1.2974156701896566,0,0.0,0.007729291915893555
1,maxent,jitter,0.25,1,5,0.001,0.9,1,100,0.005050328273429899,100,10.0,0.050503282734298986,0.5050328273429899,0.5611475859366555,91,5,-0.17400653066724078,1.397346892759258,0.9999999999999998,1.2749846500418558,1.397346892759258,0.025664197534367626,0.025664197534367626,1.29738371096837,0,0.0,1.4107329845428467
1,lp,jitter,0.25,1,5,0.001,0.9,1,100,0.005050328273429899,100,10.0,0.050503282734298986,0.5050328273429899,0.5611475859366555,91,5,-0.17400653066724078,1.397346892759258,1.0000000000000004,1.2741831781905562,1.397346892759258,0.025628156148666745,0.025628156148666745,1.29738371096837,0,0.0,0.046160221099853516
1,lprand,jitter,0.25,1,5,0.001,0.9,1,100,0.005050328273429899,100,10.0,0.050503282734298986,0.5050328273429899,0.5611475859366555,91,5,-0.17400653066724078,1.397346892759258,1.0000000000000004,1.274648447924854,1.397346892759258,0.025655228390215456,0.025655228390215456,1.29738371096837,0,0.0,0.045267343521118164
1,maxentw,jitter,0.25,1,5,0.001,0.9,1,100,0.005050328273429899,100,10.0,0.050503282734298986,0.5050328273429899,0.5611475859366555,91,5,-0.17400653066724078,1.397346892759258,0.9999999999999998,1.2749846500418558,1.397346892759258,0.025664197534367626,0.025664197534367626,1.29738371096837,0,0.0,5.541250228881836
1,minnorm,jitter,0.25,1,7,0.001,0.9,1,100,0.005050328273429899,100,10.0,0.050503282734298986,0.5050328273429899,0.5611475859366555,0,7,-0.14975459624719994,1.3968037587341509,1.0000000000000004,1.3523245661603935,1.3968037587341509,0.06276456382159559,0.06276456382159559,1.29724385593788,0,0.0,0.0073049068450927734
1,projgauss,jitter,0.25,1,7,0.001,0.9,1,100,0.005050328273429899,100,10.0,0.050503282734298986,0.5050328273429899,0.5611475859366555,0,7,-0.0789376090773221,1.2484179878857864,0.9999999999999992,1.1995259946896415,1.2484179878857866,0.02703904305225502,0.02703904305225502,1.2973454062403094,0,0.0,0.00795888900756836
1,spectral,jitter,0.25,1,7,0.001,0.9,1,100,0.005050328273429899,100,10.0,0.050503282734298986,0.5050328273429899,0.5611475859366555,0,7,-0.3964770486641288,2.5473358184297243,0.9999999999999973,1.2527036795554816,2.5473358184297243,0.021767369942152136,0.021767369942152136,1.2974484199412906,0,0.0,0.013349771499633789
1,spectralg,jitter,0.25,1,7,0.001,0.9,1,100,0.005050328273429899,100,10.0,0.050503282734298986,0.5050328273429899,0.5611475859366555,0,7,-0.39279868344438273,2.5473358184297243,1.0000000000000029,1.252735610904761,2.5473358184297243,0.021772470016416016,0.021772470016416016,1.2974484199412906,0,0.0,0.029168128967285156
1,molfe,jitter,0.25,1,7,0.001,0.9,1,100,0.005050328273429899,100,10.0,0.050503282734298986,0.5050328273429899,0.5611475859366555,0,7,-0.07021682384151813,1.237630060067727,1.0090869565386495,13.585944484519201,5.640278823083127e+39,0.15659224494412927,0.15659224494412927,1.4010202921484984,0,0.0,0.007943868637084961
1,molrk3,jitter,0.25,1,7,0.001,0.9,1,100,0.005050328273429899,100,10.0,0.050503282734298986,0.5050328273429899,0.5611475859366555,0,7,-0.06880183460490458,1.242077347118687,1.008080079756432,11.13089571978188,4.35455248046489e+35,0.068672752497457,0.068672752497457,1.2977400196638484,0,0.0,0.007643938064575195
1,maxent,jitter,0.25,1,7,0.001,0.9,1,100,0.005050328273429899,100,10.0,0.050503282734298986,0.5050328273429899,0.5611475859366555,91,7,-0.14975459624719994,1.3968037587341509,1.0000000000000004,1.3412188635127413,1.3968037587341509,0.05811782484419292,0.05811782484419292,1.2972445917244886,0,0.0,1.4138469696044922
1,lp,jitter,0.25,1,7,0.001,0.9,1,100,0.005050328273429899,100,10.0,0.050503282734298986,0.5050328273429899,0.5611475859366555,91,7,-0.14975459624719994,1.3968037587341509,1.0000000000000007,1.340556125045428,1.3968037587341509,0.05812660498897135,0.05812660498897135,1.2972443946228434,0,0.0,0.04559683799743652
1,lprand,jitter,0.25,1,7,0.001,0.9,1,100,0.005050328273429899,100,10.0,0.050503282734298986,0.5050328273429899,0.5611475859366555,91,7,-0.14975459624719994,1.3968037587341509,1.0000000000000007,1.341250855246074,1.3968037587341509,0.058126663511452625,0.058126663511452625,1.297244590841604,0,0.0,0.044954776763916016
1,maxentw,jitter,0.25,1,7,0.001,0.9,1,100,0.005050328273429899,100,10.0,0.050503282734298986,0.5050328273429899,0.5611475859366555,91,7,-0.14975459624719994,1.3968037587341509,1.0000000000000004,1.3412188635127413,1.3968037587341509,0.05811782484419292,0.05811782484419292,1.2972445917244886,0,0.0,5.5794219970703125
1,minnorm,jitter,0.45,0,3,0.001,0.9,1,100,0.0009086853523292773,551,10.0,0.009086853523292773,0.09086853523292773,0.14210210353664543,0,3,-0.9065892162839038,2.8131784325678075,1.0055065263595147,485400.51902892167,1.5478451334797423e+27,22.400110314959715,22.400110314959715,22.267551189300978,1,0.0,0.00811004638671875
1,projgauss,jitter,0.45,0,3,0.001,0.9,1,100,0.0009086853523292773,551,10.0,0.009086853523292773,0.09086853523292773,0.14210210353664543,0,3,-0.9065892162839051,2.81317843256781,1.0055065263595768,485400.51894944726,1.547845055678501e+27,22.40011027720658,22.40011027720658,22.267551151547842,1,0.0,0.010397911071777344
1,spectral,jitter,0.45,0,3,0.001,0.9,1,100,0.0009086853523292773,551,10.0,0.009086853523292773,0.09086853523292773,0.14210210353664543,0,3,-0.9065892162839038,2.8131784325678075,1.0055065263595147,485400.51902892167,1.5478451334797423e+27,22.400110314959715,22.400110314959715,22.267551189300978,1,0.0,0.00906515121459961
1,spectralg,jitter,0.45,0,3,0.001,0.9,1,100,0.0009086853523292773,551,10.0,0.009086853523292773,0.09086853523292773,0.14210210353664543,0,3,-0.9065892162839038,2.8131784325678075,1.0055065263595147,485400.51902892167,1.5478451334797423e+27,22.400110314959715,22.400110314959715,22.267551189300978,1,0.0,0.008558988571166992
1,molfe,jitter,0.45,0,3,0.001,0.9,1,100,0.0009086853523292773,551,10.0,0.009086853523292773,0.09086853523292773,0.14210210353664543,0,3,-0.8505260864556317,2.7010521729112633,1.0097135992570765,1432251.8109987716,8.104389113037828e+44,105.6325857538686,105.6325857538686,105.62626103127349,1,0.0,0.009285688400268555
1,molrk3,jitter,0.45,0,3,0.001,0.9,1,100,0.0009086853523292773,551,10.0,0.009086853523292773,0.09086853523292773,0.14210210353664543,0,3,-0.9065892162839047,2.8131784325678093,1.0097411564186636,1466997.841587041,1.7455046126303735e+45,108.9552237094116,108.9552237094116,108.94889898681649,1,0.0,0.009366035461425781
1,maxent,jitter,0.45,0,3,0.001,0.9,1,100,0.0009086853523292773,551,10.0,0.009086853523292773,0.09086853523292773,0.14210210353664543,94,3,-0.9065892162839038,2.8131784325678075,1.0055065263595098,485400.51900816493,1.5478451374647622e+27,22.400110297535626,22.400110297535626,22.26755117187689,1,0.0,1.4315650463104248
1,lp,jitter,0.45,0,3,0.001,0.9,1,100,0.0009086853523292773,551,10.0,0.009086853523292773,0.09086853523292773,0.14210210353664543,94,3,-0.9065892162839038,2.8131784325678075,1.0055065263595027,485400.5187417349,1.5478451204598044e+27,22.400110296321003,22.400110296321003,22.267551170662266,1,0.0,0.047041893005371094
1,lprand,jitter,0.45,0,3,0.001,0.9,1,100,0.0009086853523292773,551,10.0,0.009086853523292773,0.09086853523292773,0.14210210353664543,94,3,-0.9065892162839038,2.8131784325678075,1.005506526359536,485400.5187417349,1.5478451204598044e+27,22.400110296321003,22.400110296321003,22.267551170662266,1,0.0,0.04684591293334961
1,maxentw,jitter,0.45,0,3,0.001,0.9,1,100,0.0009086853523292773,551,10.0,0.009086853523292773,0.09086853523292773,0.14210210353664543,94,3,-0.9065892162839038,2.8131784325678075,1.0055065263595098,485400.51900816493,1.5478451374647622e+27,22.400110297535626,22.400110297535626,22.26755117187689,1,0.0,5.765969276428223
1,minnorm,jitter,0.45,0,5,0.001,0.9,1,100,0.0009086853523292773,551,10.0,0.009086853523292773,0.09086853523292773,0.14210210353664543,0,5,-0.18991147753484963,1.5988986005821522,0.9999999999999957,1.3549174179763188,1.5988986005821522,0.033017274057325574,0.033017274057325574,1.298053603102181,0,0.0,0.008965015411376953
1,projgauss,jitter,0.45,0,5,0.001,0.9,1,100,0.0009086853523292773,551,10.0,0.009086853523292773,0.09086853523292773,0.14210210353664543,0,5,-0.17661753182409473,1.5205558783353503,1.0000000000000013,1.3113772377959918,1.5205558783353503,0.025714613784974027,0.025714613784974027,1.2980409762161687,0,0.0,0.008973121643066406
1,spectral,jitter,0.45,0,5,0.001,0.9,1,100,0.0009086853523292773,551,10.0,0.009086853523292773,0.09086853523292773,0.14210210353664543,0,5,-0.4827310384417061,1.985224850372628,0.9999999999999984,2.4664860088150786,5.871624903470362,0.013783264478738975,0.013783264478738975,1.2978122780672354,0,0.0,0.014664888381958008
1,spectralg,jitter,0.45,0,5,0.001,0.9,1,100,0.0009086853523292773,551,10.0,0.009086853523292773,0.09086853523292773,0.14210210353664543,0,5,-0.4827310384417061,1.985224850372628,1.000000000000002,1.7890477055368004,4.90349832096751,0.011152418221971216,0.011152418221971216,1.297813373972354,0,0.0,0.04729914665222168
1,molfe,jitter,0.45,0,5,0.001,0.9,1,100,0.0009086853523292773,551,10.0,0.009086853523292773,0.09086853523292773,0.14210210353664543,0,5,-0.043620830571799926,1.1115654212497028,1.004606697799984,1341.8181489982655,4.5495931336669515e+20,0.07364477431996426,0.07364477431996426,1.29869147379156,0,0.0,0.009817123413085938
1,molrk3,jitter,0.45,0,5,0.001,0.9,1,100,0.0009086853523292773,551,10.0,0.009086853523292773,0.09086853523292773,0.14210210353664543,0,5,-0.04381406121435517,1.1118488820254062,1.004617324925924,1355.4379569193404,5.0572416117028513e+20,0.08157168927116024,0.08157168927116024,1.2982360353086893,0,0.0,0.009633779525756836
1,maxent,jitter,0.45,0,5,0.001,0.9,1,100,0.0009086853523292773,551,10.0,0.009086853523292773,0.09086853523292773,0.14210210353664543,94,5,-0.18991147753484963,1.5988986005821522,0.9999999999999968,1.3248152295805802,1.5988986005821522,0.030348466807280428,0.030348466807280428,1.298055897219747,0,0.0,1.460099220275879
1,lp,jitter,0.45,0,5,0.001,0.9,1,100,0.0009086853523292773,551,10.0,0.009086853523292773,0.09086853523292773,0.14210210353664543,94,5,-0.18991147753484963,1.5988986005821522,1.0000000000000053,1.3258356692857938,1.5988986005821522,0.030339312524177986,0.030339312524177986,1.2980559274502124,0,0.0,0.04770016670227051
1,lprand,jitter,0.45,0,5,0.001,0.9,1,100,0.0009086853523292773,551,10.0,0.009086853523292773,0.09086853523292773,0.14210210353664543,94,5,-0.18991147753484963,1.5988986005821522,1.0000000000000049,1.3259138296039974,1.6013188929860722,0.0303405749043949,0.0303405749043949,1.2980558954274792,0,0.0,0.046250104904174805
1,maxentw,jitter,0.45,0,5,0.001,0.9,1,100,0.0009086853523292773,551,10.0,0.009086853523292773,0.09086853523292773,0.14210210353664543,94,5,-0.18991147753484963,1.5988986005821522,0.9999999999999968,1.3248152295805802,1.5988986005821522,0.030348466807280428,0.030348466807280428,1.298055897219747,0,0.0,5.863977909088135
1,minnorm,jitter,0.45,0,7,0.001,0.9,1,100,0.0009086853523292773,551,10.0,0.009086853523292773,0.09086853523292773,0.14210210353664543,0,7,-0.1807018139495341,1.5262632817876134,1.0000000000000038,1.3717003797320166,1.5262632817876132,0.08127503683244597,0.08127626238678154,1.2980441764630224,0,0.0,0.007990121841430664
1,projgauss,jitter,0.45,0,7,0.001,0.9,1,100,0.0009086853523292773,551,10.0,0.009086853523292773,0.09086853523292773,0.14210210353664543,0,7,-0.10722309009615769,1.359858071081672,1.0000000000000033,1.2902830011413111,1.4144073192298083,0.04273184759266435,0.04273184759266435,1.2979211129845578,0,0.0,0.009405851364135742
1,spectral,jitter,0.45,0,7,0.001,0.9,1,100,0.0009086853523292773,551,10.0,0.009086853523292773,0.09086853523292773,0.14210210353664543,0,7,-0.48503375578668273,2.3314540893776634,1.000000000000001,2.6946765381459366,7.7240178426760195,0.0323478964779238,0.03235755002080026,1.298313616929655,0,0.0,0.01633310317993164
1,spectralg,jitter,0.45,0,7,0.001,0.9,1,100,0.0009086853523292773,551,10.0,0.009086853523292773,0.09086853523292773,0.14210210353664543,0,7,-0.48503375578668273,2.3276023273635125,1.0000000000000002,2.3934930309544384,7.3939009119243275,0.03788595226471364,0.03795314699570751,1.2983174414282663,0,0.0,0.07348299026489258
1,molfe,jitter,0.45,0,7,0.001,0.9,1,100,0.0009086853523292773,551,10.0,0.009086853523292773,0.09086853523292773,0.14210210353664543,0,7,-0.022707233486633654,1.0582804345532755,1.0027327330030107,79.78767366616175,19668460501788.965,0.0723979238114949,0.0723979238114949,1.2993277671215993,0,0.0,0.008887052536010742
1,molrk3,jitter,0.45,0,7,0.001,0.9,1,100,0.0009086853523292773,551,10.0,0.009086853523292773,0.09086853523292773,0.14210210353664543,0,7,-0.02269745570805843,1.0584485804803854,1.0027353229149194,79.89199392753491,20053266029236.92,0.06707050797794598,0.06708047260269273,1.2984298352476586,0,0.0,0.009892940521240234
1,maxent,jitter,0.45,0,7,0.001,0.9,1,100,0.0009086853523292773,551,10.0,0.009086853523292773,0.09086853523292773,0.14210210353664543,94,7,-0.1807018139495341,1.5262632817876134,1.0000000000000029,1.3765270919043568,1.5262632817876132,0.08174586992778621,0.08176065726673265,1.2980515432964173,0,0.0,1.4668071269989014
1,lp,jitter,0.45,0,7,0.001,0.9,1,100,0.0009086853523292773,551,10.0,0.009086853523292773,0.09086853523292773,0.14210210353664543,94,7,-0.1807018139495341,1.5262632817876134,1.0,1.3771742624235233,1.5262632817876132,0.08175529585817176,0.08177024386766152,1.2980516844957006,0,0.0,0.047775983810424805
1,lprand,jitter,0.45,0,7,0.001,0.9,1,100,0.0009086853523292773,551,10.0,0.009086853523292773,0.09086853523292773,0.14210210353664543,94,7,-0.1807018139495341,1.5262632817876134,1.000000000000003,1.3771367400870358,1.5262632817876132,0.081745887041617,0.08176071022872788,1.2980515972133115,0,0.0,0.04789137840270996
1,maxentw,jitter,0.45,0,7,0.001,0.9,1,100,0.0009086853523292773,551,10.0,0.009086853523292773,0.09086853523292773,0.14210210353664543,94,7,-0.1807018139495341,1.5262632817876134,1.0000000000000029,1.3765270919043568,1.5262632817876132,0.08174586992778621,0.08176065726673265,1.2980515432964173,0,0.0,5.844459772109985
1,minnorm,jitter,0.45,1,3,0.001,0.9,1,100,0.0018905908921737825,265,10.0,0.018905908921737824,0.18905908921737824,0.21006565468597582,0,3,-0.811205307068946,2.622410614137891,1.0229321329897052,321270.7842820758,2.4626425797017584e+101,30.54468477614574,30.54468477614574,30.520633802322116,1,0.0,0.007911920547485352
1,projgauss,jitter,0.45,1,3,0.001,0.9,1,100,0.0018905908921737825,265,10.0,0.018905908921737824,0.18905908921737824,0.21006565468597582,0,3,-0.8112053070689456,2.6224106141378916,1.022932132989561,321270.78429430386,2.46264257394037e+101,30.544684779298287,30.544684779298287,30.520633805474663,1,0.0,0.009566783905029297
1,spectral,jitter,0.45,1,3,0.001,0.9,1,100,0.0018905908921737825,265,10.0,0.018905908921737824,0.18905908921737824,0.21006565468597582,0,3,-0.811205307068946,2.622410614137891,1.0229321329897052,321270.7842820758,2.4626425797017584e+101,30.54468477614574,30.54468477614574,30.520633802322116,1,0.0,0.009105920791625977
1,spectralg,jitter,0.45,1,3,0.001,0.9,1,100,0.0018905908921737825,265,10.0,0.018905908921737824,0.18905908921737824,0.21006565468597582,0,3,-0.811205307068946,2.622410614137891,1.0229321329897052,321270.7842820758,2.4626425797017584e+101,30.54468477614574,30.54468477614574,30.520633802322116,1,0.0,0.008279085159301758
1,molfe,jitter,0.45,1,3,0.001,0.9,1,100,0.0018905908921737825,265,10.0,0.018905908921737824,0.18905908921737824,0.21006565468597582,0,3,-0.7230807266156587,2.4461614532313174,1.0441544633555047,43118333.609317824,2.0319644765913762e+190,3628.299301214699,3628.299301214699,3628.2752502408753,1,0.0,0.0087890625
1,molrk3,jitter,0.45,1,3,0.001,0.9,1,100,0.0018905908921737825,265,10.0,0.018905908921737824,0.18905908921737824,0.21006565468597582,0,3,-0.8112053070689459,2.622410614137892,1.0451436190519459,55437741.1143323,2.631221488327611e+194,4673.138029044374,4673.138029044374,4673.113978070551,1,0.0,0.009032011032104492
1,maxent,jitter,0.45,1,3,0.001,0.9,1,100,0.0018905908921737825,265,10.0,0.018905908921737824,0.18905908921737824,0.21006565468597582,97,3,-0.811205307068946,2.622410614137891,1.0229321329897327,321270.7842820758,2.4626425797017584e+101,30.54468477614574,30.54468477614574,30.520633802322116,1,0.0,1.474147081375122
1,lp,jitter,0.45,1,3,0.001,0.9,1,100,0.0018905908921737825,265,10.0,0.018905908921737824,0.18905908921737824,0.21006565468597582,97,3,-0.811205307068946,2.622410614137891,1.0229321329897538,321270.7842820758,2.4626425797017584e+101,30.54468477614574,30.54468477614574,30.520633802322116,1,0.0,0.04572892189025879
1,lprand,jitter,0.45,1,3,0.001,0.9,1,100,0.0018905908921737825,265,10.0,0.018905908921737824,0.18905908921737824,0.21006565468597582,97,3,-0.811205307068946,2.622410614137891,1.0229321329897538,321270.7842820758,2.4626425797017584e+101,30.54468477614574,30.54468477614574,30.520633802322116,1,0.0,0.04683804512023926
1,maxentw,jitter,0.45,1,3,0.001,0.9,1,100,0.0018905908921737825,265,10.0,0.018905908921737824,0.18905908921737824,0.21006565468597582,96,5,-0.811205307068946,2.622410614137891,1.0229321329897232,321270.7842820758,2.4626425797017584e+101,30.54468477614574,30.54468477614574,30.520633802322116,1,0.0,6.045921802520752
1,minnorm,jitter,0.45,1,5,0.001,0.9,1,100,0.0018905908921737825,265,10.0,0.018905908921737824,0.18905908921737824,0.21006565468597582,0,5,-0.20653652982995319,1.5219223474558294,0.9999999999999998,1.401325431163284,1.648142581729793,0.03493983551757396,0.03493983551757396,1.2973489912299123,0,0.0,0.008539915084838867
1,projgauss,jitter,0.45,1,5,0.001,0.9,1,100,0.0018905908921737825,265,10.0,0.018905908921737824,0.18905908921737824,0.21006565468597582,0,5,-0.18931598019158735,1.4640342239214374,1.0000000000000022,1.3700664379000884,1.670713095426333,0.027988941673101893,0.027988941673101893,1.2973475175797087,0,0.0,0.009196043014526367
1,spectral,jitter,0.45,1,5,0.001,0.9,1,100,0.0018905908921737825,265,10.0,0.018905908921737824,0.18905908921737824,0.21006565468597582,0,5,-0.6917500123533776,2.466950148806671,0.9999999999999996,1.8900899663478783,4.336053721898165,0.012688551483235111,0.012688551483235111,1.297752665617007,0,0.0,0.013425111770629883
1,spectralg,jitter,0.45,1,5,0.001,0.9,1,100,0.0018905908921737825,265,10.0,0.018905908921737824,0.18905908921737824,0.21006565468597582,0,5,-0.6917500123533776,2.466950148806671,1.0000000000000002,1.6564658548437778,4.004643730063596,0.011561810262724737,0.011561810262724737,1.2977535199749048,0,0.0,0.04266691207885742
1,molfe,jitter,0.45,1,5,0.001,0.9,1,100,0.0018905908921737825,265,10.0,0.018905908921737824,0.18905908921737824,0.21006565468597582,0,5,-0.1113357305054337,1.2382812943620058,1.0158728130375794,786.2353875604172,3.0151913524094473e+69,0.14835108828433552,0.14835108828433552,1.331057152973109,0,0.0,0.007927894592285156
1,molrk3,jitter,0.45,1,5,0.001,0.9,1,100,0.0018905908921737825,265,10.0,0.018905908921737824,0.18905908921737824,0.21006565468597582,0,5,-0.11187815707896899,1.2396465330400213,1.0159994526502443,812.4502295073463,1.048760974224052e+70,0.1242874519355388,0.1242874519355388,1.2974798565775538,0,0.0,0.008723974227905273
1,maxent,jitter,0.45,1,5,0.001,0.9,1,100,0.0018905908921737825,265,10.0,0.018905908921737824,0.18905908921737824,0.21006565468597582,96,5,-0.20653652982995319,1.5219223474558294,0.9999999999999962,1.3926460037591724,1.5992673700451159,0.034691027409832265,0.034691027409832265,1.2973162382875776,0,0.0,1.55545973777771
1,lp,jitter,0.45,1,5,0.001,0.9,1,100,0.0018905908921737825,265,10.0,0.018905908921737824,0.18905908921737824,0.21006565468597582,96,5,-0.20653652982995319,1.5219223474558294,1.000000000000001,1.3924192549500434,1.605440071359355,0.034657897204600885,0.034657897204600885,1.2973135303903867,0,0.0,0.04671001434326172
1,lprand,jitter,0.45,1,5,0.001,0.9,1,100,0.0018905908921737825,265,10.0,0.018905908921737824,0.18905908921737824,0.21006565468597582,96,5,-0.20653652982995319,1.5219223474558294,1.0000000000000038,1.3925410779667127,1.6054400713593544,0.03465489561493429,0.03465489561493429,1.2973162618085816,0,0.0,0.04573392868041992
1,maxentw,jitter,0.45,1,5,0.001,0.9,1,100,0.0018905908921737825,265,10.0,0.018905908921737824,0.18905908921737824,0.21006565468597582,96,5,-0.20653652982995319,1.5219223474558294,0.9999999999999962,1.3926460037591724,1.5992673700451159,0.034691027409832265,0.034691027409832265,1.2973162382875776,0,0.0,6.07375693321228
1,minnorm,jitter,0.45,1,7,0.001,0.9,1,100,0.0018905908921737825,265,10.0,0.018905908921737824,0.18905908921737824,0.21006565468597582,0,7,-0.1587878412064475,1.5221055684103382,0.9999999999999977,1.3088256030022156,1.5221055684103382,0.07226887273446714,0.07226887273446714,1.2966880939918526,0,0.0,0.007949113845825195
1,projgauss,jitter,0.45,1,7,0.001,0.9,1,100,0.0018905908921737825,265,10.0,0.018905908921737824,0.18905908921737824,0.21006565468597582,0,7,-0.0993691392185061,1.3284346446717472,0.9999999999999993,1.2204579873017722,1.3515732340969642,0.03700123113707393,0.03700123113707393,1.2971609537605113,0,0.0,0.008899927139282227
1,spectral,jitter,0.45,1,7,0.001,0.9,1,100,0.0018905908921737825,265,10.0,0.018905908921737824,0.18905908921737824,0.21006565468597582,0,7,-0.6831694539290156,2.566688278083807,1.0000000000000018,2.0856405797760047,3.4666082415225157,0.04452015160245644,0.04452015160245644,1.2973176456580313,0,0.0,0.014798164367675781
1,spectralg,jitter,0.45,1,7,0.001,0.9,1,100,0.0018905908921737825,265,10.0,0.018905908921737824,0.18905908921737824,0.21006565468597582,0,7,-0.6799234800635059,2.557509610397688,0.9999999999999981,1.9628977727108035,3.2645902162466083,0.04715127216771779,0.04715127216771779,1.2973016103548285,0,0.0,0.06115889549255371
1,molfe,jitter,0.45,1,7,0.001,0.9,1,100,0.0018905908921737825,265,10.0,0.018905908921737824,0.18905908921737824,0.21006565468597582,0,7,-0.033519362560691164,1.1133820810094592,1.0064639014753793,64.8624849553114,1.0511847155258949e+29,0.08582872883982118,0.08582872883982118,1.3192759736351523,0,0.0,0.008817911148071289
1,molrk3,jitter,0.45,1,7,0.001,0.9,1,100,0.0018905908921737825,265,10.0,0.018905908921737824,0.18905908921737824,0.21006565468597582,0,7,-0.03378789394421566,1.1140234584388176,1.0064848374990016,64.41375632343444,1.294251210864219e+29,0.06819237497011334,0.06819237497011334,1.2978279571453781,0,0.0,0.008161783218383789
1,maxent,jitter,0.45,1,7,0.001,0.9,1,100,0.0018905908921737825,265,10.0,0.018905908921737824,0.18905908921737824,0.21006565468597582,96,7,-0.1587878412064475,1.5221055684103382,0.9999999999999981,1.3069596987142411,1.5221055684103382,0.06745140320773835,0.06745140320773835,1.2966880939918526,0,0.0,1.5090749263763428
1,lp,jitter,0.45,1,7,0.001,0.9,1,100,0.0018905908921737825,265,10.0,0.018905908921737824,0.18905908921737824,0.21006565468597582,96,7,-0.1587878412064475,1.5221055684103382,1.0000000000000029,1.307396904641451,1.5221055684103382,0.06770144054643895,0.06770144054643895,1.2966880939918526,0,0.0,0.047377824783325195
1,lprand,jitter,0.45,1,7,0.001,0.9,1,100,0.0018905908921737825,265,10.0,0.018905908921737824,0.18905908921737824,0.21006565468597582,96,7,-0.1587878412064475,1.5221055684103382,1.0000000000000002,1.3069375805074261,1.5221055684103382,0.06742400494901551,0.06742400494901551,1.2966880939918526,0,0.0,0.04542803764343262
1,maxentw,jitter,0.45,1,7,0.001,0.9,1,100,0.0018905908921737825,265,10.0,0.018905908921737824,0.18905908921737824,0.21006565468597582,96,7,-0.1587878412064475,1.5221055684103382,0.9999999999999981,1.3069596987142411,1.5221055684103382,0.06745140320773835,0.06745140320773835,1.2966880939918526,0,0.0,6.002650022506714
1,minnorm,random,0.0,0,3,0.001,0.9,1,100,0.002404113581928699,208,10.0,0.02404113581928699,0.2404113581928699,0.267123731325411,0,3,-3.1800960224298436,7.360192044859688,1.2152825186790979,5.953598607591267e+19,6.904977092390311e+86,inf,1259392.3217593424,1259393.5680813757,1,0.0,0.006816864013671875
1,projgauss,random,0.0,0,3,0.001,0.9,1,100,0.002404113581928699,208,10.0,0.02404113581928699,0.2404113581928699,0.267123731325411,0,3,-3.180096022429845,7.36019204485969,1.2152825186790979,5.953598607591021e+19,6.904977092390025e+86,inf,1259392.3214927758,1259393.567814809,1,0.0,0.008237838745117188
1,spectral,random,0.0,0,3,0.001,0.9,1,100,0.002404113581928699,208,10.0,0.02404113581928699,0.2404113581928699,0.267123731325411,0,3,-3.1800960224298436,7.360192044859688,1.2152825186790979,5.953598607591267e+19,6.904977092390311e+86,inf,1259392.3217593424,1259393.5680813757,1,0.0,0.007528066635131836
1,spectralg,random,0.0,0,3,0.001,0.9,1,100,0.002404113581928699,208,10.0,0.02404113581928699,0.2404113581928699,0.267123731325411,0,3,-3.1800960224298436,7.360192044859688,1.2152825186790979,5.953598607591267e+19,6.904977092390311e+86,inf,1259392.3217593424,1259393.5680813757,1,0.0,0.007453203201293945
1,molfe,random,0.0,0,3,0.001,0.9,1,100,0.002404113581928699,208,10.0,0.02404113581928699,0.2404113581928699,0.267123731325411,0,3,-2.4053198316866844,5.81063966337337,1.2055624597068313,1.4867120017443727e+19,2.9818196160376844e+83,inf,1396402.3585923177,1396401.530312765,1,0.0,0.007345914840698242
1,molrk3,random,0.0,0,3,0.001,0.9,1,100,0.002404113581928699,208,10.0,0.02404113581928699,0.2404113581928699,0.267123731325411,0,3,-3.180096022429895,7.360192044859793,1.2281381274351002,7.049949386405857e+20,3.40392243512369e+91,inf,1944818.2154549938,1944817.2615587858,1,0.0,0.0077092647552490234
1,maxent,random,0.0,0,3,0.001,0.9,1,100,0.002404113581928699,208,10.0,0.02404113581928699,0.2404113581928699,0.267123731325411,83,3,-3.1800960224298436,7.360192044859688,1.2152825186790979,5.953598607593284e+19,6.904977092392651e+86,inf,1259392.3215098688,1259393.567831902,1,0.0,1.2865099906921387
1,lp,random,0.0,0,3,0.001,0.9,1,100,0.002404113581928699,208,10.0,0.02404113581928699,0.2404113581928699,0.267123731325411,83,3,-3.1800960224298436,7.360192044859688,1.2152825186790979,5.953598607591124e+19,6.904977092390145e+86,inf,1259392.3216253335,1259393.5679473667,1,0.0,0.04508709907531738
1,lprand,random,0.0,0,3,0.001,0.9,1,100,0.002404113581928699,208,10.0,0.02404113581928699,0.2404113581928699,0.267123731325411,83,3,-3.1800960224298436,7.360192044859688,1.2152825186790979,5.953598607591124e+19,6.904977092390145e+86,inf,1259392.3216253335,1259393.5679473667,1,0.0,0.044682979583740234
1,maxentw,random,0.0,0,3,0.001,0.9,1,100,0.002404113581928699,208,10.0,0.02404113581928699,0.2404113581928699,0.267123731325411,80,5,-3.1800960224298436,7.360192044859688,1.96382202463942,6.526006987427204e+61,8.943997204766467e+293,inf,3213482.6931953114,3213483.5038831444,1,0.0,5.005373239517212
1,minnorm,random,0.0,0,5,0.001,0.9,1,100,0.002404113581928699,208,10.0,0.02404113581928699,0.2404113581928699,0.267123731325411,0,5,-0.5245525922050065,2.701997748608945,1.0000022595078677,12552.149097540569,37371302.74908455,1.380805434636185,1.3973472590539893,1.7231428173769645,0,0.0,0.007303953170776367
1,projgauss,random,0.0,0,5,0.001,0.9,1,100,0.002404113581928699,208,10.0,0.02404113581928699,0.2404113581928699,0.267123731325411,0,5,-0.5365110607067829,2.7174864480084224,1.0000006898540048,11757.93442518773,28758903.85261962,1.4223824699842182,1.440066597689277,2.0154760155354703,0,0.0,0.008911848068237305
1,spectral,random,0.0,0,5,0.001,0.9,1,100,0.002404113581928699,208,10.0,0.02404113581928699,0.2404113581928699,0.267123731325411,0,5,-3.404777252691686,9.899382734135274,1.000006958595421,46829.623439981035,1162614849.9068205,1.7469978060914977,1.7599271227391755,1.2978733889278655,0,0.0,0.013480901718139648
1,spectralg,random,0.0,0,5,0.001,0.9,1,100,0.002404113581928699,208,10.0,0.02404113581928699,0.2404113581928699,0.267123731325411,0,5,-3.5566102816911473,10.1853607389864,1.0000078681289242,56756.361219372106,7148406815.367344,1.7352729997155887,1.7481159602697782,1.660127218329554,0,0.0,0.040160179138183594
1,molfe,random,0.0,0,5,0.001,0.9,1,100,0.002404113581928699,208,10.0,0.02404113581928699,0.2404113581928699,0.267123731325411,0,5,-0.30942035186093464,2.1567093734662794,1.0713332150773502,161403876.90130937,3.767162254935327e+299,4538.287712659293,4538.287712659293,4538.305646573846,1,0.0,0.008265018463134766
1,molrk3,random,0.0,0,5,0.001,0.9,1,100,0.002404113581928699,208,10.0,0.02404113581928699,0.2404113581928699,0.267123731325411,0,5,-0.35430782720914694,2.3524844838571974,1.0739379245137322,254730024.30540028,inf,7155.134147789031,7155.134147789031,7155.152081703584,1,0.0,0.008310079574584961
1,maxent,random,0.0,0,5,0.001,0.9,1,100,0.002404113581928699,208,10.0,0.02404113581928699,0.2404113581928699,0.267123731325411,80,5,-0.5245525922050065,2.701997748608945,1.0000020382412305,12170.823214166168,17197467.611953326,1.4390028101810532,1.4573911346183004,1.7351667144165805,0,0.0,1.2422821521759033
1,lp,random,0.0,0,5,0.001,0.9,1,100,0.002404113581928699,208,10.0,0.02404113581928699,0.2404113581928699,0.267123731325411,80,5,-0.5245525922050065,2.701997748608945,1.0000021390380947,12165.157737201615,18924665.030195046,1.4433967803011818,1.4620335595510239,1.7344688340894465,0,0.0,0.04691314697265625
1,lprand,random,0.0,0,5,0.001,0.9,1,100,0.002404113581928699,208,10.0,0.02404113581928699,0.2404113581928699,0.267123731325411,80,5,-0.5245525922050065,2.701997748608945,1.0000026834775493,12083.025833840162,47488976.35641346,1.444867509924506,1.4635825736495676,1.739330610598829,0,0.0,0.04787302017211914
1,maxentw,random,0.0,0,5,0.001,0.9,1,100,0.002404113581928699,208,10.0,0.02404113581928699,0.2404113581928699,0.267123731325411,80,5,-0.5245525922050065,2.701997748608945,1.0000020382412305,12170.823214166168,17197467.611953326,1.4390028101810532,1.4573911346183004,1.7351667144165805,0,0.0,4.9667229652404785
1,minnorm,random,0.0,0,7,0.001,0.9,1,100,0.002404113581928699,208,10.0,0.02404113581928699,0.2404113581928699,0.267123731325411,0,7,-0.21000109615319465,1.634016358526895,1.000000000000002,2.3044370828731413,2.5268377633984542,0.12775024747811947,0.12775024747811947,1.297167658672309,0,0.0,0.008150100708007812
1,projgauss,random,0.0,0,7,0.001,0.9,1,100,0.002404113581928699,208,10.0,0.02404113581928699,0.2404113581928699,0.267123731325411,0,7,-0.15239871238005026,1.4503243278774147,0.9999999999999994,1.508256439899651,1.6358790285100206,0.07220631524314403,0.07220631524314403,1.2976606768328613,0,0.0,0.008965015411376953
1,spectral,random,0.0,0,7,0.001,0.9,1,100,0.002404113581928699,208,10.0,0.02404113581928699,0.2404113581928699,0.267123731325411,0,7,-3.1214696869279424,9.405576741671062,0.9999999999999969,7.952150286155212,35.76070850510367,0.11246434326173849,0.11246434326173849,1.2978394605320536,0,0.0,0.014231681823730469
1,spectralg,random,0.0,0,7,0.001,0.9,1,100,0.002404113581928699,208,10.0,0.02404113581928699,0.2404113581928699,0.267123731325411,0,7,-3.1214696869279424,9.405576741671062,1.0000000000000016,7.127224843308235,35.80524920395162,0.11230593223676677,0.11230593223676677,1.2978403238432281,0,0.0,0.05423903465270996
1,molfe,random,0.0,0,7,0.001,0.9,1,100,0.002404113581928699,208,10.0,0.02404113581928699,0.2404113581928699,0.267123731325411,0,7,-0.1101510552191361,1.4082837094343885,1.0379803114957438,10914.535451316553,2.9305690923278185e+162,0.9017796130340207,0.9017796130340207,1.6652022790666967,0,0.0,0.0080108642578125
1,molrk3,random,0.0,0,7,0.001,0.9,1,100,0.002404113581928699,208,10.0,0.02404113581928699,0.2404113581928699,0.267123731325411,0,7,-0.11033199873146617,1.4006913204300713,1.038710694651999,12374.997614962282,3.325256794113438e+165,1.079488296085245,1.079488296085245,1.6750439097166583,0,0.0,0.007853031158447266
1,maxent,random,0.0,0,7,0.001,0.9,1,100,0.002404113581928699,208,10.0,0.02404113581928699,0.2404113581928699,0.267123731325411,80,7,-0.21000109615319465,1.634016358526895,1.0000000000000009,2.159363407989751,2.343366482898402,0.11169481863382469,0.11170505352487592,1.2973071971223533,0,0.0,1.3170011043548584
1,lp,random,0.0,0,7,0.001,0.9,1,100,0.002404113581928699,208,10.0,0.02404113581928699,0.2404113581928699,0.267123731325411,80,7,-0.21000109615319465,1.634016358526895,0.9999999999999996,2.1548658581761146,2.3396247398955268,0.11175787073742305,0.11176315621404509,1.2973109493292978,0,0.0,0.04731178283691406
1,lprand,random,0.0,0,7,0.001,0.9,1,100,0.002404113581928699,208,10.0,0.02404113581928699,0.2404113581928699,0.267123731325411,80,7,-0.21000109615319465,1.634016358526895,1.0,2.145959556131397,2.3314735072412467,0.11190056048881947,0.11191005167463652,1.2973077663042496,0,0.0,0.047061920166015625
1,maxentw,random,0.0,0,7,0.001,0.9,1,100,0.002404113581928699,208,10.0,0.02404113581928699,0.2404113581928699,0.267123731325411,80,7,-0.21000109615319465,1.634016358526895,1.0000000000000009,2.159363407989751,2.343366482898402,0.11169481863382469,0.11170505352487592,1.2973071971223533,0,0.0,5.043713092803955
1,minnorm,random,0.0,1,3,0.001,0.9,1,100,0.00267372698899343,188,10.0,0.0267372698899343,0.267372698899343,0.29708077655482557,0,3,-2.465426821750704,5.9308536435014085,1.7012414452600693,4.170230982106546e+44,1.0048819531911586e+232,inf,1152036.5684178462,1152036.5680960973,1,0.0,0.00640416145324707
1,projgauss,random,0.0,1,3,0.001,0.9,1,100,0.00267372698899343,188,10.0,0.0267372698899343,0.267372698899343,0.29708077655482557,0,3,-2.4654268217507047,5.930853643501411,1.7012414452600693,4.170230982106594e+44,1.0048819531911702e+232,inf,1152036.5683739018,1152036.5680521529,1,0.0,0.007464170455932617
1,spectral,random,0.0,1,3,0.001,0.9,1,100,0.00267372698899343,188,10.0,0.0267372698899343,0.267372698899343,0.29708077655482557,0,3,-2.465426821750704,5.9308536435014085,1.7012414452600693,4.170230982106546e+44,1.0048819531911586e+232,inf,1152036.5684178462,1152036.5680960973,1,0.0,0.007083892822265625
1,spectralg,random,0.0,1,3,0.001,0.9,1,100,0.00267372698899343,188,10.0,0.0267372698899343,0.267372698899343,0.29708077655482557,0,3,-2.465426821750704,5.9308536435014085,1.7012414452600693,4.170230982106546e+44,1.0048819531911586e+232,inf,1152036.5684178462,1152036.5680960973,1,0.0,0.007077932357788086
1,molfe,random,0.0,1,3,0.001,0.9,1,100,0.00267372698899343,188,10.0,0.0267372698899343,0.267372698899343,0.29708077655482557,0,3,-1.9179083556828498,4.835816711365701,1.6247002151346321,9.682975657790883e+40,1.3610625286748857e+212,inf,2231988.711008166,2231988.7081364305,1,0.0,0.006910085678100586
1,molrk3,random,0.0,1,3,0.001,0.9,1,100,0.00267372698899343,188,10.0,0.0267372698899343,0.267372698899343,0.29708077655482557,0,3,-2.605506843652966,6.931428227322193,1.860456975044596,1.1197748866643356e+52,9.555888495017073e+270,inf,1301434.9244010116,1301434.9255937487,1,0.0,0.006949186325073242
1,maxent,random,0.0,1,3,0.001,0.9,1,100,0.00267372698899343,188,10.0,0.0267372698899343,0.267372698899343,0.29708077655482557,80,3,-2.465426821750704,5.9308536435014085,1.7012414452600693,4.1702309821065544e+44,1.0048819531911608e+232,inf,1152036.5683984214,1152036.5680766725,1,0.0,1.2582838535308838
1,lp,random,0.0,1,3,0.001,0.9,1,100,0.00267372698899343,188,10.0,0.0267372698899343,0.267372698899343,0.29708077655482557,80,3,-2.465426821750704,5.9308536435014085,1.7012414452600693,4.170230982106555e+44,1.0048819531911608e+232,inf,1152036.5684021714,1152036.5680804225,1,0.0,0.044497013092041016
1,lprand,random,0.0,1,3,0.001,0.9,1,100,0.00267372698899343,188,10.0,0.0267372698899343,0.267372698899343,0.29708077655482557,80,3,-2.465426821750704,5.9308536435014085,1.7012414452600693,4.170230982106555e+44,1.0048819531911608e+232,inf,1152036.5684021714,1152036.5680804225,1,0.0,0.043617963790893555
1,maxentw,random,0.0,1,3,0.001,0.9,1,100,0.00267372698899343,188,10.0,0.0267372698899343,0.267372698899343,0.29708077655482557,77,5,-2.465426821750704,5.9308536435014085,1.7694400695082388,2.424632068947064e+47,4.23996586492e+248,inf,2608097.721002662,2608098.983693987,1,0.0,4.8101818561553955
1,minnorm,random,0.0,1,5,0.001,0.9,1,100,0.00267372698899343,188,10.0,0.0267372698899343,0.267372698899343,0.29708077655482557,0,5,-0.6882281318297852,3.052896677046354,1.0024343072546245,8567.58901960254,1553964040556119.5,14.912807935732896,14.912807935732896,14.946895842934047,1,0.0,0.007667064666748047
1,projgauss,random,0.0,1,5,0.001,0.9,1,100,0.00267372698899343,188,10.0,0.0267372698899343,0.267372698899343,0.29708077655482557,0,5,-0.6919055441412195,3.0744617874202014,1.000519175320909,8584.926586308899,77992887.98749319,14.872275084546352,14.872275084546352,14.906362991747503,1,0.0,0.009219169616699219
1,spectral,random,0.0,1,5,0.001,0.9,1,100,0.00267372698899343,188,10.0,0.0267372698899343,0.267372698899343,0.29708077655482557,0,5,-3.607350551494744,15.064011566467823,1.0001886221271095,70185.74969960532,26575569195.58931,14.776680423587166,14.776680423587166,14.810768330788317,1,0.0,0.013692855834960938
1,spectralg,random,0.0,1,5,0.001,0.9,1,100,0.00267372698899343,188,10.0,0.0267372698899343,0.267372698899343,0.29708077655482557,0,5,-3.801242447369914,15.425164838215334,1.0005113909952665,84519.36831205942,274581686900.633,14.849012597313667,14.849012597313667,14.883100504514818,1,0.0,0.03906989097595215
1,molfe,random,0.0,1,5,0.001,0.9,1,100,0.00267372698899343,188,10.0,0.0267372698899343,0.267372698899343,0.29708077655482557,0,5,-0.4878444941824053,2.7715316354247506,1.1222652355244487,279870516842.0559,1.3407645336223446e+52,inf,1236645.5870557367,1236646.6712193158,1,0.0,0.00834202766418457
1,molrk3,random,0.0,1,5,0.001,0.9,1,100,0.00267372698899343,188,10.0,0.0267372698899343,0.267372698899343,0.29708077655482557,0,5,-0.594616450003999,3.2202800873531823,1.1300442489439184,1028044960558.0757,1.3405776098718715e+55,inf,1353427.4572345484,1353428.6554190735,1,0.0,0.008642196655273438
1,maxent,random,0.0,1,5,0.001,0.9,1,100,0.00267372698899343,188,10.0,0.0267372698899343,0.267372698899343,0.29708077655482557,77,5,-0.6882281318297852,3.052896677046354,1.001202665776142,9199.858799771466,32905177237.907005,14.794221248802906,14.794221248802906,14.828309156004057,1,0.0,1.262549877166748
1,lp,random,0.0,1,5,0.001,0.9,1,100,0.00267372698899343,188,10.0,0.0267372698899343,0.267372698899343,0.29708077655482557,77,5,-0.6882281318297852,3.052896677046354,1.0012606439558043,8055.172928653386,47178423518.9191,14.804254063856499,14.804254063856499,14.83834197105765,1,0.0,0.04812812805175781
1,lprand,random,0.0,1,5,0.001,0.9,1,100,0.00267372698899343,188,10.0,0.0267372698899343,0.267372698899343,0.29708077655482557,77,5,-0.6882281318297852,3.052896677046354,1.0014932052004601,9250.00678744831,384305931593.34424,14.808023994854327,14.808023994854327,14.842111902055478,1,0.0,0.046810150146484375
1,maxentw,random,0.0,1,5,0.001,0.9,1,100,0.00267372698899343,188,10.0,0.0267372698899343,0.267372698899343,0.29708077655482557,77,5,-0.6882281318297852,3.052896677046354,1.001202665776142,9199.858799771466,32905177237.907005,14.794221248802906,14.794221248802906,14.828309156004057,1,0.0,4.777200937271118
1,minnorm,random,0.0,1,7,0.001,0.9,1,100,0.00267372698899343,188,10.0,0.0267372698899343,0.267372698899343,0.29708077655482557,0,7,-0.21036408468529436,1.548967269808512,1.000000000000001,2.0327185978435356,2.155362201005536,0.15389188228730233,0.1543996861074728,1.2980111713380125,0,0.0,0.008222103118896484
1,projgauss,random,0.0,1,7,0.001,0.9,1,100,0.00267372698899343,188,10.0,0.0267372698899343,0.267372698899343,0.29708077655482557,0,7,-0.1768280063721998,1.4334904484834619,1.000000000000003,2.1077067715669133,2.2501187383471706,0.10973480777702044,0.10973480777702044,1.2982302847584144,0,0.0,0.00927281379699707
1,spectral,random,0.0,1,7,0.001,0.9,1,100,0.00267372698899343,188,10.0,0.0267372698899343,0.267372698899343,0.29708077655482557,0,7,-4.296576242442137,16.72402607766166,0.9999999999999977,13.603062544178272,55.878788366613904,0.1579771843482446,0.15891474373982883,1.2986926944125232,0,0.0,0.014672279357910156
1,spectralg,random,0.0,1,7,0.001,0.9,1,100,0.00267372698899343,188,10.0,0.0267372698899343,0.267372698899343,0.29708077655482557,0,7,-4.296576242442137,16.72402607766166,0.9999999999999983,13.917983471619069,56.0570419444164,0.15461955311135123,0.15546285666148296,1.2987230876280775,0,0.0,0.04931497573852539
1,molfe,random,0.0,1,7,0.001,0.9,1,100,0.00267372698899343,188,10.0,0.0267372698899343,0.267372698899343,0.29708077655482557,0,7,-0.13353764480120942,1.524844108591876,1.0359921056536443,6294.696957487981,3.836189392136659e+154,5.111220846260927,5.111220846260927,5.028857103932874,0,0.0,0.008202075958251953
1,molrk3,random,0.0,1,7,0.001,0.9,1,100,0.00267372698899343,188,10.0,0.0267372698899343,0.267372698899343,0.29708077655482557,0,7,-0.13289115655980316,1.537067584574973,1.0365840429801387,6956.361249765932,1.1625639991490445e+157,5.798896469507726,5.798896469507726,5.716532727179674,0,0.0,0.007565975189208984
1,maxent,random,0.0,1,7,0.001,0.9,1,100,0.00267372698899343,188,10.0,0.0267372698899343,0.267372698899343,0.29708077655482557,77,7,-0.21036408468529436,1.548967269808512,0.9999999999999987,2.0110930849083726,2.1162974248227138,0.15143621733604096,0.15225953851583207,1.298008872028027,0,0.0,1.2090837955474854
1,lp,random,0.0,1,7,0.001,0.9,1,100,0.00267372698899343,188,10.0,0.0267372698899343,0.267372698899343,0.29708077655482557,77,7,-0.21036408468529436,1.548967269808512,0.999999999999998,2.013522034941981,2.118309240536474,0.15130161380402907,0.15212162330242018,1.2980101318433075,0,0.0,0.048809051513671875
1,lprand,random,0.0,1,7,0.001,0.9,1,100,0.00267372698899343,188,10.0,0.0267372698899343,0.267372698899343,0.29708077655482557,77,7,-0.21036408468529436,1.548967269808512,1.000000000000001,2.0144492207095337,2.119346436891035,0.15131856197182725,0.15212959693097372,1.2980088709028852,0,0.0,0.04685211181640625
1,maxentw,random,0.0,1,7,0.001,0.9,1,100,0.00267372698899343,188,10.0,0.0267372698899343,0.267372698899343,0.29708077655482557,77,7,-0.21036408468529436,1.548967269808512,0.9999999999999987,2.0110930849083726,2.1162974248227138,0.15143621733604096,0.15225953851583207,1.298008872028027,0,0.0,4.772365093231201
